subject,predicate,object,latitude,longitude,timestamp,source,CID
ENCAESAR002,move to,LOC_북측예비방어선,21.37480566,-157.73830985,2026-08-03T22:01:13.916Z,UAV 1,3
ENGAZ001,move to,LOC_적북측접근로,21.37190826,-157.73952036,2026-08-03T22:01:13.916Z,UAV 1,3
ENGAZ002,move to,LOC_적북측접근로,21.37187243,-157.73984434,2026-08-03T22:01:13.916Z,UAV 1,3
ENM35002,move to,LOC_적북측접근로,21.37188177,-157.73955703,2026-08-03T22:01:13.916Z,UAV 1,3
ENM35001,move to,LOC_적북측접근로,21.37175629,-157.73987508,2026-08-03T22:01:13.916Z,UAV 1,3
ENCAESAR003,move to,LOC_적북측접근로,21.37227738,-157.74033289,2026-08-03T22:01:13.916Z,UAV 1,3
ENMORT001,none,,21.37454920,-157.73726779,2026-08-03T22:01:13.916Z,UAV 1,3
ENMORT002,none,,21.37448557,-157.73696566,2026-08-03T22:01:13.916Z,UAV 1,3
ENMORT003,FFE-on-Location,LOC_아군포병진지,21.37448817,-157.73726715,2026-08-03T22:01:13.916Z,UAV 1,3
ENCAESAR002,move to,LOC_북측예비방어선,21.37480566,-157.73830985,2026-08-03T22:01:13.916Z,UAV 1,3
ENGAZ001,move to,LOC_적북측접근로,21.37190826,-157.73952036,2026-08-03T22:01:13.916Z,UAV 1,3
ENGAZ002,move to,LOC_적북측접근로,21.37187243,-157.73984434,2026-08-03T22:01:13.916Z,UAV 1,3
ENM35002,move to,LOC_적북측접근로,21.37188177,-157.73955703,2026-08-03T22:01:13.916Z,UAV 1,3
ENM35001,move to,LOC_적북측접근로,21.37175629,-157.73987508,2026-08-03T22:01:13.916Z,UAV 1,3
ENCAESAR003,move to,LOC_적북측접근로,21.37227738,-157.74033289,2026-08-03T22:01:13.916Z,UAV 1,3
ENMORT001,none,,21.37454920,-157.73726779,2026-08-03T22:01:13.916Z,UAV 1,3
ENMORT002,none,,21.37448557,-157.73696566,2026-08-03T22:01:13.916Z,UAV 1,3
ENMORT003,FFE-on-Location,LOC_아군포병진지,21.37448817,-157.73726715,2026-08-03T22:01:13.916Z,UAV 1,3
ENCAESAR002,move to,LOC_북측예비방어선,21.37480566,-157.73830985,2026-08-03T22:01:13.916Z,UAV 1,3
ENGAZ001,move to,LOC_적북측접근로,21.37190826,-157.73952036,2026-08-03T22:01:13.916Z,UAV 1,3
ENGAZ002,move to,LOC_적북측접근로,21.37187243,-157.73984434,2026-08-03T22:01:13.916Z,UAV 1,3
ENM35002,move to,LOC_적북측접근로,21.37188177,-157.73955703,2026-08-03T22:01:13.916Z,UAV 1,3
ENM35001,move to,LOC_적북측접근로,21.37175629,-157.73987508,2026-08-03T22:01:13.916Z,UAV 1,3
ENCAESAR003,move to,LOC_적북측접근로,21.37227738,-157.74033289,2026-08-03T22:01:13.916Z,UAV 1,3
ENMORT001,none,,21.37454920,-157.73726779,2026-08-03T22:01:13.916Z,UAV 1,3
ENMORT002,none,,21.37448557,-157.73696566,2026-08-03T22:01:13.916Z,UAV 1,3
ENMORT003,FFE-on-Location,LOC_아군포병진지,21.37448817,-157.73726715,2026-08-03T22:01:13.916Z,UAV 1,3
ENCAESAR002,move to,LOC_북측예비방어선,21.37480433,-157.73831431,2026-08-03T22:01:16.034Z,UAV 1,3
ENGAZ001,move to,LOC_적북측접근로,21.37185709,-157.73971692,2026-08-03T22:01:16.034Z,UAV 1,3
ENGAZ002,move to,LOC_적북측접근로,21.37183102,-157.73998917,2026-08-03T22:01:16.034Z,UAV 1,3
ENM35002,move to,LOC_적북측접근로,21.37183204,-157.73975394,2026-08-03T22:01:16.034Z,UAV 1,3
ENM35001,move to,LOC_적북측접근로,21.37171133,-157.74007195,2026-08-03T22:01:16.034Z,UAV 1,3
ENCAESAR003,move to,LOC_적북측접근로,21.37216573,-157.74049879,2026-08-03T22:01:16.034Z,UAV 1,3
ENMORT001,none,,21.37454920,-157.73726779,2026-08-03T22:01:16.034Z,UAV 1,3
ENMORT002,none,,21.37448557,-157.73696566,2026-08-03T22:01:16.034Z,UAV 1,3
ENMORT003,FFE-on-Location,LOC_아군포병진지,21.37448817,-157.73726715,2026-08-03T22:01:16.034Z,UAV 1,3
ENCAESAR002,move to,LOC_북측예비방어선,21.37480433,-157.73831431,2026-08-03T22:01:16.034Z,UAV 1,3
ENGAZ001,move to,LOC_적북측접근로,21.37185709,-157.73971692,2026-08-03T22:01:16.034Z,UAV 1,3
ENGAZ002,move to,LOC_적북측접근로,21.37183102,-157.73998917,2026-08-03T22:01:16.034Z,UAV 1,3
ENM35002,move to,LOC_적북측접근로,21.37183204,-157.73975394,2026-08-03T22:01:16.034Z,UAV 1,3
ENM35001,move to,LOC_적북측접근로,21.37171133,-157.74007195,2026-08-03T22:01:16.034Z,UAV 1,3
ENCAESAR003,move to,LOC_적북측접근로,21.37216573,-157.74049879,2026-08-03T22:01:16.034Z,UAV 1,3
ENMORT001,none,,21.37454920,-157.73726779,2026-08-03T22:01:16.034Z,UAV 1,3
ENMORT002,none,,21.37448557,-157.73696566,2026-08-03T22:01:16.034Z,UAV 1,3
ENMORT003,FFE-on-Location,LOC_아군포병진지,21.37448817,-157.73726715,2026-08-03T22:01:16.034Z,UAV 1,3
ENCAESAR002,move to,LOC_북측예비방어선,21.37480433,-157.73831431,2026-08-03T22:01:16.034Z,UAV 1,3
ENGAZ001,move to,LOC_적북측접근로,21.37185709,-157.73971692,2026-08-03T22:01:16.034Z,UAV 1,3
ENGAZ002,move to,LOC_적북측접근로,21.37183102,-157.73998917,2026-08-03T22:01:16.034Z,UAV 1,3
ENM35002,move to,LOC_적북측접근로,21.37183204,-157.73975394,2026-08-03T22:01:16.034Z,UAV 1,3
ENM35001,move to,LOC_적북측접근로,21.37171133,-157.74007195,2026-08-03T22:01:16.034Z,UAV 1,3
ENCAESAR003,move to,LOC_적북측접근로,21.37216573,-157.74049879,2026-08-03T22:01:16.034Z,UAV 1,3
ENMORT001,none,,21.37454920,-157.73726779,2026-08-03T22:01:16.034Z,UAV 1,3
ENMORT002,none,,21.37448557,-157.73696566,2026-08-03T22:01:16.034Z,UAV 1,3
ENMORT003,FFE-on-Location,LOC_아군포병진지,21.37448817,-157.73726715,2026-08-03T22:01:16.034Z,UAV 1,3
ENCAESAR002,move to,LOC_북측예비방어선,21.37480433,-157.73831431,2026-08-03T22:01:16.034Z,UAV 1,3
ENGAZ001,move to,LOC_적북측접근로,21.37185709,-157.73971692,2026-08-03T22:01:16.034Z,UAV 1,3
ENGAZ002,move to,LOC_적북측접근로,21.37183102,-157.73998917,2026-08-03T22:01:16.034Z,UAV 1,3
ENM35002,move to,LOC_적북측접근로,21.37183204,-157.73975394,2026-08-03T22:01:16.034Z,UAV 1,3
ENM35001,move to,LOC_적북측접근로,21.37171133,-157.74007195,2026-08-03T22:01:16.034Z,UAV 1,3
ENCAESAR003,move to,LOC_적북측접근로,21.37216573,-157.74049879,2026-08-03T22:01:16.034Z,UAV 1,3
ENMORT001,none,,21.37454920,-157.73726779,2026-08-03T22:01:16.034Z,UAV 1,3
ENMORT002,none,,21.37448557,-157.73696566,2026-08-03T22:01:16.034Z,UAV 1,3
ENMORT003,FFE-on-Location,LOC_아군포병진지,21.37448817,-157.73726715,2026-08-03T22:01:16.034Z,UAV 1,3
ENCAESAR002,move to,LOC_북측예비방어선,21.37480312,-157.73831839,2026-08-03T22:01:17.983Z,UAV 1,3
ENGAZ001,move to,LOC_적북측접근로,21.37180999,-157.73989786,2026-08-03T22:01:17.983Z,UAV 1,3
ENGAZ002,move to,LOC_적북측접근로,21.37180573,-157.74007760,2026-08-03T22:01:17.983Z,UAV 1,3
ENMORT001,none,,21.37454920,-157.73726779,2026-08-03T22:01:17.983Z,UAV 1,3
ENMORT002,none,,21.37448557,-157.73696566,2026-08-03T22:01:17.983Z,UAV 1,3
ENMORT003,FFE-on-Location,LOC_아군포병진지,21.37448817,-157.73726715,2026-08-03T22:01:17.983Z,UAV 1,3
ENT72005,move to,LOC_중앙계곡,21.37829001,-157.74108850,2026-08-03T22:01:17.983Z,UAV 1,3
ENBTR60003,move to,LOC_중앙계곡,21.37585066,-157.74089027,2026-08-03T22:01:17.983Z,UAV 1,3
ENBTR80001,move to,LOC_중앙계곡,21.37562130,-157.74078825,2026-08-03T22:01:17.983Z,UAV 1,3
ENT72004,move to,LOC_중앙계곡,21.37851489,-157.74104339,2026-08-03T22:01:17.983Z,UAV 1,3
ENBTR80003,move to,LOC_중앙계곡,21.37553685,-157.74076798,2026-08-03T22:01:17.983Z,UAV 1,3
ENBTR60002,move to,LOC_중앙계곡,21.37572931,-157.74089387,2026-08-03T22:01:17.983Z,UAV 1,3
ENBTR60004,move to,LOC_중앙계곡,21.37558994,-157.74084449,2026-08-03T22:01:17.983Z,UAV 1,3
ENCAESAR002,move to,LOC_북측예비방어선,21.37480312,-157.73831839,2026-08-03T22:01:17.983Z,UAV 1,3
ENGAZ001,move to,LOC_적북측접근로,21.37180999,-157.73989786,2026-08-03T22:01:17.983Z,UAV 1,3
ENGAZ002,move to,LOC_적북측접근로,21.37180573,-157.74007760,2026-08-03T22:01:17.983Z,UAV 1,3
ENMORT001,none,,21.37454920,-157.73726779,2026-08-03T22:01:17.983Z,UAV 1,3
ENMORT002,none,,21.37448557,-157.73696566,2026-08-03T22:01:17.983Z,UAV 1,3
ENMORT003,FFE-on-Location,LOC_아군포병진지,21.37448817,-157.73726715,2026-08-03T22:01:17.983Z,UAV 1,3
ENT72005,move to,LOC_중앙계곡,21.37829001,-157.74108850,2026-08-03T22:01:17.983Z,UAV 1,3
ENBTR60003,move to,LOC_중앙계곡,21.37585066,-157.74089027,2026-08-03T22:01:17.983Z,UAV 1,3
ENBTR80001,move to,LOC_중앙계곡,21.37562130,-157.74078825,2026-08-03T22:01:17.983Z,UAV 1,3
ENT72004,move to,LOC_중앙계곡,21.37851489,-157.74104339,2026-08-03T22:01:17.983Z,UAV 1,3
ENBTR80003,move to,LOC_중앙계곡,21.37553685,-157.74076798,2026-08-03T22:01:17.983Z,UAV 1,3
ENBTR60002,move to,LOC_중앙계곡,21.37572931,-157.74089387,2026-08-03T22:01:17.983Z,UAV 1,3
ENBTR60004,move to,LOC_중앙계곡,21.37558994,-157.74084449,2026-08-03T22:01:17.983Z,UAV 1,3
ENCAESAR002,move to,LOC_북측예비방어선,21.37480312,-157.73831839,2026-08-03T22:01:17.983Z,UAV 1,3
ENGAZ001,move to,LOC_적북측접근로,21.37180999,-157.73989786,2026-08-03T22:01:17.983Z,UAV 1,3
ENGAZ002,move to,LOC_적북측접근로,21.37180573,-157.74007760,2026-08-03T22:01:17.983Z,UAV 1,3
ENMORT001,none,,21.37454920,-157.73726779,2026-08-03T22:01:17.983Z,UAV 1,3
ENMORT002,none,,21.37448557,-157.73696566,2026-08-03T22:01:17.983Z,UAV 1,3
ENMORT003,FFE-on-Location,LOC_아군포병진지,21.37448817,-157.73726715,2026-08-03T22:01:17.983Z,UAV 1,3
ENT72005,move to,LOC_중앙계곡,21.37829001,-157.74108850,2026-08-03T22:01:17.983Z,UAV 1,3
ENBTR60003,move to,LOC_중앙계곡,21.37585066,-157.74089027,2026-08-03T22:01:17.983Z,UAV 1,3
ENBTR80001,move to,LOC_중앙계곡,21.37562130,-157.74078825,2026-08-03T22:01:17.983Z,UAV 1,3
ENT72004,move to,LOC_중앙계곡,21.37851489,-157.74104339,2026-08-03T22:01:17.983Z,UAV 1,3
ENBTR80003,move to,LOC_중앙계곡,21.37553685,-157.74076798,2026-08-03T22:01:17.983Z,UAV 1,3
ENBTR60002,move to,LOC_중앙계곡,21.37572931,-157.74089387,2026-08-03T22:01:17.983Z,UAV 1,3
ENBTR60004,move to,LOC_중앙계곡,21.37558994,-157.74084449,2026-08-03T22:01:17.983Z,UAV 1,3
ENCAESAR002,move to,LOC_북측예비방어선,21.37480184,-157.73832271,2026-08-03T22:01:20.060Z,UAV 1,3
ENMORT001,none,,21.37454920,-157.73726779,2026-08-03T22:01:20.060Z,UAV 1,3
ENMORT002,none,,21.37448557,-157.73696566,2026-08-03T22:01:20.060Z,UAV 1,3
ENMORT003,FFE-on-Location,LOC_아군포병진지,21.37448817,-157.73726715,2026-08-03T22:01:20.060Z,UAV 1,3
ENT72005,move to,LOC_중앙계곡,21.37847687,-157.74106716,2026-08-03T22:01:20.060Z,UAV 1,3
ENBTR60003,move to,LOC_중앙계곡,21.37603819,-157.74089579,2026-08-03T22:01:20.060Z,UAV 1,3
ENBTR80001,move to,LOC_중앙계곡,21.37580852,-157.74079878,2026-08-03T22:01:20.060Z,UAV 1,3
ENBTR80003,move to,LOC_중앙계곡,21.37572407,-157.74077931,2026-08-03T22:01:20.060Z,UAV 1,3
ENBTR60002,move to,LOC_중앙계곡,21.37591684,-157.74089899,2026-08-03T22:01:20.060Z,UAV 1,3
ENBTR60004,move to,LOC_중앙계곡,21.37577746,-157.74085200,2026-08-03T22:01:20.060Z,UAV 1,3
ENCAESAR002,move to,LOC_북측예비방어선,21.37480184,-157.73832271,2026-08-03T22:01:20.060Z,UAV 1,3
ENMORT001,none,,21.37454920,-157.73726779,2026-08-03T22:01:20.060Z,UAV 1,3
ENMORT002,none,,21.37448557,-157.73696566,2026-08-03T22:01:20.060Z,UAV 1,3
ENMORT003,FFE-on-Location,LOC_아군포병진지,21.37448817,-157.73726715,2026-08-03T22:01:20.060Z,UAV 1,3
ENT72005,move to,LOC_중앙계곡,21.37847687,-157.74106716,2026-08-03T22:01:20.060Z,UAV 1,3
ENBTR60003,move to,LOC_중앙계곡,21.37603819,-157.74089579,2026-08-03T22:01:20.060Z,UAV 1,3
ENBTR80001,move to,LOC_중앙계곡,21.37580852,-157.74079878,2026-08-03T22:01:20.060Z,UAV 1,3
ENBTR80003,move to,LOC_중앙계곡,21.37572407,-157.74077931,2026-08-03T22:01:20.060Z,UAV 1,3
ENBTR60002,move to,LOC_중앙계곡,21.37591684,-157.74089899,2026-08-03T22:01:20.060Z,UAV 1,3
ENBTR60004,move to,LOC_중앙계곡,21.37577746,-157.74085200,2026-08-03T22:01:20.060Z,UAV 1,3
ENCAESAR002,move to,LOC_북측예비방어선,21.37480184,-157.73832271,2026-08-03T22:01:20.060Z,UAV 1,3
ENMORT001,none,,21.37454920,-157.73726779,2026-08-03T22:01:20.060Z,UAV 1,3
ENMORT002,none,,21.37448557,-157.73696566,2026-08-03T22:01:20.060Z,UAV 1,3
ENMORT003,FFE-on-Location,LOC_아군포병진지,21.37448817,-157.73726715,2026-08-03T22:01:20.060Z,UAV 1,3
ENT72005,move to,LOC_중앙계곡,21.37847687,-157.74106716,2026-08-03T22:01:20.060Z,UAV 1,3
ENBTR60003,move to,LOC_중앙계곡,21.37603819,-157.74089579,2026-08-03T22:01:20.060Z,UAV 1,3
ENBTR80001,move to,LOC_중앙계곡,21.37580852,-157.74079878,2026-08-03T22:01:20.060Z,UAV 1,3
ENBTR80003,move to,LOC_중앙계곡,21.37572407,-157.74077931,2026-08-03T22:01:20.060Z,UAV 1,3
ENBTR60002,move to,LOC_중앙계곡,21.37591684,-157.74089899,2026-08-03T22:01:20.060Z,UAV 1,3
ENBTR60004,move to,LOC_중앙계곡,21.37577746,-157.74085200,2026-08-03T22:01:20.060Z,UAV 1,3
ENCAESAR002,move to,LOC_북측예비방어선,21.37480184,-157.73832271,2026-08-03T22:01:20.060Z,UAV 1,3
ENMORT001,none,,21.37454920,-157.73726779,2026-08-03T22:01:20.060Z,UAV 1,3
ENMORT002,none,,21.37448557,-157.73696566,2026-08-03T22:01:20.060Z,UAV 1,3
ENMORT003,FFE-on-Location,LOC_아군포병진지,21.37448817,-157.73726715,2026-08-03T22:01:20.060Z,UAV 1,3
ENT72005,move to,LOC_중앙계곡,21.37847687,-157.74106716,2026-08-03T22:01:20.060Z,UAV 1,3
ENBTR60003,move to,LOC_중앙계곡,21.37603819,-157.74089579,2026-08-03T22:01:20.060Z,UAV 1,3
ENBTR80001,move to,LOC_중앙계곡,21.37580852,-157.74079878,2026-08-03T22:01:20.060Z,UAV 1,3
ENBTR80003,move to,LOC_중앙계곡,21.37572407,-157.74077931,2026-08-03T22:01:20.060Z,UAV 1,3
ENBTR60002,move to,LOC_중앙계곡,21.37591684,-157.74089899,2026-08-03T22:01:20.060Z,UAV 1,3
ENBTR60004,move to,LOC_중앙계곡,21.37577746,-157.74085200,2026-08-03T22:01:20.060Z,UAV 1,3
ENCAESAR002,move to,LOC_북측예비방어선,21.37480060,-157.73832687,2026-08-03T22:01:22.086Z,UAV 1,3
ENMORT001,none,,21.37454920,-157.73726779,2026-08-03T22:01:22.086Z,UAV 1,3
ENMORT002,none,,21.37448557,-157.73696566,2026-08-03T22:01:22.086Z,UAV 1,3
ENMORT003,FFE-on-Location,LOC_아군포병진지,21.37448817,-157.73726715,2026-08-03T22:01:22.086Z,UAV 1,3
ENBTR60003,move to,LOC_중앙계곡,21.37622116,-157.74090117,2026-08-03T22:01:22.086Z,UAV 1,3
ENBTR80001,move to,LOC_중앙계곡,21.37599128,-157.74080906,2026-08-03T22:01:22.086Z,UAV 1,3
ENBTR80003,move to,LOC_중앙계곡,21.37590677,-157.74079037,2026-08-03T22:01:22.086Z,UAV 1,3
ENBTR60002,move to,LOC_중앙계곡,21.37609980,-157.74090399,2026-08-03T22:01:22.086Z,UAV 1,3
ENBTR60004,move to,LOC_중앙계곡,21.37595960,-157.74085930,2026-08-03T22:01:22.086Z,UAV 1,3
ENCAESAR002,move to,LOC_북측예비방어선,21.37480060,-157.73832687,2026-08-03T22:01:22.086Z,UAV 1,3
ENMORT001,none,,21.37454920,-157.73726779,2026-08-03T22:01:22.086Z,UAV 1,3
ENMORT002,none,,21.37448557,-157.73696566,2026-08-03T22:01:22.086Z,UAV 1,3
ENMORT003,FFE-on-Location,LOC_아군포병진지,21.37448817,-157.73726715,2026-08-03T22:01:22.086Z,UAV 1,3
ENBTR60003,move to,LOC_중앙계곡,21.37622116,-157.74090117,2026-08-03T22:01:22.086Z,UAV 1,3
ENBTR80001,move to,LOC_중앙계곡,21.37599128,-157.74080906,2026-08-03T22:01:22.086Z,UAV 1,3
ENBTR80003,move to,LOC_중앙계곡,21.37590677,-157.74079037,2026-08-03T22:01:22.086Z,UAV 1,3
ENBTR60002,move to,LOC_중앙계곡,21.37609980,-157.74090399,2026-08-03T22:01:22.086Z,UAV 1,3
ENBTR60004,move to,LOC_중앙계곡,21.37595960,-157.74085930,2026-08-03T22:01:22.086Z,UAV 1,3
ENCAESAR002,move to,LOC_북측예비방어선,21.37480060,-157.73832687,2026-08-03T22:01:22.086Z,UAV 1,3
ENMORT001,none,,21.37454920,-157.73726779,2026-08-03T22:01:22.086Z,UAV 1,3
ENMORT002,none,,21.37448557,-157.73696566,2026-08-03T22:01:22.086Z,UAV 1,3
ENMORT003,FFE-on-Location,LOC_아군포병진지,21.37448817,-157.73726715,2026-08-03T22:01:22.086Z,UAV 1,3
ENBTR60003,move to,LOC_중앙계곡,21.37622116,-157.74090117,2026-08-03T22:01:22.086Z,UAV 1,3
ENBTR80001,move to,LOC_중앙계곡,21.37599128,-157.74080906,2026-08-03T22:01:22.086Z,UAV 1,3
ENBTR80003,move to,LOC_중앙계곡,21.37590677,-157.74079037,2026-08-03T22:01:22.086Z,UAV 1,3
ENBTR60002,move to,LOC_중앙계곡,21.37609980,-157.74090399,2026-08-03T22:01:22.086Z,UAV 1,3
ENBTR60004,move to,LOC_중앙계곡,21.37595960,-157.74085930,2026-08-03T22:01:22.086Z,UAV 1,3
ENCAESAR002,move to,LOC_북측예비방어선,21.37480060,-157.73832687,2026-08-03T22:01:22.086Z,UAV 1,3
ENMORT001,none,,21.37454920,-157.73726779,2026-08-03T22:01:22.086Z,UAV 1,3
ENMORT002,none,,21.37448557,-157.73696566,2026-08-03T22:01:22.086Z,UAV 1,3
ENMORT003,FFE-on-Location,LOC_아군포병진지,21.37448817,-157.73726715,2026-08-03T22:01:22.086Z,UAV 1,3
ENBTR60003,move to,LOC_중앙계곡,21.37622116,-157.74090117,2026-08-03T22:01:22.086Z,UAV 1,3
ENBTR80001,move to,LOC_중앙계곡,21.37599128,-157.74080906,2026-08-03T22:01:22.086Z,UAV 1,3
ENBTR80003,move to,LOC_중앙계곡,21.37590677,-157.74079037,2026-08-03T22:01:22.086Z,UAV 1,3
ENBTR60002,move to,LOC_중앙계곡,21.37609980,-157.74090399,2026-08-03T22:01:22.086Z,UAV 1,3
ENBTR60004,move to,LOC_중앙계곡,21.37595960,-157.74085930,2026-08-03T22:01:22.086Z,UAV 1,3
ENCAESAR002,move to,LOC_북측예비방어선,21.37479918,-157.73833162,2026-08-03T22:01:24.117Z,UAV 1,3
ENMORT001,none,,21.37454920,-157.73726779,2026-08-03T22:01:24.117Z,UAV 1,3
ENMORT002,none,,21.37448557,-157.73696566,2026-08-03T22:01:24.117Z,UAV 1,3
ENMORT003,FFE-on-Location,LOC_아군포병진지,21.37448817,-157.73726715,2026-08-03T22:01:24.117Z,UAV 1,3
ENBTR60003,move to,LOC_중앙계곡,21.37640450,-157.74090656,2026-08-03T22:01:24.117Z,UAV 1,3
ENBTR80001,move to,LOC_중앙계곡,21.37617450,-157.74081936,2026-08-03T22:01:24.117Z,UAV 1,3
ENBTR80003,move to,LOC_중앙계곡,21.37608994,-157.74080145,2026-08-03T22:01:24.117Z,UAV 1,3
ENBTR60002,move to,LOC_중앙계곡,21.37628316,-157.74090900,2026-08-03T22:01:24.117Z,UAV 1,3
ENBTR60004,move to,LOC_중앙계곡,21.37614241,-157.74086662,2026-08-03T22:01:24.117Z,UAV 1,3
ENCAESAR002,move to,LOC_북측예비방어선,21.37479918,-157.73833162,2026-08-03T22:01:24.117Z,UAV 1,3
ENMORT001,none,,21.37454920,-157.73726779,2026-08-03T22:01:24.117Z,UAV 1,3
ENMORT002,none,,21.37448557,-157.73696566,2026-08-03T22:01:24.117Z,UAV 1,3
ENMORT003,FFE-on-Location,LOC_아군포병진지,21.37448817,-157.73726715,2026-08-03T22:01:24.117Z,UAV 1,3
ENBTR60003,move to,LOC_중앙계곡,21.37640450,-157.74090656,2026-08-03T22:01:24.117Z,UAV 1,3
ENBTR80001,move to,LOC_중앙계곡,21.37617450,-157.74081936,2026-08-03T22:01:24.117Z,UAV 1,3
ENBTR80003,move to,LOC_중앙계곡,21.37608994,-157.74080145,2026-08-03T22:01:24.117Z,UAV 1,3
ENBTR60002,move to,LOC_중앙계곡,21.37628316,-157.74090900,2026-08-03T22:01:24.117Z,UAV 1,3
ENBTR60004,move to,LOC_중앙계곡,21.37614241,-157.74086662,2026-08-03T22:01:24.117Z,UAV 1,3
ENCAESAR002,move to,LOC_북측예비방어선,21.37479918,-157.73833162,2026-08-03T22:01:24.117Z,UAV 1,3
ENMORT001,none,,21.37454920,-157.73726779,2026-08-03T22:01:24.117Z,UAV 1,3
ENMORT002,none,,21.37448557,-157.73696566,2026-08-03T22:01:24.117Z,UAV 1,3
ENMORT003,FFE-on-Location,LOC_아군포병진지,21.37448817,-157.73726715,2026-08-03T22:01:24.117Z,UAV 1,3
ENBTR60003,move to,LOC_중앙계곡,21.37640450,-157.74090656,2026-08-03T22:01:24.117Z,UAV 1,3
ENBTR80001,move to,LOC_중앙계곡,21.37617450,-157.74081936,2026-08-03T22:01:24.117Z,UAV 1,3
ENBTR80003,move to,LOC_중앙계곡,21.37608994,-157.74080145,2026-08-03T22:01:24.117Z,UAV 1,3
ENBTR60002,move to,LOC_중앙계곡,21.37628316,-157.74090900,2026-08-03T22:01:24.117Z,UAV 1,3
ENBTR60004,move to,LOC_중앙계곡,21.37614241,-157.74086662,2026-08-03T22:01:24.117Z,UAV 1,3
ENCAESAR002,move to,LOC_북측예비방어선,21.37478561,-157.73837725,2026-08-03T22:01:26.158Z,UAV 1,3
ENMORT001,none,,21.37454920,-157.73726779,2026-08-03T22:01:26.158Z,UAV 1,3
ENMORT002,none,,21.37448557,-157.73696566,2026-08-03T22:01:26.158Z,UAV 1,3
ENMORT003,FFE-on-Location,LOC_아군포병진지,21.37448817,-157.73726715,2026-08-03T22:01:26.158Z,UAV 1,3
FRT69002,move to,LOC_중앙킬존남측,21.38072278,-157.73403064,2026-08-03T22:01:26.158Z,UAV 1,3
ENCAESAR002,move to,LOC_북측예비방어선,21.37478561,-157.73837725,2026-08-03T22:01:26.158Z,UAV 1,3
ENMORT001,none,,21.37454920,-157.73726779,2026-08-03T22:01:26.158Z,UAV 1,3
ENMORT002,none,,21.37448557,-157.73696566,2026-08-03T22:01:26.158Z,UAV 1,3
ENMORT003,FFE-on-Location,LOC_아군포병진지,21.37448817,-157.73726715,2026-08-03T22:01:26.158Z,UAV 1,3
FRT69002,move to,LOC_중앙킬존남측,21.38072278,-157.73403064,2026-08-03T22:01:26.158Z,UAV 1,3
ENCAESAR002,move to,LOC_북측예비방어선,21.37478561,-157.73837725,2026-08-03T22:01:26.158Z,UAV 1,3
ENMORT001,none,,21.37454920,-157.73726779,2026-08-03T22:01:26.158Z,UAV 1,3
ENMORT002,none,,21.37448557,-157.73696566,2026-08-03T22:01:26.158Z,UAV 1,3
ENMORT003,FFE-on-Location,LOC_아군포병진지,21.37448817,-157.73726715,2026-08-03T22:01:26.158Z,UAV 1,3
FRT69002,move to,LOC_중앙킬존남측,21.38072278,-157.73403064,2026-08-03T22:01:26.158Z,UAV 1,3
ENCAESAR002,move to,LOC_북측예비방어선,21.37478561,-157.73837725,2026-08-03T22:01:26.158Z,UAV 1,3
ENMORT001,none,,21.37454920,-157.73726779,2026-08-03T22:01:26.158Z,UAV 1,3
ENMORT002,none,,21.37448557,-157.73696566,2026-08-03T22:01:26.158Z,UAV 1,3
ENMORT003,FFE-on-Location,LOC_아군포병진지,21.37448817,-157.73726715,2026-08-03T22:01:26.158Z,UAV 1,3
FRT69002,move to,LOC_중앙킬존남측,21.38072278,-157.73403064,2026-08-03T22:01:26.158Z,UAV 1,3
ENMORT001,none,,21.37454920,-157.73726779,2026-08-03T22:01:28.238Z,UAV 1,3
ENMORT002,none,,21.37448557,-157.73696566,2026-08-03T22:01:28.238Z,UAV 1,3
ENMORT003,FFE-on-Location,LOC_아군포병진지,21.37448817,-157.73726715,2026-08-03T22:01:28.238Z,UAV 1,3
FRT69002,move to,LOC_중앙킬존남측,21.38072278,-157.73403064,2026-08-03T22:01:28.238Z,UAV 1,3
FRT69001,move to,LOC_중앙킬존남측,21.38090613,-157.73399405,2026-08-03T22:01:28.238Z,UAV 1,3
ENMORT001,none,,21.37454920,-157.73726779,2026-08-03T22:01:28.238Z,UAV 1,3
ENMORT002,none,,21.37448557,-157.73696566,2026-08-03T22:01:28.238Z,UAV 1,3
ENMORT003,FFE-on-Location,LOC_아군포병진지,21.37448817,-157.73726715,2026-08-03T22:01:28.238Z,UAV 1,3
FRT69002,move to,LOC_중앙킬존남측,21.38072278,-157.73403064,2026-08-03T22:01:28.238Z,UAV 1,3
FRT69001,move to,LOC_중앙킬존남측,21.38090613,-157.73399405,2026-08-03T22:01:28.238Z,UAV 1,3
ENMORT001,none,,21.37454920,-157.73726779,2026-08-03T22:01:28.238Z,UAV 1,3
ENMORT002,none,,21.37448557,-157.73696566,2026-08-03T22:01:28.238Z,UAV 1,3
ENMORT003,FFE-on-Location,LOC_아군포병진지,21.37448817,-157.73726715,2026-08-03T22:01:28.238Z,UAV 1,3
FRT69002,move to,LOC_중앙킬존남측,21.38072278,-157.73403064,2026-08-03T22:01:28.238Z,UAV 1,3
FRT69001,move to,LOC_중앙킬존남측,21.38090613,-157.73399405,2026-08-03T22:01:28.238Z,UAV 1,3
ENMORT001,none,,21.37454920,-157.73726779,2026-08-03T22:01:28.238Z,UAV 1,3
ENMORT002,none,,21.37448557,-157.73696566,2026-08-03T22:01:28.238Z,UAV 1,3
ENMORT003,FFE-on-Location,LOC_아군포병진지,21.37448817,-157.73726715,2026-08-03T22:01:28.238Z,UAV 1,3
FRT69002,move to,LOC_중앙킬존남측,21.38072278,-157.73403064,2026-08-03T22:01:28.238Z,UAV 1,3
FRT69001,move to,LOC_중앙킬존남측,21.38090613,-157.73399405,2026-08-03T22:01:28.238Z,UAV 1,3
FRT69002,move to,LOC_중앙킬존남측,21.38072278,-157.73403064,2026-08-03T22:01:30.254Z,UAV 1,3
FRT69001,move to,LOC_중앙킬존남측,21.38090613,-157.73399405,2026-08-03T22:01:30.254Z,UAV 1,3
FRT69003,move to,LOC_중앙킬존남측,21.38103505,-157.73401272,2026-08-03T22:01:30.254Z,UAV 1,3
FRT69002,move to,LOC_중앙킬존남측,21.38072278,-157.73403064,2026-08-03T22:01:30.254Z,UAV 1,3
FRT69001,move to,LOC_중앙킬존남측,21.38090613,-157.73399405,2026-08-03T22:01:30.254Z,UAV 1,3
FRT69003,move to,LOC_중앙킬존남측,21.38103505,-157.73401272,2026-08-03T22:01:30.254Z,UAV 1,3
FRT69002,move to,LOC_중앙킬존남측,21.38072278,-157.73403064,2026-08-03T22:01:30.254Z,UAV 1,3
FRT69001,move to,LOC_중앙킬존남측,21.38090613,-157.73399405,2026-08-03T22:01:30.254Z,UAV 1,3
FRT69003,move to,LOC_중앙킬존남측,21.38103505,-157.73401272,2026-08-03T22:01:30.254Z,UAV 1,3
FRT69002,move to,LOC_중앙킬존남측,21.38072278,-157.73403064,2026-08-03T22:01:30.254Z,UAV 1,3
FRT69001,move to,LOC_중앙킬존남측,21.38090613,-157.73399405,2026-08-03T22:01:30.254Z,UAV 1,3
FRT69003,move to,LOC_중앙킬존남측,21.38103505,-157.73401272,2026-08-03T22:01:30.254Z,UAV 1,3
FRT69002,move to,LOC_중앙킬존남측,21.38072278,-157.73403064,2026-08-03T22:01:32.340Z,UAV 1,3
FRT69001,move to,LOC_중앙킬존남측,21.38090613,-157.73399405,2026-08-03T22:01:32.340Z,UAV 1,3
FRT69003,move to,LOC_중앙킬존남측,21.38103505,-157.73401272,2026-08-03T22:01:32.340Z,UAV 1,3
FRT69002,move to,LOC_중앙킬존남측,21.38072278,-157.73403064,2026-08-03T22:01:32.340Z,UAV 1,3
FRT69001,move to,LOC_중앙킬존남측,21.38090613,-157.73399405,2026-08-03T22:01:32.340Z,UAV 1,3
FRT69003,move to,LOC_중앙킬존남측,21.38103505,-157.73401272,2026-08-03T22:01:32.340Z,UAV 1,3
FRT69002,move to,LOC_중앙킬존남측,21.38072278,-157.73403064,2026-08-03T22:01:32.340Z,UAV 1,3
FRT69001,move to,LOC_중앙킬존남측,21.38090613,-157.73399405,2026-08-03T22:01:32.340Z,UAV 1,3
FRT69003,move to,LOC_중앙킬존남측,21.38103505,-157.73401272,2026-08-03T22:01:32.340Z,UAV 1,3
FRT69002,move to,LOC_중앙킬존남측,21.38072278,-157.73403064,2026-08-03T22:01:32.340Z,UAV 1,3
FRT69001,move to,LOC_중앙킬존남측,21.38090613,-157.73399405,2026-08-03T22:01:32.340Z,UAV 1,3
FRT69003,move to,LOC_중앙킬존남측,21.38103505,-157.73401272,2026-08-03T22:01:32.340Z,UAV 1,3
FRT69002,move to,LOC_중앙킬존남측,21.38072278,-157.73403064,2026-08-03T22:01:34.374Z,UAV 1,3
FRT69001,move to,LOC_중앙킬존남측,21.38090613,-157.73399405,2026-08-03T22:01:34.374Z,UAV 1,3
FRT69003,move to,LOC_중앙킬존남측,21.38103505,-157.73401272,2026-08-03T22:01:34.374Z,UAV 1,3
FRT69002,move to,LOC_중앙킬존남측,21.38072278,-157.73403064,2026-08-03T22:01:34.374Z,UAV 1,3
FRT69001,move to,LOC_중앙킬존남측,21.38090613,-157.73399405,2026-08-03T22:01:34.374Z,UAV 1,3
FRT69003,move to,LOC_중앙킬존남측,21.38103505,-157.73401272,2026-08-03T22:01:34.374Z,UAV 1,3
FRT69002,move to,LOC_중앙킬존남측,21.38072278,-157.73403064,2026-08-03T22:01:34.374Z,UAV 1,3
FRT69001,move to,LOC_중앙킬존남측,21.38090613,-157.73399405,2026-08-03T22:01:34.374Z,UAV 1,3
FRT69003,move to,LOC_중앙킬존남측,21.38103505,-157.73401272,2026-08-03T22:01:34.374Z,UAV 1,3
FRT69002,move to,LOC_중앙킬존남측,21.38072278,-157.73403064,2026-08-03T22:01:34.374Z,UAV 1,3
FRT69001,move to,LOC_중앙킬존남측,21.38090613,-157.73399405,2026-08-03T22:01:34.374Z,UAV 1,3
FRT69003,move to,LOC_중앙킬존남측,21.38103505,-157.73401272,2026-08-03T22:01:34.374Z,UAV 1,3
FRT69002,move to,LOC_중앙킬존남측,21.38072278,-157.73403064,2026-08-03T22:01:36.438Z,UAV 1,3
FRT69001,move to,LOC_중앙킬존남측,21.38090613,-157.73399405,2026-08-03T22:01:36.438Z,UAV 1,3
FRT69003,move to,LOC_중앙킬존남측,21.38103505,-157.73401272,2026-08-03T22:01:36.438Z,UAV 1,3
FRT69002,move to,LOC_중앙킬존남측,21.38072278,-157.73403064,2026-08-03T22:01:36.438Z,UAV 1,3
FRT69001,move to,LOC_중앙킬존남측,21.38090613,-157.73399405,2026-08-03T22:01:36.438Z,UAV 1,3
FRT69003,move to,LOC_중앙킬존남측,21.38103505,-157.73401272,2026-08-03T22:01:36.438Z,UAV 1,3
FRT69002,move to,LOC_중앙킬존남측,21.38072278,-157.73403064,2026-08-03T22:01:36.438Z,UAV 1,3
FRT69001,move to,LOC_중앙킬존남측,21.38090613,-157.73399405,2026-08-03T22:01:36.438Z,UAV 1,3
FRT69003,move to,LOC_중앙킬존남측,21.38103505,-157.73401272,2026-08-03T22:01:36.438Z,UAV 1,3
FRT69002,move to,LOC_중앙킬존남측,21.38072278,-157.73403064,2026-08-03T22:01:36.438Z,UAV 1,3
FRT69001,move to,LOC_중앙킬존남측,21.38090613,-157.73399405,2026-08-03T22:01:36.438Z,UAV 1,3
FRT69003,move to,LOC_중앙킬존남측,21.38103505,-157.73401272,2026-08-03T22:01:36.438Z,UAV 1,3
FRT69002,move to,LOC_중앙킬존남측,21.38072278,-157.73403064,2026-08-03T22:01:38.491Z,UAV 1,3
FRT69001,move to,LOC_중앙킬존남측,21.38090613,-157.73399405,2026-08-03T22:01:38.491Z,UAV 1,3
FRT69003,move to,LOC_중앙킬존남측,21.38103505,-157.73401272,2026-08-03T22:01:38.491Z,UAV 1,3
FRT69002,move to,LOC_중앙킬존남측,21.38072278,-157.73403064,2026-08-03T22:01:38.491Z,UAV 1,3
FRT69001,move to,LOC_중앙킬존남측,21.38090613,-157.73399405,2026-08-03T22:01:38.491Z,UAV 1,3
FRT69003,move to,LOC_중앙킬존남측,21.38103505,-157.73401272,2026-08-03T22:01:38.491Z,UAV 1,3
FRT69002,move to,LOC_중앙킬존남측,21.38072278,-157.73403064,2026-08-03T22:01:38.491Z,UAV 1,3
FRT69001,move to,LOC_중앙킬존남측,21.38090613,-157.73399405,2026-08-03T22:01:38.491Z,UAV 1,3
FRT69003,move to,LOC_중앙킬존남측,21.38103505,-157.73401272,2026-08-03T22:01:38.491Z,UAV 1,3
FRT69002,move to,LOC_중앙킬존남측,21.38072278,-157.73403064,2026-08-03T22:01:38.491Z,UAV 1,3
FRT69001,move to,LOC_중앙킬존남측,21.38090613,-157.73399405,2026-08-03T22:01:38.491Z,UAV 1,3
FRT69003,move to,LOC_중앙킬존남측,21.38103505,-157.73401272,2026-08-03T22:01:38.491Z,UAV 1,3
FRT69002,move to,LOC_중앙킬존남측,21.38072278,-157.73403064,2026-08-03T22:01:38.491Z,UAV 1,3
FRT69001,move to,LOC_중앙킬존남측,21.38090613,-157.73399405,2026-08-03T22:01:38.491Z,UAV 1,3
FRT69003,move to,LOC_중앙킬존남측,21.38103505,-157.73401272,2026-08-03T22:01:38.491Z,UAV 1,3
FRT69002,move to,LOC_중앙킬존남측,21.38072278,-157.73403064,2026-08-03T22:01:40.549Z,UAV 1,3
FRT69001,move to,LOC_중앙킬존남측,21.38090613,-157.73399405,2026-08-03T22:01:40.549Z,UAV 1,3
FRT69003,move to,LOC_중앙킬존남측,21.38103505,-157.73401272,2026-08-03T22:01:40.549Z,UAV 1,3
FRT69002,move to,LOC_중앙킬존남측,21.38072278,-157.73403064,2026-08-03T22:01:40.549Z,UAV 1,3
FRT69001,move to,LOC_중앙킬존남측,21.38090613,-157.73399405,2026-08-03T22:01:40.549Z,UAV 1,3
FRT69003,move to,LOC_중앙킬존남측,21.38103505,-157.73401272,2026-08-03T22:01:40.549Z,UAV 1,3
FRT69002,move to,LOC_중앙킬존남측,21.38072278,-157.73403064,2026-08-03T22:01:40.549Z,UAV 1,3
FRT69001,move to,LOC_중앙킬존남측,21.38090613,-157.73399405,2026-08-03T22:01:40.549Z,UAV 1,3
FRT69003,move to,LOC_중앙킬존남측,21.38103505,-157.73401272,2026-08-03T22:01:40.549Z,UAV 1,3
FRT69002,move to,LOC_중앙킬존남측,21.38072278,-157.73403064,2026-08-03T22:01:40.549Z,UAV 1,3
FRT69001,move to,LOC_중앙킬존남측,21.38090613,-157.73399405,2026-08-03T22:01:40.549Z,UAV 1,3
FRT69003,move to,LOC_중앙킬존남측,21.38103505,-157.73401272,2026-08-03T22:01:40.549Z,UAV 1,3
FRT69002,move to,LOC_중앙킬존남측,21.38072278,-157.73403064,2026-08-03T22:01:42.597Z,UAV 1,3
FRT69001,move to,LOC_중앙킬존남측,21.38090613,-157.73399405,2026-08-03T22:01:42.597Z,UAV 1,3
FRT69003,move to,LOC_중앙킬존남측,21.38103505,-157.73401272,2026-08-03T22:01:42.597Z,UAV 1,3
FRT69002,move to,LOC_중앙킬존남측,21.38072278,-157.73403064,2026-08-03T22:01:42.597Z,UAV 1,3
FRT69001,move to,LOC_중앙킬존남측,21.38090613,-157.73399405,2026-08-03T22:01:42.597Z,UAV 1,3
FRT69003,move to,LOC_중앙킬존남측,21.38103505,-157.73401272,2026-08-03T22:01:42.597Z,UAV 1,3
FRT69002,move to,LOC_중앙킬존남측,21.38072278,-157.73403064,2026-08-03T22:01:42.597Z,UAV 1,3
FRT69001,move to,LOC_중앙킬존남측,21.38090613,-157.73399405,2026-08-03T22:01:42.597Z,UAV 1,3
FRT69003,move to,LOC_중앙킬존남측,21.38103505,-157.73401272,2026-08-03T22:01:42.597Z,UAV 1,3
FRT69002,move to,LOC_중앙킬존남측,21.38072278,-157.73403064,2026-08-03T22:01:42.597Z,UAV 1,3
FRT69001,move to,LOC_중앙킬존남측,21.38090613,-157.73399405,2026-08-03T22:01:42.597Z,UAV 1,3
FRT69003,move to,LOC_중앙킬존남측,21.38103505,-157.73401272,2026-08-03T22:01:42.597Z,UAV 1,3
FRT69002,move to,LOC_중앙킬존남측,21.38072278,-157.73403064,2026-08-03T22:01:44.784Z,UAV 1,3
FRT69001,move to,LOC_중앙킬존남측,21.38090613,-157.73399405,2026-08-03T22:01:44.784Z,UAV 1,3
FRT69003,move to,LOC_중앙킬존남측,21.38103505,-157.73401272,2026-08-03T22:01:44.784Z,UAV 1,3
FRT69002,move to,LOC_중앙킬존남측,21.38072278,-157.73403064,2026-08-03T22:01:44.784Z,UAV 1,3
FRT69001,move to,LOC_중앙킬존남측,21.38090613,-157.73399405,2026-08-03T22:01:44.784Z,UAV 1,3
FRT69003,move to,LOC_중앙킬존남측,21.38103505,-157.73401272,2026-08-03T22:01:44.784Z,UAV 1,3
FRT69002,move to,LOC_중앙킬존남측,21.38072278,-157.73403064,2026-08-03T22:01:44.784Z,UAV 1,3
FRT69001,move to,LOC_중앙킬존남측,21.38090613,-157.73399405,2026-08-03T22:01:44.784Z,UAV 1,3
FRT69003,move to,LOC_중앙킬존남측,21.38103505,-157.73401272,2026-08-03T22:01:44.784Z,UAV 1,3
FRT69002,move to,LOC_중앙킬존남측,21.38072278,-157.73403064,2026-08-03T22:01:44.784Z,UAV 1,3
FRT69001,move to,LOC_중앙킬존남측,21.38090613,-157.73399405,2026-08-03T22:01:44.784Z,UAV 1,3
FRT69003,move to,LOC_중앙킬존남측,21.38103505,-157.73401272,2026-08-03T22:01:44.784Z,UAV 1,3
FRT69002,move to,LOC_중앙킬존남측,21.38072278,-157.73403063,2026-08-03T22:01:46.835Z,UAV 1,4
FRT69001,move to,LOC_중앙킬존남측,21.38090613,-157.73399404,2026-08-03T22:01:46.835Z,UAV 1,3
FRT69003,move to,LOC_중앙킬존남측,21.38103505,-157.73401272,2026-08-03T22:01:46.835Z,UAV 1,3
FRT69002,move to,LOC_중앙킬존남측,21.38072278,-157.73403063,2026-08-03T22:01:46.835Z,UAV 1,4
FRT69001,move to,LOC_중앙킬존남측,21.38090613,-157.73399404,2026-08-03T22:01:46.835Z,UAV 1,3
FRT69003,move to,LOC_중앙킬존남측,21.38103505,-157.73401272,2026-08-03T22:01:46.835Z,UAV 1,3
FRT69002,move to,LOC_중앙킬존남측,21.38072278,-157.73403063,2026-08-03T22:01:46.835Z,UAV 1,4
FRT69001,move to,LOC_중앙킬존남측,21.38090613,-157.73399404,2026-08-03T22:01:46.835Z,UAV 1,3
FRT69003,move to,LOC_중앙킬존남측,21.38103505,-157.73401272,2026-08-03T22:01:46.835Z,UAV 1,3
FRT69002,move to,LOC_중앙킬존남측,21.38072278,-157.73403063,2026-08-03T22:01:46.835Z,UAV 1,4
FRT69001,move to,LOC_중앙킬존남측,21.38090613,-157.73399404,2026-08-03T22:01:46.835Z,UAV 1,3
FRT69003,move to,LOC_중앙킬존남측,21.38103505,-157.73401272,2026-08-03T22:01:46.835Z,UAV 1,3
FRT69002,move to,LOC_중앙킬존남측,21.38072278,-157.73403063,2026-08-03T22:01:48.741Z,UAV 1,4
FRT69001,move to,LOC_중앙킬존남측,21.38090613,-157.73399404,2026-08-03T22:01:48.741Z,UAV 1,4
FRT69003,move to,LOC_중앙킬존남측,21.38103505,-157.73401271,2026-08-03T22:01:48.741Z,UAV 1,3
FRT69002,move to,LOC_중앙킬존남측,21.38072278,-157.73403063,2026-08-03T22:01:48.741Z,UAV 1,4
FRT69001,move to,LOC_중앙킬존남측,21.38090613,-157.73399404,2026-08-03T22:01:48.741Z,UAV 1,4
FRT69003,move to,LOC_중앙킬존남측,21.38103505,-157.73401271,2026-08-03T22:01:48.741Z,UAV 1,3
FRT69002,move to,LOC_중앙킬존남측,21.38072278,-157.73403063,2026-08-03T22:01:48.741Z,UAV 1,4
FRT69001,move to,LOC_중앙킬존남측,21.38090613,-157.73399404,2026-08-03T22:01:48.741Z,UAV 1,4
FRT69003,move to,LOC_중앙킬존남측,21.38103505,-157.73401271,2026-08-03T22:01:48.741Z,UAV 1,3
FRT69002,move to,LOC_중앙킬존남측,21.38072278,-157.73403063,2026-08-03T22:01:48.741Z,UAV 1,4
FRT69001,move to,LOC_중앙킬존남측,21.38090613,-157.73399404,2026-08-03T22:01:48.741Z,UAV 1,4
FRT69003,move to,LOC_중앙킬존남측,21.38103505,-157.73401271,2026-08-03T22:01:48.741Z,UAV 1,3
FRT69002,move to,LOC_중앙킬존남측,21.38072278,-157.73403063,2026-08-03T22:01:48.741Z,UAV 1,4
FRT69001,move to,LOC_중앙킬존남측,21.38090613,-157.73399404,2026-08-03T22:01:48.741Z,UAV 1,4
FRT69003,move to,LOC_중앙킬존남측,21.38103505,-157.73401271,2026-08-03T22:01:48.741Z,UAV 1,3
FRT80004,none,,21.38044564,-157.75164742,2026-08-03T22:03:27.410Z,UAV 1,1
FRT80004,none,,21.38044564,-157.75164742,2026-08-03T22:03:27.410Z,UAV 1,1
FRT80004,none,,21.38044564,-157.75164742,2026-08-03T22:03:27.410Z,UAV 1,1
FRT80004,none,,21.38044564,-157.75164742,2026-08-03T22:03:29.478Z,UAV 1,2
FRT80004,none,,21.38044564,-157.75164742,2026-08-03T22:03:29.478Z,UAV 1,2
FRT80004,none,,21.38044564,-157.75164742,2026-08-03T22:03:29.478Z,UAV 1,2
FRT80004,none,,21.38044564,-157.75164742,2026-08-03T22:03:31.540Z,UAV 1,2
FRT80004,none,,21.38044564,-157.75164742,2026-08-03T22:03:31.540Z,UAV 1,2
FRT80004,none,,21.38044564,-157.75164742,2026-08-03T22:03:31.540Z,UAV 1,2
FRT80004,none,,21.38044564,-157.75164742,2026-08-03T22:03:31.540Z,UAV 1,2
FRT80004,none,,21.38044564,-157.75164742,2026-08-03T22:03:33.566Z,UAV 1,2
FRT80004,none,,21.38044564,-157.75164742,2026-08-03T22:03:33.566Z,UAV 1,2
FRT80004,none,,21.38044564,-157.75164742,2026-08-03T22:03:33.566Z,UAV 1,2
FRT80004,none,,21.38044564,-157.75164742,2026-08-03T22:03:33.566Z,UAV 1,2
FRT80004,none,,21.38044564,-157.75164742,2026-08-03T22:03:35.690Z,UAV 1,3
FRT80004,none,,21.38044564,-157.75164742,2026-08-03T22:03:35.690Z,UAV 1,3
FRT80004,none,,21.38044564,-157.75164742,2026-08-03T22:03:35.690Z,UAV 1,3
FRT80004,none,,21.38044564,-157.75164742,2026-08-03T22:03:35.690Z,UAV 1,3
FRT80004,none,,21.38044564,-157.75164742,2026-08-03T22:03:37.718Z,UAV 1,3
FRT80004,none,,21.38044564,-157.75164742,2026-08-03T22:03:37.718Z,UAV 1,3
FRT80004,none,,21.38044564,-157.75164742,2026-08-03T22:03:37.718Z,UAV 1,3
FRT80004,none,,21.38044564,-157.75164742,2026-08-03T22:03:39.690Z,UAV 1,3
FRT80004,none,,21.38044564,-157.75164742,2026-08-03T22:03:39.690Z,UAV 1,3
FRT80004,none,,21.38044564,-157.75164742,2026-08-03T22:03:39.690Z,UAV 1,3
FRT80004,none,,21.38044564,-157.75164742,2026-08-03T22:03:39.690Z,UAV 1,3
FRT80004,none,,21.38044564,-157.75164742,2026-08-03T22:03:41.847Z,UAV 1,3
FRT80004,none,,21.38044564,-157.75164742,2026-08-03T22:03:41.847Z,UAV 1,3
FRT80004,none,,21.38044564,-157.75164742,2026-08-03T22:03:41.847Z,UAV 1,3
FRT80004,none,,21.38044564,-157.75164742,2026-08-03T22:03:43.877Z,UAV 1,3
FRT80004,none,,21.38044564,-157.75164742,2026-08-03T22:03:43.877Z,UAV 1,3
FRT80004,none,,21.38044564,-157.75164742,2026-08-03T22:03:43.877Z,UAV 1,3
FRT80004,none,,21.38044564,-157.75164742,2026-08-03T22:03:43.877Z,UAV 1,3
FRT80004,none,,21.38044564,-157.75164742,2026-08-03T22:03:45.942Z,UAV 1,3
FRT80004,none,,21.38044564,-157.75164742,2026-08-03T22:03:45.942Z,UAV 1,3
FRT80004,none,,21.38044564,-157.75164742,2026-08-03T22:03:45.942Z,UAV 1,3
FRT80004,none,,21.38044564,-157.75164742,2026-08-03T22:03:45.942Z,UAV 1,3
FRT80004,none,,21.38044564,-157.75164742,2026-08-03T22:03:48.021Z,UAV 1,4
FRT80004,none,,21.38044564,-157.75164742,2026-08-03T22:03:48.021Z,UAV 1,4
FRT80004,none,,21.38044564,-157.75164742,2026-08-03T22:03:48.021Z,UAV 1,4
FRT80004,none,,21.38044564,-157.75164742,2026-08-03T22:03:48.021Z,UAV 1,4
FRT80004,none,,21.38044564,-157.75164742,2026-08-03T22:03:49.999Z,UAV 1,4
FRT80004,none,,21.38044564,-157.75164742,2026-08-03T22:03:49.999Z,UAV 1,4
FRT80004,none,,21.38044564,-157.75164742,2026-08-03T22:03:49.999Z,UAV 1,4
FRT80004,none,,21.38044564,-157.75164742,2026-08-03T22:03:49.999Z,UAV 1,4
FRT80004,none,,21.38044564,-157.75164742,2026-08-03T22:03:51.971Z,UAV 1,4
FRT80004,none,,21.38044564,-157.75164742,2026-08-03T22:03:51.971Z,UAV 1,4
FRT80004,none,,21.38044564,-157.75164742,2026-08-03T22:03:51.971Z,UAV 1,4
FRT80004,none,,21.38044564,-157.75164742,2026-08-03T22:03:51.971Z,UAV 1,4
FRT80004,none,,21.38044564,-157.75164742,2026-08-03T22:03:53.977Z,UAV 1,4
FRT80004,none,,21.38044564,-157.75164742,2026-08-03T22:03:53.977Z,UAV 1,4
FRT80004,none,,21.38044564,-157.75164742,2026-08-03T22:03:53.977Z,UAV 1,4
FRT80004,none,,21.38044564,-157.75164742,2026-08-03T22:03:53.977Z,UAV 1,4
FRT80004,none,,21.38044564,-157.75164742,2026-08-03T22:03:53.977Z,UAV 1,4
FRT80004,none,,21.38044564,-157.75164742,2026-08-03T22:03:56.129Z,UAV 1,4
FRT80004,none,,21.38044564,-157.75164742,2026-08-03T22:03:56.129Z,UAV 1,4
FRT80004,none,,21.38044564,-157.75164742,2026-08-03T22:03:56.129Z,UAV 1,4
FRT80004,none,,21.38044564,-157.75164742,2026-08-03T22:03:58.108Z,UAV 1,4
FRT80004,none,,21.38044564,-157.75164742,2026-08-03T22:03:58.108Z,UAV 1,4
FRT80004,none,,21.38044564,-157.75164742,2026-08-03T22:03:58.108Z,UAV 1,4
FRT80004,none,,21.38044564,-157.75164742,2026-08-03T22:03:58.108Z,UAV 1,4
FRT80004,none,,21.38044564,-157.75164742,2026-08-03T22:04:00.153Z,UAV 1,4
FRT80004,none,,21.38044564,-157.75164742,2026-08-03T22:04:00.153Z,UAV 1,4
FRT80004,none,,21.38044564,-157.75164742,2026-08-03T22:04:00.153Z,UAV 1,4
FRT80004,none,,21.38044564,-157.75164742,2026-08-03T22:04:02.192Z,UAV 1,4
FRT80004,none,,21.38044564,-157.75164742,2026-08-03T22:04:02.192Z,UAV 1,4
FRT80004,none,,21.38044564,-157.75164742,2026-08-03T22:04:02.192Z,UAV 1,4
FRT80004,none,,21.38044564,-157.75164742,2026-08-03T22:04:02.192Z,UAV 1,4
FRT80004,none,,21.38044564,-157.75164742,2026-08-03T22:04:04.341Z,UAV 1,4
FRT80004,none,,21.38044564,-157.75164742,2026-08-03T22:04:04.341Z,UAV 1,4
FRT80004,none,,21.38044564,-157.75164742,2026-08-03T22:04:04.341Z,UAV 1,4
FRT80004,none,,21.38044564,-157.75164742,2026-08-03T22:04:06.325Z,UAV 1,4
FRT80004,none,,21.38044564,-157.75164742,2026-08-03T22:04:06.325Z,UAV 1,4
FRT80004,none,,21.38044564,-157.75164742,2026-08-03T22:04:06.325Z,UAV 1,4
FRT80004,none,,21.38044564,-157.75164742,2026-08-03T22:04:06.325Z,UAV 1,4
FRT80004,none,,21.38044564,-157.75164742,2026-08-03T22:04:06.325Z,UAV 1,4
FRT80004,none,,21.38044564,-157.75164742,2026-08-03T22:04:08.382Z,UAV 1,4
FRT80004,none,,21.38044564,-157.75164742,2026-08-03T22:04:08.382Z,UAV 1,4
FRT80004,none,,21.38044564,-157.75164742,2026-08-03T22:04:08.382Z,UAV 1,4
FRT80004,none,,21.38044564,-157.75164742,2026-08-03T22:04:08.382Z,UAV 1,4
ENZPU002,none,,21.37550423,-157.74438671,2026-08-03T22:04:28.673Z,UAV 1,1
ENZPU002,none,,21.37550423,-157.74438671,2026-08-03T22:04:28.673Z,UAV 1,1
ENZPU002,none,,21.37550423,-157.74438671,2026-08-03T22:04:28.673Z,UAV 1,1
ENZPU002,none,,21.37550423,-157.74438671,2026-08-03T22:04:28.673Z,UAV 1,1
ENZPU002,none,,21.37550423,-157.74438671,2026-08-03T22:04:28.673Z,UAV 1,1
ENZPU002,none,,21.37550423,-157.74438671,2026-08-03T22:04:30.665Z,UAV 1,3
ENZPU001,none,,21.37556659,-157.74448062,2026-08-03T22:04:30.665Z,UAV 1,2
ENZPU002,none,,21.37550423,-157.74438671,2026-08-03T22:04:30.665Z,UAV 1,3
ENZPU001,none,,21.37556659,-157.74448062,2026-08-03T22:04:30.665Z,UAV 1,2
ENZPU002,none,,21.37550423,-157.74438671,2026-08-03T22:04:30.665Z,UAV 1,3
ENZPU001,none,,21.37556659,-157.74448062,2026-08-03T22:04:30.665Z,UAV 1,2
ENZPU002,none,,21.37550423,-157.74438671,2026-08-03T22:04:30.665Z,UAV 1,3
ENZPU001,none,,21.37556659,-157.74448062,2026-08-03T22:04:30.665Z,UAV 1,2
ENZPU002,none,,21.37550423,-157.74438671,2026-08-03T22:04:30.665Z,UAV 1,3
ENZPU001,none,,21.37556659,-157.74448062,2026-08-03T22:04:30.665Z,UAV 1,2
ENZPU002,none,,21.37550423,-157.74438671,2026-08-03T22:04:32.759Z,UAV 1,3
ENZPU001,none,,21.37556659,-157.74448062,2026-08-03T22:04:32.759Z,UAV 1,3
ENCAESAR002,move to,LOC_북측예비방어선,21.37462685,-157.73891079,2026-08-03T22:04:32.759Z,UAV 1,3
ENMORT001,none,,21.37454920,-157.73726779,2026-08-03T22:04:32.759Z,UAV 1,3
ENMORT002,none,,21.37448557,-157.73696566,2026-08-03T22:04:32.759Z,UAV 1,2
ENMORT003,FFE-on-Location,LOC_아군포병진지,21.37448817,-157.73726715,2026-08-03T22:04:32.759Z,UAV 1,3
ENZPU002,none,,21.37550423,-157.74438671,2026-08-03T22:04:32.759Z,UAV 1,3
ENZPU001,none,,21.37556659,-157.74448062,2026-08-03T22:04:32.759Z,UAV 1,3
ENCAESAR002,move to,LOC_북측예비방어선,21.37462685,-157.73891079,2026-08-03T22:04:32.759Z,UAV 1,3
ENMORT001,none,,21.37454920,-157.73726779,2026-08-03T22:04:32.759Z,UAV 1,3
ENMORT002,none,,21.37448557,-157.73696566,2026-08-03T22:04:32.759Z,UAV 1,2
ENMORT003,FFE-on-Location,LOC_아군포병진지,21.37448817,-157.73726715,2026-08-03T22:04:32.759Z,UAV 1,3
ENZPU002,none,,21.37550423,-157.74438671,2026-08-03T22:04:32.759Z,UAV 1,3
ENZPU001,none,,21.37556659,-157.74448062,2026-08-03T22:04:32.759Z,UAV 1,3
ENCAESAR002,move to,LOC_북측예비방어선,21.37462685,-157.73891079,2026-08-03T22:04:32.759Z,UAV 1,3
ENMORT001,none,,21.37454920,-157.73726779,2026-08-03T22:04:32.759Z,UAV 1,3
ENMORT002,none,,21.37448557,-157.73696566,2026-08-03T22:04:32.759Z,UAV 1,2
ENMORT003,FFE-on-Location,LOC_아군포병진지,21.37448817,-157.73726715,2026-08-03T22:04:32.759Z,UAV 1,3
ENZPU002,none,,21.37550423,-157.74438671,2026-08-03T22:04:32.759Z,UAV 1,3
ENZPU001,none,,21.37556659,-157.74448062,2026-08-03T22:04:32.759Z,UAV 1,3
ENCAESAR002,move to,LOC_북측예비방어선,21.37462685,-157.73891079,2026-08-03T22:04:32.759Z,UAV 1,3
ENMORT001,none,,21.37454920,-157.73726779,2026-08-03T22:04:32.759Z,UAV 1,3
ENMORT002,none,,21.37448557,-157.73696566,2026-08-03T22:04:32.759Z,UAV 1,2
ENMORT003,FFE-on-Location,LOC_아군포병진지,21.37448817,-157.73726715,2026-08-03T22:04:32.759Z,UAV 1,3
ENZPU002,none,,21.37550423,-157.74438671,2026-08-03T22:04:32.759Z,UAV 1,3
ENZPU001,none,,21.37556659,-157.74448062,2026-08-03T22:04:32.759Z,UAV 1,3
ENCAESAR002,move to,LOC_북측예비방어선,21.37462685,-157.73891079,2026-08-03T22:04:32.759Z,UAV 1,3
ENMORT001,none,,21.37454920,-157.73726779,2026-08-03T22:04:32.759Z,UAV 1,3
ENMORT002,none,,21.37448557,-157.73696566,2026-08-03T22:04:32.759Z,UAV 1,2
ENMORT003,FFE-on-Location,LOC_아군포병진지,21.37448817,-157.73726715,2026-08-03T22:04:32.759Z,UAV 1,3
ENZPU002,none,,21.37550423,-157.74438671,2026-08-03T22:04:34.857Z,UAV 1,3
ENZPU001,none,,21.37556659,-157.74448062,2026-08-03T22:04:34.857Z,UAV 1,3
ENCAESAR002,move to,LOC_북측예비방어선,21.37462601,-157.73891360,2026-08-03T22:04:34.857Z,UAV 1,3
ENMORT001,none,,21.37454920,-157.73726779,2026-08-03T22:04:34.857Z,UAV 1,3
ENMORT002,none,,21.37448557,-157.73696566,2026-08-03T22:04:34.857Z,UAV 1,3
ENMORT003,FFE-on-Location,LOC_아군포병진지,21.37448817,-157.73726715,2026-08-03T22:04:34.857Z,UAV 1,3
ENM35002,move to,LOC_적북측접근로,21.37138051,-157.74154163,2026-08-03T22:04:34.857Z,UAV 1,3
ENM35001,move to,LOC_적북측접근로,21.37135447,-157.74163421,2026-08-03T22:04:34.857Z,UAV 1,3
ENZPU002,none,,21.37550423,-157.74438671,2026-08-03T22:04:34.857Z,UAV 1,3
ENZPU001,none,,21.37556659,-157.74448062,2026-08-03T22:04:34.857Z,UAV 1,3
ENCAESAR002,move to,LOC_북측예비방어선,21.37462601,-157.73891360,2026-08-03T22:04:34.857Z,UAV 1,3
ENMORT001,none,,21.37454920,-157.73726779,2026-08-03T22:04:34.857Z,UAV 1,3
ENMORT002,none,,21.37448557,-157.73696566,2026-08-03T22:04:34.857Z,UAV 1,3
ENMORT003,FFE-on-Location,LOC_아군포병진지,21.37448817,-157.73726715,2026-08-03T22:04:34.857Z,UAV 1,3
ENM35002,move to,LOC_적북측접근로,21.37138051,-157.74154163,2026-08-03T22:04:34.857Z,UAV 1,3
ENM35001,move to,LOC_적북측접근로,21.37135447,-157.74163421,2026-08-03T22:04:34.857Z,UAV 1,3
ENZPU002,none,,21.37550423,-157.74438671,2026-08-03T22:04:34.857Z,UAV 1,3
ENZPU001,none,,21.37556659,-157.74448062,2026-08-03T22:04:34.857Z,UAV 1,3
ENCAESAR002,move to,LOC_북측예비방어선,21.37462601,-157.73891360,2026-08-03T22:04:34.857Z,UAV 1,3
ENMORT001,none,,21.37454920,-157.73726779,2026-08-03T22:04:34.857Z,UAV 1,3
ENMORT002,none,,21.37448557,-157.73696566,2026-08-03T22:04:34.857Z,UAV 1,3
ENMORT003,FFE-on-Location,LOC_아군포병진지,21.37448817,-157.73726715,2026-08-03T22:04:34.857Z,UAV 1,3
ENM35002,move to,LOC_적북측접근로,21.37138051,-157.74154163,2026-08-03T22:04:34.857Z,UAV 1,3
ENM35001,move to,LOC_적북측접근로,21.37135447,-157.74163421,2026-08-03T22:04:34.857Z,UAV 1,3
ENZPU002,none,,21.37550423,-157.74438671,2026-08-03T22:04:34.857Z,UAV 1,3
ENZPU001,none,,21.37556659,-157.74448062,2026-08-03T22:04:34.857Z,UAV 1,3
ENCAESAR002,move to,LOC_북측예비방어선,21.37462601,-157.73891360,2026-08-03T22:04:34.857Z,UAV 1,3
ENMORT001,none,,21.37454920,-157.73726779,2026-08-03T22:04:34.857Z,UAV 1,3
ENMORT002,none,,21.37448557,-157.73696566,2026-08-03T22:04:34.857Z,UAV 1,3
ENMORT003,FFE-on-Location,LOC_아군포병진지,21.37448817,-157.73726715,2026-08-03T22:04:34.857Z,UAV 1,3
ENM35002,move to,LOC_적북측접근로,21.37138051,-157.74154163,2026-08-03T22:04:34.857Z,UAV 1,3
ENM35001,move to,LOC_적북측접근로,21.37135447,-157.74163421,2026-08-03T22:04:34.857Z,UAV 1,3
ENZPU002,none,,21.37550423,-157.74438671,2026-08-03T22:04:34.857Z,UAV 1,3
ENZPU001,none,,21.37556659,-157.74448062,2026-08-03T22:04:34.857Z,UAV 1,3
ENCAESAR002,move to,LOC_북측예비방어선,21.37462601,-157.73891360,2026-08-03T22:04:34.857Z,UAV 1,3
ENMORT001,none,,21.37454920,-157.73726779,2026-08-03T22:04:34.857Z,UAV 1,3
ENMORT002,none,,21.37448557,-157.73696566,2026-08-03T22:04:34.857Z,UAV 1,3
ENMORT003,FFE-on-Location,LOC_아군포병진지,21.37448817,-157.73726715,2026-08-03T22:04:34.857Z,UAV 1,3
ENM35002,move to,LOC_적북측접근로,21.37138051,-157.74154163,2026-08-03T22:04:34.857Z,UAV 1,3
ENM35001,move to,LOC_적북측접근로,21.37135447,-157.74163421,2026-08-03T22:04:34.857Z,UAV 1,3
ENZPU002,none,,21.37550423,-157.74438671,2026-08-03T22:04:36.921Z,UAV 1,3
ENZPU001,none,,21.37556659,-157.74448062,2026-08-03T22:04:36.921Z,UAV 1,3
ENCAESAR002,move to,LOC_북측예비방어선,21.37462688,-157.73891067,2026-08-03T22:04:36.921Z,UAV 1,3
ENMORT001,none,,21.37454920,-157.73726779,2026-08-03T22:04:36.921Z,UAV 1,3
ENMORT002,none,,21.37448557,-157.73696566,2026-08-03T22:04:36.921Z,UAV 1,3
ENMORT003,FFE-on-Location,LOC_아군포병진지,21.37448817,-157.73726715,2026-08-03T22:04:36.921Z,UAV 1,3
ENZPU002,none,,21.37550423,-157.74438671,2026-08-03T22:04:36.921Z,UAV 1,3
ENZPU001,none,,21.37556659,-157.74448062,2026-08-03T22:04:36.921Z,UAV 1,3
ENCAESAR002,move to,LOC_북측예비방어선,21.37462688,-157.73891067,2026-08-03T22:04:36.921Z,UAV 1,3
ENMORT001,none,,21.37454920,-157.73726779,2026-08-03T22:04:36.921Z,UAV 1,3
ENMORT002,none,,21.37448557,-157.73696566,2026-08-03T22:04:36.921Z,UAV 1,3
ENMORT003,FFE-on-Location,LOC_아군포병진지,21.37448817,-157.73726715,2026-08-03T22:04:36.921Z,UAV 1,3
ENZPU002,none,,21.37550423,-157.74438671,2026-08-03T22:04:36.921Z,UAV 1,3
ENZPU001,none,,21.37556659,-157.74448062,2026-08-03T22:04:36.921Z,UAV 1,3
ENCAESAR002,move to,LOC_북측예비방어선,21.37462688,-157.73891067,2026-08-03T22:04:36.921Z,UAV 1,3
ENMORT001,none,,21.37454920,-157.73726779,2026-08-03T22:04:36.921Z,UAV 1,3
ENMORT002,none,,21.37448557,-157.73696566,2026-08-03T22:04:36.921Z,UAV 1,3
ENMORT003,FFE-on-Location,LOC_아군포병진지,21.37448817,-157.73726715,2026-08-03T22:04:36.921Z,UAV 1,3
ENZPU002,none,,21.37550423,-157.74438671,2026-08-03T22:04:36.921Z,UAV 1,3
ENZPU001,none,,21.37556659,-157.74448062,2026-08-03T22:04:36.921Z,UAV 1,3
ENCAESAR002,move to,LOC_북측예비방어선,21.37462688,-157.73891067,2026-08-03T22:04:36.921Z,UAV 1,3
ENMORT001,none,,21.37454920,-157.73726779,2026-08-03T22:04:36.921Z,UAV 1,3
ENMORT002,none,,21.37448557,-157.73696566,2026-08-03T22:04:36.921Z,UAV 1,3
ENMORT003,FFE-on-Location,LOC_아군포병진지,21.37448817,-157.73726715,2026-08-03T22:04:36.921Z,UAV 1,3
ENZPU002,none,,21.37550423,-157.74438671,2026-08-03T22:04:36.921Z,UAV 1,3
ENZPU001,none,,21.37556659,-157.74448062,2026-08-03T22:04:36.921Z,UAV 1,3
ENCAESAR002,move to,LOC_북측예비방어선,21.37462688,-157.73891067,2026-08-03T22:04:36.921Z,UAV 1,3
ENMORT001,none,,21.37454920,-157.73726779,2026-08-03T22:04:36.921Z,UAV 1,3
ENMORT002,none,,21.37448557,-157.73696566,2026-08-03T22:04:36.921Z,UAV 1,3
ENMORT003,FFE-on-Location,LOC_아군포병진지,21.37448817,-157.73726715,2026-08-03T22:04:36.921Z,UAV 1,3
ENZPU002,none,,21.37550423,-157.74438671,2026-08-03T22:04:36.921Z,UAV 1,3
ENZPU001,none,,21.37556659,-157.74448062,2026-08-03T22:04:36.921Z,UAV 1,3
ENCAESAR002,move to,LOC_북측예비방어선,21.37462688,-157.73891067,2026-08-03T22:04:36.921Z,UAV 1,3
ENMORT001,none,,21.37454920,-157.73726779,2026-08-03T22:04:36.921Z,UAV 1,3
ENMORT002,none,,21.37448557,-157.73696566,2026-08-03T22:04:36.921Z,UAV 1,3
ENMORT003,FFE-on-Location,LOC_아군포병진지,21.37448817,-157.73726715,2026-08-03T22:04:36.921Z,UAV 1,3
ENCAESAR002,move to,LOC_북측예비방어선,21.37462638,-157.73891238,2026-08-03T22:04:38.983Z,UAV 1,3
ENMORT001,none,,21.37454920,-157.73726779,2026-08-03T22:04:38.983Z,UAV 1,3
ENMORT002,none,,21.37448557,-157.73696566,2026-08-03T22:04:38.983Z,UAV 1,3
ENMORT003,FFE-on-Location,LOC_아군포병진지,21.37448817,-157.73726715,2026-08-03T22:04:38.983Z,UAV 1,3
ENCAESAR002,move to,LOC_북측예비방어선,21.37462638,-157.73891238,2026-08-03T22:04:38.983Z,UAV 1,3
ENMORT001,none,,21.37454920,-157.73726779,2026-08-03T22:04:38.983Z,UAV 1,3
ENMORT002,none,,21.37448557,-157.73696566,2026-08-03T22:04:38.983Z,UAV 1,3
ENMORT003,FFE-on-Location,LOC_아군포병진지,21.37448817,-157.73726715,2026-08-03T22:04:38.983Z,UAV 1,3
ENCAESAR002,move to,LOC_북측예비방어선,21.37462638,-157.73891238,2026-08-03T22:04:38.983Z,UAV 1,3
ENMORT001,none,,21.37454920,-157.73726779,2026-08-03T22:04:38.983Z,UAV 1,3
ENMORT002,none,,21.37448557,-157.73696566,2026-08-03T22:04:38.983Z,UAV 1,3
ENMORT003,FFE-on-Location,LOC_아군포병진지,21.37448817,-157.73726715,2026-08-03T22:04:38.983Z,UAV 1,3
ENCAESAR002,move to,LOC_북측예비방어선,21.37462638,-157.73891238,2026-08-03T22:04:38.983Z,UAV 1,3
ENMORT001,none,,21.37454920,-157.73726779,2026-08-03T22:04:38.983Z,UAV 1,3
ENMORT002,none,,21.37448557,-157.73696566,2026-08-03T22:04:38.983Z,UAV 1,3
ENMORT003,FFE-on-Location,LOC_아군포병진지,21.37448817,-157.73726715,2026-08-03T22:04:38.983Z,UAV 1,3
ENCAESAR002,move to,LOC_북측예비방어선,21.37462638,-157.73891238,2026-08-03T22:04:38.983Z,UAV 1,3
ENMORT001,none,,21.37454920,-157.73726779,2026-08-03T22:04:38.983Z,UAV 1,3
ENMORT002,none,,21.37448557,-157.73696566,2026-08-03T22:04:38.983Z,UAV 1,3
ENMORT003,FFE-on-Location,LOC_아군포병진지,21.37448817,-157.73726715,2026-08-03T22:04:38.983Z,UAV 1,3
ENCAESAR002,move to,LOC_북측예비방어선,21.37462697,-157.73891038,2026-08-03T22:04:41.008Z,UAV 1,3
ENMORT001,none,,21.37454920,-157.73726779,2026-08-03T22:04:41.008Z,UAV 1,3
ENMORT002,none,,21.37448557,-157.73696566,2026-08-03T22:04:41.008Z,UAV 1,3
ENMORT003,FFE-on-Location,LOC_아군포병진지,21.37448817,-157.73726715,2026-08-03T22:04:41.008Z,UAV 1,3
ENCAESAR002,move to,LOC_북측예비방어선,21.37462697,-157.73891038,2026-08-03T22:04:41.008Z,UAV 1,3
ENMORT001,none,,21.37454920,-157.73726779,2026-08-03T22:04:41.008Z,UAV 1,3
ENMORT002,none,,21.37448557,-157.73696566,2026-08-03T22:04:41.008Z,UAV 1,3
ENMORT003,FFE-on-Location,LOC_아군포병진지,21.37448817,-157.73726715,2026-08-03T22:04:41.008Z,UAV 1,3
ENCAESAR002,move to,LOC_북측예비방어선,21.37462697,-157.73891038,2026-08-03T22:04:41.008Z,UAV 1,3
ENMORT001,none,,21.37454920,-157.73726779,2026-08-03T22:04:41.008Z,UAV 1,3
ENMORT002,none,,21.37448557,-157.73696566,2026-08-03T22:04:41.008Z,UAV 1,3
ENMORT003,FFE-on-Location,LOC_아군포병진지,21.37448817,-157.73726715,2026-08-03T22:04:41.008Z,UAV 1,3
ENCAESAR002,move to,LOC_북측예비방어선,21.37462697,-157.73891038,2026-08-03T22:04:41.008Z,UAV 1,3
ENMORT001,none,,21.37454920,-157.73726779,2026-08-03T22:04:41.008Z,UAV 1,3
ENMORT002,none,,21.37448557,-157.73696566,2026-08-03T22:04:41.008Z,UAV 1,3
ENMORT003,FFE-on-Location,LOC_아군포병진지,21.37448817,-157.73726715,2026-08-03T22:04:41.008Z,UAV 1,3
ENCAESAR002,move to,LOC_북측예비방어선,21.37462697,-157.73891038,2026-08-03T22:04:41.008Z,UAV 1,3
ENMORT001,none,,21.37454920,-157.73726779,2026-08-03T22:04:41.008Z,UAV 1,3
ENMORT002,none,,21.37448557,-157.73696566,2026-08-03T22:04:41.008Z,UAV 1,3
ENMORT003,FFE-on-Location,LOC_아군포병진지,21.37448817,-157.73726715,2026-08-03T22:04:41.008Z,UAV 1,3
ENCAESAR002,move to,LOC_북측예비방어선,21.37462700,-157.73891027,2026-08-03T22:04:43.036Z,UAV 1,3
ENMORT001,none,,21.37454920,-157.73726779,2026-08-03T22:04:43.036Z,UAV 1,3
ENMORT002,none,,21.37448557,-157.73696566,2026-08-03T22:04:43.036Z,UAV 1,3
ENMORT003,FFE-on-Location,LOC_아군포병진지,21.37448817,-157.73726715,2026-08-03T22:04:43.036Z,UAV 1,3
FRT69002,move to,LOC_중앙킬존남측,21.38072278,-157.73403052,2026-08-03T22:04:43.036Z,UAV 1,2
FRT69001,move to,LOC_중앙킬존남측,21.38090613,-157.73399393,2026-08-03T22:04:43.036Z,UAV 1,2
ENCAESAR002,move to,LOC_북측예비방어선,21.37462700,-157.73891027,2026-08-03T22:04:43.036Z,UAV 1,3
ENMORT001,none,,21.37454920,-157.73726779,2026-08-03T22:04:43.036Z,UAV 1,3
ENMORT002,none,,21.37448557,-157.73696566,2026-08-03T22:04:43.036Z,UAV 1,3
ENMORT003,FFE-on-Location,LOC_아군포병진지,21.37448817,-157.73726715,2026-08-03T22:04:43.036Z,UAV 1,3
FRT69002,move to,LOC_중앙킬존남측,21.38072278,-157.73403052,2026-08-03T22:04:43.036Z,UAV 1,2
FRT69001,move to,LOC_중앙킬존남측,21.38090613,-157.73399393,2026-08-03T22:04:43.036Z,UAV 1,2
ENCAESAR002,move to,LOC_북측예비방어선,21.37462700,-157.73891027,2026-08-03T22:04:43.036Z,UAV 1,3
ENMORT001,none,,21.37454920,-157.73726779,2026-08-03T22:04:43.036Z,UAV 1,3
ENMORT002,none,,21.37448557,-157.73696566,2026-08-03T22:04:43.036Z,UAV 1,3
ENMORT003,FFE-on-Location,LOC_아군포병진지,21.37448817,-157.73726715,2026-08-03T22:04:43.036Z,UAV 1,3
FRT69002,move to,LOC_중앙킬존남측,21.38072278,-157.73403052,2026-08-03T22:04:43.036Z,UAV 1,2
FRT69001,move to,LOC_중앙킬존남측,21.38090613,-157.73399393,2026-08-03T22:04:43.036Z,UAV 1,2
ENCAESAR002,move to,LOC_북측예비방어선,21.37462700,-157.73891027,2026-08-03T22:04:43.036Z,UAV 1,3
ENMORT001,none,,21.37454920,-157.73726779,2026-08-03T22:04:43.036Z,UAV 1,3
ENMORT002,none,,21.37448557,-157.73696566,2026-08-03T22:04:43.036Z,UAV 1,3
ENMORT003,FFE-on-Location,LOC_아군포병진지,21.37448817,-157.73726715,2026-08-03T22:04:43.036Z,UAV 1,3
FRT69002,move to,LOC_중앙킬존남측,21.38072278,-157.73403052,2026-08-03T22:04:43.036Z,UAV 1,2
FRT69001,move to,LOC_중앙킬존남측,21.38090613,-157.73399393,2026-08-03T22:04:43.036Z,UAV 1,2
ENCAESAR002,move to,LOC_북측예비방어선,21.37462700,-157.73891027,2026-08-03T22:04:43.036Z,UAV 1,3
ENMORT001,none,,21.37454920,-157.73726779,2026-08-03T22:04:43.036Z,UAV 1,3
ENMORT002,none,,21.37448557,-157.73696566,2026-08-03T22:04:43.036Z,UAV 1,3
ENMORT003,FFE-on-Location,LOC_아군포병진지,21.37448817,-157.73726715,2026-08-03T22:04:43.036Z,UAV 1,3
FRT69002,move to,LOC_중앙킬존남측,21.38072278,-157.73403052,2026-08-03T22:04:43.036Z,UAV 1,2
FRT69001,move to,LOC_중앙킬존남측,21.38090613,-157.73399393,2026-08-03T22:04:43.036Z,UAV 1,2
ENCAESAR002,move to,LOC_북측예비방어선,21.37462633,-157.73891253,2026-08-03T22:04:45.128Z,UAV 1,3
ENMORT001,none,,21.37454920,-157.73726779,2026-08-03T22:04:45.128Z,UAV 1,3
ENMORT002,none,,21.37448557,-157.73696566,2026-08-03T22:04:45.128Z,UAV 1,3
ENMORT003,FFE-on-Location,LOC_아군포병진지,21.37448817,-157.73726715,2026-08-03T22:04:45.128Z,UAV 1,3
FRT69002,move to,LOC_중앙킬존남측,21.38072278,-157.73403052,2026-08-03T22:04:45.128Z,UAV 1,3
FRT69001,move to,LOC_중앙킬존남측,21.38090613,-157.73399393,2026-08-03T22:04:45.128Z,UAV 1,3
FRT69003,move to,LOC_중앙킬존남측,21.38103505,-157.73401260,2026-08-03T22:04:45.128Z,UAV 1,2
ENCAESAR002,move to,LOC_북측예비방어선,21.37462633,-157.73891253,2026-08-03T22:04:45.128Z,UAV 1,3
ENMORT001,none,,21.37454920,-157.73726779,2026-08-03T22:04:45.128Z,UAV 1,3
ENMORT002,none,,21.37448557,-157.73696566,2026-08-03T22:04:45.128Z,UAV 1,3
ENMORT003,FFE-on-Location,LOC_아군포병진지,21.37448817,-157.73726715,2026-08-03T22:04:45.128Z,UAV 1,3
FRT69002,move to,LOC_중앙킬존남측,21.38072278,-157.73403052,2026-08-03T22:04:45.128Z,UAV 1,3
FRT69001,move to,LOC_중앙킬존남측,21.38090613,-157.73399393,2026-08-03T22:04:45.128Z,UAV 1,3
FRT69003,move to,LOC_중앙킬존남측,21.38103505,-157.73401260,2026-08-03T22:04:45.128Z,UAV 1,2
ENCAESAR002,move to,LOC_북측예비방어선,21.37462633,-157.73891253,2026-08-03T22:04:45.128Z,UAV 1,3
ENMORT001,none,,21.37454920,-157.73726779,2026-08-03T22:04:45.128Z,UAV 1,3
ENMORT002,none,,21.37448557,-157.73696566,2026-08-03T22:04:45.128Z,UAV 1,3
ENMORT003,FFE-on-Location,LOC_아군포병진지,21.37448817,-157.73726715,2026-08-03T22:04:45.128Z,UAV 1,3
FRT69002,move to,LOC_중앙킬존남측,21.38072278,-157.73403052,2026-08-03T22:04:45.128Z,UAV 1,3
FRT69001,move to,LOC_중앙킬존남측,21.38090613,-157.73399393,2026-08-03T22:04:45.128Z,UAV 1,3
FRT69003,move to,LOC_중앙킬존남측,21.38103505,-157.73401260,2026-08-03T22:04:45.128Z,UAV 1,2
ENCAESAR002,move to,LOC_북측예비방어선,21.37462633,-157.73891253,2026-08-03T22:04:45.128Z,UAV 1,3
ENMORT001,none,,21.37454920,-157.73726779,2026-08-03T22:04:45.128Z,UAV 1,3
ENMORT002,none,,21.37448557,-157.73696566,2026-08-03T22:04:45.128Z,UAV 1,3
ENMORT003,FFE-on-Location,LOC_아군포병진지,21.37448817,-157.73726715,2026-08-03T22:04:45.128Z,UAV 1,3
FRT69002,move to,LOC_중앙킬존남측,21.38072278,-157.73403052,2026-08-03T22:04:45.128Z,UAV 1,3
FRT69001,move to,LOC_중앙킬존남측,21.38090613,-157.73399393,2026-08-03T22:04:45.128Z,UAV 1,3
FRT69003,move to,LOC_중앙킬존남측,21.38103505,-157.73401260,2026-08-03T22:04:45.128Z,UAV 1,2
ENCAESAR002,move to,LOC_북측예비방어선,21.37462633,-157.73891253,2026-08-03T22:04:45.128Z,UAV 1,3
ENMORT001,none,,21.37454920,-157.73726779,2026-08-03T22:04:45.128Z,UAV 1,3
ENMORT002,none,,21.37448557,-157.73696566,2026-08-03T22:04:45.128Z,UAV 1,3
ENMORT003,FFE-on-Location,LOC_아군포병진지,21.37448817,-157.73726715,2026-08-03T22:04:45.128Z,UAV 1,3
FRT69002,move to,LOC_중앙킬존남측,21.38072278,-157.73403052,2026-08-03T22:04:45.128Z,UAV 1,3
FRT69001,move to,LOC_중앙킬존남측,21.38090613,-157.73399393,2026-08-03T22:04:45.128Z,UAV 1,3
FRT69003,move to,LOC_중앙킬존남측,21.38103505,-157.73401260,2026-08-03T22:04:45.128Z,UAV 1,2
ENCAESAR002,move to,LOC_북측예비방어선,21.37462684,-157.73891080,2026-08-03T22:04:47.161Z,UAV 1,3
ENMORT001,none,,21.37454920,-157.73726779,2026-08-03T22:04:47.161Z,UAV 1,3
ENMORT002,none,,21.37448557,-157.73696566,2026-08-03T22:04:47.161Z,UAV 1,3
ENMORT003,FFE-on-Location,LOC_아군포병진지,21.37448817,-157.73726715,2026-08-03T22:04:47.161Z,UAV 1,3
FRT69002,move to,LOC_중앙킬존남측,21.38072278,-157.73403052,2026-08-03T22:04:47.161Z,UAV 1,3
FRT69001,move to,LOC_중앙킬존남측,21.38090613,-157.73399393,2026-08-03T22:04:47.161Z,UAV 1,3
FRT69003,move to,LOC_중앙킬존남측,21.38103505,-157.73401259,2026-08-03T22:04:47.161Z,UAV 1,3
ENCAESAR002,move to,LOC_북측예비방어선,21.37462684,-157.73891080,2026-08-03T22:04:47.161Z,UAV 1,3
ENMORT001,none,,21.37454920,-157.73726779,2026-08-03T22:04:47.161Z,UAV 1,3
ENMORT002,none,,21.37448557,-157.73696566,2026-08-03T22:04:47.161Z,UAV 1,3
ENMORT003,FFE-on-Location,LOC_아군포병진지,21.37448817,-157.73726715,2026-08-03T22:04:47.161Z,UAV 1,3
FRT69002,move to,LOC_중앙킬존남측,21.38072278,-157.73403052,2026-08-03T22:04:47.161Z,UAV 1,3
FRT69001,move to,LOC_중앙킬존남측,21.38090613,-157.73399393,2026-08-03T22:04:47.161Z,UAV 1,3
FRT69003,move to,LOC_중앙킬존남측,21.38103505,-157.73401259,2026-08-03T22:04:47.161Z,UAV 1,3
ENCAESAR002,move to,LOC_북측예비방어선,21.37462684,-157.73891080,2026-08-03T22:04:47.161Z,UAV 1,3
ENMORT001,none,,21.37454920,-157.73726779,2026-08-03T22:04:47.161Z,UAV 1,3
ENMORT002,none,,21.37448557,-157.73696566,2026-08-03T22:04:47.161Z,UAV 1,3
ENMORT003,FFE-on-Location,LOC_아군포병진지,21.37448817,-157.73726715,2026-08-03T22:04:47.161Z,UAV 1,3
FRT69002,move to,LOC_중앙킬존남측,21.38072278,-157.73403052,2026-08-03T22:04:47.161Z,UAV 1,3
FRT69001,move to,LOC_중앙킬존남측,21.38090613,-157.73399393,2026-08-03T22:04:47.161Z,UAV 1,3
FRT69003,move to,LOC_중앙킬존남측,21.38103505,-157.73401259,2026-08-03T22:04:47.161Z,UAV 1,3
ENCAESAR002,move to,LOC_북측예비방어선,21.37462684,-157.73891080,2026-08-03T22:04:47.161Z,UAV 1,3
ENMORT001,none,,21.37454920,-157.73726779,2026-08-03T22:04:47.161Z,UAV 1,3
ENMORT002,none,,21.37448557,-157.73696566,2026-08-03T22:04:47.161Z,UAV 1,3
ENMORT003,FFE-on-Location,LOC_아군포병진지,21.37448817,-157.73726715,2026-08-03T22:04:47.161Z,UAV 1,3
FRT69002,move to,LOC_중앙킬존남측,21.38072278,-157.73403052,2026-08-03T22:04:47.161Z,UAV 1,3
FRT69001,move to,LOC_중앙킬존남측,21.38090613,-157.73399393,2026-08-03T22:04:47.161Z,UAV 1,3
FRT69003,move to,LOC_중앙킬존남측,21.38103505,-157.73401259,2026-08-03T22:04:47.161Z,UAV 1,3
ENCAESAR002,move to,LOC_북측예비방어선,21.37462684,-157.73891080,2026-08-03T22:04:47.161Z,UAV 1,3
ENMORT001,none,,21.37454920,-157.73726779,2026-08-03T22:04:47.161Z,UAV 1,3
ENMORT002,none,,21.37448557,-157.73696566,2026-08-03T22:04:47.161Z,UAV 1,3
ENMORT003,FFE-on-Location,LOC_아군포병진지,21.37448817,-157.73726715,2026-08-03T22:04:47.161Z,UAV 1,3
FRT69002,move to,LOC_중앙킬존남측,21.38072278,-157.73403052,2026-08-03T22:04:47.161Z,UAV 1,3
FRT69001,move to,LOC_중앙킬존남측,21.38090613,-157.73399393,2026-08-03T22:04:47.161Z,UAV 1,3
FRT69003,move to,LOC_중앙킬존남측,21.38103505,-157.73401259,2026-08-03T22:04:47.161Z,UAV 1,3
ENCAESAR002,move to,LOC_북측예비방어선,21.37462684,-157.73891080,2026-08-03T22:04:47.161Z,UAV 1,3
ENMORT001,none,,21.37454920,-157.73726779,2026-08-03T22:04:47.161Z,UAV 1,3
ENMORT002,none,,21.37448557,-157.73696566,2026-08-03T22:04:47.161Z,UAV 1,3
ENMORT003,FFE-on-Location,LOC_아군포병진지,21.37448817,-157.73726715,2026-08-03T22:04:47.161Z,UAV 1,3
FRT69002,move to,LOC_중앙킬존남측,21.38072278,-157.73403052,2026-08-03T22:04:47.161Z,UAV 1,3
FRT69001,move to,LOC_중앙킬존남측,21.38090613,-157.73399393,2026-08-03T22:04:47.161Z,UAV 1,3
FRT69003,move to,LOC_중앙킬존남측,21.38103505,-157.73401259,2026-08-03T22:04:47.161Z,UAV 1,3
ENCAESAR002,move to,LOC_북측예비방어선,21.37462652,-157.73891188,2026-08-03T22:04:49.268Z,UAV 1,3
ENMORT001,none,,21.37454920,-157.73726779,2026-08-03T22:04:49.268Z,UAV 1,3
ENMORT002,none,,21.37448557,-157.73696566,2026-08-03T22:04:49.268Z,UAV 1,3
ENMORT003,FFE-on-Location,LOC_아군포병진지,21.37448817,-157.73726715,2026-08-03T22:04:49.268Z,UAV 1,3
FRT69002,move to,LOC_중앙킬존남측,21.38072278,-157.73403051,2026-08-03T22:04:49.268Z,UAV 1,3
FRT69001,move to,LOC_중앙킬존남측,21.38090613,-157.73399392,2026-08-03T22:04:49.268Z,UAV 1,3
FRT69003,move to,LOC_중앙킬존남측,21.38103505,-157.73401259,2026-08-03T22:04:49.268Z,UAV 1,3
ENCAESAR002,move to,LOC_북측예비방어선,21.37462652,-157.73891188,2026-08-03T22:04:49.268Z,UAV 1,3
ENMORT001,none,,21.37454920,-157.73726779,2026-08-03T22:04:49.268Z,UAV 1,3
ENMORT002,none,,21.37448557,-157.73696566,2026-08-03T22:04:49.268Z,UAV 1,3
ENMORT003,FFE-on-Location,LOC_아군포병진지,21.37448817,-157.73726715,2026-08-03T22:04:49.268Z,UAV 1,3
FRT69002,move to,LOC_중앙킬존남측,21.38072278,-157.73403051,2026-08-03T22:04:49.268Z,UAV 1,3
FRT69001,move to,LOC_중앙킬존남측,21.38090613,-157.73399392,2026-08-03T22:04:49.268Z,UAV 1,3
FRT69003,move to,LOC_중앙킬존남측,21.38103505,-157.73401259,2026-08-03T22:04:49.268Z,UAV 1,3
ENCAESAR002,move to,LOC_북측예비방어선,21.37462652,-157.73891188,2026-08-03T22:04:49.268Z,UAV 1,3
ENMORT001,none,,21.37454920,-157.73726779,2026-08-03T22:04:49.268Z,UAV 1,3
ENMORT002,none,,21.37448557,-157.73696566,2026-08-03T22:04:49.268Z,UAV 1,3
ENMORT003,FFE-on-Location,LOC_아군포병진지,21.37448817,-157.73726715,2026-08-03T22:04:49.268Z,UAV 1,3
FRT69002,move to,LOC_중앙킬존남측,21.38072278,-157.73403051,2026-08-03T22:04:49.268Z,UAV 1,3
FRT69001,move to,LOC_중앙킬존남측,21.38090613,-157.73399392,2026-08-03T22:04:49.268Z,UAV 1,3
FRT69003,move to,LOC_중앙킬존남측,21.38103505,-157.73401259,2026-08-03T22:04:49.268Z,UAV 1,3
ENCAESAR002,move to,LOC_북측예비방어선,21.37462652,-157.73891188,2026-08-03T22:04:49.268Z,UAV 1,3
ENMORT001,none,,21.37454920,-157.73726779,2026-08-03T22:04:49.268Z,UAV 1,3
ENMORT002,none,,21.37448557,-157.73696566,2026-08-03T22:04:49.268Z,UAV 1,3
ENMORT003,FFE-on-Location,LOC_아군포병진지,21.37448817,-157.73726715,2026-08-03T22:04:49.268Z,UAV 1,3
FRT69002,move to,LOC_중앙킬존남측,21.38072278,-157.73403051,2026-08-03T22:04:49.268Z,UAV 1,3
FRT69001,move to,LOC_중앙킬존남측,21.38090613,-157.73399392,2026-08-03T22:04:49.268Z,UAV 1,3
FRT69003,move to,LOC_중앙킬존남측,21.38103505,-157.73401259,2026-08-03T22:04:49.268Z,UAV 1,3
ENCAESAR002,move to,LOC_북측예비방어선,21.37462652,-157.73891188,2026-08-03T22:04:49.268Z,UAV 1,3
ENMORT001,none,,21.37454920,-157.73726779,2026-08-03T22:04:49.268Z,UAV 1,3
ENMORT002,none,,21.37448557,-157.73696566,2026-08-03T22:04:49.268Z,UAV 1,3
ENMORT003,FFE-on-Location,LOC_아군포병진지,21.37448817,-157.73726715,2026-08-03T22:04:49.268Z,UAV 1,3
FRT69002,move to,LOC_중앙킬존남측,21.38072278,-157.73403051,2026-08-03T22:04:49.268Z,UAV 1,3
FRT69001,move to,LOC_중앙킬존남측,21.38090613,-157.73399392,2026-08-03T22:04:49.268Z,UAV 1,3
FRT69003,move to,LOC_중앙킬존남측,21.38103505,-157.73401259,2026-08-03T22:04:49.268Z,UAV 1,3
ENCAESAR002,move to,LOC_북측예비방어선,21.37462652,-157.73891188,2026-08-03T22:04:49.268Z,UAV 1,3
ENMORT001,none,,21.37454920,-157.73726779,2026-08-03T22:04:49.268Z,UAV 1,3
ENMORT002,none,,21.37448557,-157.73696566,2026-08-03T22:04:49.268Z,UAV 1,3
ENMORT003,FFE-on-Location,LOC_아군포병진지,21.37448817,-157.73726715,2026-08-03T22:04:49.268Z,UAV 1,3
FRT69002,move to,LOC_중앙킬존남측,21.38072278,-157.73403051,2026-08-03T22:04:49.268Z,UAV 1,3
FRT69001,move to,LOC_중앙킬존남측,21.38090613,-157.73399392,2026-08-03T22:04:49.268Z,UAV 1,3
FRT69003,move to,LOC_중앙킬존남측,21.38103505,-157.73401259,2026-08-03T22:04:49.268Z,UAV 1,3
ENMORT001,none,,21.37454920,-157.73726779,2026-08-03T22:04:51.283Z,UAV 1,3
ENMORT002,none,,21.37448557,-157.73696566,2026-08-03T22:04:51.283Z,UAV 1,3
FRT69002,move to,LOC_중앙킬존남측,21.38072278,-157.73403051,2026-08-03T22:04:51.283Z,UAV 1,3
FRT69001,move to,LOC_중앙킬존남측,21.38090613,-157.73399392,2026-08-03T22:04:51.283Z,UAV 1,3
FRT69003,move to,LOC_중앙킬존남측,21.38103505,-157.73401259,2026-08-03T22:04:51.283Z,UAV 1,3
ENMORT001,none,,21.37454920,-157.73726779,2026-08-03T22:04:51.283Z,UAV 1,3
ENMORT002,none,,21.37448557,-157.73696566,2026-08-03T22:04:51.283Z,UAV 1,3
FRT69002,move to,LOC_중앙킬존남측,21.38072278,-157.73403051,2026-08-03T22:04:51.283Z,UAV 1,3
FRT69001,move to,LOC_중앙킬존남측,21.38090613,-157.73399392,2026-08-03T22:04:51.283Z,UAV 1,3
FRT69003,move to,LOC_중앙킬존남측,21.38103505,-157.73401259,2026-08-03T22:04:51.283Z,UAV 1,3
ENMORT001,none,,21.37454920,-157.73726779,2026-08-03T22:04:51.283Z,UAV 1,3
ENMORT002,none,,21.37448557,-157.73696566,2026-08-03T22:04:51.283Z,UAV 1,3
FRT69002,move to,LOC_중앙킬존남측,21.38072278,-157.73403051,2026-08-03T22:04:51.283Z,UAV 1,3
FRT69001,move to,LOC_중앙킬존남측,21.38090613,-157.73399392,2026-08-03T22:04:51.283Z,UAV 1,3
FRT69003,move to,LOC_중앙킬존남측,21.38103505,-157.73401259,2026-08-03T22:04:51.283Z,UAV 1,3
ENMORT001,none,,21.37454920,-157.73726779,2026-08-03T22:04:51.283Z,UAV 1,3
ENMORT002,none,,21.37448557,-157.73696566,2026-08-03T22:04:51.283Z,UAV 1,3
FRT69002,move to,LOC_중앙킬존남측,21.38072278,-157.73403051,2026-08-03T22:04:51.283Z,UAV 1,3
FRT69001,move to,LOC_중앙킬존남측,21.38090613,-157.73399392,2026-08-03T22:04:51.283Z,UAV 1,3
FRT69003,move to,LOC_중앙킬존남측,21.38103505,-157.73401259,2026-08-03T22:04:51.283Z,UAV 1,3
ENMORT001,none,,21.37454920,-157.73726779,2026-08-03T22:04:51.283Z,UAV 1,3
ENMORT002,none,,21.37448557,-157.73696566,2026-08-03T22:04:51.283Z,UAV 1,3
FRT69002,move to,LOC_중앙킬존남측,21.38072278,-157.73403051,2026-08-03T22:04:51.283Z,UAV 1,3
FRT69001,move to,LOC_중앙킬존남측,21.38090613,-157.73399392,2026-08-03T22:04:51.283Z,UAV 1,3
FRT69003,move to,LOC_중앙킬존남측,21.38103505,-157.73401259,2026-08-03T22:04:51.283Z,UAV 1,3
ENMORT001,none,,21.37454920,-157.73726779,2026-08-03T22:04:51.283Z,UAV 1,3
ENMORT002,none,,21.37448557,-157.73696566,2026-08-03T22:04:51.283Z,UAV 1,3
FRT69002,move to,LOC_중앙킬존남측,21.38072278,-157.73403051,2026-08-03T22:04:51.283Z,UAV 1,3
FRT69001,move to,LOC_중앙킬존남측,21.38090613,-157.73399392,2026-08-03T22:04:51.283Z,UAV 1,3
FRT69003,move to,LOC_중앙킬존남측,21.38103505,-157.73401259,2026-08-03T22:04:51.283Z,UAV 1,3
FRT69002,move to,LOC_중앙킬존남측,21.38072278,-157.73403051,2026-08-03T22:04:53.319Z,UAV 1,3
FRT69001,move to,LOC_중앙킬존남측,21.38090613,-157.73399392,2026-08-03T22:04:53.319Z,UAV 1,3
FRT69003,move to,LOC_중앙킬존남측,21.38103505,-157.73401259,2026-08-03T22:04:53.319Z,UAV 1,3
FRT69002,move to,LOC_중앙킬존남측,21.38072278,-157.73403051,2026-08-03T22:04:53.319Z,UAV 1,3
FRT69001,move to,LOC_중앙킬존남측,21.38090613,-157.73399392,2026-08-03T22:04:53.319Z,UAV 1,3
FRT69003,move to,LOC_중앙킬존남측,21.38103505,-157.73401259,2026-08-03T22:04:53.319Z,UAV 1,3
FRT69002,move to,LOC_중앙킬존남측,21.38072278,-157.73403051,2026-08-03T22:04:53.319Z,UAV 1,3
FRT69001,move to,LOC_중앙킬존남측,21.38090613,-157.73399392,2026-08-03T22:04:53.319Z,UAV 1,3
FRT69003,move to,LOC_중앙킬존남측,21.38103505,-157.73401259,2026-08-03T22:04:53.319Z,UAV 1,3
FRT69002,move to,LOC_중앙킬존남측,21.38072278,-157.73403051,2026-08-03T22:04:53.319Z,UAV 1,3
FRT69001,move to,LOC_중앙킬존남측,21.38090613,-157.73399392,2026-08-03T22:04:53.319Z,UAV 1,3
FRT69003,move to,LOC_중앙킬존남측,21.38103505,-157.73401259,2026-08-03T22:04:53.319Z,UAV 1,3
FRT69002,move to,LOC_중앙킬존남측,21.38072278,-157.73403051,2026-08-03T22:04:53.319Z,UAV 1,3
FRT69001,move to,LOC_중앙킬존남측,21.38090613,-157.73399392,2026-08-03T22:04:53.319Z,UAV 1,3
FRT69003,move to,LOC_중앙킬존남측,21.38103505,-157.73401259,2026-08-03T22:04:53.319Z,UAV 1,3
FRT69002,move to,LOC_중앙킬존남측,21.38072278,-157.73403051,2026-08-03T22:04:53.319Z,UAV 1,3
FRT69001,move to,LOC_중앙킬존남측,21.38090613,-157.73399392,2026-08-03T22:04:53.319Z,UAV 1,3
FRT69003,move to,LOC_중앙킬존남측,21.38103505,-157.73401259,2026-08-03T22:04:53.319Z,UAV 1,3
FRT69002,move to,LOC_중앙킬존남측,21.38072278,-157.73403051,2026-08-03T22:04:55.388Z,UAV 1,3
FRT69001,move to,LOC_중앙킬존남측,21.38090613,-157.73399392,2026-08-03T22:04:55.388Z,UAV 1,3
FRT69003,move to,LOC_중앙킬존남측,21.38103505,-157.73401259,2026-08-03T22:04:55.388Z,UAV 1,3
FRT69002,move to,LOC_중앙킬존남측,21.38072278,-157.73403051,2026-08-03T22:04:55.388Z,UAV 1,3
FRT69001,move to,LOC_중앙킬존남측,21.38090613,-157.73399392,2026-08-03T22:04:55.388Z,UAV 1,3
FRT69003,move to,LOC_중앙킬존남측,21.38103505,-157.73401259,2026-08-03T22:04:55.388Z,UAV 1,3
FRT69002,move to,LOC_중앙킬존남측,21.38072278,-157.73403051,2026-08-03T22:04:55.388Z,UAV 1,3
FRT69001,move to,LOC_중앙킬존남측,21.38090613,-157.73399392,2026-08-03T22:04:55.388Z,UAV 1,3
FRT69003,move to,LOC_중앙킬존남측,21.38103505,-157.73401259,2026-08-03T22:04:55.388Z,UAV 1,3
FRT69002,move to,LOC_중앙킬존남측,21.38072278,-157.73403051,2026-08-03T22:04:55.388Z,UAV 1,3
FRT69001,move to,LOC_중앙킬존남측,21.38090613,-157.73399392,2026-08-03T22:04:55.388Z,UAV 1,3
FRT69003,move to,LOC_중앙킬존남측,21.38103505,-157.73401259,2026-08-03T22:04:55.388Z,UAV 1,3
FRT69002,move to,LOC_중앙킬존남측,21.38072278,-157.73403051,2026-08-03T22:04:55.388Z,UAV 1,3
FRT69001,move to,LOC_중앙킬존남측,21.38090613,-157.73399392,2026-08-03T22:04:55.388Z,UAV 1,3
FRT69003,move to,LOC_중앙킬존남측,21.38103505,-157.73401259,2026-08-03T22:04:55.388Z,UAV 1,3
FRT69002,move to,LOC_중앙킬존남측,21.38072278,-157.73403051,2026-08-03T22:04:57.455Z,UAV 1,3
FRT69001,move to,LOC_중앙킬존남측,21.38090613,-157.73399391,2026-08-03T22:04:57.455Z,UAV 1,3
FRT69003,move to,LOC_중앙킬존남측,21.38103505,-157.73401258,2026-08-03T22:04:57.455Z,UAV 1,3
FRT69002,move to,LOC_중앙킬존남측,21.38072278,-157.73403051,2026-08-03T22:04:57.455Z,UAV 1,3
FRT69001,move to,LOC_중앙킬존남측,21.38090613,-157.73399391,2026-08-03T22:04:57.455Z,UAV 1,3
FRT69003,move to,LOC_중앙킬존남측,21.38103505,-157.73401258,2026-08-03T22:04:57.455Z,UAV 1,3
FRT69002,move to,LOC_중앙킬존남측,21.38072278,-157.73403051,2026-08-03T22:04:57.455Z,UAV 1,3
FRT69001,move to,LOC_중앙킬존남측,21.38090613,-157.73399391,2026-08-03T22:04:57.455Z,UAV 1,3
FRT69003,move to,LOC_중앙킬존남측,21.38103505,-157.73401258,2026-08-03T22:04:57.455Z,UAV 1,3
FRT69002,move to,LOC_중앙킬존남측,21.38072278,-157.73403051,2026-08-03T22:04:57.455Z,UAV 1,3
FRT69001,move to,LOC_중앙킬존남측,21.38090613,-157.73399391,2026-08-03T22:04:57.455Z,UAV 1,3
FRT69003,move to,LOC_중앙킬존남측,21.38103505,-157.73401258,2026-08-03T22:04:57.455Z,UAV 1,3
FRT69002,move to,LOC_중앙킬존남측,21.38072278,-157.73403051,2026-08-03T22:04:57.455Z,UAV 1,3
FRT69001,move to,LOC_중앙킬존남측,21.38090613,-157.73399391,2026-08-03T22:04:57.455Z,UAV 1,3
FRT69003,move to,LOC_중앙킬존남측,21.38103505,-157.73401258,2026-08-03T22:04:57.455Z,UAV 1,3
FRT69002,move to,LOC_중앙킬존남측,21.38072278,-157.73403051,2026-08-03T22:04:57.455Z,UAV 1,3
FRT69001,move to,LOC_중앙킬존남측,21.38090613,-157.73399391,2026-08-03T22:04:57.455Z,UAV 1,3
FRT69003,move to,LOC_중앙킬존남측,21.38103505,-157.73401258,2026-08-03T22:04:57.455Z,UAV 1,3
FRT69002,move to,LOC_중앙킬존남측,21.38072278,-157.73403050,2026-08-03T22:04:59.607Z,UAV 1,3
FRT69001,move to,LOC_중앙킬존남측,21.38090613,-157.73399391,2026-08-03T22:04:59.607Z,UAV 1,3
FRT69003,move to,LOC_중앙킬존남측,21.38103505,-157.73401258,2026-08-03T22:04:59.607Z,UAV 1,3
FRT69002,move to,LOC_중앙킬존남측,21.38072278,-157.73403050,2026-08-03T22:04:59.607Z,UAV 1,3
FRT69001,move to,LOC_중앙킬존남측,21.38090613,-157.73399391,2026-08-03T22:04:59.607Z,UAV 1,3
FRT69003,move to,LOC_중앙킬존남측,21.38103505,-157.73401258,2026-08-03T22:04:59.607Z,UAV 1,3
FRT69002,move to,LOC_중앙킬존남측,21.38072278,-157.73403050,2026-08-03T22:04:59.607Z,UAV 1,3
FRT69001,move to,LOC_중앙킬존남측,21.38090613,-157.73399391,2026-08-03T22:04:59.607Z,UAV 1,3
FRT69003,move to,LOC_중앙킬존남측,21.38103505,-157.73401258,2026-08-03T22:04:59.607Z,UAV 1,3
FRT69002,move to,LOC_중앙킬존남측,21.38072278,-157.73403050,2026-08-03T22:04:59.607Z,UAV 1,3
FRT69001,move to,LOC_중앙킬존남측,21.38090613,-157.73399391,2026-08-03T22:04:59.607Z,UAV 1,3
FRT69003,move to,LOC_중앙킬존남측,21.38103505,-157.73401258,2026-08-03T22:04:59.607Z,UAV 1,3
FRT69002,move to,LOC_중앙킬존남측,21.38072278,-157.73403050,2026-08-03T22:04:59.607Z,UAV 1,3
FRT69001,move to,LOC_중앙킬존남측,21.38090613,-157.73399391,2026-08-03T22:04:59.607Z,UAV 1,3
FRT69003,move to,LOC_중앙킬존남측,21.38103505,-157.73401258,2026-08-03T22:04:59.607Z,UAV 1,3
FRT69002,move to,LOC_중앙킬존남측,21.38072278,-157.73403050,2026-08-03T22:04:59.607Z,UAV 1,3
FRT69001,move to,LOC_중앙킬존남측,21.38090613,-157.73399391,2026-08-03T22:04:59.607Z,UAV 1,3
FRT69003,move to,LOC_중앙킬존남측,21.38103505,-157.73401258,2026-08-03T22:04:59.607Z,UAV 1,3
FRT69002,move to,LOC_중앙킬존남측,21.38072278,-157.73403050,2026-08-03T22:05:01.637Z,UAV 1,3
FRT69001,move to,LOC_중앙킬존남측,21.38090613,-157.73399391,2026-08-03T22:05:01.637Z,UAV 1,3
FRT69003,move to,LOC_중앙킬존남측,21.38103505,-157.73401258,2026-08-03T22:05:01.637Z,UAV 1,3
FRT69002,move to,LOC_중앙킬존남측,21.38072278,-157.73403050,2026-08-03T22:05:01.637Z,UAV 1,3
FRT69001,move to,LOC_중앙킬존남측,21.38090613,-157.73399391,2026-08-03T22:05:01.637Z,UAV 1,3
FRT69003,move to,LOC_중앙킬존남측,21.38103505,-157.73401258,2026-08-03T22:05:01.637Z,UAV 1,3
FRT69002,move to,LOC_중앙킬존남측,21.38072278,-157.73403050,2026-08-03T22:05:01.637Z,UAV 1,3
FRT69001,move to,LOC_중앙킬존남측,21.38090613,-157.73399391,2026-08-03T22:05:01.637Z,UAV 1,3
FRT69003,move to,LOC_중앙킬존남측,21.38103505,-157.73401258,2026-08-03T22:05:01.637Z,UAV 1,3
FRT69002,move to,LOC_중앙킬존남측,21.38072278,-157.73403050,2026-08-03T22:05:01.637Z,UAV 1,3
FRT69001,move to,LOC_중앙킬존남측,21.38090613,-157.73399391,2026-08-03T22:05:01.637Z,UAV 1,3
FRT69003,move to,LOC_중앙킬존남측,21.38103505,-157.73401258,2026-08-03T22:05:01.637Z,UAV 1,3
FRT69002,move to,LOC_중앙킬존남측,21.38072278,-157.73403050,2026-08-03T22:05:01.637Z,UAV 1,3
FRT69001,move to,LOC_중앙킬존남측,21.38090613,-157.73399391,2026-08-03T22:05:01.637Z,UAV 1,3
FRT69003,move to,LOC_중앙킬존남측,21.38103505,-157.73401258,2026-08-03T22:05:01.637Z,UAV 1,3
FRT69002,move to,LOC_중앙킬존남측,21.38072278,-157.73403050,2026-08-03T22:05:03.708Z,UAV 1,4
FRT69001,move to,LOC_중앙킬존남측,21.38090613,-157.73399391,2026-08-03T22:05:03.708Z,UAV 1,4
FRT69003,move to,LOC_중앙킬존남측,21.38103505,-157.73401258,2026-08-03T22:05:03.708Z,UAV 1,3
FRT69002,move to,LOC_중앙킬존남측,21.38072278,-157.73403050,2026-08-03T22:05:03.708Z,UAV 1,4
FRT69001,move to,LOC_중앙킬존남측,21.38090613,-157.73399391,2026-08-03T22:05:03.708Z,UAV 1,4
FRT69003,move to,LOC_중앙킬존남측,21.38103505,-157.73401258,2026-08-03T22:05:03.708Z,UAV 1,3
FRT69002,move to,LOC_중앙킬존남측,21.38072278,-157.73403050,2026-08-03T22:05:03.708Z,UAV 1,4
FRT69001,move to,LOC_중앙킬존남측,21.38090613,-157.73399391,2026-08-03T22:05:03.708Z,UAV 1,4
FRT69003,move to,LOC_중앙킬존남측,21.38103505,-157.73401258,2026-08-03T22:05:03.708Z,UAV 1,3
FRT69002,move to,LOC_중앙킬존남측,21.38072278,-157.73403050,2026-08-03T22:05:03.708Z,UAV 1,4
FRT69001,move to,LOC_중앙킬존남측,21.38090613,-157.73399391,2026-08-03T22:05:03.708Z,UAV 1,4
FRT69003,move to,LOC_중앙킬존남측,21.38103505,-157.73401258,2026-08-03T22:05:03.708Z,UAV 1,3
FRT69002,move to,LOC_중앙킬존남측,21.38072278,-157.73403050,2026-08-03T22:05:03.708Z,UAV 1,4
FRT69001,move to,LOC_중앙킬존남측,21.38090613,-157.73399391,2026-08-03T22:05:03.708Z,UAV 1,4
FRT69003,move to,LOC_중앙킬존남측,21.38103505,-157.73401258,2026-08-03T22:05:03.708Z,UAV 1,3
FRT69002,move to,LOC_중앙킬존남측,21.38072278,-157.73403050,2026-08-03T22:05:03.708Z,UAV 1,4
FRT69001,move to,LOC_중앙킬존남측,21.38090613,-157.73399391,2026-08-03T22:05:03.708Z,UAV 1,4
FRT69003,move to,LOC_중앙킬존남측,21.38103505,-157.73401258,2026-08-03T22:05:03.708Z,UAV 1,3
FRT69002,move to,LOC_중앙킬존남측,21.38072278,-157.73403050,2026-08-03T22:05:05.805Z,UAV 1,4
FRT69001,move to,LOC_중앙킬존남측,21.38090613,-157.73399391,2026-08-03T22:05:05.805Z,UAV 1,4
FRT69003,move to,LOC_중앙킬존남측,21.38103505,-157.73401257,2026-08-03T22:05:05.805Z,UAV 1,4
FRT69002,move to,LOC_중앙킬존남측,21.38072278,-157.73403050,2026-08-03T22:05:05.805Z,UAV 1,4
FRT69001,move to,LOC_중앙킬존남측,21.38090613,-157.73399391,2026-08-03T22:05:05.805Z,UAV 1,4
FRT69003,move to,LOC_중앙킬존남측,21.38103505,-157.73401257,2026-08-03T22:05:05.805Z,UAV 1,4
FRT69002,move to,LOC_중앙킬존남측,21.38072278,-157.73403050,2026-08-03T22:05:05.805Z,UAV 1,4
FRT69001,move to,LOC_중앙킬존남측,21.38090613,-157.73399391,2026-08-03T22:05:05.805Z,UAV 1,4
FRT69003,move to,LOC_중앙킬존남측,21.38103505,-157.73401257,2026-08-03T22:05:05.805Z,UAV 1,4
FRT69002,move to,LOC_중앙킬존남측,21.38072278,-157.73403050,2026-08-03T22:05:05.805Z,UAV 1,4
FRT69001,move to,LOC_중앙킬존남측,21.38090613,-157.73399391,2026-08-03T22:05:05.805Z,UAV 1,4
FRT69003,move to,LOC_중앙킬존남측,21.38103505,-157.73401257,2026-08-03T22:05:05.805Z,UAV 1,4
FRT69002,move to,LOC_중앙킬존남측,21.38072278,-157.73403050,2026-08-03T22:05:05.805Z,UAV 1,4
FRT69001,move to,LOC_중앙킬존남측,21.38090613,-157.73399391,2026-08-03T22:05:05.805Z,UAV 1,4
FRT69003,move to,LOC_중앙킬존남측,21.38103505,-157.73401257,2026-08-03T22:05:05.805Z,UAV 1,4
FRT69002,move to,LOC_중앙킬존남측,21.38072278,-157.73403049,2026-08-03T22:05:07.870Z,UAV 1,4
FRT69001,move to,LOC_중앙킬존남측,21.38090613,-157.73399390,2026-08-03T22:05:07.870Z,UAV 1,4
FRT69003,move to,LOC_중앙킬존남측,21.38103505,-157.73401257,2026-08-03T22:05:07.870Z,UAV 1,4
FRT69002,move to,LOC_중앙킬존남측,21.38072278,-157.73403049,2026-08-03T22:05:07.870Z,UAV 1,4
FRT69001,move to,LOC_중앙킬존남측,21.38090613,-157.73399390,2026-08-03T22:05:07.870Z,UAV 1,4
FRT69003,move to,LOC_중앙킬존남측,21.38103505,-157.73401257,2026-08-03T22:05:07.870Z,UAV 1,4
FRT69002,move to,LOC_중앙킬존남측,21.38072278,-157.73403049,2026-08-03T22:05:07.870Z,UAV 1,4
FRT69001,move to,LOC_중앙킬존남측,21.38090613,-157.73399390,2026-08-03T22:05:07.870Z,UAV 1,4
FRT69003,move to,LOC_중앙킬존남측,21.38103505,-157.73401257,2026-08-03T22:05:07.870Z,UAV 1,4
FRT69002,move to,LOC_중앙킬존남측,21.38072278,-157.73403049,2026-08-03T22:05:07.870Z,UAV 1,4
FRT69001,move to,LOC_중앙킬존남측,21.38090613,-157.73399390,2026-08-03T22:05:07.870Z,UAV 1,4
FRT69003,move to,LOC_중앙킬존남측,21.38103505,-157.73401257,2026-08-03T22:05:07.870Z,UAV 1,4
FRT69002,move to,LOC_중앙킬존남측,21.38072278,-157.73403049,2026-08-03T22:05:07.870Z,UAV 1,4
FRT69001,move to,LOC_중앙킬존남측,21.38090613,-157.73399390,2026-08-03T22:05:07.870Z,UAV 1,4
FRT69003,move to,LOC_중앙킬존남측,21.38103505,-157.73401257,2026-08-03T22:05:07.870Z,UAV 1,4
FRT69002,move to,LOC_중앙킬존남측,21.38072278,-157.73403049,2026-08-03T22:05:07.870Z,UAV 1,4
FRT69001,move to,LOC_중앙킬존남측,21.38090613,-157.73399390,2026-08-03T22:05:07.870Z,UAV 1,4
FRT69003,move to,LOC_중앙킬존남측,21.38103505,-157.73401257,2026-08-03T22:05:07.870Z,UAV 1,4
FRT69002,move to,LOC_중앙킬존남측,21.38072278,-157.73403049,2026-08-03T22:05:09.949Z,UAV 1,4
FRT69001,move to,LOC_중앙킬존남측,21.38090613,-157.73399390,2026-08-03T22:05:09.949Z,UAV 1,4
FRT69003,move to,LOC_중앙킬존남측,21.38103505,-157.73401257,2026-08-03T22:05:09.949Z,UAV 1,4
FRM901001,none,,21.38680798,-157.73443834,2026-08-03T22:05:09.949Z,UAV 1,3
FRT69002,move to,LOC_중앙킬존남측,21.38072278,-157.73403049,2026-08-03T22:05:09.949Z,UAV 1,4
FRT69001,move to,LOC_중앙킬존남측,21.38090613,-157.73399390,2026-08-03T22:05:09.949Z,UAV 1,4
FRT69003,move to,LOC_중앙킬존남측,21.38103505,-157.73401257,2026-08-03T22:05:09.949Z,UAV 1,4
FRM901001,none,,21.38680798,-157.73443834,2026-08-03T22:05:09.949Z,UAV 1,3
FRT69002,move to,LOC_중앙킬존남측,21.38072278,-157.73403049,2026-08-03T22:05:09.949Z,UAV 1,4
FRT69001,move to,LOC_중앙킬존남측,21.38090613,-157.73399390,2026-08-03T22:05:09.949Z,UAV 1,4
FRT69003,move to,LOC_중앙킬존남측,21.38103505,-157.73401257,2026-08-03T22:05:09.949Z,UAV 1,4
FRM901001,none,,21.38680798,-157.73443834,2026-08-03T22:05:09.949Z,UAV 1,3
FRT69002,move to,LOC_중앙킬존남측,21.38072278,-157.73403049,2026-08-03T22:05:09.949Z,UAV 1,4
FRT69001,move to,LOC_중앙킬존남측,21.38090613,-157.73399390,2026-08-03T22:05:09.949Z,UAV 1,4
FRT69003,move to,LOC_중앙킬존남측,21.38103505,-157.73401257,2026-08-03T22:05:09.949Z,UAV 1,4
FRM901001,none,,21.38680798,-157.73443834,2026-08-03T22:05:09.949Z,UAV 1,3
FRT69002,move to,LOC_중앙킬존남측,21.38072278,-157.73403049,2026-08-03T22:05:09.949Z,UAV 1,4
FRT69001,move to,LOC_중앙킬존남측,21.38090613,-157.73399390,2026-08-03T22:05:09.949Z,UAV 1,4
FRT69003,move to,LOC_중앙킬존남측,21.38103505,-157.73401257,2026-08-03T22:05:09.949Z,UAV 1,4
FRM901001,none,,21.38680798,-157.73443834,2026-08-03T22:05:09.949Z,UAV 1,3
FRT69002,move to,LOC_중앙킬존남측,21.38072278,-157.73403049,2026-08-03T22:05:11.979Z,UAV 1,4
FRT69001,move to,LOC_중앙킬존남측,21.38090613,-157.73399390,2026-08-03T22:05:11.979Z,UAV 1,4
FRT69003,move to,LOC_중앙킬존남측,21.38103505,-157.73401257,2026-08-03T22:05:11.979Z,UAV 1,4
FRM901001,none,,21.38680798,-157.73443834,2026-08-03T22:05:11.979Z,UAV 1,3
FRT69002,move to,LOC_중앙킬존남측,21.38072278,-157.73403049,2026-08-03T22:05:11.979Z,UAV 1,4
FRT69001,move to,LOC_중앙킬존남측,21.38090613,-157.73399390,2026-08-03T22:05:11.979Z,UAV 1,4
FRT69003,move to,LOC_중앙킬존남측,21.38103505,-157.73401257,2026-08-03T22:05:11.979Z,UAV 1,4
FRM901001,none,,21.38680798,-157.73443834,2026-08-03T22:05:11.979Z,UAV 1,3
FRT69002,move to,LOC_중앙킬존남측,21.38072278,-157.73403049,2026-08-03T22:05:11.979Z,UAV 1,4
FRT69001,move to,LOC_중앙킬존남측,21.38090613,-157.73399390,2026-08-03T22:05:11.979Z,UAV 1,4
FRT69003,move to,LOC_중앙킬존남측,21.38103505,-157.73401257,2026-08-03T22:05:11.979Z,UAV 1,4
FRM901001,none,,21.38680798,-157.73443834,2026-08-03T22:05:11.979Z,UAV 1,3
FRT69002,move to,LOC_중앙킬존남측,21.38072278,-157.73403049,2026-08-03T22:05:11.979Z,UAV 1,4
FRT69001,move to,LOC_중앙킬존남측,21.38090613,-157.73399390,2026-08-03T22:05:11.979Z,UAV 1,4
FRT69003,move to,LOC_중앙킬존남측,21.38103505,-157.73401257,2026-08-03T22:05:11.979Z,UAV 1,4
FRM901001,none,,21.38680798,-157.73443834,2026-08-03T22:05:11.979Z,UAV 1,3
FRT69002,move to,LOC_중앙킬존남측,21.38072278,-157.73403049,2026-08-03T22:05:11.979Z,UAV 1,4
FRT69001,move to,LOC_중앙킬존남측,21.38090613,-157.73399390,2026-08-03T22:05:11.979Z,UAV 1,4
FRT69003,move to,LOC_중앙킬존남측,21.38103505,-157.73401257,2026-08-03T22:05:11.979Z,UAV 1,4
FRM901001,none,,21.38680798,-157.73443834,2026-08-03T22:05:11.979Z,UAV 1,3
FRT69002,move to,LOC_중앙킬존남측,21.38072278,-157.73403049,2026-08-03T22:05:14.022Z,UAV 1,4
FRT69001,move to,LOC_중앙킬존남측,21.38090613,-157.73399390,2026-08-03T22:05:14.022Z,UAV 1,4
FRT69003,move to,LOC_중앙킬존남측,21.38103505,-157.73401257,2026-08-03T22:05:14.022Z,UAV 1,4
FRM901001,none,,21.38680798,-157.73443834,2026-08-03T22:05:14.022Z,UAV 1,3
FRT69004,move to,LOC_중앙킬존남측,21.38075374,-157.73402786,2026-08-03T22:05:14.022Z,UAV 1,3
FRT69002,move to,LOC_중앙킬존남측,21.38072278,-157.73403049,2026-08-03T22:05:14.022Z,UAV 1,4
FRT69001,move to,LOC_중앙킬존남측,21.38090613,-157.73399390,2026-08-03T22:05:14.022Z,UAV 1,4
FRT69003,move to,LOC_중앙킬존남측,21.38103505,-157.73401257,2026-08-03T22:05:14.022Z,UAV 1,4
FRM901001,none,,21.38680798,-157.73443834,2026-08-03T22:05:14.022Z,UAV 1,3
FRT69004,move to,LOC_중앙킬존남측,21.38075374,-157.73402786,2026-08-03T22:05:14.022Z,UAV 1,3
FRT69002,move to,LOC_중앙킬존남측,21.38072278,-157.73403049,2026-08-03T22:05:14.022Z,UAV 1,4
FRT69001,move to,LOC_중앙킬존남측,21.38090613,-157.73399390,2026-08-03T22:05:14.022Z,UAV 1,4
FRT69003,move to,LOC_중앙킬존남측,21.38103505,-157.73401257,2026-08-03T22:05:14.022Z,UAV 1,4
FRM901001,none,,21.38680798,-157.73443834,2026-08-03T22:05:14.022Z,UAV 1,3
FRT69004,move to,LOC_중앙킬존남측,21.38075374,-157.73402786,2026-08-03T22:05:14.022Z,UAV 1,3
FRT69002,move to,LOC_중앙킬존남측,21.38072278,-157.73403049,2026-08-03T22:05:14.022Z,UAV 1,4
FRT69001,move to,LOC_중앙킬존남측,21.38090613,-157.73399390,2026-08-03T22:05:14.022Z,UAV 1,4
FRT69003,move to,LOC_중앙킬존남측,21.38103505,-157.73401257,2026-08-03T22:05:14.022Z,UAV 1,4
FRM901001,none,,21.38680798,-157.73443834,2026-08-03T22:05:14.022Z,UAV 1,3
FRT69004,move to,LOC_중앙킬존남측,21.38075374,-157.73402786,2026-08-03T22:05:14.022Z,UAV 1,3
FRT69002,move to,LOC_중앙킬존남측,21.38072278,-157.73403049,2026-08-03T22:05:14.022Z,UAV 1,4
FRT69001,move to,LOC_중앙킬존남측,21.38090613,-157.73399390,2026-08-03T22:05:14.022Z,UAV 1,4
FRT69003,move to,LOC_중앙킬존남측,21.38103505,-157.73401257,2026-08-03T22:05:14.022Z,UAV 1,4
FRM901001,none,,21.38680798,-157.73443834,2026-08-03T22:05:14.022Z,UAV 1,3
FRT69004,move to,LOC_중앙킬존남측,21.38075374,-157.73402786,2026-08-03T22:05:14.022Z,UAV 1,3
FRM901001,none,,21.38680798,-157.73443834,2026-08-03T22:05:16.024Z,UAV 1,3
FRM901001,none,,21.38680798,-157.73443834,2026-08-03T22:05:16.024Z,UAV 1,3
FRM901001,none,,21.38680798,-157.73443834,2026-08-03T22:05:16.024Z,UAV 1,3
FRM901001,none,,21.38680798,-157.73443834,2026-08-03T22:05:16.024Z,UAV 1,3
FRM901001,none,,21.38680798,-157.73443834,2026-08-03T22:05:16.024Z,UAV 1,3
FRM901001,none,,21.38680798,-157.73443834,2026-08-03T22:05:18.080Z,UAV 1,3
FRM901001,none,,21.38680798,-157.73443834,2026-08-03T22:05:18.080Z,UAV 1,3
FRM901001,none,,21.38680798,-157.73443834,2026-08-03T22:05:18.080Z,UAV 1,3
FRM901001,none,,21.38680798,-157.73443834,2026-08-03T22:05:18.080Z,UAV 1,3
FRM901001,none,,21.38680798,-157.73443834,2026-08-03T22:05:18.080Z,UAV 1,3
FRM901001,none,,21.38680798,-157.73443834,2026-08-03T22:05:20.232Z,UAV 1,3
FRM901001,none,,21.38680798,-157.73443834,2026-08-03T22:05:20.232Z,UAV 1,3
FRM901001,none,,21.38680798,-157.73443834,2026-08-03T22:05:20.232Z,UAV 1,3
FRM901001,none,,21.38680798,-157.73443834,2026-08-03T22:05:20.232Z,UAV 1,3
FRM901001,none,,21.38680798,-157.73443834,2026-08-03T22:05:20.232Z,UAV 1,3
FRM901001,none,,21.38680798,-157.73443834,2026-08-03T22:05:20.232Z,UAV 1,3
FRM901001,none,,21.38680798,-157.73443834,2026-08-03T22:05:22.260Z,UAV 1,3
FRM901001,none,,21.38680798,-157.73443834,2026-08-03T22:05:22.260Z,UAV 1,3
FRM901001,none,,21.38680798,-157.73443834,2026-08-03T22:05:22.260Z,UAV 1,3
FRM901001,none,,21.38680798,-157.73443834,2026-08-03T22:05:22.260Z,UAV 1,3
FRM901001,none,,21.38680798,-157.73443834,2026-08-03T22:05:22.260Z,UAV 1,3
FRM901001,none,,21.38680798,-157.73443834,2026-08-03T22:05:24.318Z,UAV 1,3
FRMORT001,none,,21.39116652,-157.73700854,2026-08-03T22:05:24.318Z,UAV 1,2
FRMORT003,none,,21.39122072,-157.73728393,2026-08-03T22:05:24.318Z,UAV 1,2
FRM901001,none,,21.38680798,-157.73443834,2026-08-03T22:05:24.318Z,UAV 1,3
FRMORT001,none,,21.39116652,-157.73700854,2026-08-03T22:05:24.318Z,UAV 1,2
FRMORT003,none,,21.39122072,-157.73728393,2026-08-03T22:05:24.318Z,UAV 1,2
FRM901001,none,,21.38680798,-157.73443834,2026-08-03T22:05:24.318Z,UAV 1,3
FRMORT001,none,,21.39116652,-157.73700854,2026-08-03T22:05:24.318Z,UAV 1,2
FRMORT003,none,,21.39122072,-157.73728393,2026-08-03T22:05:24.318Z,UAV 1,2
FRM901001,none,,21.38680798,-157.73443834,2026-08-03T22:05:24.318Z,UAV 1,3
FRMORT001,none,,21.39116652,-157.73700854,2026-08-03T22:05:24.318Z,UAV 1,2
FRMORT003,none,,21.39122072,-157.73728393,2026-08-03T22:05:24.318Z,UAV 1,2
FRM901001,none,,21.38680798,-157.73443834,2026-08-03T22:05:24.318Z,UAV 1,3
FRMORT001,none,,21.39116652,-157.73700854,2026-08-03T22:05:24.318Z,UAV 1,2
FRMORT003,none,,21.39122072,-157.73728393,2026-08-03T22:05:24.318Z,UAV 1,2
FRM901001,none,,21.38680798,-157.73443834,2026-08-03T22:05:26.396Z,UAV 1,3
FRMORT001,none,,21.39116652,-157.73700854,2026-08-03T22:05:26.396Z,UAV 1,3
FRMORT003,none,,21.39122072,-157.73728393,2026-08-03T22:05:26.396Z,UAV 1,3
FRM901001,none,,21.38680798,-157.73443834,2026-08-03T22:05:26.396Z,UAV 1,3
FRMORT001,none,,21.39116652,-157.73700854,2026-08-03T22:05:26.396Z,UAV 1,3
FRMORT003,none,,21.39122072,-157.73728393,2026-08-03T22:05:26.396Z,UAV 1,3
FRM901001,none,,21.38680798,-157.73443834,2026-08-03T22:05:26.396Z,UAV 1,3
FRMORT001,none,,21.39116652,-157.73700854,2026-08-03T22:05:26.396Z,UAV 1,3
FRMORT003,none,,21.39122072,-157.73728393,2026-08-03T22:05:26.396Z,UAV 1,3
FRM901001,none,,21.38680798,-157.73443834,2026-08-03T22:05:26.396Z,UAV 1,3
FRMORT001,none,,21.39116652,-157.73700854,2026-08-03T22:05:26.396Z,UAV 1,3
FRMORT003,none,,21.39122072,-157.73728393,2026-08-03T22:05:26.396Z,UAV 1,3
FRM901001,none,,21.38680798,-157.73443834,2026-08-03T22:05:26.396Z,UAV 1,3
FRMORT001,none,,21.39116652,-157.73700854,2026-08-03T22:05:26.396Z,UAV 1,3
FRMORT003,none,,21.39122072,-157.73728393,2026-08-03T22:05:26.396Z,UAV 1,3
FRM901001,none,,21.38680798,-157.73443834,2026-08-03T22:05:28.438Z,UAV 1,3
FRMORT001,none,,21.39116652,-157.73700854,2026-08-03T22:05:28.438Z,UAV 1,3
FRMORT003,none,,21.39122072,-157.73728393,2026-08-03T22:05:28.438Z,UAV 1,3
FRM901001,none,,21.38680798,-157.73443834,2026-08-03T22:05:28.438Z,UAV 1,3
FRMORT001,none,,21.39116652,-157.73700854,2026-08-03T22:05:28.438Z,UAV 1,3
FRMORT003,none,,21.39122072,-157.73728393,2026-08-03T22:05:28.438Z,UAV 1,3
FRM901001,none,,21.38680798,-157.73443834,2026-08-03T22:05:28.438Z,UAV 1,3
FRMORT001,none,,21.39116652,-157.73700854,2026-08-03T22:05:28.438Z,UAV 1,3
FRMORT003,none,,21.39122072,-157.73728393,2026-08-03T22:05:28.438Z,UAV 1,3
FRM901001,none,,21.38680798,-157.73443834,2026-08-03T22:05:28.438Z,UAV 1,3
FRMORT001,none,,21.39116652,-157.73700854,2026-08-03T22:05:28.438Z,UAV 1,3
FRMORT003,none,,21.39122072,-157.73728393,2026-08-03T22:05:28.438Z,UAV 1,3
FRM901001,none,,21.38680798,-157.73443834,2026-08-03T22:05:28.438Z,UAV 1,3
FRMORT001,none,,21.39116652,-157.73700854,2026-08-03T22:05:28.438Z,UAV 1,3
FRMORT003,none,,21.39122072,-157.73728393,2026-08-03T22:05:28.438Z,UAV 1,3
FRM901001,none,,21.38680798,-157.73443834,2026-08-03T22:05:30.517Z,UAV 1,4
FRMORT001,none,,21.39116652,-157.73700854,2026-08-03T22:05:30.517Z,UAV 1,3
FRMORT003,none,,21.39122072,-157.73728393,2026-08-03T22:05:30.517Z,UAV 1,3
FRM901001,none,,21.38680798,-157.73443834,2026-08-03T22:05:30.517Z,UAV 1,4
FRMORT001,none,,21.39116652,-157.73700854,2026-08-03T22:05:30.517Z,UAV 1,3
FRMORT003,none,,21.39122072,-157.73728393,2026-08-03T22:05:30.517Z,UAV 1,3
FRM901001,none,,21.38680798,-157.73443834,2026-08-03T22:05:30.517Z,UAV 1,4
FRMORT001,none,,21.39116652,-157.73700854,2026-08-03T22:05:30.517Z,UAV 1,3
FRMORT003,none,,21.39122072,-157.73728393,2026-08-03T22:05:30.517Z,UAV 1,3
FRM901001,none,,21.38680798,-157.73443834,2026-08-03T22:05:30.517Z,UAV 1,4
FRMORT001,none,,21.39116652,-157.73700854,2026-08-03T22:05:30.517Z,UAV 1,3
FRMORT003,none,,21.39122072,-157.73728393,2026-08-03T22:05:30.517Z,UAV 1,3
FRM901001,none,,21.38680798,-157.73443834,2026-08-03T22:05:30.517Z,UAV 1,4
FRMORT001,none,,21.39116652,-157.73700854,2026-08-03T22:05:30.517Z,UAV 1,3
FRMORT003,none,,21.39122072,-157.73728393,2026-08-03T22:05:30.517Z,UAV 1,3
FRM901001,none,,21.38680798,-157.73443834,2026-08-03T22:05:32.547Z,UAV 1,4
FRMORT001,none,,21.39116652,-157.73700854,2026-08-03T22:05:32.547Z,UAV 1,3
FRMORT003,none,,21.39122072,-157.73728393,2026-08-03T22:05:32.547Z,UAV 1,3
FRM901001,none,,21.38680798,-157.73443834,2026-08-03T22:05:32.547Z,UAV 1,4
FRMORT001,none,,21.39116652,-157.73700854,2026-08-03T22:05:32.547Z,UAV 1,3
FRMORT003,none,,21.39122072,-157.73728393,2026-08-03T22:05:32.547Z,UAV 1,3
FRM901001,none,,21.38680798,-157.73443834,2026-08-03T22:05:32.547Z,UAV 1,4
FRMORT001,none,,21.39116652,-157.73700854,2026-08-03T22:05:32.547Z,UAV 1,3
FRMORT003,none,,21.39122072,-157.73728393,2026-08-03T22:05:32.547Z,UAV 1,3
FRM901001,none,,21.38680798,-157.73443834,2026-08-03T22:05:32.547Z,UAV 1,4
FRMORT001,none,,21.39116652,-157.73700854,2026-08-03T22:05:32.547Z,UAV 1,3
FRMORT003,none,,21.39122072,-157.73728393,2026-08-03T22:05:32.547Z,UAV 1,3
FRM901001,none,,21.38680798,-157.73443834,2026-08-03T22:05:32.547Z,UAV 1,4
FRMORT001,none,,21.39116652,-157.73700854,2026-08-03T22:05:32.547Z,UAV 1,3
FRMORT003,none,,21.39122072,-157.73728393,2026-08-03T22:05:32.547Z,UAV 1,3
FRM901001,none,,21.38680798,-157.73443834,2026-08-03T22:05:34.581Z,UAV 1,4
FRMORT001,none,,21.39116652,-157.73700854,2026-08-03T22:05:34.581Z,UAV 1,3
FRMORT003,none,,21.39122072,-157.73728393,2026-08-03T22:05:34.581Z,UAV 1,3
FRM901001,none,,21.38680798,-157.73443834,2026-08-03T22:05:34.581Z,UAV 1,4
FRMORT001,none,,21.39116652,-157.73700854,2026-08-03T22:05:34.581Z,UAV 1,3
FRMORT003,none,,21.39122072,-157.73728393,2026-08-03T22:05:34.581Z,UAV 1,3
FRM901001,none,,21.38680798,-157.73443834,2026-08-03T22:05:34.581Z,UAV 1,4
FRMORT001,none,,21.39116652,-157.73700854,2026-08-03T22:05:34.581Z,UAV 1,3
FRMORT003,none,,21.39122072,-157.73728393,2026-08-03T22:05:34.581Z,UAV 1,3
FRM901001,none,,21.38680798,-157.73443834,2026-08-03T22:05:34.581Z,UAV 1,4
FRMORT001,none,,21.39116652,-157.73700854,2026-08-03T22:05:34.581Z,UAV 1,3
FRMORT003,none,,21.39122072,-157.73728393,2026-08-03T22:05:34.581Z,UAV 1,3
FRM901001,none,,21.38680798,-157.73443834,2026-08-03T22:05:34.581Z,UAV 1,4
FRMORT001,none,,21.39116652,-157.73700854,2026-08-03T22:05:34.581Z,UAV 1,3
FRMORT003,none,,21.39122072,-157.73728393,2026-08-03T22:05:34.581Z,UAV 1,3
FRM901001,none,,21.38680798,-157.73443834,2026-08-03T22:05:36.508Z,UAV 1,4
FRMORT001,none,,21.39116652,-157.73700854,2026-08-03T22:05:36.508Z,UAV 1,3
FRMORT003,none,,21.39122072,-157.73728393,2026-08-03T22:05:36.508Z,UAV 1,3
FRM901001,none,,21.38680798,-157.73443834,2026-08-03T22:05:36.508Z,UAV 1,4
FRMORT001,none,,21.39116652,-157.73700854,2026-08-03T22:05:36.508Z,UAV 1,3
FRMORT003,none,,21.39122072,-157.73728393,2026-08-03T22:05:36.508Z,UAV 1,3
FRM901001,none,,21.38680798,-157.73443834,2026-08-03T22:05:36.508Z,UAV 1,4
FRMORT001,none,,21.39116652,-157.73700854,2026-08-03T22:05:36.508Z,UAV 1,3
FRMORT003,none,,21.39122072,-157.73728393,2026-08-03T22:05:36.508Z,UAV 1,3
FRM901001,none,,21.38680798,-157.73443834,2026-08-03T22:05:36.508Z,UAV 1,4
FRMORT001,none,,21.39116652,-157.73700854,2026-08-03T22:05:36.508Z,UAV 1,3
FRMORT003,none,,21.39122072,-157.73728393,2026-08-03T22:05:36.508Z,UAV 1,3
FRM901001,none,,21.38680798,-157.73443834,2026-08-03T22:05:36.508Z,UAV 1,4
FRMORT001,none,,21.39116652,-157.73700854,2026-08-03T22:05:36.508Z,UAV 1,3
FRMORT003,none,,21.39122072,-157.73728393,2026-08-03T22:05:36.508Z,UAV 1,3
FRMORT001,none,,21.39116652,-157.73700854,2026-08-03T22:05:38.589Z,UAV 1,3
FRMORT003,none,,21.39122072,-157.73728393,2026-08-03T22:05:38.589Z,UAV 1,3
FRMORT001,none,,21.39116652,-157.73700854,2026-08-03T22:05:38.589Z,UAV 1,3
FRMORT003,none,,21.39122072,-157.73728393,2026-08-03T22:05:38.589Z,UAV 1,3
FRMORT001,none,,21.39116652,-157.73700854,2026-08-03T22:05:38.589Z,UAV 1,3
FRMORT003,none,,21.39122072,-157.73728393,2026-08-03T22:05:38.589Z,UAV 1,3
FRMORT001,none,,21.39116652,-157.73700854,2026-08-03T22:05:38.589Z,UAV 1,3
FRMORT003,none,,21.39122072,-157.73728393,2026-08-03T22:05:38.589Z,UAV 1,3
FRMORT001,none,,21.39116652,-157.73700854,2026-08-03T22:05:38.589Z,UAV 1,3
FRMORT003,none,,21.39122072,-157.73728393,2026-08-03T22:05:38.589Z,UAV 1,3
FRMORT001,none,,21.39116652,-157.73700854,2026-08-03T22:05:40.589Z,UAV 1,3
FRMORT003,none,,21.39122072,-157.73728393,2026-08-03T22:05:40.589Z,UAV 1,3
FRMORT001,none,,21.39116652,-157.73700854,2026-08-03T22:05:40.589Z,UAV 1,3
FRMORT003,none,,21.39122072,-157.73728393,2026-08-03T22:05:40.589Z,UAV 1,3
FRMORT001,none,,21.39116652,-157.73700854,2026-08-03T22:05:40.589Z,UAV 1,3
FRMORT003,none,,21.39122072,-157.73728393,2026-08-03T22:05:40.589Z,UAV 1,3
FRMORT001,none,,21.39116652,-157.73700854,2026-08-03T22:05:40.589Z,UAV 1,3
FRMORT003,none,,21.39122072,-157.73728393,2026-08-03T22:05:40.589Z,UAV 1,3
FRMORT001,none,,21.39116652,-157.73700854,2026-08-03T22:05:40.589Z,UAV 1,3
FRMORT003,none,,21.39122072,-157.73728393,2026-08-03T22:05:40.589Z,UAV 1,3
FRMORT001,none,,21.39116652,-157.73700854,2026-08-03T22:05:40.589Z,UAV 1,3
FRMORT003,none,,21.39122072,-157.73728393,2026-08-03T22:05:40.589Z,UAV 1,3
FRMORT001,none,,21.39116652,-157.73700854,2026-08-03T22:05:42.697Z,UAV 1,3
FRMORT003,none,,21.39122072,-157.73728393,2026-08-03T22:05:42.697Z,UAV 1,3
FRMORT001,none,,21.39116652,-157.73700854,2026-08-03T22:05:42.697Z,UAV 1,3
FRMORT003,none,,21.39122072,-157.73728393,2026-08-03T22:05:42.697Z,UAV 1,3
FRMORT001,none,,21.39116652,-157.73700854,2026-08-03T22:05:42.697Z,UAV 1,3
FRMORT003,none,,21.39122072,-157.73728393,2026-08-03T22:05:42.697Z,UAV 1,3
FRMORT001,none,,21.39116652,-157.73700854,2026-08-03T22:05:42.697Z,UAV 1,3
FRMORT003,none,,21.39122072,-157.73728393,2026-08-03T22:05:42.697Z,UAV 1,3
FRMORT001,none,,21.39116652,-157.73700854,2026-08-03T22:05:44.726Z,UAV 1,4
FRMORT003,none,,21.39122072,-157.73728393,2026-08-03T22:05:44.726Z,UAV 1,4
FRMORT001,none,,21.39116652,-157.73700854,2026-08-03T22:05:44.726Z,UAV 1,4
FRMORT003,none,,21.39122072,-157.73728393,2026-08-03T22:05:44.726Z,UAV 1,4
FRMORT001,none,,21.39116652,-157.73700854,2026-08-03T22:05:44.726Z,UAV 1,4
FRMORT003,none,,21.39122072,-157.73728393,2026-08-03T22:05:44.726Z,UAV 1,4
FRMORT001,none,,21.39116652,-157.73700854,2026-08-03T22:05:44.726Z,UAV 1,4
FRMORT003,none,,21.39122072,-157.73728393,2026-08-03T22:05:44.726Z,UAV 1,4
FRMORT001,none,,21.39116652,-157.73700854,2026-08-03T22:05:44.726Z,UAV 1,4
FRMORT003,none,,21.39122072,-157.73728393,2026-08-03T22:05:44.726Z,UAV 1,4
FRMORT001,none,,21.39116652,-157.73700854,2026-08-03T22:05:46.812Z,UAV 1,4
FRMORT003,none,,21.39122072,-157.73728393,2026-08-03T22:05:46.812Z,UAV 1,4
FRMORT001,none,,21.39116652,-157.73700854,2026-08-03T22:05:46.812Z,UAV 1,4
FRMORT003,none,,21.39122072,-157.73728393,2026-08-03T22:05:46.812Z,UAV 1,4
FRMORT001,none,,21.39116652,-157.73700854,2026-08-03T22:05:46.812Z,UAV 1,4
FRMORT003,none,,21.39122072,-157.73728393,2026-08-03T22:05:46.812Z,UAV 1,4
FRMORT001,none,,21.39116652,-157.73700854,2026-08-03T22:05:46.812Z,UAV 1,4
FRMORT003,none,,21.39122072,-157.73728393,2026-08-03T22:05:46.812Z,UAV 1,4
FRMORT001,none,,21.39116652,-157.73700854,2026-08-03T22:05:46.812Z,UAV 1,4
FRMORT003,none,,21.39122072,-157.73728393,2026-08-03T22:05:46.812Z,UAV 1,4
FRMORT001,none,,21.39116652,-157.73700854,2026-08-03T22:05:48.924Z,UAV 1,4
FRMORT003,none,,21.39122072,-157.73728393,2026-08-03T22:05:48.924Z,UAV 1,4
FRMORT001,none,,21.39116652,-157.73700854,2026-08-03T22:05:48.924Z,UAV 1,4
FRMORT003,none,,21.39122072,-157.73728393,2026-08-03T22:05:48.924Z,UAV 1,4
FRMORT001,none,,21.39116652,-157.73700854,2026-08-03T22:05:48.924Z,UAV 1,4
FRMORT003,none,,21.39122072,-157.73728393,2026-08-03T22:05:48.924Z,UAV 1,4
FRMORT001,none,,21.39116652,-157.73700854,2026-08-03T22:05:48.924Z,UAV 1,4
FRMORT003,none,,21.39122072,-157.73728393,2026-08-03T22:05:48.924Z,UAV 1,4
FRMORT001,none,,21.39116652,-157.73700854,2026-08-03T22:05:48.924Z,UAV 1,4
FRMORT003,none,,21.39122072,-157.73728393,2026-08-03T22:05:48.924Z,UAV 1,4
FRMORT001,none,,21.39116652,-157.73700854,2026-08-03T22:05:50.998Z,UAV 1,4
FRMORT003,none,,21.39122072,-157.73728393,2026-08-03T22:05:50.998Z,UAV 1,4
FRMORT001,none,,21.39116652,-157.73700854,2026-08-03T22:05:50.998Z,UAV 1,4
FRMORT003,none,,21.39122072,-157.73728393,2026-08-03T22:05:50.998Z,UAV 1,4
FRMORT001,none,,21.39116652,-157.73700854,2026-08-03T22:05:50.998Z,UAV 1,4
FRMORT003,none,,21.39122072,-157.73728393,2026-08-03T22:05:50.998Z,UAV 1,4
FRMORT001,none,,21.39116652,-157.73700854,2026-08-03T22:05:50.998Z,UAV 1,4
FRMORT003,none,,21.39122072,-157.73728393,2026-08-03T22:05:50.998Z,UAV 1,4
FRMORT001,none,,21.39116652,-157.73700854,2026-08-03T22:05:53.037Z,UAV 1,4
FRMORT003,none,,21.39122072,-157.73728393,2026-08-03T22:05:53.037Z,UAV 1,4
FRMORT001,none,,21.39116652,-157.73700854,2026-08-03T22:05:53.037Z,UAV 1,4
FRMORT003,none,,21.39122072,-157.73728393,2026-08-03T22:05:53.037Z,UAV 1,4
FRMORT001,none,,21.39116652,-157.73700854,2026-08-03T22:05:53.037Z,UAV 1,4
FRMORT003,none,,21.39122072,-157.73728393,2026-08-03T22:05:53.037Z,UAV 1,4
FRMORT001,none,,21.39116652,-157.73700854,2026-08-03T22:05:53.037Z,UAV 1,4
FRMORT003,none,,21.39122072,-157.73728393,2026-08-03T22:05:53.037Z,UAV 1,4
FRMORT001,none,,21.39116652,-157.73700854,2026-08-03T22:05:53.037Z,UAV 1,4
FRMORT003,none,,21.39122072,-157.73728393,2026-08-03T22:05:53.037Z,UAV 1,4
FRMORT001,none,,21.39116652,-157.73700854,2026-08-03T22:05:55.105Z,UAV 1,4
FRMORT003,none,,21.39122072,-157.73728393,2026-08-03T22:05:55.105Z,UAV 1,4
FRMORT001,none,,21.39116652,-157.73700854,2026-08-03T22:05:55.105Z,UAV 1,4
FRMORT003,none,,21.39122072,-157.73728393,2026-08-03T22:05:55.105Z,UAV 1,4
FRMORT001,none,,21.39116652,-157.73700854,2026-08-03T22:05:55.105Z,UAV 1,4
FRMORT003,none,,21.39122072,-157.73728393,2026-08-03T22:05:55.105Z,UAV 1,4
FRMORT001,none,,21.39116652,-157.73700854,2026-08-03T22:05:55.105Z,UAV 1,4
FRMORT003,none,,21.39122072,-157.73728393,2026-08-03T22:05:55.105Z,UAV 1,4
FRT80004,none,,21.38044564,-157.75164742,2026-08-03T22:06:54.653Z,UAV 1,3
FRT80004,none,,21.38044564,-157.75164742,2026-08-03T22:06:54.653Z,UAV 1,3
FRT80004,none,,21.38044564,-157.75164742,2026-08-03T22:06:54.653Z,UAV 1,3
FRT80004,none,,21.38044564,-157.75164742,2026-08-03T22:06:54.653Z,UAV 1,3
FRT80004,none,,21.38044564,-157.75164742,2026-08-03T22:06:54.653Z,UAV 1,3
FRT80004,none,,21.38044564,-157.75164742,2026-08-03T22:06:56.721Z,UAV 1,3
FRT80004,none,,21.38044564,-157.75164742,2026-08-03T22:06:56.721Z,UAV 1,3
FRT80004,none,,21.38044564,-157.75164742,2026-08-03T22:06:56.721Z,UAV 1,3
FRT80004,none,,21.38044564,-157.75164742,2026-08-03T22:06:56.721Z,UAV 1,3
FRT80004,none,,21.38044564,-157.75164742,2026-08-03T22:06:56.721Z,UAV 1,3
FRT80004,none,,21.38044564,-157.75164742,2026-08-03T22:06:56.721Z,UAV 1,3
FRT80004,none,,21.38044564,-157.75164742,2026-08-03T22:06:58.768Z,UAV 1,3
FRT80004,none,,21.38044564,-157.75164742,2026-08-03T22:06:58.768Z,UAV 1,3
FRT80004,none,,21.38044564,-157.75164742,2026-08-03T22:06:58.768Z,UAV 1,3
FRT80004,none,,21.38044564,-157.75164742,2026-08-03T22:06:58.768Z,UAV 1,3
FRT80004,none,,21.38044564,-157.75164742,2026-08-03T22:06:58.768Z,UAV 1,3
FRT80004,none,,21.38044564,-157.75164742,2026-08-03T22:07:00.832Z,UAV 1,3
FRT80004,none,,21.38044564,-157.75164742,2026-08-03T22:07:00.832Z,UAV 1,3
FRT80004,none,,21.38044564,-157.75164742,2026-08-03T22:07:00.832Z,UAV 1,3
FRT80004,none,,21.38044564,-157.75164742,2026-08-03T22:07:00.832Z,UAV 1,3
FRT80004,none,,21.38044564,-157.75164742,2026-08-03T22:07:00.832Z,UAV 1,3
FRT80004,none,,21.38044564,-157.75164742,2026-08-03T22:07:00.832Z,UAV 1,3
FRT80004,none,,21.38044564,-157.75164742,2026-08-03T22:07:02.961Z,UAV 1,3
FRT80004,none,,21.38044564,-157.75164742,2026-08-03T22:07:02.961Z,UAV 1,3
FRT80004,none,,21.38044564,-157.75164742,2026-08-03T22:07:02.961Z,UAV 1,3
