subject,predicate,object,latitude,longitude,timestamp,source,CID
FRM901001,none,,21.38680798,-157.73443834,2026-08-03T22:00:00.000Z,UAV 4,
ENCAESAR002,move to,LOC_북측예비방어선,21.37575122,-157.73461497,2026-08-03T22:00:00.000Z,UAV 4,
FRT69002,move to,LOC_중앙킬존남측,21.38062375,-157.73220904,2026-08-03T22:00:00.000Z,UAV 4,
FRT69001,move to,LOC_중앙킬존남측,21.38083112,-157.73220700,2026-08-03T22:00:00.000Z,UAV 4,
FRMORT002,FFE-on-Location,LOC_적박격포진지,21.39124517,-157.73722922,2026-08-03T22:00:00.000Z,UAV 4,
FRM113003,move to,LOC_중앙킬존남측,21.38989816,-157.74194303,2026-08-03T22:00:00.000Z,UAV 4,
FRAHS001,move to,LOC_목표A남측,21.38646271,-157.73469917,2026-08-03T22:00:00.000Z,UAV 4,
FRT69006,move to,LOC_중앙킬존남측,21.38096188,-157.73222439,2026-08-03T22:00:00.000Z,UAV 4,
ENCAESAR004,move to,LOC_북측예비방어선,21.37601276,-157.73451630,2026-08-03T22:00:00.000Z,UAV 4,
FRT69003,move to,LOC_중앙킬존남측,21.38097332,-157.73240275,2026-08-03T22:00:00.000Z,UAV 4,
FRT69005,move to,LOC_중앙킬존남측,21.38100014,-157.73233777,2026-08-03T22:00:00.000Z,UAV 4,
FRM113006,move to,LOC_중앙킬존남측,21.38989399,-157.74190826,2026-08-03T22:00:00.000Z,UAV 4,
FRMORT004,none,,21.39105358,-157.73697074,2026-08-03T22:00:00.000Z,UAV 4,
FRT69004,move to,LOC_중앙킬존남측,21.38065700,-157.73204394,2026-08-03T22:00:00.000Z,UAV 4,
ENCAESAR003,move to,LOC_적북측접근로,21.37585208,-157.73459179,2026-08-03T22:00:00.000Z,UAV 4,
FRM109003,move to,LOC_목표A남측,21.38680864,-157.73465517,2026-08-03T22:00:00.000Z,UAV 4,
FRM109002,move to,LOC_중앙킬존남측,21.38670406,-157.73454745,2026-08-03T22:00:00.000Z,UAV 4,
FRT69008,move to,LOC_중앙킬존남측,21.38096961,-157.73244663,2026-08-03T22:00:00.000Z,UAV 4,
FRT69009,move to,LOC_중앙킬존남측,21.38066035,-157.73234161,2026-08-03T22:00:00.000Z,UAV 4,
FRLAV003,move to,LOC_중앙킬존남측,21.38979255,-157.74180726,2026-08-03T22:00:00.000Z,UAV 4,
FRMORT003,FFE-on-Location,LOC_적북측접근로,21.39122072,-157.73728393,2026-08-03T22:00:00.000Z,UAV 4,
FRM113001,move to,LOC_중앙킬존남측,21.38988667,-157.74163464,2026-08-03T22:00:00.000Z,UAV 4,
FRM109001,move to,LOC_목표A남측,21.38650020,-157.73425927,2026-08-03T22:00:00.000Z,UAV 4,
FRM113004,move to,LOC_중앙킬존남측,21.38974152,-157.74196667,2026-08-03T22:00:00.000Z,UAV 4,
FRAHS002,move to,LOC_중앙킬존남측,21.38655078,-157.73465933,2026-08-03T22:00:00.000Z,UAV 4,
FRT69010,move to,LOC_중앙킬존남측,21.38075758,-157.73208913,2026-08-03T22:00:00.000Z,UAV 4,
FRLAV004,move to,LOC_중앙킬존남측,21.38969449,-157.74169810,2026-08-03T22:00:00.000Z,UAV 4,
FRM901001,none,,21.38680798,-157.73443834,2026-08-03T22:00:00.000Z,UAV 4,
ENCAESAR002,move to,LOC_북측예비방어선,21.37575122,-157.73461497,2026-08-03T22:00:00.000Z,UAV 4,
FRT69002,move to,LOC_중앙킬존남측,21.38062375,-157.73220904,2026-08-03T22:00:00.000Z,UAV 4,
FRT69001,move to,LOC_중앙킬존남측,21.38083112,-157.73220700,2026-08-03T22:00:00.000Z,UAV 4,
FRMORT002,FFE-on-Location,LOC_적박격포진지,21.39124517,-157.73722922,2026-08-03T22:00:00.000Z,UAV 4,
FRM113003,move to,LOC_중앙킬존남측,21.38989816,-157.74194303,2026-08-03T22:00:00.000Z,UAV 4,
FRAHS001,move to,LOC_목표A남측,21.38646271,-157.73469917,2026-08-03T22:00:00.000Z,UAV 4,
FRT69006,move to,LOC_중앙킬존남측,21.38096188,-157.73222439,2026-08-03T22:00:00.000Z,UAV 4,
ENCAESAR004,move to,LOC_북측예비방어선,21.37601276,-157.73451630,2026-08-03T22:00:00.000Z,UAV 4,
FRT69003,move to,LOC_중앙킬존남측,21.38097332,-157.73240275,2026-08-03T22:00:00.000Z,UAV 4,
FRT69005,move to,LOC_중앙킬존남측,21.38100014,-157.73233777,2026-08-03T22:00:00.000Z,UAV 4,
FRM113006,move to,LOC_중앙킬존남측,21.38989399,-157.74190826,2026-08-03T22:00:00.000Z,UAV 4,
FRMORT004,none,,21.39105358,-157.73697074,2026-08-03T22:00:00.000Z,UAV 4,
FRT69004,move to,LOC_중앙킬존남측,21.38065700,-157.73204394,2026-08-03T22:00:00.000Z,UAV 4,
ENCAESAR003,move to,LOC_적북측접근로,21.37585208,-157.73459179,2026-08-03T22:00:00.000Z,UAV 4,
FRM109003,move to,LOC_목표A남측,21.38680864,-157.73465517,2026-08-03T22:00:00.000Z,UAV 4,
FRM109002,move to,LOC_중앙킬존남측,21.38670406,-157.73454745,2026-08-03T22:00:00.000Z,UAV 4,
FRT69008,move to,LOC_중앙킬존남측,21.38096961,-157.73244663,2026-08-03T22:00:00.000Z,UAV 4,
FRT69009,move to,LOC_중앙킬존남측,21.38066035,-157.73234161,2026-08-03T22:00:00.000Z,UAV 4,
FRLAV003,move to,LOC_중앙킬존남측,21.38979255,-157.74180726,2026-08-03T22:00:00.000Z,UAV 4,
FRMORT003,FFE-on-Location,LOC_적북측접근로,21.39122072,-157.73728393,2026-08-03T22:00:00.000Z,UAV 4,
FRM113001,move to,LOC_중앙킬존남측,21.38988667,-157.74163464,2026-08-03T22:00:00.000Z,UAV 4,
FRM109001,move to,LOC_목표A남측,21.38650020,-157.73425927,2026-08-03T22:00:00.000Z,UAV 4,
FRM113004,move to,LOC_중앙킬존남측,21.38974152,-157.74196667,2026-08-03T22:00:00.000Z,UAV 4,
FRAHS002,move to,LOC_중앙킬존남측,21.38655078,-157.73465933,2026-08-03T22:00:00.000Z,UAV 4,
FRT69010,move to,LOC_중앙킬존남측,21.38075758,-157.73208913,2026-08-03T22:00:00.000Z,UAV 4,
FRLAV004,move to,LOC_중앙킬존남측,21.38969449,-157.74169810,2026-08-03T22:00:00.000Z,UAV 4,
FRM901001,none,,21.38680798,-157.73443834,2026-08-03T22:00:01.882Z,UAV 4,
FRT69002,move to,LOC_중앙킬존남측,21.38068872,-157.73226788,2026-08-03T22:00:01.882Z,UAV 4,
FRT69001,move to,LOC_중앙킬존남측,21.38089609,-157.73226584,2026-08-03T22:00:01.882Z,UAV 4,
FRAHS001,move to,LOC_목표A남측,21.38648741,-157.73470726,2026-08-03T22:00:01.882Z,UAV 4,
FRT69006,move to,LOC_중앙킬존남측,21.38102126,-157.73227334,2026-08-03T22:00:01.882Z,UAV 4,
FRT69003,move to,LOC_중앙킬존남측,21.38103269,-157.73245170,2026-08-03T22:00:01.882Z,UAV 4,
FRT69005,move to,LOC_중앙킬존남측,21.38105952,-157.73238672,2026-08-03T22:00:01.882Z,UAV 4,
FRMORT004,none,,21.39105358,-157.73697074,2026-08-03T22:00:01.882Z,UAV 4,
FRT69004,move to,LOC_중앙킬존남측,21.38071638,-157.73209289,2026-08-03T22:00:01.882Z,UAV 4,
FRM109003,move to,LOC_목표A남측,21.38683331,-157.73466323,2026-08-03T22:00:01.882Z,UAV 4,
FRM109002,move to,LOC_중앙킬존남측,21.38672873,-157.73455552,2026-08-03T22:00:01.882Z,UAV 4,
FRT69008,move to,LOC_중앙킬존남측,21.38102899,-157.73249558,2026-08-03T22:00:01.882Z,UAV 4,
FRT69009,move to,LOC_중앙킬존남측,21.38071973,-157.73239056,2026-08-03T22:00:01.882Z,UAV 4,
FRM109001,move to,LOC_목표A남측,21.38652487,-157.73426733,2026-08-03T22:00:01.882Z,UAV 4,
FRAHS002,move to,LOC_중앙킬존남측,21.38657548,-157.73466742,2026-08-03T22:00:01.882Z,UAV 4,
FRT69010,move to,LOC_중앙킬존남측,21.38081696,-157.73213808,2026-08-03T22:00:01.882Z,UAV 4,
FRM901001,none,,21.38680798,-157.73443834,2026-08-03T22:00:01.882Z,UAV 4,
FRT69002,move to,LOC_중앙킬존남측,21.38068872,-157.73226788,2026-08-03T22:00:01.882Z,UAV 4,
FRT69001,move to,LOC_중앙킬존남측,21.38089609,-157.73226584,2026-08-03T22:00:01.882Z,UAV 4,
FRAHS001,move to,LOC_목표A남측,21.38648741,-157.73470726,2026-08-03T22:00:01.882Z,UAV 4,
FRT69006,move to,LOC_중앙킬존남측,21.38102126,-157.73227334,2026-08-03T22:00:01.882Z,UAV 4,
FRT69003,move to,LOC_중앙킬존남측,21.38103269,-157.73245170,2026-08-03T22:00:01.882Z,UAV 4,
FRT69005,move to,LOC_중앙킬존남측,21.38105952,-157.73238672,2026-08-03T22:00:01.882Z,UAV 4,
FRMORT004,none,,21.39105358,-157.73697074,2026-08-03T22:00:01.882Z,UAV 4,
FRT69004,move to,LOC_중앙킬존남측,21.38071638,-157.73209289,2026-08-03T22:00:01.882Z,UAV 4,
FRM109003,move to,LOC_목표A남측,21.38683331,-157.73466323,2026-08-03T22:00:01.882Z,UAV 4,
FRM109002,move to,LOC_중앙킬존남측,21.38672873,-157.73455552,2026-08-03T22:00:01.882Z,UAV 4,
FRT69008,move to,LOC_중앙킬존남측,21.38102899,-157.73249558,2026-08-03T22:00:01.882Z,UAV 4,
FRT69009,move to,LOC_중앙킬존남측,21.38071973,-157.73239056,2026-08-03T22:00:01.882Z,UAV 4,
FRM109001,move to,LOC_목표A남측,21.38652487,-157.73426733,2026-08-03T22:00:01.882Z,UAV 4,
FRAHS002,move to,LOC_중앙킬존남측,21.38657548,-157.73466742,2026-08-03T22:00:01.882Z,UAV 4,
FRT69010,move to,LOC_중앙킬존남측,21.38081696,-157.73213808,2026-08-03T22:00:01.882Z,UAV 4,
FRM901001,none,,21.38680798,-157.73443834,2026-08-03T22:00:00.000Z,UAV 4,
ENCAESAR002,move to,LOC_북측예비방어선,21.37575122,-157.73461497,2026-08-03T22:00:00.000Z,UAV 4,
FRT69002,move to,LOC_중앙킬존남측,21.38062387,-157.73220904,2026-08-03T22:00:00.000Z,UAV 4,
FRT69001,move to,LOC_중앙킬존남측,21.38083124,-157.73220700,2026-08-03T22:00:00.000Z,UAV 4,
FRMORT002,FFE-on-Location,LOC_적박격포진지,21.39124517,-157.73722922,2026-08-03T22:00:00.000Z,UAV 4,
FRM113003,move to,LOC_중앙킬존남측,21.38989816,-157.74194303,2026-08-03T22:00:00.000Z,UAV 4,
FRAHS001,move to,LOC_목표A남측,21.38646271,-157.73469917,2026-08-03T22:00:00.000Z,UAV 4,
FRT69006,move to,LOC_중앙킬존남측,21.38096188,-157.73222439,2026-08-03T22:00:00.000Z,UAV 4,
ENCAESAR004,move to,LOC_북측예비방어선,21.37601276,-157.73451630,2026-08-03T22:00:00.000Z,UAV 4,
FRT69003,move to,LOC_중앙킬존남측,21.38097332,-157.73240275,2026-08-03T22:00:00.000Z,UAV 4,
FRT69005,move to,LOC_중앙킬존남측,21.38100014,-157.73233777,2026-08-03T22:00:00.000Z,UAV 4,
FRM113006,move to,LOC_중앙킬존남측,21.38989399,-157.74190826,2026-08-03T22:00:00.000Z,UAV 4,
FRMORT004,none,,21.39105358,-157.73697074,2026-08-03T22:00:00.000Z,UAV 4,
FRT69004,move to,LOC_중앙킬존남측,21.38065700,-157.73204394,2026-08-03T22:00:00.000Z,UAV 4,
ENCAESAR003,move to,LOC_적북측접근로,21.37585208,-157.73459179,2026-08-03T22:00:00.000Z,UAV 4,
FRM109003,move to,LOC_목표A남측,21.38680864,-157.73465517,2026-08-03T22:00:00.000Z,UAV 4,
FRM109002,move to,LOC_중앙킬존남측,21.38670406,-157.73454745,2026-08-03T22:00:00.000Z,UAV 4,
FRT69008,move to,LOC_중앙킬존남측,21.38096961,-157.73244663,2026-08-03T22:00:00.000Z,UAV 4,
FRT69009,move to,LOC_중앙킬존남측,21.38066035,-157.73234161,2026-08-03T22:00:00.000Z,UAV 4,
FRLAV003,move to,LOC_중앙킬존남측,21.38979255,-157.74180726,2026-08-03T22:00:00.000Z,UAV 4,
FRMORT003,FFE-on-Location,LOC_적북측접근로,21.39122072,-157.73728393,2026-08-03T22:00:00.000Z,UAV 4,
FRM113001,move to,LOC_중앙킬존남측,21.38988667,-157.74163464,2026-08-03T22:00:00.000Z,UAV 4,
FRM109001,move to,LOC_목표A남측,21.38650020,-157.73425927,2026-08-03T22:00:00.000Z,UAV 4,
FRM113004,move to,LOC_중앙킬존남측,21.38974152,-157.74196667,2026-08-03T22:00:00.000Z,UAV 4,
FRAHS002,move to,LOC_중앙킬존남측,21.38655078,-157.73465933,2026-08-03T22:00:00.000Z,UAV 4,
FRT69010,move to,LOC_중앙킬존남측,21.38075758,-157.73208913,2026-08-03T22:00:00.000Z,UAV 4,
FRLAV004,move to,LOC_중앙킬존남측,21.38969449,-157.74169810,2026-08-03T22:00:00.000Z,UAV 4,
FRM901001,none,,21.38680798,-157.73443834,2026-08-03T22:00:01.988Z,UAV 4,
FRT69002,move to,LOC_중앙킬존남측,21.38069557,-157.73228105,2026-08-03T22:00:01.988Z,UAV 4,
FRT69001,move to,LOC_중앙킬존남측,21.38090293,-157.73227901,2026-08-03T22:00:01.988Z,UAV 4,
FRAHS001,move to,LOC_목표A남측,21.38648613,-157.73470656,2026-08-03T22:00:01.988Z,UAV 4,
FRT69006,move to,LOC_중앙킬존남측,21.38102588,-157.73228097,2026-08-03T22:00:01.988Z,UAV 4,
FRT69003,move to,LOC_중앙킬존남측,21.38103732,-157.73245933,2026-08-03T22:00:01.988Z,UAV 4,
FRT69005,move to,LOC_중앙킬존남측,21.38106414,-157.73239435,2026-08-03T22:00:01.988Z,UAV 4,
FRT69004,move to,LOC_중앙킬존남측,21.38072100,-157.73210052,2026-08-03T22:00:01.988Z,UAV 4,
FRM109003,move to,LOC_목표A남측,21.38683202,-157.73466253,2026-08-03T22:00:01.988Z,UAV 4,
FRM109002,move to,LOC_중앙킬존남측,21.38672745,-157.73455482,2026-08-03T22:00:01.988Z,UAV 4,
FRT69008,move to,LOC_중앙킬존남측,21.38103361,-157.73250321,2026-08-03T22:00:01.988Z,UAV 4,
FRT69009,move to,LOC_중앙킬존남측,21.38072435,-157.73239819,2026-08-03T22:00:01.988Z,UAV 4,
FRM109001,move to,LOC_목표A남측,21.38652358,-157.73426663,2026-08-03T22:00:01.988Z,UAV 4,
FRAHS002,move to,LOC_중앙킬존남측,21.38657419,-157.73466672,2026-08-03T22:00:01.988Z,UAV 4,
FRM901001,none,,21.38680798,-157.73443834,2026-08-03T22:00:01.988Z,UAV 4,
FRT69002,move to,LOC_중앙킬존남측,21.38069557,-157.73228105,2026-08-03T22:00:01.988Z,UAV 4,
FRT69001,move to,LOC_중앙킬존남측,21.38090293,-157.73227901,2026-08-03T22:00:01.988Z,UAV 4,
FRAHS001,move to,LOC_목표A남측,21.38648613,-157.73470656,2026-08-03T22:00:01.988Z,UAV 4,
FRT69006,move to,LOC_중앙킬존남측,21.38102588,-157.73228097,2026-08-03T22:00:01.988Z,UAV 4,
FRT69003,move to,LOC_중앙킬존남측,21.38103732,-157.73245933,2026-08-03T22:00:01.988Z,UAV 4,
FRT69005,move to,LOC_중앙킬존남측,21.38106414,-157.73239435,2026-08-03T22:00:01.988Z,UAV 4,
FRT69004,move to,LOC_중앙킬존남측,21.38072100,-157.73210052,2026-08-03T22:00:01.988Z,UAV 4,
FRM109003,move to,LOC_목표A남측,21.38683202,-157.73466253,2026-08-03T22:00:01.988Z,UAV 4,
FRM109002,move to,LOC_중앙킬존남측,21.38672745,-157.73455482,2026-08-03T22:00:01.988Z,UAV 4,
FRT69008,move to,LOC_중앙킬존남측,21.38103361,-157.73250321,2026-08-03T22:00:01.988Z,UAV 4,
FRT69009,move to,LOC_중앙킬존남측,21.38072435,-157.73239819,2026-08-03T22:00:01.988Z,UAV 4,
FRM109001,move to,LOC_목표A남측,21.38652358,-157.73426663,2026-08-03T22:00:01.988Z,UAV 4,
FRAHS002,move to,LOC_중앙킬존남측,21.38657419,-157.73466672,2026-08-03T22:00:01.988Z,UAV 4,
FRM109002,move to,LOC_중앙킬존남측,21.38395698,-157.74024238,2026-08-03T22:01:09.548Z,UAV 4,
FRM109002,move to,LOC_중앙킬존남측,21.38387999,-157.74039493,2026-08-03T22:01:11.380Z,UAV 4,
FRAHS002,move to,LOC_중앙킬존남측,21.38376105,-157.74053295,2026-08-03T22:01:11.380Z,UAV 4,
FRM109002,move to,LOC_중앙킬존남측,21.38387999,-157.74039493,2026-08-03T22:01:11.380Z,UAV 4,
FRAHS002,move to,LOC_중앙킬존남측,21.38376105,-157.74053295,2026-08-03T22:01:11.380Z,UAV 4,
FRAHS002,move to,LOC_중앙킬존남측,21.38367060,-157.74071519,2026-08-03T22:01:13.484Z,UAV 4,
ENGAZ001,move to,LOC_적북측접근로,21.37345614,-157.73299467,2026-08-03T22:00:03.223Z,UAV 4,
FRT69002,move to,LOC_중앙킬존남측,21.38062354,-157.73220904,2026-08-03T22:00:00.000Z,UAV 4,
FRT69001,move to,LOC_중앙킬존남측,21.38083091,-157.73220700,2026-08-03T22:00:00.000Z,UAV 4,
FRMORT002,FFE-on-Location,LOC_적박격포진지,21.39124517,-157.73722922,2026-08-03T22:00:00.000Z,UAV 4,
ENM35004,move to,LOC_적북측접근로,21.37321699,-157.73305944,2026-08-03T22:00:00.000Z,UAV 4,
ENGAZ001,move to,LOC_적북측접근로,21.37337528,-157.73279257,2026-08-03T22:00:00.000Z,UAV 4,
FRT69006,move to,LOC_중앙킬존남측,21.38096188,-157.73222439,2026-08-03T22:00:00.000Z,UAV 4,
FRLAV002,move to,LOC_중앙킬존남측,21.38989760,-157.74176125,2026-08-03T22:00:00.000Z,UAV 4,
FRT69003,move to,LOC_중앙킬존남측,21.38097332,-157.73240275,2026-08-03T22:00:00.000Z,UAV 4,
FRT69005,move to,LOC_중앙킬존남측,21.38100014,-157.73233777,2026-08-03T22:00:00.000Z,UAV 4,
FRM113002,move to,LOC_중앙킬존남측,21.38982569,-157.74169886,2026-08-03T22:00:00.000Z,UAV 4,
ENGAZ002,move to,LOC_적북측접근로,21.37349402,-157.73315589,2026-08-03T22:00:00.000Z,UAV 4,
ENM35002,move to,LOC_적북측접근로,21.37340544,-157.73283903,2026-08-03T22:00:00.000Z,UAV 4,
FRLAV008,move to,LOC_중앙킬존남측,21.39000596,-157.74175678,2026-08-03T22:00:00.000Z,UAV 4,
ENGAZ003,move to,LOC_적북측접근로,21.37338431,-157.73326221,2026-08-03T22:00:00.000Z,UAV 4,
ENM35001,move to,LOC_적북측접근로,21.37314687,-157.73312307,2026-08-03T22:00:00.000Z,UAV 4,
FRM113006,move to,LOC_중앙킬존남측,21.38989399,-157.74190826,2026-08-03T22:00:00.000Z,UAV 4,
FRMORT004,none,,21.39105358,-157.73697074,2026-08-03T22:00:00.000Z,UAV 4,
FRT69004,move to,LOC_중앙킬존남측,21.38065700,-157.73204394,2026-08-03T22:00:00.000Z,UAV 4,
FRT69008,move to,LOC_중앙킬존남측,21.38096961,-157.73244663,2026-08-03T22:00:00.000Z,UAV 4,
FRT69009,move to,LOC_중앙킬존남측,21.38066035,-157.73234161,2026-08-03T22:00:00.000Z,UAV 4,
FRLAV003,move to,LOC_중앙킬존남측,21.38979255,-157.74180726,2026-08-03T22:00:00.000Z,UAV 4,
ENGAZ004,move to,LOC_적북측접근로,21.37336764,-157.73318922,2026-08-03T22:00:00.000Z,UAV 4,
FRMORT003,FFE-on-Location,LOC_적북측접근로,21.39122072,-157.73728393,2026-08-03T22:00:00.000Z,UAV 4,
FRM113005,move to,LOC_중앙킬존남측,21.38979774,-157.74205529,2026-08-03T22:00:00.000Z,UAV 4,
FRM113001,move to,LOC_중앙킬존남측,21.38988667,-157.74163464,2026-08-03T22:00:00.000Z,UAV 4,
FRM113004,move to,LOC_중앙킬존남측,21.38976158,-157.74194084,2026-08-03T22:00:00.000Z,UAV 4,
FRT69010,move to,LOC_중앙킬존남측,21.38075758,-157.73208913,2026-08-03T22:00:00.000Z,UAV 4,
FRLAV004,move to,LOC_중앙킬존남측,21.38960746,-157.74166506,2026-08-03T22:00:00.000Z,UAV 4,
FRT69002,move to,LOC_중앙킬존남측,21.38069437,-157.73228703,2026-08-03T22:00:02.064Z,UAV 4,
FRT69001,move to,LOC_중앙킬존남측,21.38090174,-157.73228499,2026-08-03T22:00:02.064Z,UAV 4,
ENM35004,move to,LOC_적북측접근로,21.37326348,-157.73309289,2026-08-03T22:00:02.064Z,UAV 4,
FRT69006,move to,LOC_중앙킬존남측,21.38102675,-157.73228858,2026-08-03T22:00:02.064Z,UAV 4,
FRT69003,move to,LOC_중앙킬존남측,21.38103818,-157.73246694,2026-08-03T22:00:02.064Z,UAV 4,
FRT69005,move to,LOC_중앙킬존남측,21.38106501,-157.73240196,2026-08-03T22:00:02.064Z,UAV 4,
ENGAZ002,move to,LOC_적북측접근로,21.37356519,-157.73320538,2026-08-03T22:00:02.064Z,UAV 4,
ENM35002,move to,LOC_적북측접근로,21.37345419,-157.73287401,2026-08-03T22:00:02.064Z,UAV 4,
ENGAZ003,move to,LOC_적북측접근로,21.37345394,-157.73331114,2026-08-03T22:00:02.064Z,UAV 4,
ENM35001,move to,LOC_적북측접근로,21.37319311,-157.73315636,2026-08-03T22:00:02.064Z,UAV 4,
FRT69004,move to,LOC_중앙킬존남측,21.38072187,-157.73210813,2026-08-03T22:00:02.064Z,UAV 4,
FRT69008,move to,LOC_중앙킬존남측,21.38103447,-157.73251082,2026-08-03T22:00:02.064Z,UAV 4,
FRT69009,move to,LOC_중앙킬존남측,21.38072522,-157.73240580,2026-08-03T22:00:02.064Z,UAV 4,
ENGAZ004,move to,LOC_적북측접근로,21.37343744,-157.73323823,2026-08-03T22:00:02.064Z,UAV 4,
FRM109001,FFE-on-Location,LOC_적포병진지,21.39515360,-157.73702065,2026-08-03T22:00:02.064Z,UAV 4,
ENM35003,move to,LOC_적북측접근로,21.37360559,-157.73319104,2026-08-03T22:00:02.064Z,UAV 4,
FRT69002,move to,LOC_중앙킬존남측,21.38069437,-157.73228703,2026-08-03T22:00:02.064Z,UAV 4,
FRT69001,move to,LOC_중앙킬존남측,21.38090174,-157.73228499,2026-08-03T22:00:02.064Z,UAV 4,
ENM35004,move to,LOC_적북측접근로,21.37326348,-157.73309289,2026-08-03T22:00:02.064Z,UAV 4,
FRT69006,move to,LOC_중앙킬존남측,21.38102675,-157.73228858,2026-08-03T22:00:02.064Z,UAV 4,
FRT69003,move to,LOC_중앙킬존남측,21.38103818,-157.73246694,2026-08-03T22:00:02.064Z,UAV 4,
FRT69005,move to,LOC_중앙킬존남측,21.38106501,-157.73240196,2026-08-03T22:00:02.064Z,UAV 4,
ENGAZ002,move to,LOC_적북측접근로,21.37356519,-157.73320538,2026-08-03T22:00:02.064Z,UAV 4,
ENM35002,move to,LOC_적북측접근로,21.37345419,-157.73287401,2026-08-03T22:00:02.064Z,UAV 4,
ENGAZ003,move to,LOC_적북측접근로,21.37345394,-157.73331114,2026-08-03T22:00:02.064Z,UAV 4,
ENM35001,move to,LOC_적북측접근로,21.37319311,-157.73315636,2026-08-03T22:00:02.064Z,UAV 4,
FRT69004,move to,LOC_중앙킬존남측,21.38072187,-157.73210813,2026-08-03T22:00:02.064Z,UAV 4,
FRT69008,move to,LOC_중앙킬존남측,21.38103447,-157.73251082,2026-08-03T22:00:02.064Z,UAV 4,
FRT69009,move to,LOC_중앙킬존남측,21.38072522,-157.73240580,2026-08-03T22:00:02.064Z,UAV 4,
ENGAZ004,move to,LOC_적북측접근로,21.37343744,-157.73323823,2026-08-03T22:00:02.064Z,UAV 4,
FRM109001,FFE-on-Location,LOC_적포병진지,21.39515360,-157.73702065,2026-08-03T22:00:02.064Z,UAV 4,
ENM35003,move to,LOC_적북측접근로,21.37360559,-157.73319104,2026-08-03T22:00:02.064Z,UAV 4,
FRT69002,move to,LOC_중앙킬존남측,21.38069437,-157.73228703,2026-08-03T22:00:02.064Z,UAV 4,
FRT69001,move to,LOC_중앙킬존남측,21.38090174,-157.73228499,2026-08-03T22:00:02.064Z,UAV 4,
ENM35004,move to,LOC_적북측접근로,21.37326348,-157.73309289,2026-08-03T22:00:02.064Z,UAV 4,
FRT69006,move to,LOC_중앙킬존남측,21.38102675,-157.73228858,2026-08-03T22:00:02.064Z,UAV 4,
FRT69003,move to,LOC_중앙킬존남측,21.38103818,-157.73246694,2026-08-03T22:00:02.064Z,UAV 4,
FRT69005,move to,LOC_중앙킬존남측,21.38106501,-157.73240196,2026-08-03T22:00:02.064Z,UAV 4,
ENGAZ002,move to,LOC_적북측접근로,21.37356519,-157.73320538,2026-08-03T22:00:02.064Z,UAV 4,
ENM35002,move to,LOC_적북측접근로,21.37345419,-157.73287401,2026-08-03T22:00:02.064Z,UAV 4,
ENGAZ003,move to,LOC_적북측접근로,21.37345394,-157.73331114,2026-08-03T22:00:02.064Z,UAV 4,
ENM35001,move to,LOC_적북측접근로,21.37319311,-157.73315636,2026-08-03T22:00:02.064Z,UAV 4,
FRT69004,move to,LOC_중앙킬존남측,21.38072187,-157.73210813,2026-08-03T22:00:02.064Z,UAV 4,
FRT69008,move to,LOC_중앙킬존남측,21.38103447,-157.73251082,2026-08-03T22:00:02.064Z,UAV 4,
FRT69009,move to,LOC_중앙킬존남측,21.38072522,-157.73240580,2026-08-03T22:00:02.064Z,UAV 4,
ENGAZ004,move to,LOC_적북측접근로,21.37343744,-157.73323823,2026-08-03T22:00:02.064Z,UAV 4,
FRM109001,FFE-on-Location,LOC_적포병진지,21.39515360,-157.73702065,2026-08-03T22:00:02.064Z,UAV 4,
ENM35003,move to,LOC_적북측접근로,21.37360559,-157.73319104,2026-08-03T22:00:02.064Z,UAV 4,
FRT69002,move to,LOC_중앙킬존남측,21.38062359,-157.73220904,2026-08-03T22:00:00.000Z,UAV 4,
FRT69001,move to,LOC_중앙킬존남측,21.38083096,-157.73220700,2026-08-03T22:00:00.000Z,UAV 4,
FRMORT002,FFE-on-Location,LOC_적박격포진지,21.39124517,-157.73722922,2026-08-03T22:00:00.000Z,UAV 4,
ENM35004,move to,LOC_적북측접근로,21.37321699,-157.73305944,2026-08-03T22:00:00.000Z,UAV 4,
ENGAZ001,move to,LOC_적북측접근로,21.37337528,-157.73279257,2026-08-03T22:00:00.000Z,UAV 4,
FRT69006,move to,LOC_중앙킬존남측,21.38096188,-157.73222439,2026-08-03T22:00:00.000Z,UAV 4,
FRLAV002,move to,LOC_중앙킬존남측,21.38989760,-157.74176125,2026-08-03T22:00:00.000Z,UAV 4,
FRT69003,move to,LOC_중앙킬존남측,21.38097332,-157.73240275,2026-08-03T22:00:00.000Z,UAV 4,
FRT69005,move to,LOC_중앙킬존남측,21.38100014,-157.73233777,2026-08-03T22:00:00.000Z,UAV 4,
FRM113002,move to,LOC_중앙킬존남측,21.38982569,-157.74169886,2026-08-03T22:00:00.000Z,UAV 4,
ENGAZ002,move to,LOC_적북측접근로,21.37349402,-157.73315589,2026-08-03T22:00:00.000Z,UAV 4,
ENM35002,move to,LOC_적북측접근로,21.37340544,-157.73283903,2026-08-03T22:00:00.000Z,UAV 4,
FRLAV008,move to,LOC_중앙킬존남측,21.39000596,-157.74175678,2026-08-03T22:00:00.000Z,UAV 4,
ENGAZ003,move to,LOC_적북측접근로,21.37338431,-157.73326221,2026-08-03T22:00:00.000Z,UAV 4,
ENM35001,move to,LOC_적북측접근로,21.37314687,-157.73312307,2026-08-03T22:00:00.000Z,UAV 4,
FRM113006,move to,LOC_중앙킬존남측,21.38989399,-157.74190826,2026-08-03T22:00:00.000Z,UAV 4,
FRMORT004,none,,21.39105358,-157.73697074,2026-08-03T22:00:00.000Z,UAV 4,
FRT69004,move to,LOC_중앙킬존남측,21.38065700,-157.73204394,2026-08-03T22:00:00.000Z,UAV 4,
FRT69008,move to,LOC_중앙킬존남측,21.38096961,-157.73244663,2026-08-03T22:00:00.000Z,UAV 4,
FRT69009,move to,LOC_중앙킬존남측,21.38066035,-157.73234161,2026-08-03T22:00:00.000Z,UAV 4,
FRLAV003,move to,LOC_중앙킬존남측,21.38979255,-157.74180726,2026-08-03T22:00:00.000Z,UAV 4,
ENGAZ004,move to,LOC_적북측접근로,21.37336764,-157.73318922,2026-08-03T22:00:00.000Z,UAV 4,
FRMORT003,FFE-on-Location,LOC_적북측접근로,21.39122072,-157.73728393,2026-08-03T22:00:00.000Z,UAV 4,
FRM113005,move to,LOC_중앙킬존남측,21.38979774,-157.74205529,2026-08-03T22:00:00.000Z,UAV 4,
FRM113001,move to,LOC_중앙킬존남측,21.38988667,-157.74163464,2026-08-03T22:00:00.000Z,UAV 4,
FRM113004,move to,LOC_중앙킬존남측,21.38976158,-157.74194084,2026-08-03T22:00:00.000Z,UAV 4,
FRT69010,move to,LOC_중앙킬존남측,21.38075758,-157.73208913,2026-08-03T22:00:00.000Z,UAV 4,
FRLAV004,move to,LOC_중앙킬존남측,21.38960746,-157.74166506,2026-08-03T22:00:00.000Z,UAV 4,
FRT69002,move to,LOC_중앙킬존남측,21.38062359,-157.73220904,2026-08-03T22:00:00.000Z,UAV 4,
FRT69001,move to,LOC_중앙킬존남측,21.38083096,-157.73220700,2026-08-03T22:00:00.000Z,UAV 4,
FRMORT002,FFE-on-Location,LOC_적박격포진지,21.39124517,-157.73722922,2026-08-03T22:00:00.000Z,UAV 4,
ENM35004,move to,LOC_적북측접근로,21.37321699,-157.73305944,2026-08-03T22:00:00.000Z,UAV 4,
ENGAZ001,move to,LOC_적북측접근로,21.37337528,-157.73279257,2026-08-03T22:00:00.000Z,UAV 4,
FRT69006,move to,LOC_중앙킬존남측,21.38096188,-157.73222439,2026-08-03T22:00:00.000Z,UAV 4,
FRLAV002,move to,LOC_중앙킬존남측,21.38989760,-157.74176125,2026-08-03T22:00:00.000Z,UAV 4,
FRT69003,move to,LOC_중앙킬존남측,21.38097332,-157.73240275,2026-08-03T22:00:00.000Z,UAV 4,
FRT69005,move to,LOC_중앙킬존남측,21.38100014,-157.73233777,2026-08-03T22:00:00.000Z,UAV 4,
FRM113002,move to,LOC_중앙킬존남측,21.38982569,-157.74169886,2026-08-03T22:00:00.000Z,UAV 4,
ENGAZ002,move to,LOC_적북측접근로,21.37349402,-157.73315589,2026-08-03T22:00:00.000Z,UAV 4,
ENM35002,move to,LOC_적북측접근로,21.37340544,-157.73283903,2026-08-03T22:00:00.000Z,UAV 4,
FRLAV008,move to,LOC_중앙킬존남측,21.39000596,-157.74175678,2026-08-03T22:00:00.000Z,UAV 4,
ENGAZ003,move to,LOC_적북측접근로,21.37338431,-157.73326221,2026-08-03T22:00:00.000Z,UAV 4,
ENM35001,move to,LOC_적북측접근로,21.37314687,-157.73312307,2026-08-03T22:00:00.000Z,UAV 4,
FRM113006,move to,LOC_중앙킬존남측,21.38989399,-157.74190826,2026-08-03T22:00:00.000Z,UAV 4,
FRMORT004,none,,21.39105358,-157.73697074,2026-08-03T22:00:00.000Z,UAV 4,
FRT69004,move to,LOC_중앙킬존남측,21.38065700,-157.73204394,2026-08-03T22:00:00.000Z,UAV 4,
FRT69008,move to,LOC_중앙킬존남측,21.38096961,-157.73244663,2026-08-03T22:00:00.000Z,UAV 4,
FRT69009,move to,LOC_중앙킬존남측,21.38066035,-157.73234161,2026-08-03T22:00:00.000Z,UAV 4,
FRLAV003,move to,LOC_중앙킬존남측,21.38979255,-157.74180726,2026-08-03T22:00:00.000Z,UAV 4,
ENGAZ004,move to,LOC_적북측접근로,21.37336764,-157.73318922,2026-08-03T22:00:00.000Z,UAV 4,
FRMORT003,FFE-on-Location,LOC_적북측접근로,21.39122072,-157.73728393,2026-08-03T22:00:00.000Z,UAV 4,
FRM113005,move to,LOC_중앙킬존남측,21.38979774,-157.74205529,2026-08-03T22:00:00.000Z,UAV 4,
FRM113001,move to,LOC_중앙킬존남측,21.38988667,-157.74163464,2026-08-03T22:00:00.000Z,UAV 4,
FRM113004,move to,LOC_중앙킬존남측,21.38976158,-157.74194084,2026-08-03T22:00:00.000Z,UAV 4,
FRT69010,move to,LOC_중앙킬존남측,21.38075758,-157.73208913,2026-08-03T22:00:00.000Z,UAV 4,
FRLAV004,move to,LOC_중앙킬존남측,21.38960746,-157.74166506,2026-08-03T22:00:00.000Z,UAV 4,
FRT69002,move to,LOC_중앙킬존남측,21.38069443,-157.73227274,2026-08-03T22:00:01.908Z,UAV 4,
FRT69001,move to,LOC_중앙킬존남측,21.38090180,-157.73227071,2026-08-03T22:00:01.908Z,UAV 4,
FRMORT002,FFE-on-Location,LOC_적박격포진지,21.39124517,-157.73722922,2026-08-03T22:00:01.908Z,UAV 4,
ENM35004,move to,LOC_적북측접근로,21.37325870,-157.73308482,2026-08-03T22:00:01.908Z,UAV 4,
ENGAZ001,move to,LOC_적북측접근로,21.37343965,-157.73283212,2026-08-03T22:00:01.908Z,UAV 4,
FRT69006,move to,LOC_중앙킬존남측,21.38102402,-157.73227353,2026-08-03T22:00:01.908Z,UAV 4,
FRT69003,move to,LOC_중앙킬존남측,21.38103545,-157.73245189,2026-08-03T22:00:01.908Z,UAV 4,
FRT69005,move to,LOC_중앙킬존남측,21.38106228,-157.73238691,2026-08-03T22:00:01.908Z,UAV 4,
ENGAZ002,move to,LOC_적북측접근로,21.37355736,-157.73319473,2026-08-03T22:00:01.908Z,UAV 4,
ENM35002,move to,LOC_적북측접근로,21.37344901,-157.73286594,2026-08-03T22:00:01.908Z,UAV 4,
ENGAZ003,move to,LOC_적북측접근로,21.37344652,-157.73330030,2026-08-03T22:00:01.908Z,UAV 4,
ENM35001,move to,LOC_적북측접근로,21.37318840,-157.73314825,2026-08-03T22:00:01.908Z,UAV 4,
FRMORT004,none,,21.39105358,-157.73697074,2026-08-03T22:00:01.908Z,UAV 4,
FRT69004,move to,LOC_중앙킬존남측,21.38071914,-157.73209308,2026-08-03T22:00:01.908Z,UAV 4,
FRT69008,move to,LOC_중앙킬존남측,21.38103174,-157.73249578,2026-08-03T22:00:01.908Z,UAV 4,
FRT69009,move to,LOC_중앙킬존남측,21.38072249,-157.73239075,2026-08-03T22:00:01.908Z,UAV 4,
ENGAZ004,move to,LOC_적북측접근로,21.37342997,-157.73322737,2026-08-03T22:00:01.908Z,UAV 4,
FRAHS001,FFE-on-Location,LOC_적포병진지,21.39511611,-157.73746058,2026-08-03T22:00:01.908Z,UAV 4,
FRM109002,FFE-on-Location,LOC_적박격포진지,21.39535746,-157.73730886,2026-08-03T22:00:01.908Z,UAV 4,
FRM109001,FFE-on-Location,LOC_적포병진지,21.39515360,-157.73702065,2026-08-03T22:00:01.908Z,UAV 4,
FRAHS002,FFE-on-Location,LOC_적박격포진지,21.39520418,-157.73742074,2026-08-03T22:00:01.908Z,UAV 4,
ENM35003,move to,LOC_적북측접근로,21.37360040,-157.73318315,2026-08-03T22:00:01.908Z,UAV 4,
FRT69002,move to,LOC_중앙킬존남측,21.38069443,-157.73227274,2026-08-03T22:00:01.908Z,UAV 4,
FRT69001,move to,LOC_중앙킬존남측,21.38090180,-157.73227071,2026-08-03T22:00:01.908Z,UAV 4,
FRMORT002,FFE-on-Location,LOC_적박격포진지,21.39124517,-157.73722922,2026-08-03T22:00:01.908Z,UAV 4,
ENM35004,move to,LOC_적북측접근로,21.37325870,-157.73308482,2026-08-03T22:00:01.908Z,UAV 4,
ENGAZ001,move to,LOC_적북측접근로,21.37343965,-157.73283212,2026-08-03T22:00:01.908Z,UAV 4,
FRT69006,move to,LOC_중앙킬존남측,21.38102402,-157.73227353,2026-08-03T22:00:01.908Z,UAV 4,
FRT69003,move to,LOC_중앙킬존남측,21.38103545,-157.73245189,2026-08-03T22:00:01.908Z,UAV 4,
FRT69005,move to,LOC_중앙킬존남측,21.38106228,-157.73238691,2026-08-03T22:00:01.908Z,UAV 4,
ENGAZ002,move to,LOC_적북측접근로,21.37355736,-157.73319473,2026-08-03T22:00:01.908Z,UAV 4,
ENM35002,move to,LOC_적북측접근로,21.37344901,-157.73286594,2026-08-03T22:00:01.908Z,UAV 4,
ENGAZ003,move to,LOC_적북측접근로,21.37344652,-157.73330030,2026-08-03T22:00:01.908Z,UAV 4,
ENM35001,move to,LOC_적북측접근로,21.37318840,-157.73314825,2026-08-03T22:00:01.908Z,UAV 4,
FRMORT004,none,,21.39105358,-157.73697074,2026-08-03T22:00:01.908Z,UAV 4,
FRT69004,move to,LOC_중앙킬존남측,21.38071914,-157.73209308,2026-08-03T22:00:01.908Z,UAV 4,
FRT69008,move to,LOC_중앙킬존남측,21.38103174,-157.73249578,2026-08-03T22:00:01.908Z,UAV 4,
FRT69009,move to,LOC_중앙킬존남측,21.38072249,-157.73239075,2026-08-03T22:00:01.908Z,UAV 4,
ENGAZ004,move to,LOC_적북측접근로,21.37342997,-157.73322737,2026-08-03T22:00:01.908Z,UAV 4,
FRAHS001,FFE-on-Location,LOC_적포병진지,21.39511611,-157.73746058,2026-08-03T22:00:01.908Z,UAV 4,
FRM109002,FFE-on-Location,LOC_적박격포진지,21.39535746,-157.73730886,2026-08-03T22:00:01.908Z,UAV 4,
FRM109001,FFE-on-Location,LOC_적포병진지,21.39515360,-157.73702065,2026-08-03T22:00:01.908Z,UAV 4,
FRAHS002,FFE-on-Location,LOC_적박격포진지,21.39520418,-157.73742074,2026-08-03T22:00:01.908Z,UAV 4,
ENM35003,move to,LOC_적북측접근로,21.37360040,-157.73318315,2026-08-03T22:00:01.908Z,UAV 4,
FRZPU003,none,,21.38640140,-157.73886953,2026-08-03T22:01:07.792Z,UAV 4,
FRZPU001,none,,21.38648413,-157.73896632,2026-08-03T22:01:07.792Z,UAV 4,
FRZPU003,none,,21.38640140,-157.73886953,2026-08-03T22:01:07.792Z,UAV 4,
FRZPU001,none,,21.38648413,-157.73896632,2026-08-03T22:01:07.792Z,UAV 4,
FRT80002,move to,LOC_중앙킬존남측,21.38076181,-157.74651392,2026-08-03T22:01:36.427Z,UAV 4,
FRT80008,move to,LOC_목표A남측,21.38089896,-157.74636711,2026-08-03T22:01:36.427Z,UAV 4,
FRT80003,none,,21.38084291,-157.74641246,2026-08-03T22:01:36.427Z,UAV 4,
FRT80002,move to,LOC_중앙킬존남측,21.38076181,-157.74651392,2026-08-03T22:01:36.427Z,UAV 4,
FRT80008,move to,LOC_목표A남측,21.38089896,-157.74636711,2026-08-03T22:01:36.427Z,UAV 4,
FRT80003,none,,21.38084291,-157.74641246,2026-08-03T22:01:36.427Z,UAV 4,
FRT69002,move to,LOC_중앙킬존남측,21.38062360,-157.73220904,2026-08-03T22:00:00.000Z,UAV 4,
FRT69001,move to,LOC_중앙킬존남측,21.38083097,-157.73220700,2026-08-03T22:00:00.000Z,UAV 4,
FRMORT002,FFE-on-Location,LOC_적박격포진지,21.39124517,-157.73722922,2026-08-03T22:00:00.000Z,UAV 4,
ENM35004,move to,LOC_적북측접근로,21.37321699,-157.73305944,2026-08-03T22:00:00.000Z,UAV 4,
ENGAZ001,move to,LOC_적북측접근로,21.37337528,-157.73279257,2026-08-03T22:00:00.000Z,UAV 4,
FRT69006,move to,LOC_중앙킬존남측,21.38096188,-157.73222439,2026-08-03T22:00:00.000Z,UAV 4,
FRLAV002,move to,LOC_중앙킬존남측,21.38989760,-157.74176125,2026-08-03T22:00:00.000Z,UAV 4,
FRT69003,move to,LOC_중앙킬존남측,21.38097332,-157.73240275,2026-08-03T22:00:00.000Z,UAV 4,
FRT69005,move to,LOC_중앙킬존남측,21.38100014,-157.73233777,2026-08-03T22:00:00.000Z,UAV 4,
FRM113002,move to,LOC_중앙킬존남측,21.38982569,-157.74169886,2026-08-03T22:00:00.000Z,UAV 4,
ENGAZ002,move to,LOC_적북측접근로,21.37349402,-157.73315589,2026-08-03T22:00:00.000Z,UAV 4,
ENM35002,move to,LOC_적북측접근로,21.37340544,-157.73283903,2026-08-03T22:00:00.000Z,UAV 4,
FRLAV008,move to,LOC_중앙킬존남측,21.39000596,-157.74175678,2026-08-03T22:00:00.000Z,UAV 4,
ENGAZ003,move to,LOC_적북측접근로,21.37338431,-157.73326221,2026-08-03T22:00:00.000Z,UAV 4,
ENM35001,move to,LOC_적북측접근로,21.37314687,-157.73312307,2026-08-03T22:00:00.000Z,UAV 4,
FRM113006,move to,LOC_중앙킬존남측,21.38989399,-157.74190826,2026-08-03T22:00:00.000Z,UAV 4,
FRMORT004,none,,21.39105358,-157.73697074,2026-08-03T22:00:00.000Z,UAV 4,
FRT69004,move to,LOC_중앙킬존남측,21.38065700,-157.73204394,2026-08-03T22:00:00.000Z,UAV 4,
FRT69008,move to,LOC_중앙킬존남측,21.38096961,-157.73244663,2026-08-03T22:00:00.000Z,UAV 4,
FRT69009,move to,LOC_중앙킬존남측,21.38066035,-157.73234161,2026-08-03T22:00:00.000Z,UAV 4,
FRLAV003,move to,LOC_중앙킬존남측,21.38979255,-157.74180726,2026-08-03T22:00:00.000Z,UAV 4,
ENGAZ004,move to,LOC_적북측접근로,21.37336764,-157.73318922,2026-08-03T22:00:00.000Z,UAV 4,
FRMORT003,FFE-on-Location,LOC_적북측접근로,21.39122072,-157.73728393,2026-08-03T22:00:00.000Z,UAV 4,
FRM113005,move to,LOC_중앙킬존남측,21.38979774,-157.74205529,2026-08-03T22:00:00.000Z,UAV 4,
FRM113001,move to,LOC_중앙킬존남측,21.38988667,-157.74163464,2026-08-03T22:00:00.000Z,UAV 4,
FRM113004,move to,LOC_중앙킬존남측,21.38976158,-157.74194084,2026-08-03T22:00:00.000Z,UAV 4,
FRT69010,move to,LOC_중앙킬존남측,21.38075758,-157.73208913,2026-08-03T22:00:00.000Z,UAV 4,
FRLAV004,move to,LOC_중앙킬존남측,21.38960746,-157.74166506,2026-08-03T22:00:00.000Z,UAV 4,
FRT69002,move to,LOC_중앙킬존남측,21.38062360,-157.73220904,2026-08-03T22:00:00.000Z,UAV 4,
FRT69001,move to,LOC_중앙킬존남측,21.38083097,-157.73220700,2026-08-03T22:00:00.000Z,UAV 4,
FRMORT002,FFE-on-Location,LOC_적박격포진지,21.39124517,-157.73722922,2026-08-03T22:00:00.000Z,UAV 4,
ENM35004,move to,LOC_적북측접근로,21.37321699,-157.73305944,2026-08-03T22:00:00.000Z,UAV 4,
ENGAZ001,move to,LOC_적북측접근로,21.37337528,-157.73279257,2026-08-03T22:00:00.000Z,UAV 4,
FRT69006,move to,LOC_중앙킬존남측,21.38096188,-157.73222439,2026-08-03T22:00:00.000Z,UAV 4,
FRLAV002,move to,LOC_중앙킬존남측,21.38989760,-157.74176125,2026-08-03T22:00:00.000Z,UAV 4,
FRT69003,move to,LOC_중앙킬존남측,21.38097332,-157.73240275,2026-08-03T22:00:00.000Z,UAV 4,
FRT69005,move to,LOC_중앙킬존남측,21.38100014,-157.73233777,2026-08-03T22:00:00.000Z,UAV 4,
FRM113002,move to,LOC_중앙킬존남측,21.38982569,-157.74169886,2026-08-03T22:00:00.000Z,UAV 4,
ENGAZ002,move to,LOC_적북측접근로,21.37349402,-157.73315589,2026-08-03T22:00:00.000Z,UAV 4,
ENM35002,move to,LOC_적북측접근로,21.37340544,-157.73283903,2026-08-03T22:00:00.000Z,UAV 4,
FRLAV008,move to,LOC_중앙킬존남측,21.39000596,-157.74175678,2026-08-03T22:00:00.000Z,UAV 4,
ENGAZ003,move to,LOC_적북측접근로,21.37338431,-157.73326221,2026-08-03T22:00:00.000Z,UAV 4,
ENM35001,move to,LOC_적북측접근로,21.37314687,-157.73312307,2026-08-03T22:00:00.000Z,UAV 4,
FRM113006,move to,LOC_중앙킬존남측,21.38989399,-157.74190826,2026-08-03T22:00:00.000Z,UAV 4,
FRMORT004,none,,21.39105358,-157.73697074,2026-08-03T22:00:00.000Z,UAV 4,
FRT69004,move to,LOC_중앙킬존남측,21.38065700,-157.73204394,2026-08-03T22:00:00.000Z,UAV 4,
FRT69008,move to,LOC_중앙킬존남측,21.38096961,-157.73244663,2026-08-03T22:00:00.000Z,UAV 4,
FRT69009,move to,LOC_중앙킬존남측,21.38066035,-157.73234161,2026-08-03T22:00:00.000Z,UAV 4,
FRLAV003,move to,LOC_중앙킬존남측,21.38979255,-157.74180726,2026-08-03T22:00:00.000Z,UAV 4,
ENGAZ004,move to,LOC_적북측접근로,21.37336764,-157.73318922,2026-08-03T22:00:00.000Z,UAV 4,
FRMORT003,FFE-on-Location,LOC_적북측접근로,21.39122072,-157.73728393,2026-08-03T22:00:00.000Z,UAV 4,
FRM113005,move to,LOC_중앙킬존남측,21.38979774,-157.74205529,2026-08-03T22:00:00.000Z,UAV 4,
FRM113001,move to,LOC_중앙킬존남측,21.38988667,-157.74163464,2026-08-03T22:00:00.000Z,UAV 4,
FRM113004,move to,LOC_중앙킬존남측,21.38976158,-157.74194084,2026-08-03T22:00:00.000Z,UAV 4,
FRT69010,move to,LOC_중앙킬존남측,21.38075758,-157.73208913,2026-08-03T22:00:00.000Z,UAV 4,
FRLAV004,move to,LOC_중앙킬존남측,21.38960746,-157.74166506,2026-08-03T22:00:00.000Z,UAV 4,
FRT69002,move to,LOC_중앙킬존남측,21.38069338,-157.73227485,2026-08-03T22:00:01.985Z,UAV 4,
FRT69001,move to,LOC_중앙킬존남측,21.38090075,-157.73227282,2026-08-03T22:00:01.985Z,UAV 4,
ENM35004,move to,LOC_적북측접근로,21.37326173,-157.73308785,2026-08-03T22:00:01.985Z,UAV 4,
ENGAZ001,move to,LOC_적북측접근로,21.37344410,-157.73283630,2026-08-03T22:00:01.985Z,UAV 4,
FRT69006,move to,LOC_중앙킬존남측,21.38102626,-157.73227989,2026-08-03T22:00:01.985Z,UAV 4,
FRT69003,move to,LOC_중앙킬존남측,21.38103769,-157.73245825,2026-08-03T22:00:01.985Z,UAV 4,
FRT69005,move to,LOC_중앙킬존남측,21.38106452,-157.73239327,2026-08-03T22:00:01.985Z,UAV 4,
ENGAZ002,move to,LOC_적북측접근로,21.37356166,-157.73319905,2026-08-03T22:00:01.985Z,UAV 4,
ENM35002,move to,LOC_적북측접근로,21.37345204,-157.73286919,2026-08-03T22:00:01.985Z,UAV 4,
ENGAZ003,move to,LOC_적북측접근로,21.37345063,-157.73330473,2026-08-03T22:00:01.985Z,UAV 4,
ENM35001,move to,LOC_적북측접근로,21.37319141,-157.73315130,2026-08-03T22:00:01.985Z,UAV 4,
FRT69004,move to,LOC_중앙킬존남측,21.38072138,-157.73209944,2026-08-03T22:00:01.985Z,UAV 4,
FRT69008,move to,LOC_중앙킬존남측,21.38103398,-157.73250213,2026-08-03T22:00:01.985Z,UAV 4,
FRT69009,move to,LOC_중앙킬존남측,21.38072472,-157.73239711,2026-08-03T22:00:01.985Z,UAV 4,
ENGAZ004,move to,LOC_적북측접근로,21.37343410,-157.73323181,2026-08-03T22:00:01.985Z,UAV 4,
FRM109001,FFE-on-Location,LOC_적포병진지,21.39515360,-157.73702065,2026-08-03T22:00:01.985Z,UAV 4,
ENM35003,move to,LOC_적북측접근로,21.37360357,-157.73318615,2026-08-03T22:00:01.985Z,UAV 4,
FRT69002,move to,LOC_중앙킬존남측,21.38069338,-157.73227485,2026-08-03T22:00:01.985Z,UAV 4,
FRT69001,move to,LOC_중앙킬존남측,21.38090075,-157.73227282,2026-08-03T22:00:01.985Z,UAV 4,
ENM35004,move to,LOC_적북측접근로,21.37326173,-157.73308785,2026-08-03T22:00:01.985Z,UAV 4,
ENGAZ001,move to,LOC_적북측접근로,21.37344410,-157.73283630,2026-08-03T22:00:01.985Z,UAV 4,
FRT69006,move to,LOC_중앙킬존남측,21.38102626,-157.73227989,2026-08-03T22:00:01.985Z,UAV 4,
FRT69003,move to,LOC_중앙킬존남측,21.38103769,-157.73245825,2026-08-03T22:00:01.985Z,UAV 4,
FRT69005,move to,LOC_중앙킬존남측,21.38106452,-157.73239327,2026-08-03T22:00:01.985Z,UAV 4,
ENGAZ002,move to,LOC_적북측접근로,21.37356166,-157.73319905,2026-08-03T22:00:01.985Z,UAV 4,
ENM35002,move to,LOC_적북측접근로,21.37345204,-157.73286919,2026-08-03T22:00:01.985Z,UAV 4,
ENGAZ003,move to,LOC_적북측접근로,21.37345063,-157.73330473,2026-08-03T22:00:01.985Z,UAV 4,
ENM35001,move to,LOC_적북측접근로,21.37319141,-157.73315130,2026-08-03T22:00:01.985Z,UAV 4,
FRT69004,move to,LOC_중앙킬존남측,21.38072138,-157.73209944,2026-08-03T22:00:01.985Z,UAV 4,
FRT69008,move to,LOC_중앙킬존남측,21.38103398,-157.73250213,2026-08-03T22:00:01.985Z,UAV 4,
FRT69009,move to,LOC_중앙킬존남측,21.38072472,-157.73239711,2026-08-03T22:00:01.985Z,UAV 4,
ENGAZ004,move to,LOC_적북측접근로,21.37343410,-157.73323181,2026-08-03T22:00:01.985Z,UAV 4,
FRM109001,FFE-on-Location,LOC_적포병진지,21.39515360,-157.73702065,2026-08-03T22:00:01.985Z,UAV 4,
ENM35003,move to,LOC_적북측접근로,21.37360357,-157.73318615,2026-08-03T22:00:01.985Z,UAV 4,
FRZPU003,none,,21.38640140,-157.73886953,2026-08-03T22:01:07.095Z,UAV 4,
FRZPU001,none,,21.38648413,-157.73896632,2026-08-03T22:01:07.095Z,UAV 4,
FRINF054,move to,LOC_동측능선,21.38590881,-157.73978902,2026-08-03T22:01:11.233Z,UAV 4,
FRINF060,move to,LOC_동측능선,21.38591019,-157.73979707,2026-08-03T22:01:11.233Z,UAV 4,
FRT80002,move to,LOC_중앙킬존남측,21.38073729,-157.74654459,2026-08-03T22:01:35.775Z,UAV 4,
FRT80005,move to,LOC_중앙킬존남측,21.38084041,-157.74641550,2026-08-03T22:01:35.775Z,UAV 4,
FRT80002,move to,LOC_중앙킬존남측,21.38073729,-157.74654459,2026-08-03T22:01:35.775Z,UAV 4,
FRT80005,none,,21.38084041,-157.74641550,2026-08-03T22:01:35.775Z,UAV 4,
FRT69002,move to,LOC_중앙킬존남측,21.38062352,-157.73220904,2026-08-03T22:00:00.000Z,UAV 4,
FRT69001,move to,LOC_중앙킬존남측,21.38083089,-157.73220700,2026-08-03T22:00:00.000Z,UAV 4,
FRMORT002,FFE-on-Location,LOC_적박격포진지,21.39124517,-157.73722922,2026-08-03T22:00:00.000Z,UAV 4,
ENM35004,move to,LOC_적북측접근로,21.37321699,-157.73305944,2026-08-03T22:00:00.000Z,UAV 4,
ENGAZ001,move to,LOC_적북측접근로,21.37337528,-157.73279257,2026-08-03T22:00:00.000Z,UAV 4,
FRT69006,move to,LOC_중앙킬존남측,21.38096188,-157.73222439,2026-08-03T22:00:00.000Z,UAV 4,
FRLAV002,move to,LOC_중앙킬존남측,21.38989760,-157.74176125,2026-08-03T22:00:00.000Z,UAV 4,
FRT69003,move to,LOC_중앙킬존남측,21.38097332,-157.73240275,2026-08-03T22:00:00.000Z,UAV 4,
FRT69005,move to,LOC_중앙킬존남측,21.38100014,-157.73233777,2026-08-03T22:00:00.000Z,UAV 4,
FRM113002,move to,LOC_중앙킬존남측,21.38982569,-157.74169886,2026-08-03T22:00:00.000Z,UAV 4,
ENGAZ002,move to,LOC_적북측접근로,21.37349402,-157.73315589,2026-08-03T22:00:00.000Z,UAV 4,
ENM35002,move to,LOC_적북측접근로,21.37340544,-157.73283903,2026-08-03T22:00:00.000Z,UAV 4,
FRLAV008,move to,LOC_중앙킬존남측,21.39000596,-157.74175678,2026-08-03T22:00:00.000Z,UAV 4,
ENGAZ003,move to,LOC_적북측접근로,21.37338431,-157.73326221,2026-08-03T22:00:00.000Z,UAV 4,
ENM35001,move to,LOC_적북측접근로,21.37314687,-157.73312307,2026-08-03T22:00:00.000Z,UAV 4,
FRM113006,move to,LOC_중앙킬존남측,21.38989399,-157.74190826,2026-08-03T22:00:00.000Z,UAV 4,
FRMORT004,none,,21.39105358,-157.73697074,2026-08-03T22:00:00.000Z,UAV 4,
FRT69004,move to,LOC_중앙킬존남측,21.38065700,-157.73204394,2026-08-03T22:00:00.000Z,UAV 4,
FRT69008,move to,LOC_중앙킬존남측,21.38096961,-157.73244663,2026-08-03T22:00:00.000Z,UAV 4,
FRT69009,move to,LOC_중앙킬존남측,21.38066035,-157.73234161,2026-08-03T22:00:00.000Z,UAV 4,
FRLAV003,move to,LOC_중앙킬존남측,21.38979255,-157.74180726,2026-08-03T22:00:00.000Z,UAV 4,
ENGAZ004,move to,LOC_적북측접근로,21.37336764,-157.73318922,2026-08-03T22:00:00.000Z,UAV 4,
FRMORT003,FFE-on-Location,LOC_적북측접근로,21.39122072,-157.73728393,2026-08-03T22:00:00.000Z,UAV 4,
FRM113005,move to,LOC_중앙킬존남측,21.38979774,-157.74205529,2026-08-03T22:00:00.000Z,UAV 4,
FRM113001,move to,LOC_중앙킬존남측,21.38988667,-157.74163464,2026-08-03T22:00:00.000Z,UAV 4,
FRM113004,move to,LOC_중앙킬존남측,21.38976158,-157.74194084,2026-08-03T22:00:00.000Z,UAV 4,
FRT69010,move to,LOC_중앙킬존남측,21.38075758,-157.73208913,2026-08-03T22:00:00.000Z,UAV 4,
FRLAV004,move to,LOC_중앙킬존남측,21.38960746,-157.74166506,2026-08-03T22:00:00.000Z,UAV 4,
FRT69002,move to,LOC_중앙킬존남측,21.38062352,-157.73220904,2026-08-03T22:00:00.000Z,UAV 4,
FRT69001,move to,LOC_중앙킬존남측,21.38083089,-157.73220700,2026-08-03T22:00:00.000Z,UAV 4,
FRMORT002,FFE-on-Location,LOC_적박격포진지,21.39124517,-157.73722922,2026-08-03T22:00:00.000Z,UAV 4,
ENM35004,move to,LOC_적북측접근로,21.37321699,-157.73305944,2026-08-03T22:00:00.000Z,UAV 4,
ENGAZ001,move to,LOC_적북측접근로,21.37337528,-157.73279257,2026-08-03T22:00:00.000Z,UAV 4,
FRT69006,move to,LOC_중앙킬존남측,21.38096188,-157.73222439,2026-08-03T22:00:00.000Z,UAV 4,
FRLAV002,move to,LOC_중앙킬존남측,21.38989760,-157.74176125,2026-08-03T22:00:00.000Z,UAV 4,
FRT69003,move to,LOC_중앙킬존남측,21.38097332,-157.73240275,2026-08-03T22:00:00.000Z,UAV 4,
FRT69005,move to,LOC_중앙킬존남측,21.38100014,-157.73233777,2026-08-03T22:00:00.000Z,UAV 4,
FRM113002,move to,LOC_중앙킬존남측,21.38982569,-157.74169886,2026-08-03T22:00:00.000Z,UAV 4,
ENGAZ002,move to,LOC_적북측접근로,21.37349402,-157.73315589,2026-08-03T22:00:00.000Z,UAV 4,
ENM35002,move to,LOC_적북측접근로,21.37340544,-157.73283903,2026-08-03T22:00:00.000Z,UAV 4,
FRLAV008,move to,LOC_중앙킬존남측,21.39000596,-157.74175678,2026-08-03T22:00:00.000Z,UAV 4,
ENGAZ003,move to,LOC_적북측접근로,21.37338431,-157.73326221,2026-08-03T22:00:00.000Z,UAV 4,
ENM35001,move to,LOC_적북측접근로,21.37314687,-157.73312307,2026-08-03T22:00:00.000Z,UAV 4,
FRM113006,move to,LOC_중앙킬존남측,21.38989399,-157.74190826,2026-08-03T22:00:00.000Z,UAV 4,
FRMORT004,none,,21.39105358,-157.73697074,2026-08-03T22:00:00.000Z,UAV 4,
FRT69004,move to,LOC_중앙킬존남측,21.38065700,-157.73204394,2026-08-03T22:00:00.000Z,UAV 4,
FRT69008,move to,LOC_중앙킬존남측,21.38096961,-157.73244663,2026-08-03T22:00:00.000Z,UAV 4,
FRT69009,move to,LOC_중앙킬존남측,21.38066035,-157.73234161,2026-08-03T22:00:00.000Z,UAV 4,
FRLAV003,move to,LOC_중앙킬존남측,21.38979255,-157.74180726,2026-08-03T22:00:00.000Z,UAV 4,
ENGAZ004,move to,LOC_적북측접근로,21.37336764,-157.73318922,2026-08-03T22:00:00.000Z,UAV 4,
FRMORT003,FFE-on-Location,LOC_적북측접근로,21.39122072,-157.73728393,2026-08-03T22:00:00.000Z,UAV 4,
FRM113005,move to,LOC_중앙킬존남측,21.38979774,-157.74205529,2026-08-03T22:00:00.000Z,UAV 4,
FRM113001,move to,LOC_중앙킬존남측,21.38988667,-157.74163464,2026-08-03T22:00:00.000Z,UAV 4,
FRM113004,move to,LOC_중앙킬존남측,21.38976158,-157.74194084,2026-08-03T22:00:00.000Z,UAV 4,
FRT69010,move to,LOC_중앙킬존남측,21.38075758,-157.73208913,2026-08-03T22:00:00.000Z,UAV 4,
FRLAV004,move to,LOC_중앙킬존남측,21.38960746,-157.74166506,2026-08-03T22:00:00.000Z,UAV 4,
FRT69002,move to,LOC_중앙킬존남측,21.38069608,-157.73227900,2026-08-03T22:00:01.990Z,UAV 4,
FRT69001,move to,LOC_중앙킬존남측,21.38090345,-157.73227696,2026-08-03T22:00:01.990Z,UAV 4,
FRT69006,move to,LOC_중앙킬존남측,21.38102675,-157.73227952,2026-08-03T22:00:01.990Z,UAV 4,
FRT69003,move to,LOC_중앙킬존남측,21.38103818,-157.73245788,2026-08-03T22:00:01.990Z,UAV 4,
FRT69005,move to,LOC_중앙킬존남측,21.38106501,-157.73239290,2026-08-03T22:00:01.990Z,UAV 4,
FRT69004,move to,LOC_중앙킬존남측,21.38072187,-157.73209907,2026-08-03T22:00:01.990Z,UAV 4,
FRT69008,move to,LOC_중앙킬존남측,21.38103447,-157.73250176,2026-08-03T22:00:01.990Z,UAV 4,
FRT69009,move to,LOC_중앙킬존남측,21.38072522,-157.73239674,2026-08-03T22:00:01.990Z,UAV 4,
FRT69002,move to,LOC_중앙킬존남측,21.38069608,-157.73227900,2026-08-03T22:00:01.990Z,UAV 4,
FRT69001,move to,LOC_중앙킬존남측,21.38090345,-157.73227696,2026-08-03T22:00:01.990Z,UAV 4,
FRT69006,move to,LOC_중앙킬존남측,21.38102675,-157.73227952,2026-08-03T22:00:01.990Z,UAV 4,
FRT69003,move to,LOC_중앙킬존남측,21.38103818,-157.73245788,2026-08-03T22:00:01.990Z,UAV 4,
FRT69005,move to,LOC_중앙킬존남측,21.38106501,-157.73239290,2026-08-03T22:00:01.990Z,UAV 4,
FRT69004,move to,LOC_중앙킬존남측,21.38072187,-157.73209907,2026-08-03T22:00:01.990Z,UAV 4,
FRT69008,move to,LOC_중앙킬존남측,21.38103447,-157.73250176,2026-08-03T22:00:01.990Z,UAV 4,
FRT69009,move to,LOC_중앙킬존남측,21.38072522,-157.73239674,2026-08-03T22:00:01.990Z,UAV 4,
FRZPU003,none,,21.38640140,-157.73886953,2026-08-03T22:01:07.220Z,UAV 4,
FRZPU001,none,,21.38648413,-157.73896632,2026-08-03T22:01:07.220Z,UAV 4,
FRZPU003,none,,21.38640140,-157.73886953,2026-08-03T22:01:07.220Z,UAV 4,
FRZPU001,none,,21.38648413,-157.73896632,2026-08-03T22:01:07.220Z,UAV 4,
FRINF054,move to,LOC_동측능선,21.38590704,-157.73979123,2026-08-03T22:01:11.450Z,UAV 4,
FRINF060,move to,LOC_동측능선,21.38590844,-157.73979926,2026-08-03T22:01:11.450Z,UAV 4,
FRINF054,move to,LOC_동측능선,21.38590704,-157.73979123,2026-08-03T22:01:11.450Z,UAV 4,
FRINF060,move to,LOC_동측능선,21.38590844,-157.73979926,2026-08-03T22:01:11.450Z,UAV 4,
FRT69002,move to,LOC_중앙킬존남측,21.38062352,-157.73220904,2026-08-03T22:00:00.000Z,UAV 4,
FRT69001,move to,LOC_중앙킬존남측,21.38083089,-157.73220700,2026-08-03T22:00:00.000Z,UAV 4,
FRMORT002,FFE-on-Location,LOC_적박격포진지,21.39124517,-157.73722922,2026-08-03T22:00:00.000Z,UAV 4,
ENM35004,move to,LOC_적북측접근로,21.37321699,-157.73305944,2026-08-03T22:00:00.000Z,UAV 4,
ENGAZ001,move to,LOC_적북측접근로,21.37337528,-157.73279257,2026-08-03T22:00:00.000Z,UAV 4,
FRT69006,move to,LOC_중앙킬존남측,21.38096188,-157.73222439,2026-08-03T22:00:00.000Z,UAV 4,
FRLAV002,move to,LOC_중앙킬존남측,21.38989760,-157.74176125,2026-08-03T22:00:00.000Z,UAV 4,
FRT69003,move to,LOC_중앙킬존남측,21.38097332,-157.73240275,2026-08-03T22:00:00.000Z,UAV 4,
FRT69005,move to,LOC_중앙킬존남측,21.38100014,-157.73233777,2026-08-03T22:00:00.000Z,UAV 4,
FRM113002,move to,LOC_중앙킬존남측,21.38982569,-157.74169886,2026-08-03T22:00:00.000Z,UAV 4,
ENGAZ002,move to,LOC_적북측접근로,21.37349402,-157.73315589,2026-08-03T22:00:00.000Z,UAV 4,
ENM35002,move to,LOC_적북측접근로,21.37340544,-157.73283903,2026-08-03T22:00:00.000Z,UAV 4,
FRLAV008,move to,LOC_중앙킬존남측,21.39000596,-157.74175678,2026-08-03T22:00:00.000Z,UAV 4,
ENGAZ003,move to,LOC_적북측접근로,21.37338431,-157.73326221,2026-08-03T22:00:00.000Z,UAV 4,
ENM35001,move to,LOC_적북측접근로,21.37314687,-157.73312307,2026-08-03T22:00:00.000Z,UAV 4,
FRM113006,move to,LOC_중앙킬존남측,21.38989399,-157.74190826,2026-08-03T22:00:00.000Z,UAV 4,
FRMORT004,none,,21.39105358,-157.73697074,2026-08-03T22:00:00.000Z,UAV 4,
FRT69004,move to,LOC_중앙킬존남측,21.38065700,-157.73204394,2026-08-03T22:00:00.000Z,UAV 4,
FRT69008,move to,LOC_중앙킬존남측,21.38096961,-157.73244663,2026-08-03T22:00:00.000Z,UAV 4,
FRT69009,move to,LOC_중앙킬존남측,21.38066035,-157.73234161,2026-08-03T22:00:00.000Z,UAV 4,
FRLAV003,move to,LOC_중앙킬존남측,21.38979255,-157.74180726,2026-08-03T22:00:00.000Z,UAV 4,
ENGAZ004,move to,LOC_적북측접근로,21.37336764,-157.73318922,2026-08-03T22:00:00.000Z,UAV 4,
FRMORT003,FFE-on-Location,LOC_적북측접근로,21.39122072,-157.73728393,2026-08-03T22:00:00.000Z,UAV 4,
FRM113005,move to,LOC_중앙킬존남측,21.38979774,-157.74205529,2026-08-03T22:00:00.000Z,UAV 4,
FRM113001,move to,LOC_중앙킬존남측,21.38988667,-157.74163464,2026-08-03T22:00:00.000Z,UAV 4,
FRM113004,move to,LOC_중앙킬존남측,21.38976158,-157.74194084,2026-08-03T22:00:00.000Z,UAV 4,
FRT69010,move to,LOC_중앙킬존남측,21.38075758,-157.73208913,2026-08-03T22:00:00.000Z,UAV 4,
FRLAV004,move to,LOC_중앙킬존남측,21.38960746,-157.74166506,2026-08-03T22:00:00.000Z,UAV 4,
FRT69002,move to,LOC_중앙킬존남측,21.38068616,-157.73227350,2026-08-03T22:00:01.758Z,UAV 4,
FRT69001,move to,LOC_중앙킬존남측,21.38089353,-157.73227146,2026-08-03T22:00:01.758Z,UAV 4,
FRMORT002,FFE-on-Location,LOC_적박격포진지,21.39124517,-157.73722922,2026-08-03T22:00:01.758Z,UAV 4,
ENGAZ001,move to,LOC_적북측접근로,21.37343009,-157.73282552,2026-08-03T22:00:01.758Z,UAV 4,
FRT69006,move to,LOC_중앙킬존남측,21.38101346,-157.73226703,2026-08-03T22:00:01.758Z,UAV 4,
FRT69003,move to,LOC_중앙킬존남측,21.38102490,-157.73244540,2026-08-03T22:00:01.758Z,UAV 4,
FRT69005,move to,LOC_중앙킬존남측,21.38105172,-157.73238041,2026-08-03T22:00:01.758Z,UAV 4,
ENM35002,move to,LOC_적북측접근로,21.37344313,-157.73286064,2026-08-03T22:00:01.758Z,UAV 4,
FRMORT004,none,,21.39105358,-157.73697074,2026-08-03T22:00:01.758Z,UAV 4,
FRT69004,move to,LOC_중앙킬존남측,21.38070858,-157.73208658,2026-08-03T22:00:01.758Z,UAV 4,
FRT69008,move to,LOC_중앙킬존남측,21.38102119,-157.73248928,2026-08-03T22:00:01.758Z,UAV 4,
FRT69009,move to,LOC_중앙킬존남측,21.38071193,-157.73238425,2026-08-03T22:00:01.758Z,UAV 4,
FRMORT003,FFE-on-Location,LOC_적북측접근로,21.39122072,-157.73728393,2026-08-03T22:00:01.758Z,UAV 4,
FRAHS001,FFE-on-Location,LOC_적포병진지,21.39511611,-157.73746058,2026-08-03T22:00:01.758Z,UAV 4,
FRM109001,FFE-on-Location,LOC_적포병진지,21.39515360,-157.73702065,2026-08-03T22:00:01.758Z,UAV 4,
FRAHS002,FFE-on-Location,LOC_적박격포진지,21.39520418,-157.73742074,2026-08-03T22:00:01.758Z,UAV 4,
FRT69002,move to,LOC_중앙킬존남측,21.38068616,-157.73227350,2026-08-03T22:00:01.758Z,UAV 4,
FRT69001,move to,LOC_중앙킬존남측,21.38089353,-157.73227146,2026-08-03T22:00:01.758Z,UAV 4,
FRMORT002,FFE-on-Location,LOC_적박격포진지,21.39124517,-157.73722922,2026-08-03T22:00:01.758Z,UAV 4,
ENGAZ001,move to,LOC_적북측접근로,21.37343009,-157.73282552,2026-08-03T22:00:01.758Z,UAV 4,
FRT69006,move to,LOC_중앙킬존남측,21.38101346,-157.73226703,2026-08-03T22:00:01.758Z,UAV 4,
FRT69003,move to,LOC_중앙킬존남측,21.38102490,-157.73244540,2026-08-03T22:00:01.758Z,UAV 4,
FRT69005,move to,LOC_중앙킬존남측,21.38105172,-157.73238041,2026-08-03T22:00:01.758Z,UAV 4,
ENM35002,move to,LOC_적북측접근로,21.37344313,-157.73286064,2026-08-03T22:00:01.758Z,UAV 4,
FRMORT004,none,,21.39105358,-157.73697074,2026-08-03T22:00:01.758Z,UAV 4,
FRT69004,move to,LOC_중앙킬존남측,21.38070858,-157.73208658,2026-08-03T22:00:01.758Z,UAV 4,
FRT69008,move to,LOC_중앙킬존남측,21.38102119,-157.73248928,2026-08-03T22:00:01.758Z,UAV 4,
FRT69009,move to,LOC_중앙킬존남측,21.38071193,-157.73238425,2026-08-03T22:00:01.758Z,UAV 4,
FRMORT003,FFE-on-Location,LOC_적북측접근로,21.39122072,-157.73728393,2026-08-03T22:00:01.758Z,UAV 4,
FRAHS001,FFE-on-Location,LOC_적포병진지,21.39511611,-157.73746058,2026-08-03T22:00:01.758Z,UAV 4,
FRM109001,FFE-on-Location,LOC_적포병진지,21.39515360,-157.73702065,2026-08-03T22:00:01.758Z,UAV 4,
FRAHS002,FFE-on-Location,LOC_적박격포진지,21.39520418,-157.73742074,2026-08-03T22:00:01.758Z,UAV 4,
FRZPU003,none,,21.38640140,-157.73886953,2026-08-03T22:01:07.387Z,UAV 4,
FRZPU001,none,,21.38648413,-157.73896632,2026-08-03T22:01:07.387Z,UAV 4,
FRZPU003,none,,21.38640140,-157.73886953,2026-08-03T22:01:07.387Z,UAV 4,
FRZPU001,none,,21.38648413,-157.73896632,2026-08-03T22:01:07.387Z,UAV 4,
FRT80001,none,,21.38084313,-157.74641231,2026-08-03T22:01:35.996Z,UAV 4,
FRT80002,move to,LOC_중앙킬존남측,21.38073592,-157.74654622,2026-08-03T22:01:35.996Z,UAV 4,
FRT80008,move to,LOC_중앙킬존남측,21.38079034,-157.74647894,2026-08-03T22:01:35.996Z,UAV 4,
FRT69002,move to,LOC_중앙킬존남측,21.38062353,-157.73220904,2026-08-03T22:00:00.000Z,UAV 4,
FRT69001,move to,LOC_중앙킬존남측,21.38083090,-157.73220700,2026-08-03T22:00:00.000Z,UAV 4,
FRMORT002,FFE-on-Location,LOC_적박격포진지,21.39124517,-157.73722922,2026-08-03T22:00:00.000Z,UAV 4,
ENM35004,move to,LOC_적북측접근로,21.37321699,-157.73305944,2026-08-03T22:00:00.000Z,UAV 4,
ENGAZ001,move to,LOC_적북측접근로,21.37337528,-157.73279257,2026-08-03T22:00:00.000Z,UAV 4,
FRT69006,move to,LOC_중앙킬존남측,21.38096188,-157.73222439,2026-08-03T22:00:00.000Z,UAV 4,
FRLAV002,move to,LOC_중앙킬존남측,21.38989760,-157.74176125,2026-08-03T22:00:00.000Z,UAV 4,
FRT69003,move to,LOC_중앙킬존남측,21.38097332,-157.73240275,2026-08-03T22:00:00.000Z,UAV 4,
FRT69005,move to,LOC_중앙킬존남측,21.38100014,-157.73233777,2026-08-03T22:00:00.000Z,UAV 4,
FRM113002,move to,LOC_중앙킬존남측,21.38982569,-157.74169886,2026-08-03T22:00:00.000Z,UAV 4,
ENGAZ002,move to,LOC_적북측접근로,21.37349402,-157.73315589,2026-08-03T22:00:00.000Z,UAV 4,
ENM35002,move to,LOC_적북측접근로,21.37340544,-157.73283903,2026-08-03T22:00:00.000Z,UAV 4,
FRLAV008,move to,LOC_중앙킬존남측,21.39000596,-157.74175678,2026-08-03T22:00:00.000Z,UAV 4,
ENGAZ003,move to,LOC_적북측접근로,21.37338431,-157.73326221,2026-08-03T22:00:00.000Z,UAV 4,
ENM35001,move to,LOC_적북측접근로,21.37314687,-157.73312307,2026-08-03T22:00:00.000Z,UAV 4,
FRM113006,move to,LOC_중앙킬존남측,21.38989399,-157.74190826,2026-08-03T22:00:00.000Z,UAV 4,
FRMORT004,none,,21.39105358,-157.73697074,2026-08-03T22:00:00.000Z,UAV 4,
FRT69004,move to,LOC_중앙킬존남측,21.38065700,-157.73204394,2026-08-03T22:00:00.000Z,UAV 4,
FRT69008,move to,LOC_중앙킬존남측,21.38096961,-157.73244663,2026-08-03T22:00:00.000Z,UAV 4,
FRT69009,move to,LOC_중앙킬존남측,21.38066035,-157.73234161,2026-08-03T22:00:00.000Z,UAV 4,
FRLAV003,move to,LOC_중앙킬존남측,21.38979255,-157.74180726,2026-08-03T22:00:00.000Z,UAV 4,
ENGAZ004,move to,LOC_적북측접근로,21.37336764,-157.73318922,2026-08-03T22:00:00.000Z,UAV 4,
FRMORT003,FFE-on-Location,LOC_적북측접근로,21.39122072,-157.73728393,2026-08-03T22:00:00.000Z,UAV 4,
FRM113005,move to,LOC_중앙킬존남측,21.38979774,-157.74205529,2026-08-03T22:00:00.000Z,UAV 4,
FRM113001,move to,LOC_중앙킬존남측,21.38988667,-157.74163464,2026-08-03T22:00:00.000Z,UAV 4,
FRM113004,move to,LOC_중앙킬존남측,21.38976158,-157.74194084,2026-08-03T22:00:00.000Z,UAV 4,
FRT69010,move to,LOC_중앙킬존남측,21.38075758,-157.73208913,2026-08-03T22:00:00.000Z,UAV 4,
FRLAV004,move to,LOC_중앙킬존남측,21.38960746,-157.74166506,2026-08-03T22:00:00.000Z,UAV 4,
FRT69002,move to,LOC_중앙킬존남측,21.38068789,-157.73227585,2026-08-03T22:00:01.887Z,UAV 4,
FRT69001,move to,LOC_중앙킬존남측,21.38089526,-157.73227381,2026-08-03T22:00:01.887Z,UAV 4,
FRMORT002,FFE-on-Location,LOC_적박격포진지,21.39124517,-157.73722922,2026-08-03T22:00:01.887Z,UAV 4,
ENM35004,move to,LOC_적북측접근로,21.37325726,-157.73308524,2026-08-03T22:00:01.887Z,UAV 4,
ENGAZ001,move to,LOC_적북측접근로,21.37343696,-157.73283304,2026-08-03T22:00:01.887Z,UAV 4,
FRT69006,move to,LOC_중앙킬존남측,21.38101878,-157.73227625,2026-08-03T22:00:01.887Z,UAV 4,
FRT69003,move to,LOC_중앙킬존남측,21.38103021,-157.73245461,2026-08-03T22:00:01.887Z,UAV 4,
FRT69005,move to,LOC_중앙킬존남측,21.38105704,-157.73238962,2026-08-03T22:00:01.887Z,UAV 4,
ENGAZ002,move to,LOC_적북측접근로,21.37355457,-157.73319588,2026-08-03T22:00:01.887Z,UAV 4,
ENM35002,move to,LOC_적북측접근로,21.37344747,-157.73286642,2026-08-03T22:00:01.887Z,UAV 4,
ENGAZ003,move to,LOC_적북측접근로,21.37344360,-157.73330166,2026-08-03T22:00:01.887Z,UAV 4,
ENM35001,move to,LOC_적북측접근로,21.37318694,-157.73314869,2026-08-03T22:00:01.887Z,UAV 4,
FRMORT004,none,,21.39105358,-157.73697074,2026-08-03T22:00:01.887Z,UAV 4,
FRT69004,move to,LOC_중앙킬존남측,21.38071390,-157.73209580,2026-08-03T22:00:01.887Z,UAV 4,
FRT69008,move to,LOC_중앙킬존남측,21.38102651,-157.73249849,2026-08-03T22:00:01.887Z,UAV 4,
FRT69009,move to,LOC_중앙킬존남측,21.38071725,-157.73239347,2026-08-03T22:00:01.887Z,UAV 4,
ENGAZ004,move to,LOC_적북측접근로,21.37342706,-157.73322873,2026-08-03T22:00:01.887Z,UAV 4,
FRMORT003,FFE-on-Location,LOC_적북측접근로,21.39122072,-157.73728393,2026-08-03T22:00:01.887Z,UAV 4,
FRAHS001,FFE-on-Location,LOC_적포병진지,21.39511611,-157.73746058,2026-08-03T22:00:01.887Z,UAV 4,
FRM109001,FFE-on-Location,LOC_적포병진지,21.39515360,-157.73702065,2026-08-03T22:00:01.887Z,UAV 4,
FRAHS002,FFE-on-Location,LOC_적박격포진지,21.39520418,-157.73742074,2026-08-03T22:00:01.887Z,UAV 4,
ENM35003,move to,LOC_적북측접근로,21.37359902,-157.73318343,2026-08-03T22:00:01.887Z,UAV 4,
FRT69002,move to,LOC_중앙킬존남측,21.38068789,-157.73227585,2026-08-03T22:00:01.887Z,UAV 4,
FRT69001,move to,LOC_중앙킬존남측,21.38089526,-157.73227381,2026-08-03T22:00:01.887Z,UAV 4,
FRMORT002,FFE-on-Location,LOC_적박격포진지,21.39124517,-157.73722922,2026-08-03T22:00:01.887Z,UAV 4,
ENM35004,move to,LOC_적북측접근로,21.37325726,-157.73308524,2026-08-03T22:00:01.887Z,UAV 4,
ENGAZ001,move to,LOC_적북측접근로,21.37343696,-157.73283304,2026-08-03T22:00:01.887Z,UAV 4,
FRT69006,move to,LOC_중앙킬존남측,21.38101878,-157.73227625,2026-08-03T22:00:01.887Z,UAV 4,
FRT69003,move to,LOC_중앙킬존남측,21.38103021,-157.73245461,2026-08-03T22:00:01.887Z,UAV 4,
FRT69005,move to,LOC_중앙킬존남측,21.38105704,-157.73238962,2026-08-03T22:00:01.887Z,UAV 4,
ENGAZ002,move to,LOC_적북측접근로,21.37355457,-157.73319588,2026-08-03T22:00:01.887Z,UAV 4,
ENM35002,move to,LOC_적북측접근로,21.37344747,-157.73286642,2026-08-03T22:00:01.887Z,UAV 4,
ENGAZ003,move to,LOC_적북측접근로,21.37344360,-157.73330166,2026-08-03T22:00:01.887Z,UAV 4,
ENM35001,move to,LOC_적북측접근로,21.37318694,-157.73314869,2026-08-03T22:00:01.887Z,UAV 4,
FRMORT004,none,,21.39105358,-157.73697074,2026-08-03T22:00:01.887Z,UAV 4,
FRT69004,move to,LOC_중앙킬존남측,21.38071390,-157.73209580,2026-08-03T22:00:01.887Z,UAV 4,
FRT69008,move to,LOC_중앙킬존남측,21.38102651,-157.73249849,2026-08-03T22:00:01.887Z,UAV 4,
FRT69009,move to,LOC_중앙킬존남측,21.38071725,-157.73239347,2026-08-03T22:00:01.887Z,UAV 4,
ENGAZ004,move to,LOC_적북측접근로,21.37342706,-157.73322873,2026-08-03T22:00:01.887Z,UAV 4,
FRMORT003,FFE-on-Location,LOC_적북측접근로,21.39122072,-157.73728393,2026-08-03T22:00:01.887Z,UAV 4,
FRAHS001,FFE-on-Location,LOC_적포병진지,21.39511611,-157.73746058,2026-08-03T22:00:01.887Z,UAV 4,
FRM109001,FFE-on-Location,LOC_적포병진지,21.39515360,-157.73702065,2026-08-03T22:00:01.887Z,UAV 4,
FRAHS002,FFE-on-Location,LOC_적박격포진지,21.39520418,-157.73742074,2026-08-03T22:00:01.887Z,UAV 4,
ENM35003,move to,LOC_적북측접근로,21.37359902,-157.73318343,2026-08-03T22:00:01.887Z,UAV 4,
FRZPU003,none,,21.38640140,-157.73886953,2026-08-03T22:01:07.620Z,UAV 4,
FRZPU001,none,,21.38648413,-157.73896632,2026-08-03T22:01:07.620Z,UAV 4,
FRT80005,none,,21.38083534,-157.74642223,2026-08-03T22:01:36.293Z,UAV 4,
FRT80006,move to,LOC_목표A남측,21.38096636,-157.74637309,2026-08-03T22:01:36.293Z,UAV 4,
FRT69002,move to,LOC_중앙킬존남측,21.38062352,-157.73220904,2026-08-03T22:00:00.000Z,UAV 4,
FRT69001,move to,LOC_중앙킬존남측,21.38083089,-157.73220700,2026-08-03T22:00:00.000Z,UAV 4,
FRMORT002,FFE-on-Location,LOC_적박격포진지,21.39124517,-157.73722922,2026-08-03T22:00:00.000Z,UAV 4,
ENM35004,move to,LOC_적북측접근로,21.37321699,-157.73305944,2026-08-03T22:00:00.000Z,UAV 4,
ENGAZ001,move to,LOC_적북측접근로,21.37337528,-157.73279257,2026-08-03T22:00:00.000Z,UAV 4,
FRT69006,move to,LOC_중앙킬존남측,21.38096188,-157.73222439,2026-08-03T22:00:00.000Z,UAV 4,
FRLAV002,move to,LOC_중앙킬존남측,21.38989760,-157.74176125,2026-08-03T22:00:00.000Z,UAV 4,
FRT69003,move to,LOC_중앙킬존남측,21.38097332,-157.73240275,2026-08-03T22:00:00.000Z,UAV 4,
FRT69005,move to,LOC_중앙킬존남측,21.38100014,-157.73233777,2026-08-03T22:00:00.000Z,UAV 4,
FRM113002,move to,LOC_중앙킬존남측,21.38982569,-157.74169886,2026-08-03T22:00:00.000Z,UAV 4,
ENGAZ002,move to,LOC_적북측접근로,21.37349402,-157.73315589,2026-08-03T22:00:00.000Z,UAV 4,
ENM35002,move to,LOC_적북측접근로,21.37340544,-157.73283903,2026-08-03T22:00:00.000Z,UAV 4,
FRLAV008,move to,LOC_중앙킬존남측,21.39000596,-157.74175678,2026-08-03T22:00:00.000Z,UAV 4,
ENGAZ003,move to,LOC_적북측접근로,21.37338431,-157.73326221,2026-08-03T22:00:00.000Z,UAV 4,
ENM35001,move to,LOC_적북측접근로,21.37314687,-157.73312307,2026-08-03T22:00:00.000Z,UAV 4,
FRM113006,move to,LOC_중앙킬존남측,21.38989399,-157.74190826,2026-08-03T22:00:00.000Z,UAV 4,
FRMORT004,none,,21.39105358,-157.73697074,2026-08-03T22:00:00.000Z,UAV 4,
FRT69004,move to,LOC_중앙킬존남측,21.38065700,-157.73204394,2026-08-03T22:00:00.000Z,UAV 4,
FRT69008,move to,LOC_중앙킬존남측,21.38096961,-157.73244663,2026-08-03T22:00:00.000Z,UAV 4,
FRT69009,move to,LOC_중앙킬존남측,21.38066035,-157.73234161,2026-08-03T22:00:00.000Z,UAV 4,
FRLAV003,move to,LOC_중앙킬존남측,21.38979255,-157.74180726,2026-08-03T22:00:00.000Z,UAV 4,
ENGAZ004,move to,LOC_적북측접근로,21.37336764,-157.73318922,2026-08-03T22:00:00.000Z,UAV 4,
FRMORT003,FFE-on-Location,LOC_적북측접근로,21.39122072,-157.73728393,2026-08-03T22:00:00.000Z,UAV 4,
FRM113005,move to,LOC_중앙킬존남측,21.38979774,-157.74205529,2026-08-03T22:00:00.000Z,UAV 4,
FRM113001,move to,LOC_중앙킬존남측,21.38988667,-157.74163464,2026-08-03T22:00:00.000Z,UAV 4,
FRM113004,move to,LOC_중앙킬존남측,21.38976158,-157.74194084,2026-08-03T22:00:00.000Z,UAV 4,
FRT69010,move to,LOC_중앙킬존남측,21.38075758,-157.73208913,2026-08-03T22:00:00.000Z,UAV 4,
FRLAV004,move to,LOC_중앙킬존남측,21.38960746,-157.74166506,2026-08-03T22:00:00.000Z,UAV 4,
FRT69002,move to,LOC_중앙킬존남측,21.38069272,-157.73228181,2026-08-03T22:00:01.904Z,UAV 4,
FRT69001,move to,LOC_중앙킬존남측,21.38090009,-157.73227978,2026-08-03T22:00:01.904Z,UAV 4,
FRMORT002,FFE-on-Location,LOC_적박격포진지,21.39124517,-157.73722922,2026-08-03T22:00:01.904Z,UAV 4,
ENM35004,move to,LOC_적북측접근로,21.37325785,-157.73308578,2026-08-03T22:00:01.904Z,UAV 4,
ENGAZ001,move to,LOC_적북측접근로,21.37343849,-157.73283304,2026-08-03T22:00:01.904Z,UAV 4,
FRT69006,move to,LOC_중앙킬존남측,21.38102069,-157.73227598,2026-08-03T22:00:01.904Z,UAV 4,
FRT69003,move to,LOC_중앙킬존남측,21.38103212,-157.73245434,2026-08-03T22:00:01.904Z,UAV 4,
FRT69005,move to,LOC_중앙킬존남측,21.38105895,-157.73238935,2026-08-03T22:00:01.904Z,UAV 4,
ENGAZ002,move to,LOC_적북측접근로,21.37355610,-157.73319584,2026-08-03T22:00:01.904Z,UAV 4,
ENM35002,move to,LOC_적북측접근로,21.37344812,-157.73286693,2026-08-03T22:00:01.904Z,UAV 4,
ENGAZ003,move to,LOC_적북측접근로,21.37344513,-157.73330159,2026-08-03T22:00:01.904Z,UAV 4,
ENM35001,move to,LOC_적북측접근로,21.37318753,-157.73314924,2026-08-03T22:00:01.904Z,UAV 4,
FRMORT004,none,,21.39105358,-157.73697074,2026-08-03T22:00:01.904Z,UAV 4,
FRT69004,move to,LOC_중앙킬존남측,21.38071581,-157.73209552,2026-08-03T22:00:01.904Z,UAV 4,
FRT69008,move to,LOC_중앙킬존남측,21.38102841,-157.73249822,2026-08-03T22:00:01.904Z,UAV 4,
FRT69009,move to,LOC_중앙킬존남측,21.38071915,-157.73239319,2026-08-03T22:00:01.904Z,UAV 4,
ENGAZ004,move to,LOC_적북측접근로,21.37342859,-157.73322866,2026-08-03T22:00:01.904Z,UAV 4,
FRMORT003,FFE-on-Location,LOC_적북측접근로,21.39122072,-157.73728393,2026-08-03T22:00:01.904Z,UAV 4,
FRAHS001,FFE-on-Location,LOC_적포병진지,21.39511611,-157.73746058,2026-08-03T22:00:01.904Z,UAV 4,
FRM109002,FFE-on-Location,LOC_적박격포진지,21.39535746,-157.73730886,2026-08-03T22:00:01.904Z,UAV 4,
FRM109001,FFE-on-Location,LOC_적포병진지,21.39515360,-157.73702065,2026-08-03T22:00:01.904Z,UAV 4,
FRAHS002,FFE-on-Location,LOC_적박격포진지,21.39520418,-157.73742074,2026-08-03T22:00:01.904Z,UAV 4,
ENM35003,move to,LOC_적북측접근로,21.37359966,-157.73318395,2026-08-03T22:00:01.904Z,UAV 4,
FRT69002,move to,LOC_중앙킬존남측,21.38069272,-157.73228181,2026-08-03T22:00:01.904Z,UAV 4,
FRT69001,move to,LOC_중앙킬존남측,21.38090009,-157.73227978,2026-08-03T22:00:01.904Z,UAV 4,
FRMORT002,FFE-on-Location,LOC_적박격포진지,21.39124517,-157.73722922,2026-08-03T22:00:01.904Z,UAV 4,
ENM35004,move to,LOC_적북측접근로,21.37325785,-157.73308578,2026-08-03T22:00:01.904Z,UAV 4,
ENGAZ001,move to,LOC_적북측접근로,21.37343849,-157.73283304,2026-08-03T22:00:01.904Z,UAV 4,
FRT69006,move to,LOC_중앙킬존남측,21.38102069,-157.73227598,2026-08-03T22:00:01.904Z,UAV 4,
FRT69003,move to,LOC_중앙킬존남측,21.38103212,-157.73245434,2026-08-03T22:00:01.904Z,UAV 4,
FRT69005,move to,LOC_중앙킬존남측,21.38105895,-157.73238935,2026-08-03T22:00:01.904Z,UAV 4,
ENGAZ002,move to,LOC_적북측접근로,21.37355610,-157.73319584,2026-08-03T22:00:01.904Z,UAV 4,
ENM35002,move to,LOC_적북측접근로,21.37344812,-157.73286693,2026-08-03T22:00:01.904Z,UAV 4,
ENGAZ003,move to,LOC_적북측접근로,21.37344513,-157.73330159,2026-08-03T22:00:01.904Z,UAV 4,
ENM35001,move to,LOC_적북측접근로,21.37318753,-157.73314924,2026-08-03T22:00:01.904Z,UAV 4,
FRMORT004,none,,21.39105358,-157.73697074,2026-08-03T22:00:01.904Z,UAV 4,
FRT69004,move to,LOC_중앙킬존남측,21.38071581,-157.73209552,2026-08-03T22:00:01.904Z,UAV 4,
FRT69008,move to,LOC_중앙킬존남측,21.38102841,-157.73249822,2026-08-03T22:00:01.904Z,UAV 4,
FRT69009,move to,LOC_중앙킬존남측,21.38071915,-157.73239319,2026-08-03T22:00:01.904Z,UAV 4,
ENGAZ004,move to,LOC_적북측접근로,21.37342859,-157.73322866,2026-08-03T22:00:01.904Z,UAV 4,
FRMORT003,FFE-on-Location,LOC_적북측접근로,21.39122072,-157.73728393,2026-08-03T22:00:01.904Z,UAV 4,
FRAHS001,FFE-on-Location,LOC_적포병진지,21.39511611,-157.73746058,2026-08-03T22:00:01.904Z,UAV 4,
FRM109002,FFE-on-Location,LOC_적박격포진지,21.39535746,-157.73730886,2026-08-03T22:00:01.904Z,UAV 4,
FRM109001,FFE-on-Location,LOC_적포병진지,21.39515360,-157.73702065,2026-08-03T22:00:01.904Z,UAV 4,
FRAHS002,FFE-on-Location,LOC_적박격포진지,21.39520418,-157.73742074,2026-08-03T22:00:01.904Z,UAV 4,
ENM35003,move to,LOC_적북측접근로,21.37359966,-157.73318395,2026-08-03T22:00:01.904Z,UAV 4,
FRT69002,move to,LOC_중앙킬존남측,21.38062352,-157.73220904,2026-08-03T22:00:00.000Z,UAV 4,
FRT69001,move to,LOC_중앙킬존남측,21.38083088,-157.73220700,2026-08-03T22:00:00.000Z,UAV 4,
FRMORT002,FFE-on-Location,LOC_적박격포진지,21.39124517,-157.73722922,2026-08-03T22:00:00.000Z,UAV 4,
ENM35004,move to,LOC_적북측접근로,21.37321699,-157.73305944,2026-08-03T22:00:00.000Z,UAV 4,
ENGAZ001,move to,LOC_적북측접근로,21.37337528,-157.73279257,2026-08-03T22:00:00.000Z,UAV 4,
FRT69006,move to,LOC_중앙킬존남측,21.38096188,-157.73222439,2026-08-03T22:00:00.000Z,UAV 4,
FRLAV002,move to,LOC_중앙킬존남측,21.38989760,-157.74176125,2026-08-03T22:00:00.000Z,UAV 4,
FRT69003,move to,LOC_중앙킬존남측,21.38097332,-157.73240275,2026-08-03T22:00:00.000Z,UAV 4,
FRT69005,move to,LOC_중앙킬존남측,21.38100014,-157.73233777,2026-08-03T22:00:00.000Z,UAV 4,
FRM113002,move to,LOC_중앙킬존남측,21.38982569,-157.74169886,2026-08-03T22:00:00.000Z,UAV 4,
ENGAZ002,move to,LOC_적북측접근로,21.37349402,-157.73315589,2026-08-03T22:00:00.000Z,UAV 4,
ENM35002,move to,LOC_적북측접근로,21.37340544,-157.73283903,2026-08-03T22:00:00.000Z,UAV 4,
FRLAV008,move to,LOC_중앙킬존남측,21.39000596,-157.74175678,2026-08-03T22:00:00.000Z,UAV 4,
ENGAZ003,move to,LOC_적북측접근로,21.37338431,-157.73326221,2026-08-03T22:00:00.000Z,UAV 4,
ENM35001,move to,LOC_적북측접근로,21.37314687,-157.73312307,2026-08-03T22:00:00.000Z,UAV 4,
FRM113006,move to,LOC_중앙킬존남측,21.38989399,-157.74190826,2026-08-03T22:00:00.000Z,UAV 4,
FRMORT004,none,,21.39105358,-157.73697074,2026-08-03T22:00:00.000Z,UAV 4,
FRT69004,move to,LOC_중앙킬존남측,21.38065700,-157.73204394,2026-08-03T22:00:00.000Z,UAV 4,
FRT69008,move to,LOC_중앙킬존남측,21.38096961,-157.73244663,2026-08-03T22:00:00.000Z,UAV 4,
FRT69009,move to,LOC_중앙킬존남측,21.38066035,-157.73234161,2026-08-03T22:00:00.000Z,UAV 4,
FRLAV003,move to,LOC_중앙킬존남측,21.38979255,-157.74180726,2026-08-03T22:00:00.000Z,UAV 4,
ENGAZ004,move to,LOC_적북측접근로,21.37336764,-157.73318922,2026-08-03T22:00:00.000Z,UAV 4,
FRMORT003,FFE-on-Location,LOC_적북측접근로,21.39122072,-157.73728393,2026-08-03T22:00:00.000Z,UAV 4,
FRM113005,move to,LOC_중앙킬존남측,21.38979774,-157.74205529,2026-08-03T22:00:00.000Z,UAV 4,
FRM113001,move to,LOC_중앙킬존남측,21.38988667,-157.74163464,2026-08-03T22:00:00.000Z,UAV 4,
FRM113004,move to,LOC_중앙킬존남측,21.38976158,-157.74194084,2026-08-03T22:00:00.000Z,UAV 4,
FRT69010,move to,LOC_중앙킬존남측,21.38075758,-157.73208913,2026-08-03T22:00:00.000Z,UAV 4,
FRLAV004,move to,LOC_중앙킬존남측,21.38960746,-157.74166506,2026-08-03T22:00:00.000Z,UAV 4,
FRT69002,move to,LOC_중앙킬존남측,21.38062352,-157.73220904,2026-08-03T22:00:00.000Z,UAV 4,
FRT69001,move to,LOC_중앙킬존남측,21.38083088,-157.73220700,2026-08-03T22:00:00.000Z,UAV 4,
FRMORT002,FFE-on-Location,LOC_적박격포진지,21.39124517,-157.73722922,2026-08-03T22:00:00.000Z,UAV 4,
ENM35004,move to,LOC_적북측접근로,21.37321699,-157.73305944,2026-08-03T22:00:00.000Z,UAV 4,
ENGAZ001,move to,LOC_적북측접근로,21.37337528,-157.73279257,2026-08-03T22:00:00.000Z,UAV 4,
FRT69006,move to,LOC_중앙킬존남측,21.38096188,-157.73222439,2026-08-03T22:00:00.000Z,UAV 4,
FRLAV002,move to,LOC_중앙킬존남측,21.38989760,-157.74176125,2026-08-03T22:00:00.000Z,UAV 4,
FRT69003,move to,LOC_중앙킬존남측,21.38097332,-157.73240275,2026-08-03T22:00:00.000Z,UAV 4,
FRT69005,move to,LOC_중앙킬존남측,21.38100014,-157.73233777,2026-08-03T22:00:00.000Z,UAV 4,
FRM113002,move to,LOC_중앙킬존남측,21.38982569,-157.74169886,2026-08-03T22:00:00.000Z,UAV 4,
ENGAZ002,move to,LOC_적북측접근로,21.37349402,-157.73315589,2026-08-03T22:00:00.000Z,UAV 4,
ENM35002,move to,LOC_적북측접근로,21.37340544,-157.73283903,2026-08-03T22:00:00.000Z,UAV 4,
FRLAV008,move to,LOC_중앙킬존남측,21.39000596,-157.74175678,2026-08-03T22:00:00.000Z,UAV 4,
ENGAZ003,move to,LOC_적북측접근로,21.37338431,-157.73326221,2026-08-03T22:00:00.000Z,UAV 4,
ENM35001,move to,LOC_적북측접근로,21.37314687,-157.73312307,2026-08-03T22:00:00.000Z,UAV 4,
FRM113006,move to,LOC_중앙킬존남측,21.38989399,-157.74190826,2026-08-03T22:00:00.000Z,UAV 4,
FRMORT004,none,,21.39105358,-157.73697074,2026-08-03T22:00:00.000Z,UAV 4,
FRT69004,move to,LOC_중앙킬존남측,21.38065700,-157.73204394,2026-08-03T22:00:00.000Z,UAV 4,
FRT69008,move to,LOC_중앙킬존남측,21.38096961,-157.73244663,2026-08-03T22:00:00.000Z,UAV 4,
FRT69009,move to,LOC_중앙킬존남측,21.38066035,-157.73234161,2026-08-03T22:00:00.000Z,UAV 4,
FRLAV003,move to,LOC_중앙킬존남측,21.38979255,-157.74180726,2026-08-03T22:00:00.000Z,UAV 4,
ENGAZ004,move to,LOC_적북측접근로,21.37336764,-157.73318922,2026-08-03T22:00:00.000Z,UAV 4,
FRMORT003,FFE-on-Location,LOC_적북측접근로,21.39122072,-157.73728393,2026-08-03T22:00:00.000Z,UAV 4,
FRM113005,move to,LOC_중앙킬존남측,21.38979774,-157.74205529,2026-08-03T22:00:00.000Z,UAV 4,
FRM113001,move to,LOC_중앙킬존남측,21.38988667,-157.74163464,2026-08-03T22:00:00.000Z,UAV 4,
FRM113004,move to,LOC_중앙킬존남측,21.38976158,-157.74194084,2026-08-03T22:00:00.000Z,UAV 4,
FRT69010,move to,LOC_중앙킬존남측,21.38075758,-157.73208913,2026-08-03T22:00:00.000Z,UAV 4,
FRLAV004,move to,LOC_중앙킬존남측,21.38960746,-157.74166506,2026-08-03T22:00:00.000Z,UAV 4,
FRT69002,move to,LOC_중앙킬존남측,21.38069883,-157.73229142,2026-08-03T22:00:02.082Z,UAV 4,
FRT69001,move to,LOC_중앙킬존남측,21.38090620,-157.73228939,2026-08-03T22:00:02.082Z,UAV 4,
FRMORT002,FFE-on-Location,LOC_적박격포진지,21.39124517,-157.73722922,2026-08-03T22:00:02.082Z,UAV 4,
ENM35004,move to,LOC_적북측접근로,21.37326386,-157.73309383,2026-08-03T22:00:02.082Z,UAV 4,
FRT69006,move to,LOC_중앙킬존남측,21.38102896,-157.73228792,2026-08-03T22:00:02.082Z,UAV 4,
FRT69003,move to,LOC_중앙킬존남측,21.38104039,-157.73246628,2026-08-03T22:00:02.082Z,UAV 4,
FRT69005,move to,LOC_중앙킬존남측,21.38106722,-157.73240130,2026-08-03T22:00:02.082Z,UAV 4,
ENGAZ002,move to,LOC_적북측접근로,21.37356701,-157.73320517,2026-08-03T22:00:02.082Z,UAV 4,
ENM35002,move to,LOC_적북측접근로,21.37345467,-157.73287486,2026-08-03T22:00:02.082Z,UAV 4,
ENGAZ003,move to,LOC_적북측접근로,21.37345577,-157.73331088,2026-08-03T22:00:02.082Z,UAV 4,
ENM35001,move to,LOC_적북측접근로,21.37319348,-157.73315731,2026-08-03T22:00:02.082Z,UAV 4,
FRMORT004,none,,21.39105358,-157.73697074,2026-08-03T22:00:02.082Z,UAV 4,
FRT69004,move to,LOC_중앙킬존남측,21.38072408,-157.73210747,2026-08-03T22:00:02.082Z,UAV 4,
FRT69008,move to,LOC_중앙킬존남측,21.38103668,-157.73251016,2026-08-03T22:00:02.082Z,UAV 4,
FRT69009,move to,LOC_중앙킬존남측,21.38072743,-157.73240514,2026-08-03T22:00:02.082Z,UAV 4,
ENGAZ004,move to,LOC_적북측접근로,21.37343927,-157.73323797,2026-08-03T22:00:02.082Z,UAV 4,
FRMORT003,FFE-on-Location,LOC_적북측접근로,21.39122072,-157.73728393,2026-08-03T22:00:02.082Z,UAV 4,
FRAHS001,FFE-on-Location,LOC_적포병진지,21.39511611,-157.73746058,2026-08-03T22:00:02.082Z,UAV 4,
FRM109002,FFE-on-Location,LOC_적박격포진지,21.39535746,-157.73730886,2026-08-03T22:00:02.082Z,UAV 4,
FRM109001,FFE-on-Location,LOC_적포병진지,21.39515360,-157.73702065,2026-08-03T22:00:02.082Z,UAV 4,
FRAHS002,FFE-on-Location,LOC_적박격포진지,21.39520418,-157.73742074,2026-08-03T22:00:02.082Z,UAV 4,
ENM35003,move to,LOC_적북측접근로,21.37360605,-157.73319192,2026-08-03T22:00:02.082Z,UAV 4,
FRZPU003,none,,21.38640140,-157.73886953,2026-08-03T22:01:07.464Z,UAV 4,
FRZPU003,none,,21.38640140,-157.73886953,2026-08-03T22:01:07.464Z,UAV 4,
FRT80008,move to,LOC_목표A남측,21.38098816,-157.74639787,2026-08-03T22:01:36.181Z,UAV 4,
FRT80003,move to,LOC_중앙킬존남측,21.38086182,-157.74639047,2026-08-03T22:01:36.181Z,UAV 4,
FRZPU003,none,,21.38640140,-157.73886953,2026-08-03T22:04:22.217Z,UAV 4,
FRZPU003,none,,21.38640140,-157.73886953,2026-08-03T22:04:22.217Z,UAV 4,
FRZPU003,none,,21.38640140,-157.73886953,2026-08-03T22:04:22.217Z,UAV 4,
FRINF055,move to,LOC_동측능선,21.38442333,-157.74201350,2026-08-03T22:04:32.381Z,UAV 4,
FRINF005,move to,LOC_중앙킬존,21.38504223,-157.74234294,2026-08-03T22:04:32.381Z,UAV 4,
FRINF012,move to,LOC_중앙킬존,21.38510490,-157.74234867,2026-08-03T22:04:32.381Z,UAV 4,
FRINF022,move to,LOC_중앙킬존,21.38504787,-157.74247155,2026-08-03T22:04:32.381Z,UAV 4,
FRINF040,move to,LOC_중앙킬존,21.38502122,-157.74221136,2026-08-03T22:04:32.381Z,UAV 4,
FRINF041,move to,LOC_중앙킬존,21.38498208,-157.74239433,2026-08-03T22:04:32.381Z,UAV 4,
FRINF042,move to,LOC_중앙킬존,21.38500573,-157.74231737,2026-08-03T22:04:32.381Z,UAV 4,
FRINF023,move to,LOC_중앙킬존,21.38510394,-157.74214808,2026-08-03T22:04:32.381Z,UAV 4,
FRINF046,move to,LOC_중앙킬존,21.38507188,-157.74227746,2026-08-03T22:04:32.381Z,UAV 4,
FRINF021,move to,LOC_중앙킬존,21.38498705,-157.74234011,2026-08-03T22:04:32.381Z,UAV 4,
FRINF038,move to,LOC_중앙킬존,21.38499238,-157.74244155,2026-08-03T22:04:32.381Z,UAV 4,
FRINF029,move to,LOC_중앙킬존,21.38510815,-157.74222259,2026-08-03T22:04:32.381Z,UAV 4,
FRINF052,move to,LOC_동측능선,21.38428511,-157.74177775,2026-08-03T22:04:32.381Z,UAV 4,
FRINF039,move to,LOC_중앙킬존,21.38509609,-157.74224258,2026-08-03T22:04:32.381Z,UAV 4,
FRINF026,move to,LOC_중앙킬존,21.38503563,-157.74227898,2026-08-03T22:04:32.381Z,UAV 4,
FRINF013,move to,LOC_중앙킬존,21.38506081,-157.74229755,2026-08-03T22:04:32.381Z,UAV 4,
FRINF054,move to,LOC_동측능선,21.38420699,-157.74191904,2026-08-03T22:04:32.381Z,UAV 4,
FRINF001,move to,LOC_중앙킬존,21.38508992,-157.74248474,2026-08-03T22:04:32.381Z,UAV 4,
FRINF011,move to,LOC_중앙킬존,21.38511427,-157.74221458,2026-08-03T22:04:32.381Z,UAV 4,
FRINF033,move to,LOC_중앙킬존,21.38493482,-157.74240382,2026-08-03T22:04:32.381Z,UAV 4,
FRINF028,move to,LOC_중앙킬존,21.38493330,-157.74236785,2026-08-03T22:04:32.381Z,UAV 4,
FRINF019,move to,LOC_중앙킬존,21.38491417,-157.74238828,2026-08-03T22:04:32.381Z,UAV 4,
FRINF043,move to,LOC_중앙킬존,21.38495376,-157.74235740,2026-08-03T22:04:32.381Z,UAV 4,
FRINF006,move to,LOC_중앙킬존,21.38514088,-157.74218477,2026-08-03T22:04:32.381Z,UAV 4,
FRINF036,move to,LOC_중앙킬존,21.38510723,-157.74230199,2026-08-03T22:04:32.381Z,UAV 4,
FRINF035,move to,LOC_중앙킬존,21.38506126,-157.74245833,2026-08-03T22:04:32.381Z,UAV 4,
FRINF031,move to,LOC_중앙킬존,21.38506941,-157.74234887,2026-08-03T22:04:32.381Z,UAV 4,
FRINF053,move to,LOC_동측능선,21.38444102,-157.74191151,2026-08-03T22:04:32.381Z,UAV 4,
FRINF003,move to,LOC_중앙킬존,21.38501272,-157.74254607,2026-08-03T22:04:32.381Z,UAV 4,
FRINF051,move to,LOC_동측능선,21.38430818,-157.74184108,2026-08-03T22:04:32.381Z,UAV 4,
FRINF024,move to,LOC_중앙킬존,21.38500394,-157.74253922,2026-08-03T22:04:32.381Z,UAV 4,
FRINF018,move to,LOC_중앙킬존,21.38501844,-157.74226652,2026-08-03T22:04:32.381Z,UAV 4,
FRINF030,move to,LOC_중앙킬존,21.38506092,-157.74238886,2026-08-03T22:04:32.381Z,UAV 4,
FRINF004,move to,LOC_중앙킬존,21.38506776,-157.74249762,2026-08-03T22:04:32.381Z,UAV 4,
FRINF047,move to,LOC_중앙킬존,21.38496899,-157.74226236,2026-08-03T22:04:32.381Z,UAV 4,
FRINF025,move to,LOC_중앙킬존,21.38499442,-157.74242359,2026-08-03T22:04:32.381Z,UAV 4,
FRINF007,move to,LOC_중앙킬존,21.38507372,-157.74218035,2026-08-03T22:04:32.381Z,UAV 4,
FRINF045,move to,LOC_중앙킬존,21.38513771,-157.74213319,2026-08-03T22:04:32.381Z,UAV 4,
FRINF014,move to,LOC_중앙킬존,21.38512320,-157.74218871,2026-08-03T22:04:32.381Z,UAV 4,
FRINF055,move to,LOC_동측능선,21.38442333,-157.74201350,2026-08-03T22:04:32.381Z,UAV 4,
FRINF005,move to,LOC_중앙킬존,21.38504223,-157.74234294,2026-08-03T22:04:32.381Z,UAV 4,
FRINF012,move to,LOC_중앙킬존,21.38510490,-157.74234867,2026-08-03T22:04:32.381Z,UAV 4,
FRINF022,move to,LOC_중앙킬존,21.38504787,-157.74247155,2026-08-03T22:04:32.381Z,UAV 4,
FRINF040,move to,LOC_중앙킬존,21.38502122,-157.74221136,2026-08-03T22:04:32.381Z,UAV 4,
FRINF041,move to,LOC_중앙킬존,21.38498208,-157.74239433,2026-08-03T22:04:32.381Z,UAV 4,
FRINF042,move to,LOC_중앙킬존,21.38500573,-157.74231737,2026-08-03T22:04:32.381Z,UAV 4,
FRINF023,move to,LOC_중앙킬존,21.38510394,-157.74214808,2026-08-03T22:04:32.381Z,UAV 4,
FRINF046,move to,LOC_중앙킬존,21.38507188,-157.74227746,2026-08-03T22:04:32.381Z,UAV 4,
FRINF021,move to,LOC_중앙킬존,21.38498705,-157.74234011,2026-08-03T22:04:32.381Z,UAV 4,
FRINF038,move to,LOC_중앙킬존,21.38499238,-157.74244155,2026-08-03T22:04:32.381Z,UAV 4,
FRINF029,move to,LOC_중앙킬존,21.38510815,-157.74222259,2026-08-03T22:04:32.381Z,UAV 4,
FRINF052,move to,LOC_동측능선,21.38428511,-157.74177775,2026-08-03T22:04:32.381Z,UAV 4,
FRINF039,move to,LOC_중앙킬존,21.38509609,-157.74224258,2026-08-03T22:04:32.381Z,UAV 4,
FRINF026,move to,LOC_중앙킬존,21.38503563,-157.74227898,2026-08-03T22:04:32.381Z,UAV 4,
FRINF013,move to,LOC_중앙킬존,21.38506081,-157.74229755,2026-08-03T22:04:32.381Z,UAV 4,
FRINF054,move to,LOC_동측능선,21.38420699,-157.74191904,2026-08-03T22:04:32.381Z,UAV 4,
FRINF001,move to,LOC_중앙킬존,21.38508992,-157.74248474,2026-08-03T22:04:32.381Z,UAV 4,
FRINF011,move to,LOC_중앙킬존,21.38511427,-157.74221458,2026-08-03T22:04:32.381Z,UAV 4,
FRINF033,move to,LOC_중앙킬존,21.38493482,-157.74240382,2026-08-03T22:04:32.381Z,UAV 4,
FRINF028,move to,LOC_중앙킬존,21.38493330,-157.74236785,2026-08-03T22:04:32.381Z,UAV 4,
FRINF019,move to,LOC_중앙킬존,21.38491417,-157.74238828,2026-08-03T22:04:32.381Z,UAV 4,
FRINF043,move to,LOC_중앙킬존,21.38495376,-157.74235740,2026-08-03T22:04:32.381Z,UAV 4,
FRINF006,move to,LOC_중앙킬존,21.38514088,-157.74218477,2026-08-03T22:04:32.381Z,UAV 4,
FRINF036,move to,LOC_중앙킬존,21.38510723,-157.74230199,2026-08-03T22:04:32.381Z,UAV 4,
FRINF035,move to,LOC_중앙킬존,21.38506126,-157.74245833,2026-08-03T22:04:32.381Z,UAV 4,
FRINF031,move to,LOC_중앙킬존,21.38506941,-157.74234887,2026-08-03T22:04:32.381Z,UAV 4,
FRINF053,move to,LOC_동측능선,21.38444102,-157.74191151,2026-08-03T22:04:32.381Z,UAV 4,
FRINF003,move to,LOC_중앙킬존,21.38501272,-157.74254607,2026-08-03T22:04:32.381Z,UAV 4,
FRINF051,move to,LOC_동측능선,21.38430818,-157.74184108,2026-08-03T22:04:32.381Z,UAV 4,
FRINF024,move to,LOC_중앙킬존,21.38500394,-157.74253922,2026-08-03T22:04:32.381Z,UAV 4,
FRINF018,move to,LOC_중앙킬존,21.38501844,-157.74226652,2026-08-03T22:04:32.381Z,UAV 4,
FRINF030,move to,LOC_중앙킬존,21.38506092,-157.74238886,2026-08-03T22:04:32.381Z,UAV 4,
FRINF004,move to,LOC_중앙킬존,21.38506776,-157.74249762,2026-08-03T22:04:32.381Z,UAV 4,
FRINF047,move to,LOC_중앙킬존,21.38496899,-157.74226236,2026-08-03T22:04:32.381Z,UAV 4,
FRINF025,move to,LOC_중앙킬존,21.38499442,-157.74242359,2026-08-03T22:04:32.381Z,UAV 4,
FRINF007,move to,LOC_중앙킬존,21.38507372,-157.74218035,2026-08-03T22:04:32.381Z,UAV 4,
FRINF045,move to,LOC_중앙킬존,21.38513771,-157.74213319,2026-08-03T22:04:32.381Z,UAV 4,
FRINF014,move to,LOC_중앙킬존,21.38512320,-157.74218871,2026-08-03T22:04:32.381Z,UAV 4,
FRINF055,move to,LOC_동측능선,21.38442333,-157.74201350,2026-08-03T22:04:32.381Z,UAV 4,
FRINF005,move to,LOC_중앙킬존,21.38504223,-157.74234294,2026-08-03T22:04:32.381Z,UAV 4,
FRINF012,move to,LOC_중앙킬존,21.38510490,-157.74234867,2026-08-03T22:04:32.381Z,UAV 4,
FRINF022,move to,LOC_중앙킬존,21.38504787,-157.74247155,2026-08-03T22:04:32.381Z,UAV 4,
FRINF040,move to,LOC_중앙킬존,21.38502122,-157.74221136,2026-08-03T22:04:32.381Z,UAV 4,
FRINF041,move to,LOC_중앙킬존,21.38498208,-157.74239433,2026-08-03T22:04:32.381Z,UAV 4,
FRINF042,move to,LOC_중앙킬존,21.38500573,-157.74231737,2026-08-03T22:04:32.381Z,UAV 4,
FRINF023,move to,LOC_중앙킬존,21.38510394,-157.74214808,2026-08-03T22:04:32.381Z,UAV 4,
FRINF046,move to,LOC_중앙킬존,21.38507188,-157.74227746,2026-08-03T22:04:32.381Z,UAV 4,
FRINF021,move to,LOC_중앙킬존,21.38498705,-157.74234011,2026-08-03T22:04:32.381Z,UAV 4,
FRINF038,move to,LOC_중앙킬존,21.38499238,-157.74244155,2026-08-03T22:04:32.381Z,UAV 4,
FRINF029,move to,LOC_중앙킬존,21.38510815,-157.74222259,2026-08-03T22:04:32.381Z,UAV 4,
FRINF052,move to,LOC_동측능선,21.38428511,-157.74177775,2026-08-03T22:04:32.381Z,UAV 4,
FRINF039,move to,LOC_중앙킬존,21.38509609,-157.74224258,2026-08-03T22:04:32.381Z,UAV 4,
FRINF026,move to,LOC_중앙킬존,21.38503563,-157.74227898,2026-08-03T22:04:32.381Z,UAV 4,
FRINF013,move to,LOC_중앙킬존,21.38506081,-157.74229755,2026-08-03T22:04:32.381Z,UAV 4,
FRINF054,move to,LOC_동측능선,21.38420699,-157.74191904,2026-08-03T22:04:32.381Z,UAV 4,
FRINF001,move to,LOC_중앙킬존,21.38508992,-157.74248474,2026-08-03T22:04:32.381Z,UAV 4,
FRINF011,move to,LOC_중앙킬존,21.38511427,-157.74221458,2026-08-03T22:04:32.381Z,UAV 4,
FRINF033,move to,LOC_중앙킬존,21.38493482,-157.74240382,2026-08-03T22:04:32.381Z,UAV 4,
FRINF028,move to,LOC_중앙킬존,21.38493330,-157.74236785,2026-08-03T22:04:32.381Z,UAV 4,
FRINF019,move to,LOC_중앙킬존,21.38491417,-157.74238828,2026-08-03T22:04:32.381Z,UAV 4,
FRINF043,move to,LOC_중앙킬존,21.38495376,-157.74235740,2026-08-03T22:04:32.381Z,UAV 4,
FRINF006,move to,LOC_중앙킬존,21.38514088,-157.74218477,2026-08-03T22:04:32.381Z,UAV 4,
FRINF036,move to,LOC_중앙킬존,21.38510723,-157.74230199,2026-08-03T22:04:32.381Z,UAV 4,
FRINF035,move to,LOC_중앙킬존,21.38506126,-157.74245833,2026-08-03T22:04:32.381Z,UAV 4,
FRINF031,move to,LOC_중앙킬존,21.38506941,-157.74234887,2026-08-03T22:04:32.381Z,UAV 4,
FRINF053,move to,LOC_동측능선,21.38444102,-157.74191151,2026-08-03T22:04:32.381Z,UAV 4,
FRINF003,move to,LOC_중앙킬존,21.38501272,-157.74254607,2026-08-03T22:04:32.381Z,UAV 4,
FRINF051,move to,LOC_동측능선,21.38430818,-157.74184108,2026-08-03T22:04:32.381Z,UAV 4,
FRINF024,move to,LOC_중앙킬존,21.38500394,-157.74253922,2026-08-03T22:04:32.381Z,UAV 4,
FRINF018,move to,LOC_중앙킬존,21.38501844,-157.74226652,2026-08-03T22:04:32.381Z,UAV 4,
FRINF030,move to,LOC_중앙킬존,21.38506092,-157.74238886,2026-08-03T22:04:32.381Z,UAV 4,
FRINF004,move to,LOC_중앙킬존,21.38506776,-157.74249762,2026-08-03T22:04:32.381Z,UAV 4,
FRINF047,move to,LOC_중앙킬존,21.38496899,-157.74226236,2026-08-03T22:04:32.381Z,UAV 4,
FRINF025,move to,LOC_중앙킬존,21.38499442,-157.74242359,2026-08-03T22:04:32.381Z,UAV 4,
FRINF007,move to,LOC_중앙킬존,21.38507372,-157.74218035,2026-08-03T22:04:32.381Z,UAV 4,
FRINF045,move to,LOC_중앙킬존,21.38513771,-157.74213319,2026-08-03T22:04:32.381Z,UAV 4,
FRINF014,move to,LOC_중앙킬존,21.38512320,-157.74218871,2026-08-03T22:04:32.381Z,UAV 4,
FRINF055,move to,LOC_동측능선,21.38440611,-157.74203438,2026-08-03T22:04:34.410Z,UAV 4,
FRINF052,move to,LOC_동측능선,21.38426767,-157.74179967,2026-08-03T22:04:34.410Z,UAV 4,
FRINF054,move to,LOC_동측능선,21.38418948,-157.74194097,2026-08-03T22:04:34.410Z,UAV 4,
FRINF053,move to,LOC_동측능선,21.38442342,-157.74193300,2026-08-03T22:04:34.410Z,UAV 4,
FRINF051,move to,LOC_동측능선,21.38429077,-157.74186278,2026-08-03T22:04:34.410Z,UAV 4,
FRINF055,move to,LOC_동측능선,21.38440611,-157.74203438,2026-08-03T22:04:34.410Z,UAV 4,
FRINF052,move to,LOC_동측능선,21.38426767,-157.74179967,2026-08-03T22:04:34.410Z,UAV 4,
FRINF054,move to,LOC_동측능선,21.38418948,-157.74194097,2026-08-03T22:04:34.410Z,UAV 4,
FRINF053,move to,LOC_동측능선,21.38442342,-157.74193300,2026-08-03T22:04:34.410Z,UAV 4,
FRINF051,move to,LOC_동측능선,21.38429077,-157.74186278,2026-08-03T22:04:34.410Z,UAV 4,
FRINF055,move to,LOC_동측능선,21.38440611,-157.74203438,2026-08-03T22:04:34.410Z,UAV 4,
FRINF052,move to,LOC_동측능선,21.38426767,-157.74179967,2026-08-03T22:04:34.410Z,UAV 4,
FRINF054,move to,LOC_동측능선,21.38418948,-157.74194097,2026-08-03T22:04:34.410Z,UAV 4,
FRINF053,move to,LOC_동측능선,21.38442342,-157.74193300,2026-08-03T22:04:34.410Z,UAV 4,
FRINF051,move to,LOC_동측능선,21.38429077,-157.74186278,2026-08-03T22:04:34.410Z,UAV 4,
FRINF055,move to,LOC_동측능선,21.38440611,-157.74203438,2026-08-03T22:04:34.410Z,UAV 4,
FRINF052,move to,LOC_동측능선,21.38426767,-157.74179967,2026-08-03T22:04:34.410Z,UAV 4,
FRINF054,move to,LOC_동측능선,21.38418948,-157.74194097,2026-08-03T22:04:34.410Z,UAV 4,
FRINF053,move to,LOC_동측능선,21.38442342,-157.74193300,2026-08-03T22:04:34.410Z,UAV 4,
FRINF051,move to,LOC_동측능선,21.38429077,-157.74186278,2026-08-03T22:04:34.410Z,UAV 4,
FRINF052,move to,LOC_동측능선,21.38425018,-157.74182164,2026-08-03T22:04:36.449Z,UAV 4,
FRINF054,move to,LOC_동측능선,21.38417184,-157.74196304,2026-08-03T22:04:36.449Z,UAV 4,
FRINF051,move to,LOC_동측능선,21.38427321,-157.74188467,2026-08-03T22:04:36.449Z,UAV 4,
FRINF052,move to,LOC_동측능선,21.38425018,-157.74182164,2026-08-03T22:04:36.449Z,UAV 4,
FRINF054,move to,LOC_동측능선,21.38417184,-157.74196304,2026-08-03T22:04:36.449Z,UAV 4,
FRINF051,move to,LOC_동측능선,21.38427321,-157.74188467,2026-08-03T22:04:36.449Z,UAV 4,
FRINF052,move to,LOC_동측능선,21.38425018,-157.74182164,2026-08-03T22:04:36.449Z,UAV 4,
FRINF054,move to,LOC_동측능선,21.38417184,-157.74196304,2026-08-03T22:04:36.449Z,UAV 4,
FRINF051,move to,LOC_동측능선,21.38427321,-157.74188467,2026-08-03T22:04:36.449Z,UAV 4,
FRINF052,move to,LOC_동측능선,21.38425018,-157.74182164,2026-08-03T22:04:36.449Z,UAV 4,
FRINF054,move to,LOC_동측능선,21.38417184,-157.74196304,2026-08-03T22:04:36.449Z,UAV 4,
FRINF051,move to,LOC_동측능선,21.38427321,-157.74188467,2026-08-03T22:04:36.449Z,UAV 4,
FRT69002,move to,LOC_중앙킬존남측,21.38062355,-157.73220904,2026-08-03T22:00:00.000Z,UAV 4,
FRT69001,move to,LOC_중앙킬존남측,21.38083091,-157.73220700,2026-08-03T22:00:00.000Z,UAV 4,
FRMORT002,FFE-on-Location,LOC_적박격포진지,21.39124517,-157.73722922,2026-08-03T22:00:00.000Z,UAV 4,
ENM35004,move to,LOC_적북측접근로,21.37321699,-157.73305944,2026-08-03T22:00:00.000Z,UAV 4,
ENGAZ001,move to,LOC_적북측접근로,21.37337528,-157.73279257,2026-08-03T22:00:00.000Z,UAV 4,
FRT69006,move to,LOC_중앙킬존남측,21.38096188,-157.73222439,2026-08-03T22:00:00.000Z,UAV 4,
FRLAV002,move to,LOC_중앙킬존남측,21.38989760,-157.74176125,2026-08-03T22:00:00.000Z,UAV 4,
FRT69003,move to,LOC_중앙킬존남측,21.38097332,-157.73240275,2026-08-03T22:00:00.000Z,UAV 4,
FRT69005,move to,LOC_중앙킬존남측,21.38100014,-157.73233777,2026-08-03T22:00:00.000Z,UAV 4,
FRM113002,move to,LOC_중앙킬존남측,21.38982569,-157.74169886,2026-08-03T22:00:00.000Z,UAV 4,
ENGAZ002,move to,LOC_적북측접근로,21.37349402,-157.73315589,2026-08-03T22:00:00.000Z,UAV 4,
ENM35002,move to,LOC_적북측접근로,21.37340544,-157.73283903,2026-08-03T22:00:00.000Z,UAV 4,
FRLAV008,move to,LOC_중앙킬존남측,21.39000596,-157.74175678,2026-08-03T22:00:00.000Z,UAV 4,
ENGAZ003,move to,LOC_적북측접근로,21.37338431,-157.73326221,2026-08-03T22:00:00.000Z,UAV 4,
ENM35001,move to,LOC_적북측접근로,21.37314687,-157.73312307,2026-08-03T22:00:00.000Z,UAV 4,
FRM113006,move to,LOC_중앙킬존남측,21.38989399,-157.74190826,2026-08-03T22:00:00.000Z,UAV 4,
FRMORT004,none,,21.39105358,-157.73697074,2026-08-03T22:00:00.000Z,UAV 4,
FRT69004,move to,LOC_중앙킬존남측,21.38065700,-157.73204394,2026-08-03T22:00:00.000Z,UAV 4,
FRT69008,move to,LOC_중앙킬존남측,21.38096961,-157.73244663,2026-08-03T22:00:00.000Z,UAV 4,
FRT69009,move to,LOC_중앙킬존남측,21.38066035,-157.73234161,2026-08-03T22:00:00.000Z,UAV 4,
FRLAV003,move to,LOC_중앙킬존남측,21.38979255,-157.74180726,2026-08-03T22:00:00.000Z,UAV 4,
ENGAZ004,move to,LOC_적북측접근로,21.37336764,-157.73318922,2026-08-03T22:00:00.000Z,UAV 4,
FRMORT003,FFE-on-Location,LOC_적북측접근로,21.39122072,-157.73728393,2026-08-03T22:00:00.000Z,UAV 4,
FRM113005,move to,LOC_중앙킬존남측,21.38979774,-157.74205529,2026-08-03T22:00:00.000Z,UAV 4,
FRM113001,move to,LOC_중앙킬존남측,21.38988667,-157.74163464,2026-08-03T22:00:00.000Z,UAV 4,
FRM113004,move to,LOC_중앙킬존남측,21.38976158,-157.74194084,2026-08-03T22:00:00.000Z,UAV 4,
FRT69010,move to,LOC_중앙킬존남측,21.38075758,-157.73208913,2026-08-03T22:00:00.000Z,UAV 4,
FRLAV004,move to,LOC_중앙킬존남측,21.38960746,-157.74166506,2026-08-03T22:00:00.000Z,UAV 4,
FRT69002,move to,LOC_중앙킬존남측,21.38069289,-157.73227476,2026-08-03T22:00:01.888Z,UAV 4,
FRT69001,move to,LOC_중앙킬존남측,21.38090026,-157.73227273,2026-08-03T22:00:01.888Z,UAV 4,
FRT69006,move to,LOC_중앙킬존남측,21.38102172,-157.73227257,2026-08-03T22:00:01.888Z,UAV 4,
FRT69003,move to,LOC_중앙킬존남측,21.38103315,-157.73245093,2026-08-03T22:00:01.888Z,UAV 4,
FRT69005,move to,LOC_중앙킬존남측,21.38105998,-157.73238595,2026-08-03T22:00:01.888Z,UAV 4,
FRT69004,move to,LOC_중앙킬존남측,21.38071684,-157.73209212,2026-08-03T22:00:01.888Z,UAV 4,
FRT69008,move to,LOC_중앙킬존남측,21.38102944,-157.73249481,2026-08-03T22:00:01.888Z,UAV 4,
FRT69009,move to,LOC_중앙킬존남측,21.38072018,-157.73238979,2026-08-03T22:00:01.888Z,UAV 4,
FRAHS001,FFE-on-Location,LOC_적포병진지,21.39511611,-157.73746058,2026-08-03T22:00:01.888Z,UAV 4,
FRM109001,FFE-on-Location,LOC_적포병진지,21.39515360,-157.73702065,2026-08-03T22:00:01.888Z,UAV 4,
FRAHS002,FFE-on-Location,LOC_적박격포진지,21.39520418,-157.73742074,2026-08-03T22:00:01.888Z,UAV 4,
FRT69002,move to,LOC_중앙킬존남측,21.38069289,-157.73227476,2026-08-03T22:00:01.888Z,UAV 4,
FRT69001,move to,LOC_중앙킬존남측,21.38090026,-157.73227273,2026-08-03T22:00:01.888Z,UAV 4,
FRT69006,move to,LOC_중앙킬존남측,21.38102172,-157.73227257,2026-08-03T22:00:01.888Z,UAV 4,
FRT69003,move to,LOC_중앙킬존남측,21.38103315,-157.73245093,2026-08-03T22:00:01.888Z,UAV 4,
FRT69005,move to,LOC_중앙킬존남측,21.38105998,-157.73238595,2026-08-03T22:00:01.888Z,UAV 4,
FRT69004,move to,LOC_중앙킬존남측,21.38071684,-157.73209212,2026-08-03T22:00:01.888Z,UAV 4,
FRT69008,move to,LOC_중앙킬존남측,21.38102944,-157.73249481,2026-08-03T22:00:01.888Z,UAV 4,
FRT69009,move to,LOC_중앙킬존남측,21.38072018,-157.73238979,2026-08-03T22:00:01.888Z,UAV 4,
FRAHS001,FFE-on-Location,LOC_적포병진지,21.39511611,-157.73746058,2026-08-03T22:00:01.888Z,UAV 4,
FRM109001,FFE-on-Location,LOC_적포병진지,21.39515360,-157.73702065,2026-08-03T22:00:01.888Z,UAV 4,
FRAHS002,FFE-on-Location,LOC_적박격포진지,21.39520418,-157.73742074,2026-08-03T22:00:01.888Z,UAV 4,
FRT69002,move to,LOC_중앙킬존남측,21.38062365,-157.73220904,2026-08-03T22:00:00.000Z,UAV 4,
FRT69001,move to,LOC_중앙킬존남측,21.38083102,-157.73220700,2026-08-03T22:00:00.000Z,UAV 4,
FRMORT002,FFE-on-Location,LOC_적박격포진지,21.39124517,-157.73722922,2026-08-03T22:00:00.000Z,UAV 4,
ENM35004,move to,LOC_적북측접근로,21.37321699,-157.73305944,2026-08-03T22:00:00.000Z,UAV 4,
ENGAZ001,move to,LOC_적북측접근로,21.37337528,-157.73279257,2026-08-03T22:00:00.000Z,UAV 4,
FRT69006,move to,LOC_중앙킬존남측,21.38096188,-157.73222439,2026-08-03T22:00:00.000Z,UAV 4,
FRLAV002,move to,LOC_중앙킬존남측,21.38989760,-157.74176125,2026-08-03T22:00:00.000Z,UAV 4,
FRT69003,move to,LOC_중앙킬존남측,21.38097332,-157.73240275,2026-08-03T22:00:00.000Z,UAV 4,
FRT69005,move to,LOC_중앙킬존남측,21.38100014,-157.73233777,2026-08-03T22:00:00.000Z,UAV 4,
FRM113002,move to,LOC_중앙킬존남측,21.38982569,-157.74169886,2026-08-03T22:00:00.000Z,UAV 4,
ENGAZ002,move to,LOC_적북측접근로,21.37349402,-157.73315589,2026-08-03T22:00:00.000Z,UAV 4,
ENM35002,move to,LOC_적북측접근로,21.37340544,-157.73283903,2026-08-03T22:00:00.000Z,UAV 4,
FRLAV008,move to,LOC_중앙킬존남측,21.39000596,-157.74175678,2026-08-03T22:00:00.000Z,UAV 4,
ENGAZ003,move to,LOC_적북측접근로,21.37338431,-157.73326221,2026-08-03T22:00:00.000Z,UAV 4,
ENM35001,move to,LOC_적북측접근로,21.37314687,-157.73312307,2026-08-03T22:00:00.000Z,UAV 4,
FRM113006,move to,LOC_중앙킬존남측,21.38989399,-157.74190826,2026-08-03T22:00:00.000Z,UAV 4,
FRMORT004,none,,21.39105358,-157.73697074,2026-08-03T22:00:00.000Z,UAV 4,
FRT69004,move to,LOC_중앙킬존남측,21.38065700,-157.73204394,2026-08-03T22:00:00.000Z,UAV 4,
FRT69008,move to,LOC_중앙킬존남측,21.38096961,-157.73244663,2026-08-03T22:00:00.000Z,UAV 4,
FRT69009,move to,LOC_중앙킬존남측,21.38066035,-157.73234161,2026-08-03T22:00:00.000Z,UAV 4,
FRLAV003,move to,LOC_중앙킬존남측,21.38979255,-157.74180726,2026-08-03T22:00:00.000Z,UAV 4,
ENGAZ004,move to,LOC_적북측접근로,21.37336764,-157.73318922,2026-08-03T22:00:00.000Z,UAV 4,
FRMORT003,FFE-on-Location,LOC_적북측접근로,21.39122072,-157.73728393,2026-08-03T22:00:00.000Z,UAV 4,
FRM113005,move to,LOC_중앙킬존남측,21.38979774,-157.74205529,2026-08-03T22:00:00.000Z,UAV 4,
FRM113001,move to,LOC_중앙킬존남측,21.38988667,-157.74163464,2026-08-03T22:00:00.000Z,UAV 4,
FRM113004,move to,LOC_중앙킬존남측,21.38976158,-157.74194084,2026-08-03T22:00:00.000Z,UAV 4,
FRT69010,move to,LOC_중앙킬존남측,21.38075758,-157.73208913,2026-08-03T22:00:00.000Z,UAV 4,
FRLAV004,move to,LOC_중앙킬존남측,21.38960746,-157.74166506,2026-08-03T22:00:00.000Z,UAV 4,
FRT69002,move to,LOC_중앙킬존남측,21.38069282,-157.73227911,2026-08-03T22:00:01.938Z,UAV 4,
FRT69001,move to,LOC_중앙킬존남측,21.38090019,-157.73227707,2026-08-03T22:00:01.938Z,UAV 4,
FRT69006,move to,LOC_중앙킬존남측,21.38102277,-157.73227758,2026-08-03T22:00:01.938Z,UAV 4,
FRT69003,move to,LOC_중앙킬존남측,21.38103421,-157.73245594,2026-08-03T22:00:01.938Z,UAV 4,
FRT69005,move to,LOC_중앙킬존남측,21.38106103,-157.73239095,2026-08-03T22:00:01.938Z,UAV 4,
FRMORT004,none,,21.39105358,-157.73697074,2026-08-03T22:00:01.938Z,UAV 4,
FRT69004,move to,LOC_중앙킬존남측,21.38071789,-157.73209713,2026-08-03T22:00:01.938Z,UAV 4,
FRT69008,move to,LOC_중앙킬존남측,21.38103050,-157.73249982,2026-08-03T22:00:01.938Z,UAV 4,
FRT69009,move to,LOC_중앙킬존남측,21.38072124,-157.73239480,2026-08-03T22:00:01.938Z,UAV 4,
FRAHS001,FFE-on-Location,LOC_적포병진지,21.39511611,-157.73746058,2026-08-03T22:00:01.938Z,UAV 4,
FRM109002,FFE-on-Location,LOC_적박격포진지,21.39535746,-157.73730886,2026-08-03T22:00:01.938Z,UAV 4,
FRM109001,FFE-on-Location,LOC_적포병진지,21.39515360,-157.73702065,2026-08-03T22:00:01.938Z,UAV 4,
FRAHS002,FFE-on-Location,LOC_적박격포진지,21.39520418,-157.73742074,2026-08-03T22:00:01.938Z,UAV 4,
FRT69002,move to,LOC_중앙킬존남측,21.38069282,-157.73227911,2026-08-03T22:00:01.938Z,UAV 4,
FRT69001,move to,LOC_중앙킬존남측,21.38090019,-157.73227707,2026-08-03T22:00:01.938Z,UAV 4,
FRT69006,move to,LOC_중앙킬존남측,21.38102277,-157.73227758,2026-08-03T22:00:01.938Z,UAV 4,
FRT69003,move to,LOC_중앙킬존남측,21.38103421,-157.73245594,2026-08-03T22:00:01.938Z,UAV 4,
FRT69005,move to,LOC_중앙킬존남측,21.38106103,-157.73239095,2026-08-03T22:00:01.938Z,UAV 4,
FRMORT004,none,,21.39105358,-157.73697074,2026-08-03T22:00:01.938Z,UAV 4,
FRT69004,move to,LOC_중앙킬존남측,21.38071789,-157.73209713,2026-08-03T22:00:01.938Z,UAV 4,
FRT69008,move to,LOC_중앙킬존남측,21.38103050,-157.73249982,2026-08-03T22:00:01.938Z,UAV 4,
FRT69009,move to,LOC_중앙킬존남측,21.38072124,-157.73239480,2026-08-03T22:00:01.938Z,UAV 4,
FRAHS001,FFE-on-Location,LOC_적포병진지,21.39511611,-157.73746058,2026-08-03T22:00:01.938Z,UAV 4,
FRM109002,FFE-on-Location,LOC_적박격포진지,21.39535746,-157.73730886,2026-08-03T22:00:01.938Z,UAV 4,
FRM109001,FFE-on-Location,LOC_적포병진지,21.39515360,-157.73702065,2026-08-03T22:00:01.938Z,UAV 4,
FRAHS002,FFE-on-Location,LOC_적박격포진지,21.39520418,-157.73742074,2026-08-03T22:00:01.938Z,UAV 4,
FRT69002,move to,LOC_중앙킬존남측,21.38062350,-157.73220904,2026-08-03T22:00:00.000Z,UAV 4,
FRT69001,move to,LOC_중앙킬존남측,21.38083086,-157.73220700,2026-08-03T22:00:00.000Z,UAV 4,
FRMORT002,FFE-on-Location,LOC_적박격포진지,21.39124517,-157.73722922,2026-08-03T22:00:00.000Z,UAV 4,
ENM35004,move to,LOC_적북측접근로,21.37321699,-157.73305944,2026-08-03T22:00:00.000Z,UAV 4,
ENGAZ001,move to,LOC_적북측접근로,21.37337528,-157.73279257,2026-08-03T22:00:00.000Z,UAV 4,
FRT69006,move to,LOC_중앙킬존남측,21.38096188,-157.73222439,2026-08-03T22:00:00.000Z,UAV 4,
FRLAV002,move to,LOC_중앙킬존남측,21.38989760,-157.74176125,2026-08-03T22:00:00.000Z,UAV 4,
FRT69003,move to,LOC_중앙킬존남측,21.38097332,-157.73240275,2026-08-03T22:00:00.000Z,UAV 4,
FRT69005,move to,LOC_중앙킬존남측,21.38100014,-157.73233777,2026-08-03T22:00:00.000Z,UAV 4,
FRM113002,move to,LOC_중앙킬존남측,21.38982569,-157.74169886,2026-08-03T22:00:00.000Z,UAV 4,
ENGAZ002,move to,LOC_적북측접근로,21.37349402,-157.73315589,2026-08-03T22:00:00.000Z,UAV 4,
ENM35002,move to,LOC_적북측접근로,21.37340544,-157.73283903,2026-08-03T22:00:00.000Z,UAV 4,
FRLAV008,move to,LOC_중앙킬존남측,21.39000596,-157.74175678,2026-08-03T22:00:00.000Z,UAV 4,
ENGAZ003,move to,LOC_적북측접근로,21.37338431,-157.73326221,2026-08-03T22:00:00.000Z,UAV 4,
ENM35001,move to,LOC_적북측접근로,21.37314687,-157.73312307,2026-08-03T22:00:00.000Z,UAV 4,
FRM113006,move to,LOC_중앙킬존남측,21.38989399,-157.74190826,2026-08-03T22:00:00.000Z,UAV 4,
FRMORT004,none,,21.39105358,-157.73697074,2026-08-03T22:00:00.000Z,UAV 4,
FRT69004,move to,LOC_중앙킬존남측,21.38065700,-157.73204394,2026-08-03T22:00:00.000Z,UAV 4,
FRT69008,move to,LOC_중앙킬존남측,21.38096961,-157.73244663,2026-08-03T22:00:00.000Z,UAV 4,
FRT69009,move to,LOC_중앙킬존남측,21.38066035,-157.73234161,2026-08-03T22:00:00.000Z,UAV 4,
FRLAV003,move to,LOC_중앙킬존남측,21.38979255,-157.74180726,2026-08-03T22:00:00.000Z,UAV 4,
ENGAZ004,move to,LOC_적북측접근로,21.37336764,-157.73318922,2026-08-03T22:00:00.000Z,UAV 4,
FRMORT003,FFE-on-Location,LOC_적북측접근로,21.39122072,-157.73728393,2026-08-03T22:00:00.000Z,UAV 4,
FRM113005,move to,LOC_중앙킬존남측,21.38979774,-157.74205529,2026-08-03T22:00:00.000Z,UAV 4,
FRM113001,move to,LOC_중앙킬존남측,21.38988667,-157.74163464,2026-08-03T22:00:00.000Z,UAV 4,
FRM113004,move to,LOC_중앙킬존남측,21.38976158,-157.74194084,2026-08-03T22:00:00.000Z,UAV 4,
FRT69010,move to,LOC_중앙킬존남측,21.38075758,-157.73208913,2026-08-03T22:00:00.000Z,UAV 4,
FRLAV004,move to,LOC_중앙킬존남측,21.38960746,-157.74166506,2026-08-03T22:00:00.000Z,UAV 4,
FRT69002,move to,LOC_중앙킬존남측,21.38062354,-157.73220904,2026-08-03T22:00:00.000Z,UAV 4,
FRT69001,move to,LOC_중앙킬존남측,21.38083091,-157.73220700,2026-08-03T22:00:00.000Z,UAV 4,
FRMORT002,FFE-on-Location,LOC_적박격포진지,21.39124517,-157.73722922,2026-08-03T22:00:00.000Z,UAV 4,
ENM35004,move to,LOC_적북측접근로,21.37321699,-157.73305944,2026-08-03T22:00:00.000Z,UAV 4,
ENGAZ001,move to,LOC_적북측접근로,21.37337528,-157.73279257,2026-08-03T22:00:00.000Z,UAV 4,
FRT69006,move to,LOC_중앙킬존남측,21.38096188,-157.73222439,2026-08-03T22:00:00.000Z,UAV 4,
FRLAV002,move to,LOC_중앙킬존남측,21.38989760,-157.74176125,2026-08-03T22:00:00.000Z,UAV 4,
FRT69003,move to,LOC_중앙킬존남측,21.38097332,-157.73240275,2026-08-03T22:00:00.000Z,UAV 4,
FRT69005,move to,LOC_중앙킬존남측,21.38100014,-157.73233777,2026-08-03T22:00:00.000Z,UAV 4,
FRM113002,move to,LOC_중앙킬존남측,21.38982569,-157.74169886,2026-08-03T22:00:00.000Z,UAV 4,
ENGAZ002,move to,LOC_적북측접근로,21.37349402,-157.73315589,2026-08-03T22:00:00.000Z,UAV 4,
ENM35002,move to,LOC_적북측접근로,21.37340544,-157.73283903,2026-08-03T22:00:00.000Z,UAV 4,
FRLAV008,move to,LOC_중앙킬존남측,21.39000596,-157.74175678,2026-08-03T22:00:00.000Z,UAV 4,
ENGAZ003,move to,LOC_적북측접근로,21.37338431,-157.73326221,2026-08-03T22:00:00.000Z,UAV 4,
ENM35001,move to,LOC_적북측접근로,21.37314687,-157.73312307,2026-08-03T22:00:00.000Z,UAV 4,
FRM113006,move to,LOC_중앙킬존남측,21.38989399,-157.74190826,2026-08-03T22:00:00.000Z,UAV 4,
FRMORT004,none,,21.39105358,-157.73697074,2026-08-03T22:00:00.000Z,UAV 4,
FRT69004,move to,LOC_중앙킬존남측,21.38065700,-157.73204394,2026-08-03T22:00:00.000Z,UAV 4,
FRT69008,move to,LOC_중앙킬존남측,21.38096961,-157.73244663,2026-08-03T22:00:00.000Z,UAV 4,
FRT69009,move to,LOC_중앙킬존남측,21.38066035,-157.73234161,2026-08-03T22:00:00.000Z,UAV 4,
FRLAV003,move to,LOC_중앙킬존남측,21.38979255,-157.74180726,2026-08-03T22:00:00.000Z,UAV 4,
ENGAZ004,move to,LOC_적북측접근로,21.37336764,-157.73318922,2026-08-03T22:00:00.000Z,UAV 4,
FRMORT003,FFE-on-Location,LOC_적북측접근로,21.39122072,-157.73728393,2026-08-03T22:00:00.000Z,UAV 4,
FRM113005,move to,LOC_중앙킬존남측,21.38979774,-157.74205529,2026-08-03T22:00:00.000Z,UAV 4,
FRM113001,move to,LOC_중앙킬존남측,21.38988667,-157.74163464,2026-08-03T22:00:00.000Z,UAV 4,
FRM113004,move to,LOC_중앙킬존남측,21.38976158,-157.74194084,2026-08-03T22:00:00.000Z,UAV 4,
FRT69010,move to,LOC_중앙킬존남측,21.38075758,-157.73208913,2026-08-03T22:00:00.000Z,UAV 4,
FRLAV004,move to,LOC_중앙킬존남측,21.38960746,-157.74166506,2026-08-03T22:00:00.000Z,UAV 4,
FRT69002,move to,LOC_중앙킬존남측,21.38062354,-157.73220904,2026-08-03T22:00:00.000Z,UAV 4,
FRT69001,move to,LOC_중앙킬존남측,21.38083091,-157.73220700,2026-08-03T22:00:00.000Z,UAV 4,
FRMORT002,FFE-on-Location,LOC_적박격포진지,21.39124517,-157.73722922,2026-08-03T22:00:00.000Z,UAV 4,
ENM35004,move to,LOC_적북측접근로,21.37321699,-157.73305944,2026-08-03T22:00:00.000Z,UAV 4,
ENGAZ001,move to,LOC_적북측접근로,21.37337528,-157.73279257,2026-08-03T22:00:00.000Z,UAV 4,
FRT69006,move to,LOC_중앙킬존남측,21.38096188,-157.73222439,2026-08-03T22:00:00.000Z,UAV 4,
FRLAV002,move to,LOC_중앙킬존남측,21.38989760,-157.74176125,2026-08-03T22:00:00.000Z,UAV 4,
FRT69003,move to,LOC_중앙킬존남측,21.38097332,-157.73240275,2026-08-03T22:00:00.000Z,UAV 4,
FRT69005,move to,LOC_중앙킬존남측,21.38100014,-157.73233777,2026-08-03T22:00:00.000Z,UAV 4,
FRM113002,move to,LOC_중앙킬존남측,21.38982569,-157.74169886,2026-08-03T22:00:00.000Z,UAV 4,
ENGAZ002,move to,LOC_적북측접근로,21.37349402,-157.73315589,2026-08-03T22:00:00.000Z,UAV 4,
ENM35002,move to,LOC_적북측접근로,21.37340544,-157.73283903,2026-08-03T22:00:00.000Z,UAV 4,
FRLAV008,move to,LOC_중앙킬존남측,21.39000596,-157.74175678,2026-08-03T22:00:00.000Z,UAV 4,
ENGAZ003,move to,LOC_적북측접근로,21.37338431,-157.73326221,2026-08-03T22:00:00.000Z,UAV 4,
ENM35001,move to,LOC_적북측접근로,21.37314687,-157.73312307,2026-08-03T22:00:00.000Z,UAV 4,
FRM113006,move to,LOC_중앙킬존남측,21.38989399,-157.74190826,2026-08-03T22:00:00.000Z,UAV 4,
FRMORT004,none,,21.39105358,-157.73697074,2026-08-03T22:00:00.000Z,UAV 4,
FRT69004,move to,LOC_중앙킬존남측,21.38065700,-157.73204394,2026-08-03T22:00:00.000Z,UAV 4,
FRT69008,move to,LOC_중앙킬존남측,21.38096961,-157.73244663,2026-08-03T22:00:00.000Z,UAV 4,
FRT69009,move to,LOC_중앙킬존남측,21.38066035,-157.73234161,2026-08-03T22:00:00.000Z,UAV 4,
FRLAV003,move to,LOC_중앙킬존남측,21.38979255,-157.74180726,2026-08-03T22:00:00.000Z,UAV 4,
ENGAZ004,move to,LOC_적북측접근로,21.37336764,-157.73318922,2026-08-03T22:00:00.000Z,UAV 4,
FRMORT003,FFE-on-Location,LOC_적북측접근로,21.39122072,-157.73728393,2026-08-03T22:00:00.000Z,UAV 4,
FRM113005,move to,LOC_중앙킬존남측,21.38979774,-157.74205529,2026-08-03T22:00:00.000Z,UAV 4,
FRM113001,move to,LOC_중앙킬존남측,21.38988667,-157.74163464,2026-08-03T22:00:00.000Z,UAV 4,
FRM113004,move to,LOC_중앙킬존남측,21.38976158,-157.74194084,2026-08-03T22:00:00.000Z,UAV 4,
FRT69010,move to,LOC_중앙킬존남측,21.38075758,-157.73208913,2026-08-03T22:00:00.000Z,UAV 4,
FRLAV004,move to,LOC_중앙킬존남측,21.38960746,-157.74166506,2026-08-03T22:00:00.000Z,UAV 4,
FRT69002,move to,LOC_중앙킬존남측,21.38062323,-157.73220904,2026-08-04T04:08:39.000Z,UAV 4,
FRT69001,move to,LOC_중앙킬존남측,21.38083060,-157.73220700,2026-08-04T04:08:39.000Z,UAV 4,
FRMORT002,FFE-on-Location,LOC_적박격포진지,21.39124517,-157.73722922,2026-08-04T04:08:39.000Z,UAV 4,
ENM35004,move to,LOC_적북측접근로,21.37321699,-157.73305944,2026-08-04T04:08:39.000Z,UAV 4,
ENGAZ001,move to,LOC_적북측접근로,21.37337528,-157.73279257,2026-08-04T04:08:39.000Z,UAV 4,
FRT69006,move to,LOC_중앙킬존남측,21.38096188,-157.73222439,2026-08-04T04:08:39.000Z,UAV 4,
FRT69003,move to,LOC_중앙킬존남측,21.38097332,-157.73240275,2026-08-04T04:08:39.000Z,UAV 4,
FRT69005,move to,LOC_중앙킬존남측,21.38100014,-157.73233777,2026-08-04T04:08:39.000Z,UAV 4,
ENGAZ002,move to,LOC_적북측접근로,21.37349402,-157.73315589,2026-08-04T04:08:39.000Z,UAV 4,
ENM35002,move to,LOC_적북측접근로,21.37340544,-157.73283903,2026-08-04T04:08:39.000Z,UAV 4,
FRLAV008,move to,LOC_중앙킬존남측,21.39000596,-157.74175678,2026-08-04T04:08:39.000Z,UAV 4,
ENGAZ003,move to,LOC_적북측접근로,21.37338431,-157.73326221,2026-08-04T04:08:39.000Z,UAV 4,
ENM35001,move to,LOC_적북측접근로,21.37314687,-157.73312307,2026-08-04T04:08:39.000Z,UAV 4,
FRMORT004,none,,21.39105358,-157.73697074,2026-08-04T04:08:39.000Z,UAV 4,
FRT69004,move to,LOC_중앙킬존남측,21.38065700,-157.73204394,2026-08-04T04:08:39.000Z,UAV 4,
FRT69008,move to,LOC_중앙킬존남측,21.38096961,-157.73244663,2026-08-04T04:08:39.000Z,UAV 4,
FRT69009,move to,LOC_중앙킬존남측,21.38066035,-157.73234161,2026-08-04T04:08:39.000Z,UAV 4,
ENGAZ004,move to,LOC_적북측접근로,21.37336764,-157.73318922,2026-08-04T04:08:39.000Z,UAV 4,
FRMORT003,FFE-on-Location,LOC_적북측접근로,21.39122072,-157.73728393,2026-08-04T04:08:39.000Z,UAV 4,
FRM113001,move to,LOC_중앙킬존남측,21.38988667,-157.74163464,2026-08-04T04:08:39.000Z,UAV 4,
FRT69010,move to,LOC_중앙킬존남측,21.38075758,-157.73208913,2026-08-04T04:08:39.000Z,UAV 4,
FRT69002,move to,LOC_중앙킬존남측,21.38062346,-157.73220904,2026-08-04T04:09:15.000Z,UAV 4,
FRT69001,move to,LOC_중앙킬존남측,21.38083083,-157.73220700,2026-08-04T04:09:15.000Z,UAV 4,
FRMORT002,FFE-on-Location,LOC_적박격포진지,21.39124517,-157.73722922,2026-08-04T04:09:15.000Z,UAV 4,
ENM35004,move to,LOC_적북측접근로,21.37321699,-157.73305944,2026-08-04T04:09:15.000Z,UAV 4,
ENGAZ001,move to,LOC_적북측접근로,21.37337528,-157.73279257,2026-08-04T04:09:15.000Z,UAV 4,
FRT69006,move to,LOC_중앙킬존남측,21.38096188,-157.73222439,2026-08-04T04:09:15.000Z,UAV 4,
FRT69003,move to,LOC_중앙킬존남측,21.38097332,-157.73240275,2026-08-04T04:09:15.000Z,UAV 4,
FRT69005,move to,LOC_중앙킬존남측,21.38100014,-157.73233777,2026-08-04T04:09:15.000Z,UAV 4,
ENGAZ002,move to,LOC_적북측접근로,21.37349402,-157.73315589,2026-08-04T04:09:15.000Z,UAV 4,
ENM35002,move to,LOC_적북측접근로,21.37340544,-157.73283903,2026-08-04T04:09:15.000Z,UAV 4,
FRLAV008,move to,LOC_중앙킬존남측,21.39000596,-157.74175678,2026-08-04T04:09:15.000Z,UAV 4,
ENGAZ003,move to,LOC_적북측접근로,21.37338431,-157.73326221,2026-08-04T04:09:15.000Z,UAV 4,
ENM35001,move to,LOC_적북측접근로,21.37314687,-157.73312307,2026-08-04T04:09:15.000Z,UAV 4,
FRMORT004,none,,21.39105358,-157.73697074,2026-08-04T04:09:15.000Z,UAV 4,
FRT69004,move to,LOC_중앙킬존남측,21.38065700,-157.73204394,2026-08-04T04:09:15.000Z,UAV 4,
FRT69008,move to,LOC_중앙킬존남측,21.38096961,-157.73244663,2026-08-04T04:09:15.000Z,UAV 4,
FRT69009,move to,LOC_중앙킬존남측,21.38066035,-157.73234161,2026-08-04T04:09:15.000Z,UAV 4,
ENGAZ004,move to,LOC_적북측접근로,21.37336764,-157.73318922,2026-08-04T04:09:15.000Z,UAV 4,
FRMORT003,FFE-on-Location,LOC_적북측접근로,21.39122072,-157.73728393,2026-08-04T04:09:15.000Z,UAV 4,
FRM113001,move to,LOC_중앙킬존남측,21.38988667,-157.74163464,2026-08-04T04:09:15.000Z,UAV 4,
FRT69010,move to,LOC_중앙킬존남측,21.38075758,-157.73208913,2026-08-04T04:09:15.000Z,UAV 4,
FRT69002,move to,LOC_중앙킬존남측,21.38062350,-157.73220904,2026-08-04T04:13:00.000Z,UAV 4,
FRT69001,move to,LOC_중앙킬존남측,21.38083087,-157.73220700,2026-08-04T04:13:00.000Z,UAV 4,
FRMORT002,FFE-on-Location,LOC_적박격포진지,21.39124517,-157.73722922,2026-08-04T04:13:00.000Z,UAV 4,
ENM35004,move to,LOC_적북측접근로,21.37321699,-157.73305944,2026-08-04T04:13:00.000Z,UAV 4,
ENGAZ001,move to,LOC_적북측접근로,21.37337528,-157.73279257,2026-08-04T04:13:00.000Z,UAV 4,
FRT69006,move to,LOC_중앙킬존남측,21.38096188,-157.73222439,2026-08-04T04:13:00.000Z,UAV 4,
FRT69003,move to,LOC_중앙킬존남측,21.38097332,-157.73240275,2026-08-04T04:13:00.000Z,UAV 4,
FRT69005,move to,LOC_중앙킬존남측,21.38100014,-157.73233777,2026-08-04T04:13:00.000Z,UAV 4,
ENGAZ002,move to,LOC_적북측접근로,21.37349402,-157.73315589,2026-08-04T04:13:00.000Z,UAV 4,
ENM35002,move to,LOC_적북측접근로,21.37340544,-157.73283903,2026-08-04T04:13:00.000Z,UAV 4,
FRLAV008,move to,LOC_중앙킬존남측,21.39000596,-157.74175678,2026-08-04T04:13:00.000Z,UAV 4,
ENGAZ003,move to,LOC_적북측접근로,21.37338431,-157.73326221,2026-08-04T04:13:00.000Z,UAV 4,
ENM35001,move to,LOC_적북측접근로,21.37314687,-157.73312307,2026-08-04T04:13:00.000Z,UAV 4,
FRMORT004,none,,21.39105358,-157.73697074,2026-08-04T04:13:00.000Z,UAV 4,
FRT69004,move to,LOC_중앙킬존남측,21.38065700,-157.73204394,2026-08-04T04:13:00.000Z,UAV 4,
FRT69008,move to,LOC_중앙킬존남측,21.38096961,-157.73244663,2026-08-04T04:13:00.000Z,UAV 4,
FRT69009,move to,LOC_중앙킬존남측,21.38066035,-157.73234161,2026-08-04T04:13:00.000Z,UAV 4,
ENGAZ004,move to,LOC_적북측접근로,21.37336764,-157.73318922,2026-08-04T04:13:00.000Z,UAV 4,
FRMORT003,FFE-on-Location,LOC_적북측접근로,21.39122072,-157.73728393,2026-08-04T04:13:00.000Z,UAV 4,
FRM113001,move to,LOC_중앙킬존남측,21.38988667,-157.74163464,2026-08-04T04:13:00.000Z,UAV 4,
FRT69010,move to,LOC_중앙킬존남측,21.38075758,-157.73208913,2026-08-04T04:13:00.000Z,UAV 4,
FRT69002,move to,LOC_중앙킬존남측,21.38062350,-157.73220904,2026-08-04T04:13:46.000Z,UAV 4,
FRT69001,move to,LOC_중앙킬존남측,21.38083087,-157.73220700,2026-08-04T04:13:46.000Z,UAV 4,
FRMORT002,FFE-on-Location,LOC_적박격포진지,21.39124517,-157.73722922,2026-08-04T04:13:46.000Z,UAV 4,
ENM35004,move to,LOC_적북측접근로,21.37321699,-157.73305944,2026-08-04T04:13:46.000Z,UAV 4,
ENGAZ001,move to,LOC_적북측접근로,21.37337528,-157.73279257,2026-08-04T04:13:46.000Z,UAV 4,
FRT69006,move to,LOC_중앙킬존남측,21.38096188,-157.73222439,2026-08-04T04:13:46.000Z,UAV 4,
FRLAV002,move to,LOC_중앙킬존남측,21.38989760,-157.74176125,2026-08-04T04:13:46.000Z,UAV 4,
FRT69003,move to,LOC_중앙킬존남측,21.38097332,-157.73240275,2026-08-04T04:13:46.000Z,UAV 4,
FRT69005,move to,LOC_중앙킬존남측,21.38100014,-157.73233777,2026-08-04T04:13:46.000Z,UAV 4,
FRM113002,move to,LOC_중앙킬존남측,21.38982569,-157.74169886,2026-08-04T04:13:46.000Z,UAV 4,
ENGAZ002,move to,LOC_적북측접근로,21.37349402,-157.73315589,2026-08-04T04:13:46.000Z,UAV 4,
ENM35002,move to,LOC_적북측접근로,21.37340544,-157.73283903,2026-08-04T04:13:46.000Z,UAV 4,
FRLAV008,move to,LOC_중앙킬존남측,21.39000596,-157.74175678,2026-08-04T04:13:46.000Z,UAV 4,
ENGAZ003,move to,LOC_적북측접근로,21.37338431,-157.73326221,2026-08-04T04:13:46.000Z,UAV 4,
ENM35001,move to,LOC_적북측접근로,21.37314687,-157.73312307,2026-08-04T04:13:46.000Z,UAV 4,
FRM113006,move to,LOC_중앙킬존남측,21.38989399,-157.74190826,2026-08-04T04:13:46.000Z,UAV 4,
FRMORT004,none,,21.39105358,-157.73697074,2026-08-04T04:13:46.000Z,UAV 4,
FRT69004,move to,LOC_중앙킬존남측,21.38065700,-157.73204394,2026-08-04T04:13:46.000Z,UAV 4,
FRT69008,move to,LOC_중앙킬존남측,21.38096961,-157.73244663,2026-08-04T04:13:46.000Z,UAV 4,
FRT69009,move to,LOC_중앙킬존남측,21.38066035,-157.73234161,2026-08-04T04:13:46.000Z,UAV 4,
FRLAV003,move to,LOC_중앙킬존남측,21.38979255,-157.74180726,2026-08-04T04:13:46.000Z,UAV 4,
ENGAZ004,move to,LOC_적북측접근로,21.37336764,-157.73318922,2026-08-04T04:13:46.000Z,UAV 4,
FRMORT003,FFE-on-Location,LOC_적북측접근로,21.39122072,-157.73728393,2026-08-04T04:13:46.000Z,UAV 4,
FRM113005,move to,LOC_중앙킬존남측,21.38979774,-157.74205529,2026-08-04T04:13:46.000Z,UAV 4,
FRM113001,move to,LOC_중앙킬존남측,21.38988667,-157.74163464,2026-08-04T04:13:46.000Z,UAV 4,
FRM113004,move to,LOC_중앙킬존남측,21.38976158,-157.74194084,2026-08-04T04:13:46.000Z,UAV 4,
FRT69010,move to,LOC_중앙킬존남측,21.38075758,-157.73208913,2026-08-04T04:13:46.000Z,UAV 4,
FRLAV004,move to,LOC_중앙킬존남측,21.38960746,-157.74166506,2026-08-04T04:13:46.000Z,UAV 4,
FRT69002,move to,LOC_중앙킬존남측,21.38062350,-157.73220904,2026-08-04T04:13:48.000Z,UAV 4,
FRT69001,move to,LOC_중앙킬존남측,21.38083087,-157.73220700,2026-08-04T04:13:48.000Z,UAV 4,
FRMORT002,FFE-on-Location,LOC_적박격포진지,21.39124517,-157.73722922,2026-08-04T04:13:48.000Z,UAV 4,
ENM35004,move to,LOC_적북측접근로,21.37321699,-157.73305944,2026-08-04T04:13:48.000Z,UAV 4,
ENGAZ001,move to,LOC_적북측접근로,21.37337528,-157.73279257,2026-08-04T04:13:48.000Z,UAV 4,
FRT69006,move to,LOC_중앙킬존남측,21.38096188,-157.73222439,2026-08-04T04:13:48.000Z,UAV 4,
FRLAV002,move to,LOC_중앙킬존남측,21.38989760,-157.74176125,2026-08-04T04:13:48.000Z,UAV 4,
FRT69003,move to,LOC_중앙킬존남측,21.38097332,-157.73240275,2026-08-04T04:13:48.000Z,UAV 4,
FRT69005,move to,LOC_중앙킬존남측,21.38100014,-157.73233777,2026-08-04T04:13:48.000Z,UAV 4,
FRM113002,move to,LOC_중앙킬존남측,21.38982569,-157.74169886,2026-08-04T04:13:48.000Z,UAV 4,
ENGAZ002,move to,LOC_적북측접근로,21.37349402,-157.73315589,2026-08-04T04:13:48.000Z,UAV 4,
ENM35002,move to,LOC_적북측접근로,21.37340544,-157.73283903,2026-08-04T04:13:48.000Z,UAV 4,
FRLAV008,move to,LOC_중앙킬존남측,21.39000596,-157.74175678,2026-08-04T04:13:48.000Z,UAV 4,
ENGAZ003,move to,LOC_적북측접근로,21.37338431,-157.73326221,2026-08-04T04:13:48.000Z,UAV 4,
ENM35001,move to,LOC_적북측접근로,21.37314687,-157.73312307,2026-08-04T04:13:48.000Z,UAV 4,
FRM113006,move to,LOC_중앙킬존남측,21.38989399,-157.74190826,2026-08-04T04:13:48.000Z,UAV 4,
FRMORT004,none,,21.39105358,-157.73697074,2026-08-04T04:13:48.000Z,UAV 4,
FRT69004,move to,LOC_중앙킬존남측,21.38065700,-157.73204394,2026-08-04T04:13:48.000Z,UAV 4,
FRT69008,move to,LOC_중앙킬존남측,21.38096961,-157.73244663,2026-08-04T04:13:48.000Z,UAV 4,
FRT69009,move to,LOC_중앙킬존남측,21.38066035,-157.73234161,2026-08-04T04:13:48.000Z,UAV 4,
FRLAV003,move to,LOC_중앙킬존남측,21.38979255,-157.74180726,2026-08-04T04:13:48.000Z,UAV 4,
ENGAZ004,move to,LOC_적북측접근로,21.37336764,-157.73318922,2026-08-04T04:13:48.000Z,UAV 4,
FRMORT003,FFE-on-Location,LOC_적북측접근로,21.39122072,-157.73728393,2026-08-04T04:13:48.000Z,UAV 4,
FRM113005,move to,LOC_중앙킬존남측,21.38979774,-157.74205529,2026-08-04T04:13:48.000Z,UAV 4,
FRM113001,move to,LOC_중앙킬존남측,21.38988667,-157.74163464,2026-08-04T04:13:48.000Z,UAV 4,
FRM113004,move to,LOC_중앙킬존남측,21.38976158,-157.74194084,2026-08-04T04:13:48.000Z,UAV 4,
FRT69010,move to,LOC_중앙킬존남측,21.38075758,-157.73208913,2026-08-04T04:13:48.000Z,UAV 4,
FRLAV004,move to,LOC_중앙킬존남측,21.38960746,-157.74166506,2026-08-04T04:13:48.000Z,UAV 4,
FRINF054,move to,LOC_동측능선,21.38411853,-157.74202976,2026-08-04T04:18:29.000Z,UAV 4,
FRINF060,move to,LOC_동측능선,21.38411941,-157.74203682,2026-08-04T04:18:29.000Z,UAV 4,
FRINF054,move to,LOC_동측능선,21.38411853,-157.74202976,2026-08-04T04:18:29.000Z,UAV 4,
FRINF060,move to,LOC_동측능선,21.38411941,-157.74203682,2026-08-04T04:18:29.000Z,UAV 4,
FRINF054,move to,LOC_동측능선,21.38411853,-157.74202976,2026-08-04T04:18:30.000Z,UAV 4,
FRINF060,move to,LOC_동측능선,21.38411941,-157.74203682,2026-08-04T04:18:30.000Z,UAV 4,
FRT69002,move to,LOC_중앙킬존남측,21.38062348,-157.73220904,2026-08-04T04:23:36.000Z,UAV 4,
FRT69001,move to,LOC_중앙킬존남측,21.38083085,-157.73220700,2026-08-04T04:23:36.000Z,UAV 4,
FRMORT002,FFE-on-Location,LOC_적박격포진지,21.39124517,-157.73722922,2026-08-04T04:23:36.000Z,UAV 4,
ENM35004,move to,LOC_적북측접근로,21.37321699,-157.73305944,2026-08-04T04:23:36.000Z,UAV 4,
ENGAZ001,move to,LOC_적북측접근로,21.37337528,-157.73279257,2026-08-04T04:23:36.000Z,UAV 4,
FRT69006,move to,LOC_중앙킬존남측,21.38096188,-157.73222439,2026-08-04T04:23:36.000Z,UAV 4,
FRLAV002,move to,LOC_중앙킬존남측,21.38989760,-157.74176125,2026-08-04T04:23:36.000Z,UAV 4,
FRT69003,move to,LOC_중앙킬존남측,21.38097332,-157.73240275,2026-08-04T04:23:36.000Z,UAV 4,
FRT69005,move to,LOC_중앙킬존남측,21.38100014,-157.73233777,2026-08-04T04:23:36.000Z,UAV 4,
FRM113002,move to,LOC_중앙킬존남측,21.38982569,-157.74169886,2026-08-04T04:23:36.000Z,UAV 4,
ENGAZ002,move to,LOC_적북측접근로,21.37349402,-157.73315589,2026-08-04T04:23:36.000Z,UAV 4,
ENM35002,move to,LOC_적북측접근로,21.37340544,-157.73283903,2026-08-04T04:23:36.000Z,UAV 4,
FRLAV008,move to,LOC_중앙킬존남측,21.39000596,-157.74175678,2026-08-04T04:23:36.000Z,UAV 4,
ENGAZ003,move to,LOC_적북측접근로,21.37338431,-157.73326221,2026-08-04T04:23:36.000Z,UAV 4,
ENM35001,move to,LOC_적북측접근로,21.37314687,-157.73312307,2026-08-04T04:23:36.000Z,UAV 4,
FRM113006,move to,LOC_중앙킬존남측,21.38989399,-157.74190826,2026-08-04T04:23:36.000Z,UAV 4,
FRMORT004,none,,21.39105358,-157.73697074,2026-08-04T04:23:36.000Z,UAV 4,
FRT69004,move to,LOC_중앙킬존남측,21.38065700,-157.73204394,2026-08-04T04:23:36.000Z,UAV 4,
FRT69008,move to,LOC_중앙킬존남측,21.38096961,-157.73244663,2026-08-04T04:23:36.000Z,UAV 4,
FRT69009,move to,LOC_중앙킬존남측,21.38066035,-157.73234161,2026-08-04T04:23:36.000Z,UAV 4,
FRLAV003,move to,LOC_중앙킬존남측,21.38979255,-157.74180726,2026-08-04T04:23:36.000Z,UAV 4,
ENGAZ004,move to,LOC_적북측접근로,21.37336764,-157.73318922,2026-08-04T04:23:36.000Z,UAV 4,
FRMORT003,FFE-on-Location,LOC_적북측접근로,21.39122072,-157.73728393,2026-08-04T04:23:36.000Z,UAV 4,
FRM113005,move to,LOC_중앙킬존남측,21.38979774,-157.74205529,2026-08-04T04:23:36.000Z,UAV 4,
FRM113001,move to,LOC_중앙킬존남측,21.38988667,-157.74163464,2026-08-04T04:23:36.000Z,UAV 4,
FRM113004,move to,LOC_중앙킬존남측,21.38976158,-157.74194084,2026-08-04T04:23:36.000Z,UAV 4,
FRT69010,move to,LOC_중앙킬존남측,21.38075758,-157.73208913,2026-08-04T04:23:36.000Z,UAV 4,
FRLAV004,move to,LOC_중앙킬존남측,21.38960746,-157.74166506,2026-08-04T04:23:36.000Z,UAV 4,
FRT69002,move to,LOC_중앙킬존남측,21.38062348,-157.73220904,2026-08-04T04:23:37.000Z,UAV 4,
FRT69001,move to,LOC_중앙킬존남측,21.38083085,-157.73220700,2026-08-04T04:23:37.000Z,UAV 4,
FRMORT002,FFE-on-Location,LOC_적박격포진지,21.39124517,-157.73722922,2026-08-04T04:23:37.000Z,UAV 4,
ENM35004,move to,LOC_적북측접근로,21.37321699,-157.73305944,2026-08-04T04:23:37.000Z,UAV 4,
ENGAZ001,move to,LOC_적북측접근로,21.37337528,-157.73279257,2026-08-04T04:23:37.000Z,UAV 4,
FRT69006,move to,LOC_중앙킬존남측,21.38096188,-157.73222439,2026-08-04T04:23:37.000Z,UAV 4,
FRLAV002,move to,LOC_중앙킬존남측,21.38989760,-157.74176125,2026-08-04T04:23:37.000Z,UAV 4,
FRT69003,move to,LOC_중앙킬존남측,21.38097332,-157.73240275,2026-08-04T04:23:37.000Z,UAV 4,
FRT69005,move to,LOC_중앙킬존남측,21.38100014,-157.73233777,2026-08-04T04:23:37.000Z,UAV 4,
FRM113002,move to,LOC_중앙킬존남측,21.38982569,-157.74169886,2026-08-04T04:23:37.000Z,UAV 4,
ENGAZ002,move to,LOC_적북측접근로,21.37349402,-157.73315589,2026-08-04T04:23:37.000Z,UAV 4,
ENM35002,move to,LOC_적북측접근로,21.37340544,-157.73283903,2026-08-04T04:23:37.000Z,UAV 4,
FRLAV008,move to,LOC_중앙킬존남측,21.39000596,-157.74175678,2026-08-04T04:23:37.000Z,UAV 4,
ENGAZ003,move to,LOC_적북측접근로,21.37338431,-157.73326221,2026-08-04T04:23:37.000Z,UAV 4,
ENM35001,move to,LOC_적북측접근로,21.37314687,-157.73312307,2026-08-04T04:23:37.000Z,UAV 4,
FRM113006,move to,LOC_중앙킬존남측,21.38989399,-157.74190826,2026-08-04T04:23:37.000Z,UAV 4,
FRMORT004,none,,21.39105358,-157.73697074,2026-08-04T04:23:37.000Z,UAV 4,
FRT69004,move to,LOC_중앙킬존남측,21.38065700,-157.73204394,2026-08-04T04:23:37.000Z,UAV 4,
FRT69008,move to,LOC_중앙킬존남측,21.38096961,-157.73244663,2026-08-04T04:23:37.000Z,UAV 4,
FRT69009,move to,LOC_중앙킬존남측,21.38066035,-157.73234161,2026-08-04T04:23:37.000Z,UAV 4,
FRLAV003,move to,LOC_중앙킬존남측,21.38979255,-157.74180726,2026-08-04T04:23:37.000Z,UAV 4,
ENGAZ004,move to,LOC_적북측접근로,21.37336764,-157.73318922,2026-08-04T04:23:37.000Z,UAV 4,
FRMORT003,FFE-on-Location,LOC_적북측접근로,21.39122072,-157.73728393,2026-08-04T04:23:37.000Z,UAV 4,
FRM113005,move to,LOC_중앙킬존남측,21.38979774,-157.74205529,2026-08-04T04:23:37.000Z,UAV 4,
FRM113001,move to,LOC_중앙킬존남측,21.38988667,-157.74163464,2026-08-04T04:23:37.000Z,UAV 4,
FRM113004,move to,LOC_중앙킬존남측,21.38976158,-157.74194084,2026-08-04T04:23:37.000Z,UAV 4,
FRT69010,move to,LOC_중앙킬존남측,21.38075758,-157.73208913,2026-08-04T04:23:37.000Z,UAV 4,
FRLAV004,move to,LOC_중앙킬존남측,21.38960746,-157.74166506,2026-08-04T04:23:37.000Z,UAV 4,
FRT69002,move to,LOC_중앙킬존남측,21.38069271,-157.73228464,2026-08-04T04:23:38.000Z,UAV 4,
FRT69001,move to,LOC_중앙킬존남측,21.38090007,-157.73228260,2026-08-04T04:23:38.000Z,UAV 4,
FRMORT002,FFE-on-Location,LOC_적박격포진지,21.39124517,-157.73722922,2026-08-04T04:23:38.000Z,UAV 4,
ENM35004,move to,LOC_적북측접근로,21.37326170,-157.73309037,2026-08-04T04:23:38.000Z,UAV 4,
FRT69006,move to,LOC_중앙킬존남측,21.38102424,-157.73228476,2026-08-04T04:23:38.000Z,UAV 4,
FRT69003,move to,LOC_중앙킬존남측,21.38103567,-157.73246312,2026-08-04T04:23:38.000Z,UAV 4,
FRT69005,move to,LOC_중앙킬존남측,21.38106250,-157.73239814,2026-08-04T04:23:38.000Z,UAV 4,
FRM113002,move to,LOC_중앙킬존남측,21.38982935,-157.74169886,2026-08-04T04:23:38.000Z,UAV 4,
ENGAZ002,move to,LOC_적북측접근로,21.37356198,-157.73320244,2026-08-04T04:23:38.000Z,UAV 4,
ENM35002,move to,LOC_적북측접근로,21.37345228,-157.73287153,2026-08-04T04:23:38.000Z,UAV 4,
FRLAV008,move to,LOC_중앙킬존남측,21.39001150,-157.74175337,2026-08-04T04:23:38.000Z,UAV 4,
ENGAZ003,move to,LOC_적북측접근로,21.37345080,-157.73330821,2026-08-04T04:23:38.000Z,UAV 4,
ENM35001,move to,LOC_적북측접근로,21.37319134,-157.73315383,2026-08-04T04:23:38.000Z,UAV 4,
FRM113006,move to,LOC_중앙킬존남측,21.38989877,-157.74190826,2026-08-04T04:23:38.000Z,UAV 4,
FRMORT004,none,,21.39105358,-157.73697074,2026-08-04T04:23:38.000Z,UAV 4,
FRT69004,move to,LOC_중앙킬존남측,21.38071936,-157.73210431,2026-08-04T04:23:38.000Z,UAV 4,
FRT69008,move to,LOC_중앙킬존남측,21.38103196,-157.73250700,2026-08-04T04:23:38.000Z,UAV 4,
FRT69009,move to,LOC_중앙킬존남측,21.38072270,-157.73240198,2026-08-04T04:23:38.000Z,UAV 4,
FRLAV003,move to,LOC_중앙킬존남측,21.38979716,-157.74180441,2026-08-04T04:23:38.000Z,UAV 4,
ENGAZ004,move to,LOC_적북측접근로,21.37343429,-157.73323529,2026-08-04T04:23:38.000Z,UAV 4,
FRMORT003,FFE-on-Location,LOC_적북측접근로,21.39122072,-157.73728393,2026-08-04T04:23:38.000Z,UAV 4,
FRM113005,move to,LOC_중앙킬존남측,21.38982960,-157.74207003,2026-08-04T04:23:38.000Z,UAV 4,
FRM113001,move to,LOC_중앙킬존남측,21.38989078,-157.74163464,2026-08-04T04:23:38.000Z,UAV 4,
FRM113004,move to,LOC_중앙킬존남측,21.38979340,-157.74195574,2026-08-04T04:23:38.000Z,UAV 4,
FRLAV004,move to,LOC_중앙킬존남측,21.38965601,-157.74154092,2026-08-04T04:23:38.000Z,UAV 4,
ENM1A2003,move to,LOC_중앙계곡,21.37346081,-157.74319821,2026-08-04T04:23:38.000Z,UAV 4,
FRTRK2004,move to,LOC_남측제1방어선,21.38821712,-157.75043475,2026-08-04T04:23:38.000Z,UAV 4,
ENMORT005,FFE-on-Location,LOC_중앙킬존,21.37463885,-157.73701809,2026-08-04T04:23:38.000Z,UAV 4,
ENM1A2001,move to,LOC_중앙계곡,21.37358279,-157.74284646,2026-08-04T04:23:38.000Z,UAV 4,
ENM1A2005,move to,LOC_중앙계곡,21.37354147,-157.74288034,2026-08-04T04:23:38.000Z,UAV 4,
ENMORT004,FFE-on-Location,LOC_아군박격포진지,21.37449517,-157.73695548,2026-08-04T04:23:38.000Z,UAV 4,
FRTRK1001,move to,LOC_남측제1방어선,21.38839300,-157.75044464,2026-08-04T04:23:38.000Z,UAV 4,
FRAHS001,FFE-on-Location,LOC_적포병진지,21.39511611,-157.73746058,2026-08-04T04:23:38.000Z,UAV 4,
ENM1A2002,move to,LOC_중앙계곡,21.37368277,-157.74312644,2026-08-04T04:23:38.000Z,UAV 4,
FRTRK1005,move to,LOC_남측제1방어선,21.38815089,-157.75024417,2026-08-04T04:23:38.000Z,UAV 4,
ENMORT001,FFE-on-Location,LOC_중앙킬존,21.37454920,-157.73726779,2026-08-04T04:23:38.000Z,UAV 4,
FRM109002,FFE-on-Location,LOC_적박격포진지,21.39535746,-157.73730886,2026-08-04T04:23:38.000Z,UAV 4,
FRLAV001,move to,LOC_중앙킬존남측,21.38973126,-157.74171741,2026-08-04T04:23:38.000Z,UAV 4,
FRTRK2002,move to,LOC_남측제1방어선,21.38820436,-157.75062695,2026-08-04T04:23:38.000Z,UAV 4,
FRM109001,FFE-on-Location,LOC_적포병진지,21.39515360,-157.73702065,2026-08-04T04:23:38.000Z,UAV 4,
FRTRK2003,move to,LOC_남측제1방어선,21.38805157,-157.75035376,2026-08-04T04:23:38.000Z,UAV 4,
ENMORT003,FFE-on-Location,LOC_아군포병진지,21.37448817,-157.73726715,2026-08-04T04:23:38.000Z,UAV 4,
FRAHS002,FFE-on-Location,LOC_적박격포진지,21.39520418,-157.73742074,2026-08-04T04:23:38.000Z,UAV 4,
ENM1A2004,move to,LOC_중앙계곡,21.37359085,-157.74309316,2026-08-04T04:23:38.000Z,UAV 4,
ENM35003,move to,LOC_적북측접근로,21.37360372,-157.73318855,2026-08-04T04:23:38.000Z,UAV 4,
FRT69002,move to,LOC_중앙킬존남측,21.38069271,-157.73228464,2026-08-04T04:23:39.000Z,UAV 4,
FRT69001,move to,LOC_중앙킬존남측,21.38090007,-157.73228260,2026-08-04T04:23:39.000Z,UAV 4,
FRMORT002,FFE-on-Location,LOC_적박격포진지,21.39124517,-157.73722922,2026-08-04T04:23:39.000Z,UAV 4,
ENM35004,move to,LOC_적북측접근로,21.37326170,-157.73309037,2026-08-04T04:23:39.000Z,UAV 4,
FRT69006,move to,LOC_중앙킬존남측,21.38102424,-157.73228476,2026-08-04T04:23:39.000Z,UAV 4,
FRT69003,move to,LOC_중앙킬존남측,21.38103567,-157.73246312,2026-08-04T04:23:39.000Z,UAV 4,
FRT69005,move to,LOC_중앙킬존남측,21.38106250,-157.73239814,2026-08-04T04:23:39.000Z,UAV 4,
FRM113002,move to,LOC_중앙킬존남측,21.38982935,-157.74169886,2026-08-04T04:23:39.000Z,UAV 4,
ENGAZ002,move to,LOC_적북측접근로,21.37356198,-157.73320244,2026-08-04T04:23:39.000Z,UAV 4,
ENM35002,move to,LOC_적북측접근로,21.37345228,-157.73287153,2026-08-04T04:23:39.000Z,UAV 4,
FRLAV008,move to,LOC_중앙킬존남측,21.39001150,-157.74175337,2026-08-04T04:23:39.000Z,UAV 4,
ENGAZ003,move to,LOC_적북측접근로,21.37345080,-157.73330821,2026-08-04T04:23:39.000Z,UAV 4,
ENM35001,move to,LOC_적북측접근로,21.37319134,-157.73315383,2026-08-04T04:23:39.000Z,UAV 4,
FRM113006,move to,LOC_중앙킬존남측,21.38989877,-157.74190826,2026-08-04T04:23:39.000Z,UAV 4,
FRMORT004,none,,21.39105358,-157.73697074,2026-08-04T04:23:39.000Z,UAV 4,
FRT69004,move to,LOC_중앙킬존남측,21.38071936,-157.73210431,2026-08-04T04:23:39.000Z,UAV 4,
FRT69008,move to,LOC_중앙킬존남측,21.38103196,-157.73250700,2026-08-04T04:23:39.000Z,UAV 4,
FRT69009,move to,LOC_중앙킬존남측,21.38072270,-157.73240198,2026-08-04T04:23:39.000Z,UAV 4,
FRLAV003,move to,LOC_중앙킬존남측,21.38979716,-157.74180441,2026-08-04T04:23:39.000Z,UAV 4,
ENGAZ004,move to,LOC_적북측접근로,21.37343429,-157.73323529,2026-08-04T04:23:39.000Z,UAV 4,
FRMORT003,FFE-on-Location,LOC_적북측접근로,21.39122072,-157.73728393,2026-08-04T04:23:39.000Z,UAV 4,
FRM113005,move to,LOC_중앙킬존남측,21.38982960,-157.74207003,2026-08-04T04:23:39.000Z,UAV 4,
FRM113001,move to,LOC_중앙킬존남측,21.38989078,-157.74163464,2026-08-04T04:23:39.000Z,UAV 4,
FRM113004,move to,LOC_중앙킬존남측,21.38979340,-157.74195574,2026-08-04T04:23:39.000Z,UAV 4,
FRLAV004,move to,LOC_중앙킬존남측,21.38965601,-157.74154092,2026-08-04T04:23:39.000Z,UAV 4,
ENM1A2003,move to,LOC_중앙계곡,21.37346081,-157.74319821,2026-08-04T04:23:39.000Z,UAV 4,
FRTRK2004,move to,LOC_남측제1방어선,21.38821712,-157.75043475,2026-08-04T04:23:39.000Z,UAV 4,
ENMORT005,FFE-on-Location,LOC_중앙킬존,21.37463885,-157.73701809,2026-08-04T04:23:39.000Z,UAV 4,
ENM1A2001,move to,LOC_중앙계곡,21.37358279,-157.74284646,2026-08-04T04:23:39.000Z,UAV 4,
ENM1A2005,move to,LOC_중앙계곡,21.37354147,-157.74288034,2026-08-04T04:23:39.000Z,UAV 4,
ENMORT004,FFE-on-Location,LOC_아군박격포진지,21.37449517,-157.73695548,2026-08-04T04:23:39.000Z,UAV 4,
FRTRK1001,move to,LOC_남측제1방어선,21.38839300,-157.75044464,2026-08-04T04:23:39.000Z,UAV 4,
FRAHS001,FFE-on-Location,LOC_적포병진지,21.39511611,-157.73746058,2026-08-04T04:23:39.000Z,UAV 4,
ENM1A2002,move to,LOC_중앙계곡,21.37368277,-157.74312644,2026-08-04T04:23:39.000Z,UAV 4,
FRTRK1005,move to,LOC_남측제1방어선,21.38815089,-157.75024417,2026-08-04T04:23:39.000Z,UAV 4,
ENMORT001,FFE-on-Location,LOC_중앙킬존,21.37454920,-157.73726779,2026-08-04T04:23:39.000Z,UAV 4,
FRM109002,FFE-on-Location,LOC_적박격포진지,21.39535746,-157.73730886,2026-08-04T04:23:39.000Z,UAV 4,
FRLAV001,move to,LOC_중앙킬존남측,21.38973126,-157.74171741,2026-08-04T04:23:39.000Z,UAV 4,
FRTRK2002,move to,LOC_남측제1방어선,21.38820436,-157.75062695,2026-08-04T04:23:39.000Z,UAV 4,
FRM109001,FFE-on-Location,LOC_적포병진지,21.39515360,-157.73702065,2026-08-04T04:23:39.000Z,UAV 4,
FRTRK2003,move to,LOC_남측제1방어선,21.38805157,-157.75035376,2026-08-04T04:23:39.000Z,UAV 4,
ENMORT003,FFE-on-Location,LOC_아군포병진지,21.37448817,-157.73726715,2026-08-04T04:23:39.000Z,UAV 4,
FRAHS002,FFE-on-Location,LOC_적박격포진지,21.39520418,-157.73742074,2026-08-04T04:23:39.000Z,UAV 4,
ENM1A2004,move to,LOC_중앙계곡,21.37359085,-157.74309316,2026-08-04T04:23:39.000Z,UAV 4,
ENM35003,move to,LOC_적북측접근로,21.37360372,-157.73318855,2026-08-04T04:23:39.000Z,UAV 4,
ENM35004,move to,LOC_적북측접근로,21.37331146,-157.73326262,2026-08-04T04:23:40.000Z,UAV 4,
FRM113002,move to,LOC_중앙킬존남측,21.38983403,-157.74169886,2026-08-04T04:23:40.000Z,UAV 4,
ENM35002,move to,LOC_적북측접근로,21.37350664,-157.73304601,2026-08-04T04:23:40.000Z,UAV 4,
FRLAV008,move to,LOC_중앙킬존남측,21.39001872,-157.74174892,2026-08-04T04:23:40.000Z,UAV 4,
ENGAZ003,move to,LOC_적북측접근로,21.37354373,-157.73348295,2026-08-04T04:23:40.000Z,UAV 4,
ENM35001,move to,LOC_적북측접근로,21.37324065,-157.73332576,2026-08-04T04:23:40.000Z,UAV 4,
FRM113006,move to,LOC_중앙킬존남측,21.38990594,-157.74190826,2026-08-04T04:23:40.000Z,UAV 4,
FRLAV003,move to,LOC_중앙킬존남측,21.38980369,-157.74180039,2026-08-04T04:23:40.000Z,UAV 4,
ENGAZ004,move to,LOC_적북측접근로,21.37352730,-157.73340960,2026-08-04T04:23:40.000Z,UAV 4,
FRM113005,move to,LOC_중앙킬존남측,21.38983305,-157.74207225,2026-08-04T04:23:40.000Z,UAV 4,
FRM113001,move to,LOC_중앙킬존남측,21.38989717,-157.74163464,2026-08-04T04:23:40.000Z,UAV 4,
FRM113004,move to,LOC_중앙킬존남측,21.38979628,-157.74195764,2026-08-04T04:23:40.000Z,UAV 4,
FRLAV004,move to,LOC_중앙킬존남측,21.38965924,-157.74152413,2026-08-04T04:23:40.000Z,UAV 4,
ENM1A2003,move to,LOC_중앙계곡,21.37363211,-157.74313190,2026-08-04T04:23:40.000Z,UAV 4,
FRTRK2004,move to,LOC_남측제1방어선,21.38827636,-157.75025967,2026-08-04T04:23:40.000Z,UAV 4,
ENMORT005,FFE-on-Location,LOC_중앙킬존,21.37463885,-157.73701809,2026-08-04T04:23:40.000Z,UAV 4,
ENM1A2001,move to,LOC_중앙계곡,21.37375986,-157.74278757,2026-08-04T04:23:40.000Z,UAV 4,
ENM1A2005,move to,LOC_중앙계곡,21.37371727,-157.74282124,2026-08-04T04:23:40.000Z,UAV 4,
ENMORT004,FFE-on-Location,LOC_아군박격포진지,21.37449517,-157.73695548,2026-08-04T04:23:40.000Z,UAV 4,
FRTRK1001,move to,LOC_남측제1방어선,21.38845656,-157.75027976,2026-08-04T04:23:40.000Z,UAV 4,
ENM1A2002,move to,LOC_중앙계곡,21.37386163,-157.74305675,2026-08-04T04:23:40.000Z,UAV 4,
FRTRK1005,move to,LOC_남측제1방어선,21.38819853,-157.75009091,2026-08-04T04:23:40.000Z,UAV 4,
ENMORT001,FFE-on-Location,LOC_중앙킬존,21.37454920,-157.73726779,2026-08-04T04:23:40.000Z,UAV 4,
FRLAV001,move to,LOC_중앙킬존남측,21.38973785,-157.74171335,2026-08-04T04:23:40.000Z,UAV 4,
FRTRK2002,move to,LOC_남측제1방어선,21.38827960,-157.75044864,2026-08-04T04:23:40.000Z,UAV 4,
FRTRK2003,move to,LOC_남측제1방어선,21.38811316,-157.75018699,2026-08-04T04:23:40.000Z,UAV 4,
ENMORT003,FFE-on-Location,LOC_아군포병진지,21.37448817,-157.73726715,2026-08-04T04:23:40.000Z,UAV 4,
ENM1A2004,move to,LOC_중앙계곡,21.37376842,-157.74302616,2026-08-04T04:23:40.000Z,UAV 4,
ENT72007,move to,LOC_중앙계곡,21.37150027,-157.74181601,2026-08-04T04:23:40.000Z,UAV 4,
ENT72003,move to,LOC_중앙계곡,21.37173641,-157.74157239,2026-08-04T04:23:40.000Z,UAV 4,
FRT80001,move to,LOC_중앙킬존남측,21.37553114,-157.75285631,2026-08-04T04:23:40.000Z,UAV 4,
ENT72008,move to,LOC_중앙계곡,21.37167935,-157.74165391,2026-08-04T04:23:40.000Z,UAV 4,
ENT72002,move to,LOC_중앙계곡,21.37160976,-157.74155145,2026-08-04T04:23:40.000Z,UAV 4,
FRM113003,move to,LOC_중앙킬존남측,21.38986821,-157.74197758,2026-08-04T04:23:40.000Z,UAV 4,
ENT72005,move to,LOC_중앙계곡,21.37162199,-157.74185010,2026-08-04T04:23:40.000Z,UAV 4,
ENGAZ001,move to,LOC_적북측접근로,21.37354015,-157.73301106,2026-08-04T04:23:40.000Z,UAV 4,
ENT72001,move to,LOC_중앙계곡,21.37173874,-157.74168249,2026-08-04T04:23:40.000Z,UAV 4,
FRLAV006,move to,LOC_중앙킬존남측,21.38987131,-157.74207499,2026-08-04T04:23:40.000Z,UAV 4,
ENT72009,move to,LOC_중앙계곡,21.37144054,-157.74167385,2026-08-04T04:23:40.000Z,UAV 4,
ENT72004,move to,LOC_중앙계곡,21.37184152,-157.74160798,2026-08-04T04:23:40.000Z,UAV 4,
ENT72010,move to,LOC_중앙계곡,21.37183746,-157.74153059,2026-08-04T04:23:40.000Z,UAV 4,
ENT72006,move to,LOC_중앙계곡,21.37176266,-157.74177125,2026-08-04T04:23:40.000Z,UAV 4,
FRT80007,move to,LOC_중앙킬존남측,21.37513657,-157.75285417,2026-08-04T04:23:40.000Z,UAV 4,
ENM35004,move to,LOC_적북측접근로,21.37331146,-157.73326262,2026-08-04T04:23:41.000Z,UAV 4,
FRM113002,move to,LOC_중앙킬존남측,21.38983403,-157.74169886,2026-08-04T04:23:41.000Z,UAV 4,
ENM35002,move to,LOC_적북측접근로,21.37350664,-157.73304601,2026-08-04T04:23:41.000Z,UAV 4,
FRLAV008,move to,LOC_중앙킬존남측,21.39001872,-157.74174892,2026-08-04T04:23:41.000Z,UAV 4,
ENGAZ003,move to,LOC_적북측접근로,21.37354373,-157.73348295,2026-08-04T04:23:41.000Z,UAV 4,
ENM35001,move to,LOC_적북측접근로,21.37324065,-157.73332576,2026-08-04T04:23:41.000Z,UAV 4,
FRM113006,move to,LOC_중앙킬존남측,21.38990594,-157.74190826,2026-08-04T04:23:41.000Z,UAV 4,
FRLAV003,move to,LOC_중앙킬존남측,21.38980369,-157.74180039,2026-08-04T04:23:41.000Z,UAV 4,
ENGAZ004,move to,LOC_적북측접근로,21.37352730,-157.73340960,2026-08-04T04:23:41.000Z,UAV 4,
FRM113005,move to,LOC_중앙킬존남측,21.38983305,-157.74207225,2026-08-04T04:23:41.000Z,UAV 4,
FRM113001,move to,LOC_중앙킬존남측,21.38989717,-157.74163464,2026-08-04T04:23:41.000Z,UAV 4,
FRM113004,move to,LOC_중앙킬존남측,21.38979628,-157.74195764,2026-08-04T04:23:41.000Z,UAV 4,
FRLAV004,move to,LOC_중앙킬존남측,21.38965924,-157.74152413,2026-08-04T04:23:41.000Z,UAV 4,
ENM1A2003,move to,LOC_중앙계곡,21.37363211,-157.74313190,2026-08-04T04:23:41.000Z,UAV 4,
FRTRK2004,move to,LOC_남측제1방어선,21.38827636,-157.75025967,2026-08-04T04:23:41.000Z,UAV 4,
ENMORT005,FFE-on-Location,LOC_중앙킬존,21.37463885,-157.73701809,2026-08-04T04:23:41.000Z,UAV 4,
ENM1A2001,move to,LOC_중앙계곡,21.37375986,-157.74278757,2026-08-04T04:23:41.000Z,UAV 4,
ENM1A2005,move to,LOC_중앙계곡,21.37371727,-157.74282124,2026-08-04T04:23:41.000Z,UAV 4,
ENMORT004,FFE-on-Location,LOC_아군박격포진지,21.37449517,-157.73695548,2026-08-04T04:23:41.000Z,UAV 4,
FRTRK1001,move to,LOC_남측제1방어선,21.38845656,-157.75027976,2026-08-04T04:23:41.000Z,UAV 4,
ENM1A2002,move to,LOC_중앙계곡,21.37386163,-157.74305675,2026-08-04T04:23:41.000Z,UAV 4,
FRTRK1005,move to,LOC_남측제1방어선,21.38819853,-157.75009091,2026-08-04T04:23:41.000Z,UAV 4,
ENMORT001,FFE-on-Location,LOC_중앙킬존,21.37454920,-157.73726779,2026-08-04T04:23:41.000Z,UAV 4,
FRLAV001,move to,LOC_중앙킬존남측,21.38973785,-157.74171335,2026-08-04T04:23:41.000Z,UAV 4,
FRTRK2002,move to,LOC_남측제1방어선,21.38827960,-157.75044864,2026-08-04T04:23:41.000Z,UAV 4,
FRTRK2003,move to,LOC_남측제1방어선,21.38811316,-157.75018699,2026-08-04T04:23:41.000Z,UAV 4,
ENMORT003,FFE-on-Location,LOC_아군포병진지,21.37448817,-157.73726715,2026-08-04T04:23:41.000Z,UAV 4,
ENM1A2004,move to,LOC_중앙계곡,21.37376842,-157.74302616,2026-08-04T04:23:41.000Z,UAV 4,
ENT72007,move to,LOC_중앙계곡,21.37150027,-157.74181601,2026-08-04T04:23:41.000Z,UAV 4,
ENT72003,move to,LOC_중앙계곡,21.37173641,-157.74157239,2026-08-04T04:23:41.000Z,UAV 4,
FRT80001,move to,LOC_중앙킬존남측,21.37553114,-157.75285631,2026-08-04T04:23:41.000Z,UAV 4,
ENT72008,move to,LOC_중앙계곡,21.37167935,-157.74165391,2026-08-04T04:23:41.000Z,UAV 4,
ENT72002,move to,LOC_중앙계곡,21.37160976,-157.74155145,2026-08-04T04:23:41.000Z,UAV 4,
FRM113003,move to,LOC_중앙킬존남측,21.38986821,-157.74197758,2026-08-04T04:23:41.000Z,UAV 4,
ENT72005,move to,LOC_중앙계곡,21.37162199,-157.74185010,2026-08-04T04:23:41.000Z,UAV 4,
ENGAZ001,move to,LOC_적북측접근로,21.37354015,-157.73301106,2026-08-04T04:23:41.000Z,UAV 4,
ENT72001,move to,LOC_중앙계곡,21.37173874,-157.74168249,2026-08-04T04:23:41.000Z,UAV 4,
FRLAV006,move to,LOC_중앙킬존남측,21.38987131,-157.74207499,2026-08-04T04:23:41.000Z,UAV 4,
ENT72009,move to,LOC_중앙계곡,21.37144054,-157.74167385,2026-08-04T04:23:41.000Z,UAV 4,
ENT72004,move to,LOC_중앙계곡,21.37184152,-157.74160798,2026-08-04T04:23:41.000Z,UAV 4,
ENT72010,move to,LOC_중앙계곡,21.37183746,-157.74153059,2026-08-04T04:23:41.000Z,UAV 4,
ENT72006,move to,LOC_중앙계곡,21.37176266,-157.74177125,2026-08-04T04:23:41.000Z,UAV 4,
FRT80007,move to,LOC_중앙킬존남측,21.37513657,-157.75285417,2026-08-04T04:23:41.000Z,UAV 4,
ENM35004,move to,LOC_적북측접근로,21.37328692,-157.73345573,2026-08-04T04:23:42.000Z,UAV 4,
FRM113002,move to,LOC_중앙킬존남측,21.38983720,-157.74169886,2026-08-04T04:23:42.000Z,UAV 4,
ENM35002,move to,LOC_적북측접근로,21.37348419,-157.73323846,2026-08-04T04:23:42.000Z,UAV 4,
FRLAV008,move to,LOC_중앙킬존남측,21.39002567,-157.74174463,2026-08-04T04:23:42.000Z,UAV 4,
ENM35001,move to,LOC_적북측접근로,21.37321620,-157.73351914,2026-08-04T04:23:42.000Z,UAV 4,
FRM113006,move to,LOC_중앙킬존남측,21.38991291,-157.74190826,2026-08-04T04:23:42.000Z,UAV 4,
FRLAV003,move to,LOC_중앙킬존남측,21.38981004,-157.74179648,2026-08-04T04:23:42.000Z,UAV 4,
ENGAZ004,move to,LOC_적북측접근로,21.37353095,-157.73360215,2026-08-04T04:23:42.000Z,UAV 4,
FRM113005,move to,LOC_중앙킬존남측,21.38983714,-157.74207489,2026-08-04T04:23:42.000Z,UAV 4,
FRM113001,move to,LOC_중앙킬존남측,21.38990337,-157.74163464,2026-08-04T04:23:42.000Z,UAV 4,
FRM113004,move to,LOC_중앙킬존남측,21.38980437,-157.74196479,2026-08-04T04:23:42.000Z,UAV 4,
FRLAV004,move to,LOC_중앙킬존남측,21.38966083,-157.74151585,2026-08-04T04:23:42.000Z,UAV 4,
ENM1A2003,move to,LOC_중앙계곡,21.37380812,-157.74306376,2026-08-04T04:23:42.000Z,UAV 4,
FRTRK2004,move to,LOC_남측제1방어선,21.38826320,-157.75006400,2026-08-04T04:23:42.000Z,UAV 4,
ENMORT005,FFE-on-Location,LOC_중앙킬존,21.37463885,-157.73701809,2026-08-04T04:23:42.000Z,UAV 4,
ENM1A2001,move to,LOC_중앙계곡,21.37393360,-157.74272978,2026-08-04T04:23:42.000Z,UAV 4,
ENM1A2005,move to,LOC_중앙계곡,21.37389114,-157.74276279,2026-08-04T04:23:42.000Z,UAV 4,
ENMORT004,FFE-on-Location,LOC_아군박격포진지,21.37449517,-157.73695548,2026-08-04T04:23:42.000Z,UAV 4,
FRTRK1001,move to,LOC_남측제1방어선,21.38844670,-157.75008536,2026-08-04T04:23:42.000Z,UAV 4,
ENM1A2002,move to,LOC_중앙계곡,21.37403372,-157.74298969,2026-08-04T04:23:42.000Z,UAV 4,
FRTRK1005,move to,LOC_남측제1방어선,21.38818030,-157.74989260,2026-08-04T04:23:42.000Z,UAV 4,
ENMORT001,FFE-on-Location,LOC_중앙킬존,21.37454920,-157.73726779,2026-08-04T04:23:42.000Z,UAV 4,
FRLAV001,move to,LOC_중앙킬존남측,21.38974388,-157.74170963,2026-08-04T04:23:42.000Z,UAV 4,
FRTRK2002,move to,LOC_남측제1방어선,21.38827779,-157.75026111,2026-08-04T04:23:42.000Z,UAV 4,
FRTRK2003,move to,LOC_남측제1방어선,21.38810497,-157.74999229,2026-08-04T04:23:42.000Z,UAV 4,
ENMORT003,FFE-on-Location,LOC_아군포병진지,21.37448817,-157.73726715,2026-08-04T04:23:42.000Z,UAV 4,
ENM1A2004,move to,LOC_중앙계곡,21.37393852,-157.74296199,2026-08-04T04:23:42.000Z,UAV 4,
ENT72007,move to,LOC_중앙계곡,21.37168311,-157.74179627,2026-08-04T04:23:42.000Z,UAV 4,
ENT72003,move to,LOC_중앙계곡,21.37192681,-157.74155742,2026-08-04T04:23:42.000Z,UAV 4,
FRT80001,move to,LOC_중앙킬존남측,21.37565299,-157.75270849,2026-08-04T04:23:42.000Z,UAV 4,
ENT72008,move to,LOC_중앙계곡,21.37186893,-157.74163705,2026-08-04T04:23:42.000Z,UAV 4,
ENT72002,move to,LOC_중앙계곡,21.37179937,-157.74153732,2026-08-04T04:23:42.000Z,UAV 4,
FRM113003,move to,LOC_중앙킬존남측,21.38987500,-157.74197758,2026-08-04T04:23:42.000Z,UAV 4,
ENT72005,move to,LOC_중앙계곡,21.37180616,-157.74182907,2026-08-04T04:23:42.000Z,UAV 4,
ENGAZ001,move to,LOC_적북측접근로,21.37354667,-157.73320413,2026-08-04T04:23:42.000Z,UAV 4,
FRLAV006,move to,LOC_중앙킬존남측,21.38987809,-157.74207082,2026-08-04T04:23:42.000Z,UAV 4,
ENT72009,move to,LOC_중앙계곡,21.37162103,-157.74165783,2026-08-04T04:23:42.000Z,UAV 4,
ENT72004,move to,LOC_중앙계곡,21.37202317,-157.74159261,2026-08-04T04:23:42.000Z,UAV 4,
ENT72010,move to,LOC_중앙계곡,21.37201891,-157.74151717,2026-08-04T04:23:42.000Z,UAV 4,
ENT72006,move to,LOC_중앙계곡,21.37194855,-157.74175160,2026-08-04T04:23:42.000Z,UAV 4,
FRT80007,move to,LOC_중앙킬존남측,21.37526141,-157.75271326,2026-08-04T04:23:42.000Z,UAV 4,
ENM35003,move to,LOC_적북측접근로,21.37363165,-157.73355428,2026-08-04T04:23:42.000Z,UAV 4,
ENM35004,move to,LOC_적북측접근로,21.37324364,-157.73363897,2026-08-04T04:23:43.000Z,UAV 4,
FRM113002,move to,LOC_중앙킬존남측,21.38983920,-157.74169886,2026-08-04T04:23:43.000Z,UAV 4,
ENM35002,move to,LOC_적북측접근로,21.37343797,-157.73342091,2026-08-04T04:23:43.000Z,UAV 4,
FRLAV008,move to,LOC_중앙킬존남측,21.39003238,-157.74174050,2026-08-04T04:23:43.000Z,UAV 4,
ENM35001,move to,LOC_적북측접근로,21.37317410,-157.73370265,2026-08-04T04:23:43.000Z,UAV 4,
FRM113006,move to,LOC_중앙킬존남측,21.38991971,-157.74190826,2026-08-04T04:23:43.000Z,UAV 4,
FRLAV003,move to,LOC_중앙킬존남측,21.38981625,-157.74179265,2026-08-04T04:23:43.000Z,UAV 4,
ENGAZ004,move to,LOC_적북측접근로,21.37348246,-157.73378424,2026-08-04T04:23:43.000Z,UAV 4,
FRM113005,move to,LOC_중앙킬존남측,21.38984118,-157.74207749,2026-08-04T04:23:43.000Z,UAV 4,
FRM113001,move to,LOC_중앙킬존남측,21.38990944,-157.74163464,2026-08-04T04:23:43.000Z,UAV 4,
FRM113004,move to,LOC_중앙킬존남측,21.38980566,-157.74196598,2026-08-04T04:23:43.000Z,UAV 4,
FRLAV004,move to,LOC_중앙킬존남측,21.38966238,-157.74150781,2026-08-04T04:23:43.000Z,UAV 4,
ENM1A2003,move to,LOC_중앙계곡,21.37397708,-157.74299836,2026-08-04T04:23:43.000Z,UAV 4,
FRTRK2004,move to,LOC_남측제1방어선,21.38823458,-157.74987172,2026-08-04T04:23:43.000Z,UAV 4,
ENMORT005,FFE-on-Location,LOC_중앙킬존,21.37463885,-157.73701809,2026-08-04T04:23:43.000Z,UAV 4,
ENM1A2001,move to,LOC_중앙계곡,21.37410362,-157.74267323,2026-08-04T04:23:43.000Z,UAV 4,
ENM1A2005,move to,LOC_중앙계곡,21.37406347,-157.74270485,2026-08-04T04:23:43.000Z,UAV 4,
ENMORT004,FFE-on-Location,LOC_아군박격포진지,21.37449517,-157.73695548,2026-08-04T04:23:43.000Z,UAV 4,
FRTRK1001,move to,LOC_남측제1방어선,21.38841553,-157.74989668,2026-08-04T04:23:43.000Z,UAV 4,
ENM1A2002,move to,LOC_중앙계곡,21.37420041,-157.74292473,2026-08-04T04:23:43.000Z,UAV 4,
FRTRK1005,move to,LOC_남측제1방어선,21.38815381,-157.74970809,2026-08-04T04:23:43.000Z,UAV 4,
ENMORT001,FFE-on-Location,LOC_중앙킬존,21.37454920,-157.73726779,2026-08-04T04:23:43.000Z,UAV 4,
FRLAV001,move to,LOC_중앙킬존남측,21.38974875,-157.74170662,2026-08-04T04:23:43.000Z,UAV 4,
FRTRK2003,move to,LOC_남측제1방어선,21.38807970,-157.74980562,2026-08-04T04:23:43.000Z,UAV 4,
ENMORT003,FFE-on-Location,LOC_아군포병진지,21.37448817,-157.73726715,2026-08-04T04:23:43.000Z,UAV 4,
ENM1A2004,move to,LOC_중앙계곡,21.37410528,-157.74289907,2026-08-04T04:23:43.000Z,UAV 4,
ENT72007,move to,LOC_중앙계곡,21.37186281,-157.74177688,2026-08-04T04:23:43.000Z,UAV 4,
ENT72003,move to,LOC_중앙계곡,21.37210262,-157.74154360,2026-08-04T04:23:43.000Z,UAV 4,
FRT80001,move to,LOC_중앙킬존남측,21.37577420,-157.75256145,2026-08-04T04:23:43.000Z,UAV 4,
ENT72008,move to,LOC_중앙계곡,21.37204476,-157.74162142,2026-08-04T04:23:43.000Z,UAV 4,
ENT72002,move to,LOC_중앙계곡,21.37197460,-157.74152426,2026-08-04T04:23:43.000Z,UAV 4,
FRM113003,move to,LOC_중앙킬존남측,21.38988177,-157.74197758,2026-08-04T04:23:43.000Z,UAV 4,
ENT72005,move to,LOC_중앙계곡,21.37197804,-157.74180944,2026-08-04T04:23:43.000Z,UAV 4,
ENGAZ001,move to,LOC_적북측접근로,21.37350005,-157.73338670,2026-08-04T04:23:43.000Z,UAV 4,
FRLAV006,move to,LOC_중앙킬존남측,21.38988476,-157.74206671,2026-08-04T04:23:43.000Z,UAV 4,
ENT72009,move to,LOC_중앙계곡,21.37179402,-157.74164248,2026-08-04T04:23:43.000Z,UAV 4,
ENT72004,move to,LOC_중앙계곡,21.37220322,-157.74157738,2026-08-04T04:23:43.000Z,UAV 4,
ENT72010,move to,LOC_중앙계곡,21.37219929,-157.74150382,2026-08-04T04:23:43.000Z,UAV 4,
ENT72006,move to,LOC_중앙계곡,21.37212083,-157.74173338,2026-08-04T04:23:43.000Z,UAV 4,
FRT80007,move to,LOC_중앙킬존남측,21.37538422,-157.75257462,2026-08-04T04:23:43.000Z,UAV 4,
ENM35003,move to,LOC_적북측접근로,21.37358076,-157.73373532,2026-08-04T04:23:43.000Z,UAV 4,
ENBTR60006,move to,LOC_중앙계곡,21.36964500,-157.74050547,2026-08-04T04:23:43.000Z,UAV 4,
ENT72001,move to,LOC_중앙계곡,21.37209873,-157.74164885,2026-08-04T04:23:43.000Z,UAV 4,
ENBTR60005,move to,LOC_중앙계곡,21.36964023,-157.74071371,2026-08-04T04:23:43.000Z,UAV 4,
ENM35004,move to,LOC_적북측접근로,21.37324364,-157.73363897,2026-08-04T04:23:44.000Z,UAV 4,
FRM113002,move to,LOC_중앙킬존남측,21.38983920,-157.74169886,2026-08-04T04:23:44.000Z,UAV 4,
ENM35002,move to,LOC_적북측접근로,21.37343797,-157.73342091,2026-08-04T04:23:44.000Z,UAV 4,
FRLAV008,move to,LOC_중앙킬존남측,21.39003238,-157.74174050,2026-08-04T04:23:44.000Z,UAV 4,
ENM35001,move to,LOC_적북측접근로,21.37317410,-157.73370265,2026-08-04T04:23:44.000Z,UAV 4,
FRM113006,move to,LOC_중앙킬존남측,21.38991971,-157.74190826,2026-08-04T04:23:44.000Z,UAV 4,
FRLAV003,move to,LOC_중앙킬존남측,21.38981625,-157.74179265,2026-08-04T04:23:44.000Z,UAV 4,
ENGAZ004,move to,LOC_적북측접근로,21.37348246,-157.73378424,2026-08-04T04:23:44.000Z,UAV 4,
FRM113005,move to,LOC_중앙킬존남측,21.38984118,-157.74207749,2026-08-04T04:23:44.000Z,UAV 4,
FRM113001,move to,LOC_중앙킬존남측,21.38990944,-157.74163464,2026-08-04T04:23:44.000Z,UAV 4,
FRM113004,move to,LOC_중앙킬존남측,21.38980566,-157.74196598,2026-08-04T04:23:44.000Z,UAV 4,
FRLAV004,move to,LOC_중앙킬존남측,21.38966238,-157.74150781,2026-08-04T04:23:44.000Z,UAV 4,
ENM1A2003,move to,LOC_중앙계곡,21.37397708,-157.74299836,2026-08-04T04:23:44.000Z,UAV 4,
FRTRK2004,move to,LOC_남측제1방어선,21.38823458,-157.74987172,2026-08-04T04:23:44.000Z,UAV 4,
ENMORT005,FFE-on-Location,LOC_중앙킬존,21.37463885,-157.73701809,2026-08-04T04:23:44.000Z,UAV 4,
ENM1A2001,move to,LOC_중앙계곡,21.37410362,-157.74267323,2026-08-04T04:23:44.000Z,UAV 4,
ENM1A2005,move to,LOC_중앙계곡,21.37406347,-157.74270485,2026-08-04T04:23:44.000Z,UAV 4,
ENMORT004,FFE-on-Location,LOC_아군박격포진지,21.37449517,-157.73695548,2026-08-04T04:23:44.000Z,UAV 4,
FRTRK1001,move to,LOC_남측제1방어선,21.38841553,-157.74989668,2026-08-04T04:23:44.000Z,UAV 4,
ENM1A2002,move to,LOC_중앙계곡,21.37420041,-157.74292473,2026-08-04T04:23:44.000Z,UAV 4,
FRTRK1005,move to,LOC_남측제1방어선,21.38815381,-157.74970809,2026-08-04T04:23:44.000Z,UAV 4,
ENMORT001,FFE-on-Location,LOC_중앙킬존,21.37454920,-157.73726779,2026-08-04T04:23:44.000Z,UAV 4,
FRLAV001,move to,LOC_중앙킬존남측,21.38974875,-157.74170662,2026-08-04T04:23:44.000Z,UAV 4,
FRTRK2003,move to,LOC_남측제1방어선,21.38807970,-157.74980562,2026-08-04T04:23:44.000Z,UAV 4,
ENMORT003,FFE-on-Location,LOC_아군포병진지,21.37448817,-157.73726715,2026-08-04T04:23:44.000Z,UAV 4,
ENM1A2004,move to,LOC_중앙계곡,21.37410528,-157.74289907,2026-08-04T04:23:44.000Z,UAV 4,
ENT72007,move to,LOC_중앙계곡,21.37186281,-157.74177688,2026-08-04T04:23:44.000Z,UAV 4,
ENT72003,move to,LOC_중앙계곡,21.37210262,-157.74154360,2026-08-04T04:23:44.000Z,UAV 4,
FRT80001,move to,LOC_중앙킬존남측,21.37577420,-157.75256145,2026-08-04T04:23:44.000Z,UAV 4,
ENT72008,move to,LOC_중앙계곡,21.37204476,-157.74162142,2026-08-04T04:23:44.000Z,UAV 4,
ENT72002,move to,LOC_중앙계곡,21.37197460,-157.74152426,2026-08-04T04:23:44.000Z,UAV 4,
FRM113003,move to,LOC_중앙킬존남측,21.38988177,-157.74197758,2026-08-04T04:23:44.000Z,UAV 4,
ENT72005,move to,LOC_중앙계곡,21.37197804,-157.74180944,2026-08-04T04:23:44.000Z,UAV 4,
ENGAZ001,move to,LOC_적북측접근로,21.37350005,-157.73338670,2026-08-04T04:23:44.000Z,UAV 4,
FRLAV006,move to,LOC_중앙킬존남측,21.38988476,-157.74206671,2026-08-04T04:23:44.000Z,UAV 4,
ENT72009,move to,LOC_중앙계곡,21.37179402,-157.74164248,2026-08-04T04:23:44.000Z,UAV 4,
ENT72004,move to,LOC_중앙계곡,21.37220322,-157.74157738,2026-08-04T04:23:44.000Z,UAV 4,
ENT72010,move to,LOC_중앙계곡,21.37219929,-157.74150382,2026-08-04T04:23:44.000Z,UAV 4,
ENT72006,move to,LOC_중앙계곡,21.37212083,-157.74173338,2026-08-04T04:23:44.000Z,UAV 4,
FRT80007,move to,LOC_중앙킬존남측,21.37538422,-157.75257462,2026-08-04T04:23:44.000Z,UAV 4,
ENM35003,move to,LOC_적북측접근로,21.37358076,-157.73373532,2026-08-04T04:23:44.000Z,UAV 4,
ENBTR60006,move to,LOC_중앙계곡,21.36964500,-157.74050547,2026-08-04T04:23:44.000Z,UAV 4,
ENT72001,move to,LOC_중앙계곡,21.37209873,-157.74164885,2026-08-04T04:23:44.000Z,UAV 4,
ENBTR60005,move to,LOC_중앙계곡,21.36964023,-157.74071371,2026-08-04T04:23:44.000Z,UAV 4,
ENM35004,move to,LOC_적북측접근로,21.37324364,-157.73363897,2026-08-04T04:23:45.000Z,UAV 4,
FRM113002,move to,LOC_중앙킬존남측,21.38983920,-157.74169886,2026-08-04T04:23:45.000Z,UAV 4,
ENM35002,move to,LOC_적북측접근로,21.37343797,-157.73342091,2026-08-04T04:23:45.000Z,UAV 4,
FRLAV008,move to,LOC_중앙킬존남측,21.39003238,-157.74174050,2026-08-04T04:23:45.000Z,UAV 4,
ENM35001,move to,LOC_적북측접근로,21.37317410,-157.73370265,2026-08-04T04:23:45.000Z,UAV 4,
FRM113006,move to,LOC_중앙킬존남측,21.38991971,-157.74190826,2026-08-04T04:23:45.000Z,UAV 4,
FRLAV003,move to,LOC_중앙킬존남측,21.38981625,-157.74179265,2026-08-04T04:23:45.000Z,UAV 4,
ENGAZ004,move to,LOC_적북측접근로,21.37348246,-157.73378424,2026-08-04T04:23:45.000Z,UAV 4,
FRM113005,move to,LOC_중앙킬존남측,21.38984118,-157.74207749,2026-08-04T04:23:45.000Z,UAV 4,
FRM113001,move to,LOC_중앙킬존남측,21.38990944,-157.74163464,2026-08-04T04:23:45.000Z,UAV 4,
FRM113004,move to,LOC_중앙킬존남측,21.38980566,-157.74196598,2026-08-04T04:23:45.000Z,UAV 4,
FRLAV004,move to,LOC_중앙킬존남측,21.38966238,-157.74150781,2026-08-04T04:23:45.000Z,UAV 4,
ENM1A2003,move to,LOC_중앙계곡,21.37397708,-157.74299836,2026-08-04T04:23:45.000Z,UAV 4,
FRTRK2004,move to,LOC_남측제1방어선,21.38823458,-157.74987172,2026-08-04T04:23:45.000Z,UAV 4,
ENMORT005,FFE-on-Location,LOC_중앙킬존,21.37463885,-157.73701809,2026-08-04T04:23:45.000Z,UAV 4,
ENM1A2001,move to,LOC_중앙계곡,21.37410362,-157.74267323,2026-08-04T04:23:45.000Z,UAV 4,
ENM1A2005,move to,LOC_중앙계곡,21.37406347,-157.74270485,2026-08-04T04:23:45.000Z,UAV 4,
ENMORT004,FFE-on-Location,LOC_아군박격포진지,21.37449517,-157.73695548,2026-08-04T04:23:45.000Z,UAV 4,
FRTRK1001,move to,LOC_남측제1방어선,21.38841553,-157.74989668,2026-08-04T04:23:45.000Z,UAV 4,
ENM1A2002,move to,LOC_중앙계곡,21.37420041,-157.74292473,2026-08-04T04:23:45.000Z,UAV 4,
FRTRK1005,move to,LOC_남측제1방어선,21.38815381,-157.74970809,2026-08-04T04:23:45.000Z,UAV 4,
ENMORT001,FFE-on-Location,LOC_중앙킬존,21.37454920,-157.73726779,2026-08-04T04:23:45.000Z,UAV 4,
FRLAV001,move to,LOC_중앙킬존남측,21.38974875,-157.74170662,2026-08-04T04:23:45.000Z,UAV 4,
FRTRK2003,move to,LOC_남측제1방어선,21.38807970,-157.74980562,2026-08-04T04:23:45.000Z,UAV 4,
ENMORT003,FFE-on-Location,LOC_아군포병진지,21.37448817,-157.73726715,2026-08-04T04:23:45.000Z,UAV 4,
ENM1A2004,move to,LOC_중앙계곡,21.37410528,-157.74289907,2026-08-04T04:23:45.000Z,UAV 4,
ENT72007,move to,LOC_중앙계곡,21.37186281,-157.74177688,2026-08-04T04:23:45.000Z,UAV 4,
ENT72003,move to,LOC_중앙계곡,21.37210262,-157.74154360,2026-08-04T04:23:45.000Z,UAV 4,
FRT80001,move to,LOC_중앙킬존남측,21.37577420,-157.75256145,2026-08-04T04:23:45.000Z,UAV 4,
ENT72008,move to,LOC_중앙계곡,21.37204476,-157.74162142,2026-08-04T04:23:45.000Z,UAV 4,
ENT72002,move to,LOC_중앙계곡,21.37197460,-157.74152426,2026-08-04T04:23:45.000Z,UAV 4,
FRM113003,move to,LOC_중앙킬존남측,21.38988177,-157.74197758,2026-08-04T04:23:45.000Z,UAV 4,
ENT72005,move to,LOC_중앙계곡,21.37197804,-157.74180944,2026-08-04T04:23:45.000Z,UAV 4,
ENGAZ001,move to,LOC_적북측접근로,21.37350005,-157.73338670,2026-08-04T04:23:45.000Z,UAV 4,
FRLAV006,move to,LOC_중앙킬존남측,21.38988476,-157.74206671,2026-08-04T04:23:45.000Z,UAV 4,
ENT72009,move to,LOC_중앙계곡,21.37179402,-157.74164248,2026-08-04T04:23:45.000Z,UAV 4,
ENT72004,move to,LOC_중앙계곡,21.37220322,-157.74157738,2026-08-04T04:23:45.000Z,UAV 4,
ENT72010,move to,LOC_중앙계곡,21.37219929,-157.74150382,2026-08-04T04:23:45.000Z,UAV 4,
ENT72006,move to,LOC_중앙계곡,21.37212083,-157.74173338,2026-08-04T04:23:45.000Z,UAV 4,
FRT80007,move to,LOC_중앙킬존남측,21.37538422,-157.75257462,2026-08-04T04:23:45.000Z,UAV 4,
ENM35003,move to,LOC_적북측접근로,21.37358076,-157.73373532,2026-08-04T04:23:45.000Z,UAV 4,
ENBTR60006,move to,LOC_중앙계곡,21.36964500,-157.74050547,2026-08-04T04:23:45.000Z,UAV 4,
ENT72001,move to,LOC_중앙계곡,21.37209873,-157.74164885,2026-08-04T04:23:45.000Z,UAV 4,
ENBTR60005,move to,LOC_중앙계곡,21.36964023,-157.74071371,2026-08-04T04:23:45.000Z,UAV 4,
ENM35004,move to,LOC_적북측접근로,21.37324364,-157.73363897,2026-08-04T04:23:45.000Z,UAV 4,
FRM113002,move to,LOC_중앙킬존남측,21.38983920,-157.74169886,2026-08-04T04:23:45.000Z,UAV 4,
ENM35002,move to,LOC_적북측접근로,21.37343797,-157.73342091,2026-08-04T04:23:45.000Z,UAV 4,
FRLAV008,move to,LOC_중앙킬존남측,21.39003238,-157.74174050,2026-08-04T04:23:45.000Z,UAV 4,
ENM35001,move to,LOC_적북측접근로,21.37317410,-157.73370265,2026-08-04T04:23:45.000Z,UAV 4,
FRM113006,move to,LOC_중앙킬존남측,21.38991971,-157.74190826,2026-08-04T04:23:45.000Z,UAV 4,
FRLAV003,move to,LOC_중앙킬존남측,21.38981625,-157.74179265,2026-08-04T04:23:45.000Z,UAV 4,
ENGAZ004,move to,LOC_적북측접근로,21.37348246,-157.73378424,2026-08-04T04:23:45.000Z,UAV 4,
FRM113005,move to,LOC_중앙킬존남측,21.38984118,-157.74207749,2026-08-04T04:23:45.000Z,UAV 4,
FRM113001,move to,LOC_중앙킬존남측,21.38990944,-157.74163464,2026-08-04T04:23:45.000Z,UAV 4,
FRM113004,move to,LOC_중앙킬존남측,21.38980566,-157.74196598,2026-08-04T04:23:45.000Z,UAV 4,
FRLAV004,move to,LOC_중앙킬존남측,21.38966238,-157.74150781,2026-08-04T04:23:45.000Z,UAV 4,
ENM1A2003,move to,LOC_중앙계곡,21.37397708,-157.74299836,2026-08-04T04:23:45.000Z,UAV 4,
FRTRK2004,move to,LOC_남측제1방어선,21.38823458,-157.74987172,2026-08-04T04:23:45.000Z,UAV 4,
ENMORT005,none,,21.37463885,-157.73701809,2026-08-04T04:23:45.000Z,UAV 4,
ENM1A2001,move to,LOC_중앙계곡,21.37410362,-157.74267323,2026-08-04T04:23:45.000Z,UAV 4,
ENM1A2005,move to,LOC_중앙계곡,21.37406347,-157.74270485,2026-08-04T04:23:45.000Z,UAV 4,
ENMORT004,none,,21.37449517,-157.73695548,2026-08-04T04:23:45.000Z,UAV 4,
FRTRK1001,move to,LOC_남측제1방어선,21.38841553,-157.74989668,2026-08-04T04:23:45.000Z,UAV 4,
ENM1A2002,move to,LOC_중앙계곡,21.37420041,-157.74292473,2026-08-04T04:23:45.000Z,UAV 4,
FRTRK1005,move to,LOC_남측제1방어선,21.38815381,-157.74970809,2026-08-04T04:23:45.000Z,UAV 4,
ENMORT001,none,,21.37454920,-157.73726779,2026-08-04T04:23:45.000Z,UAV 4,
FRLAV001,move to,LOC_중앙킬존남측,21.38974875,-157.74170662,2026-08-04T04:23:45.000Z,UAV 4,
FRTRK2003,move to,LOC_남측제1방어선,21.38807970,-157.74980562,2026-08-04T04:23:45.000Z,UAV 4,
ENMORT003,none,,21.37448817,-157.73726715,2026-08-04T04:23:45.000Z,UAV 4,
ENM1A2004,move to,LOC_중앙계곡,21.37410528,-157.74289907,2026-08-04T04:23:45.000Z,UAV 4,
ENT72007,move to,LOC_중앙계곡,21.37186281,-157.74177688,2026-08-04T04:23:45.000Z,UAV 4,
ENT72003,move to,LOC_중앙계곡,21.37210262,-157.74154360,2026-08-04T04:23:45.000Z,UAV 4,
FRT80001,move to,LOC_중앙킬존남측,21.37577420,-157.75256145,2026-08-04T04:23:45.000Z,UAV 4,
ENT72008,move to,LOC_중앙계곡,21.37204476,-157.74162142,2026-08-04T04:23:45.000Z,UAV 4,
ENT72002,move to,LOC_중앙계곡,21.37197460,-157.74152426,2026-08-04T04:23:45.000Z,UAV 4,
FRM113003,move to,LOC_중앙킬존남측,21.38988177,-157.74197758,2026-08-04T04:23:45.000Z,UAV 4,
ENT72005,move to,LOC_중앙계곡,21.37197804,-157.74180944,2026-08-04T04:23:45.000Z,UAV 4,
ENGAZ001,move to,LOC_적북측접근로,21.37350005,-157.73338670,2026-08-04T04:23:45.000Z,UAV 4,
FRLAV006,move to,LOC_중앙킬존남측,21.38988476,-157.74206671,2026-08-04T04:23:45.000Z,UAV 4,
ENT72009,move to,LOC_중앙계곡,21.37179402,-157.74164248,2026-08-04T04:23:45.000Z,UAV 4,
ENT72004,move to,LOC_중앙계곡,21.37220322,-157.74157738,2026-08-04T04:23:45.000Z,UAV 4,
ENT72010,move to,LOC_중앙계곡,21.37219929,-157.74150382,2026-08-04T04:23:45.000Z,UAV 4,
ENT72006,move to,LOC_중앙계곡,21.37212083,-157.74173338,2026-08-04T04:23:45.000Z,UAV 4,
FRT80007,move to,LOC_중앙킬존남측,21.37538422,-157.75257462,2026-08-04T04:23:45.000Z,UAV 4,
ENM35003,move to,LOC_적북측접근로,21.37358076,-157.73373532,2026-08-04T04:23:45.000Z,UAV 4,
ENBTR60006,move to,LOC_중앙계곡,21.36964500,-157.74050547,2026-08-04T04:23:45.000Z,UAV 4,
ENT72001,move to,LOC_중앙계곡,21.37209873,-157.74164885,2026-08-04T04:23:45.000Z,UAV 4,
ENBTR60005,move to,LOC_중앙계곡,21.36964023,-157.74071371,2026-08-04T04:23:45.000Z,UAV 4,
ENM35004,move to,LOC_적북측접근로,21.37319679,-157.73383736,2026-08-04T04:23:46.000Z,UAV 4,
FRM113002,move to,LOC_중앙킬존남측,21.38984109,-157.74169886,2026-08-04T04:23:46.000Z,UAV 4,
ENM35002,move to,LOC_적북측접근로,21.37338803,-157.73361807,2026-08-04T04:23:46.000Z,UAV 4,
ENM35001,move to,LOC_적북측접근로,21.37312853,-157.73390131,2026-08-04T04:23:46.000Z,UAV 4,
FRM113006,move to,LOC_중앙킬존남측,21.38992689,-157.74190826,2026-08-04T04:23:46.000Z,UAV 4,
ENGAZ004,move to,LOC_적북측접근로,21.37343030,-157.73397707,2026-08-04T04:23:46.000Z,UAV 4,
FRM113005,move to,LOC_중앙킬존남측,21.38984548,-157.74208027,2026-08-04T04:23:46.000Z,UAV 4,
FRM113001,move to,LOC_중앙킬존남측,21.38993775,-157.74164551,2026-08-04T04:23:46.000Z,UAV 4,
FRM113004,move to,LOC_중앙킬존남측,21.38980739,-157.74196758,2026-08-04T04:23:46.000Z,UAV 4,
FRLAV004,move to,LOC_중앙킬존남측,21.38966401,-157.74149935,2026-08-04T04:23:46.000Z,UAV 4,
ENM1A2003,move to,LOC_중앙계곡,21.37414468,-157.74293349,2026-08-04T04:23:46.000Z,UAV 4,
FRTRK2004,move to,LOC_남측제1방어선,21.38820686,-157.74968554,2026-08-04T04:23:46.000Z,UAV 4,
ENMORT005,none,,21.37463885,-157.73701809,2026-08-04T04:23:46.000Z,UAV 4,
ENM1A2001,move to,LOC_중앙계곡,21.37426986,-157.74261794,2026-08-04T04:23:46.000Z,UAV 4,
ENM1A2005,move to,LOC_중앙계곡,21.37422874,-157.74264929,2026-08-04T04:23:46.000Z,UAV 4,
ENMORT004,none,,21.37449517,-157.73695548,2026-08-04T04:23:46.000Z,UAV 4,
FRTRK1001,move to,LOC_남측제1방어선,21.38838276,-157.74969838,2026-08-04T04:23:46.000Z,UAV 4,
ENM1A2002,move to,LOC_중앙계곡,21.37437715,-157.74285586,2026-08-04T04:23:46.000Z,UAV 4,
FRTRK1005,move to,LOC_남측제1방어선,21.38812498,-157.74950725,2026-08-04T04:23:46.000Z,UAV 4,
ENMORT001,none,,21.37454920,-157.73726779,2026-08-04T04:23:46.000Z,UAV 4,
FRLAV001,move to,LOC_중앙킬존남측,21.38975274,-157.74170417,2026-08-04T04:23:46.000Z,UAV 4,
FRTRK2003,move to,LOC_남측제1방어선,21.38805257,-157.74960519,2026-08-04T04:23:46.000Z,UAV 4,
ENMORT003,none,,21.37448817,-157.73726715,2026-08-04T04:23:46.000Z,UAV 4,
ENM1A2004,move to,LOC_중앙계곡,21.37428222,-157.74283231,2026-08-04T04:23:46.000Z,UAV 4,
ENT72007,move to,LOC_중앙계곡,21.37203787,-157.74175798,2026-08-04T04:23:46.000Z,UAV 4,
ENT72003,move to,LOC_중앙계곡,21.37228231,-157.74152947,2026-08-04T04:23:46.000Z,UAV 4,
FRT80001,move to,LOC_중앙킬존남측,21.37589002,-157.75242095,2026-08-04T04:23:46.000Z,UAV 4,
ENT72008,move to,LOC_중앙계곡,21.37222309,-157.74160557,2026-08-04T04:23:46.000Z,UAV 4,
ENT72002,move to,LOC_중앙계곡,21.37215253,-157.74151099,2026-08-04T04:23:46.000Z,UAV 4,
FRM113003,move to,LOC_중앙킬존남측,21.38988903,-157.74197758,2026-08-04T04:23:46.000Z,UAV 4,
ENT72005,move to,LOC_중앙계곡,21.37216535,-157.74178804,2026-08-04T04:23:46.000Z,UAV 4,
ENGAZ001,move to,LOC_적북측접근로,21.37344956,-157.73358109,2026-08-04T04:23:46.000Z,UAV 4,
FRLAV006,move to,LOC_중앙킬존남측,21.38989179,-157.74206237,2026-08-04T04:23:46.000Z,UAV 4,
ENT72009,move to,LOC_중앙계곡,21.37198302,-157.74162571,2026-08-04T04:23:46.000Z,UAV 4,
ENT72004,move to,LOC_중앙계곡,21.37239220,-157.74156139,2026-08-04T04:23:46.000Z,UAV 4,
ENT72010,move to,LOC_중앙계곡,21.37238611,-157.74148999,2026-08-04T04:23:46.000Z,UAV 4,
ENT72006,move to,LOC_중앙계곡,21.37231189,-157.74171318,2026-08-04T04:23:46.000Z,UAV 4,
FRT80007,move to,LOC_중앙킬존남측,21.37551131,-157.75243117,2026-08-04T04:23:46.000Z,UAV 4,
ENM35003,move to,LOC_적북측접근로,21.37352590,-157.73393046,2026-08-04T04:23:46.000Z,UAV 4,
ENBTR60006,move to,LOC_중앙계곡,21.36983179,-157.74051493,2026-08-04T04:23:46.000Z,UAV 4,
ENT72001,move to,LOC_중앙계곡,21.37228601,-157.74163134,2026-08-04T04:23:46.000Z,UAV 4,
ENBTR60005,move to,LOC_중앙계곡,21.36982396,-157.74071899,2026-08-04T04:23:46.000Z,UAV 4,
ENBTR80004,move to,LOC_중앙계곡,21.36977796,-157.74033454,2026-08-04T04:23:46.000Z,UAV 4,
ENBTR60003,move to,LOC_중앙계곡,21.36970969,-157.74070972,2026-08-04T04:23:46.000Z,UAV 4,
ENBTR80001,move to,LOC_중앙계곡,21.36948987,-157.74044340,2026-08-04T04:23:46.000Z,UAV 4,
ENBTR80003,move to,LOC_중앙계곡,21.36941165,-157.74039733,2026-08-04T04:23:46.000Z,UAV 4,
ENBTR60002,move to,LOC_중앙계곡,21.36960415,-157.74072653,2026-08-04T04:23:46.000Z,UAV 4,
ENBTR60007,move to,LOC_중앙계곡,21.36970055,-157.74049972,2026-08-04T04:23:46.000Z,UAV 4,
ENBTR60008,move to,LOC_중앙계곡,21.36954442,-157.74036009,2026-08-04T04:23:46.000Z,UAV 4,
ENBTR80007,move to,LOC_중앙계곡,21.36974311,-157.74044417,2026-08-04T04:23:46.000Z,UAV 4,
ENBTR80005,move to,LOC_중앙계곡,21.36969170,-157.74061021,2026-08-04T04:23:46.000Z,UAV 4,
ENBTR60004,move to,LOC_중앙계곡,21.36948027,-157.74059984,2026-08-04T04:23:46.000Z,UAV 4,
ENM35004,move to,LOC_적북측접근로,21.37319679,-157.73383736,2026-08-04T04:23:46.000Z,UAV 4,
FRM113002,move to,LOC_중앙킬존남측,21.38984109,-157.74169886,2026-08-04T04:23:46.000Z,UAV 4,
ENM35002,move to,LOC_적북측접근로,21.37338803,-157.73361807,2026-08-04T04:23:46.000Z,UAV 4,
ENM35001,move to,LOC_적북측접근로,21.37312853,-157.73390131,2026-08-04T04:23:46.000Z,UAV 4,
FRM113006,move to,LOC_중앙킬존남측,21.38992689,-157.74190826,2026-08-04T04:23:46.000Z,UAV 4,
ENGAZ004,move to,LOC_적북측접근로,21.37343030,-157.73397707,2026-08-04T04:23:46.000Z,UAV 4,
FRM113005,move to,LOC_중앙킬존남측,21.38984548,-157.74208027,2026-08-04T04:23:46.000Z,UAV 4,
FRM113001,move to,LOC_중앙킬존남측,21.38993775,-157.74164551,2026-08-04T04:23:46.000Z,UAV 4,
FRM113004,move to,LOC_중앙킬존남측,21.38980739,-157.74196758,2026-08-04T04:23:46.000Z,UAV 4,
FRLAV004,move to,LOC_중앙킬존남측,21.38966401,-157.74149935,2026-08-04T04:23:46.000Z,UAV 4,
ENM1A2003,move to,LOC_중앙계곡,21.37414468,-157.74293349,2026-08-04T04:23:46.000Z,UAV 4,
FRTRK2004,move to,LOC_남측제1방어선,21.38820686,-157.74968554,2026-08-04T04:23:46.000Z,UAV 4,
ENMORT005,none,,21.37463885,-157.73701809,2026-08-04T04:23:46.000Z,UAV 4,
ENM1A2001,move to,LOC_중앙계곡,21.37426986,-157.74261794,2026-08-04T04:23:46.000Z,UAV 4,
ENM1A2005,move to,LOC_중앙계곡,21.37422874,-157.74264929,2026-08-04T04:23:46.000Z,UAV 4,
ENMORT004,none,,21.37449517,-157.73695548,2026-08-04T04:23:46.000Z,UAV 4,
FRTRK1001,move to,LOC_남측제1방어선,21.38838276,-157.74969838,2026-08-04T04:23:46.000Z,UAV 4,
ENM1A2002,move to,LOC_중앙계곡,21.37437715,-157.74285586,2026-08-04T04:23:46.000Z,UAV 4,
FRTRK1005,move to,LOC_남측제1방어선,21.38812498,-157.74950725,2026-08-04T04:23:46.000Z,UAV 4,
ENMORT001,none,,21.37454920,-157.73726779,2026-08-04T04:23:46.000Z,UAV 4,
FRLAV001,move to,LOC_중앙킬존남측,21.38975274,-157.74170417,2026-08-04T04:23:46.000Z,UAV 4,
FRTRK2003,move to,LOC_남측제1방어선,21.38805257,-157.74960519,2026-08-04T04:23:46.000Z,UAV 4,
ENMORT003,none,,21.37448817,-157.73726715,2026-08-04T04:23:46.000Z,UAV 4,
ENM1A2004,move to,LOC_중앙계곡,21.37428222,-157.74283231,2026-08-04T04:23:46.000Z,UAV 4,
ENT72007,move to,LOC_중앙계곡,21.37203787,-157.74175798,2026-08-04T04:23:46.000Z,UAV 4,
ENT72003,move to,LOC_중앙계곡,21.37228231,-157.74152947,2026-08-04T04:23:46.000Z,UAV 4,
FRT80001,move to,LOC_중앙킬존남측,21.37589002,-157.75242095,2026-08-04T04:23:46.000Z,UAV 4,
ENT72008,move to,LOC_중앙계곡,21.37222309,-157.74160557,2026-08-04T04:23:46.000Z,UAV 4,
ENT72002,move to,LOC_중앙계곡,21.37215253,-157.74151099,2026-08-04T04:23:46.000Z,UAV 4,
FRM113003,move to,LOC_중앙킬존남측,21.38988903,-157.74197758,2026-08-04T04:23:46.000Z,UAV 4,
ENT72005,move to,LOC_중앙계곡,21.37216535,-157.74178804,2026-08-04T04:23:46.000Z,UAV 4,
ENGAZ001,move to,LOC_적북측접근로,21.37344956,-157.73358109,2026-08-04T04:23:46.000Z,UAV 4,
FRLAV006,move to,LOC_중앙킬존남측,21.38989179,-157.74206237,2026-08-04T04:23:46.000Z,UAV 4,
ENT72009,move to,LOC_중앙계곡,21.37198302,-157.74162571,2026-08-04T04:23:46.000Z,UAV 4,
ENT72004,move to,LOC_중앙계곡,21.37239220,-157.74156139,2026-08-04T04:23:46.000Z,UAV 4,
ENT72010,move to,LOC_중앙계곡,21.37238611,-157.74148999,2026-08-04T04:23:46.000Z,UAV 4,
ENT72006,move to,LOC_중앙계곡,21.37231189,-157.74171318,2026-08-04T04:23:46.000Z,UAV 4,
FRT80007,move to,LOC_중앙킬존남측,21.37551131,-157.75243117,2026-08-04T04:23:46.000Z,UAV 4,
ENM35003,move to,LOC_적북측접근로,21.37352590,-157.73393046,2026-08-04T04:23:46.000Z,UAV 4,
ENBTR60006,move to,LOC_중앙계곡,21.36983179,-157.74051493,2026-08-04T04:23:46.000Z,UAV 4,
ENT72001,move to,LOC_중앙계곡,21.37228601,-157.74163134,2026-08-04T04:23:46.000Z,UAV 4,
ENBTR60005,move to,LOC_중앙계곡,21.36982396,-157.74071899,2026-08-04T04:23:46.000Z,UAV 4,
ENBTR80004,move to,LOC_중앙계곡,21.36977796,-157.74033454,2026-08-04T04:23:46.000Z,UAV 4,
ENBTR60003,move to,LOC_중앙계곡,21.36970969,-157.74070972,2026-08-04T04:23:46.000Z,UAV 4,
ENBTR80001,move to,LOC_중앙계곡,21.36948987,-157.74044340,2026-08-04T04:23:46.000Z,UAV 4,
ENBTR80003,move to,LOC_중앙계곡,21.36941165,-157.74039733,2026-08-04T04:23:46.000Z,UAV 4,
ENBTR60002,move to,LOC_중앙계곡,21.36960415,-157.74072653,2026-08-04T04:23:46.000Z,UAV 4,
ENBTR60007,move to,LOC_중앙계곡,21.36970055,-157.74049972,2026-08-04T04:23:46.000Z,UAV 4,
ENBTR60008,move to,LOC_중앙계곡,21.36954442,-157.74036009,2026-08-04T04:23:46.000Z,UAV 4,
ENBTR80007,move to,LOC_중앙계곡,21.36974311,-157.74044417,2026-08-04T04:23:46.000Z,UAV 4,
ENBTR80005,move to,LOC_중앙계곡,21.36969170,-157.74061021,2026-08-04T04:23:46.000Z,UAV 4,
ENBTR60004,move to,LOC_중앙계곡,21.36948027,-157.74059984,2026-08-04T04:23:46.000Z,UAV 4,
ENM35004,move to,LOC_적북측접근로,21.37319679,-157.73383736,2026-08-04T04:23:46.000Z,UAV 4,
FRM113002,move to,LOC_중앙킬존남측,21.38984109,-157.74169886,2026-08-04T04:23:46.000Z,UAV 4,
ENM35002,move to,LOC_적북측접근로,21.37338803,-157.73361807,2026-08-04T04:23:46.000Z,UAV 4,
ENM35001,move to,LOC_적북측접근로,21.37312853,-157.73390131,2026-08-04T04:23:46.000Z,UAV 4,
FRM113006,move to,LOC_중앙킬존남측,21.38992689,-157.74190826,2026-08-04T04:23:46.000Z,UAV 4,
ENGAZ004,move to,LOC_적북측접근로,21.37343030,-157.73397707,2026-08-04T04:23:46.000Z,UAV 4,
FRM113005,move to,LOC_중앙킬존남측,21.38984548,-157.74208027,2026-08-04T04:23:46.000Z,UAV 4,
FRM113001,move to,LOC_중앙킬존남측,21.38993775,-157.74164551,2026-08-04T04:23:46.000Z,UAV 4,
FRM113004,move to,LOC_중앙킬존남측,21.38980739,-157.74196758,2026-08-04T04:23:46.000Z,UAV 4,
FRLAV004,move to,LOC_중앙킬존남측,21.38966401,-157.74149935,2026-08-04T04:23:46.000Z,UAV 4,
ENM1A2003,move to,LOC_중앙계곡,21.37414468,-157.74293349,2026-08-04T04:23:46.000Z,UAV 4,
FRTRK2004,move to,LOC_남측제1방어선,21.38820686,-157.74968554,2026-08-04T04:23:46.000Z,UAV 4,
ENMORT005,none,,21.37463885,-157.73701809,2026-08-04T04:23:46.000Z,UAV 4,
ENM1A2001,move to,LOC_중앙계곡,21.37426986,-157.74261794,2026-08-04T04:23:46.000Z,UAV 4,
ENM1A2005,move to,LOC_중앙계곡,21.37422874,-157.74264929,2026-08-04T04:23:46.000Z,UAV 4,
ENMORT004,none,,21.37449517,-157.73695548,2026-08-04T04:23:46.000Z,UAV 4,
FRTRK1001,move to,LOC_남측제1방어선,21.38838276,-157.74969838,2026-08-04T04:23:46.000Z,UAV 4,
ENM1A2002,move to,LOC_중앙계곡,21.37437715,-157.74285586,2026-08-04T04:23:46.000Z,UAV 4,
FRTRK1005,move to,LOC_남측제1방어선,21.38812498,-157.74950725,2026-08-04T04:23:46.000Z,UAV 4,
ENMORT001,none,,21.37454920,-157.73726779,2026-08-04T04:23:46.000Z,UAV 4,
FRLAV001,move to,LOC_중앙킬존남측,21.38975274,-157.74170417,2026-08-04T04:23:46.000Z,UAV 4,
FRTRK2003,move to,LOC_남측제1방어선,21.38805257,-157.74960519,2026-08-04T04:23:46.000Z,UAV 4,
ENMORT003,none,,21.37448817,-157.73726715,2026-08-04T04:23:46.000Z,UAV 4,
ENM1A2004,move to,LOC_중앙계곡,21.37428222,-157.74283231,2026-08-04T04:23:46.000Z,UAV 4,
ENT72007,move to,LOC_중앙계곡,21.37203787,-157.74175798,2026-08-04T04:23:46.000Z,UAV 4,
ENT72003,move to,LOC_중앙계곡,21.37228231,-157.74152947,2026-08-04T04:23:46.000Z,UAV 4,
FRT80001,move to,LOC_중앙킬존남측,21.37589002,-157.75242095,2026-08-04T04:23:46.000Z,UAV 4,
ENT72008,move to,LOC_중앙계곡,21.37222309,-157.74160557,2026-08-04T04:23:46.000Z,UAV 4,
ENT72002,move to,LOC_중앙계곡,21.37215253,-157.74151099,2026-08-04T04:23:46.000Z,UAV 4,
FRM113003,move to,LOC_중앙킬존남측,21.38988903,-157.74197758,2026-08-04T04:23:46.000Z,UAV 4,
ENT72005,move to,LOC_중앙계곡,21.37216535,-157.74178804,2026-08-04T04:23:46.000Z,UAV 4,
ENGAZ001,move to,LOC_적북측접근로,21.37344956,-157.73358109,2026-08-04T04:23:46.000Z,UAV 4,
FRLAV006,move to,LOC_중앙킬존남측,21.38989179,-157.74206237,2026-08-04T04:23:46.000Z,UAV 4,
ENT72009,move to,LOC_중앙계곡,21.37198302,-157.74162571,2026-08-04T04:23:46.000Z,UAV 4,
ENT72004,move to,LOC_중앙계곡,21.37239220,-157.74156139,2026-08-04T04:23:46.000Z,UAV 4,
ENT72010,move to,LOC_중앙계곡,21.37238611,-157.74148999,2026-08-04T04:23:46.000Z,UAV 4,
ENT72006,move to,LOC_중앙계곡,21.37231189,-157.74171318,2026-08-04T04:23:46.000Z,UAV 4,
FRT80007,move to,LOC_중앙킬존남측,21.37551131,-157.75243117,2026-08-04T04:23:46.000Z,UAV 4,
ENM35003,move to,LOC_적북측접근로,21.37352590,-157.73393046,2026-08-04T04:23:46.000Z,UAV 4,
ENBTR60006,move to,LOC_중앙계곡,21.36983179,-157.74051493,2026-08-04T04:23:46.000Z,UAV 4,
ENT72001,move to,LOC_중앙계곡,21.37228601,-157.74163134,2026-08-04T04:23:46.000Z,UAV 4,
ENBTR60005,move to,LOC_중앙계곡,21.36982396,-157.74071899,2026-08-04T04:23:46.000Z,UAV 4,
ENBTR80004,move to,LOC_중앙계곡,21.36977796,-157.74033454,2026-08-04T04:23:46.000Z,UAV 4,
ENBTR60003,move to,LOC_중앙계곡,21.36970969,-157.74070972,2026-08-04T04:23:46.000Z,UAV 4,
ENBTR80001,move to,LOC_중앙계곡,21.36948987,-157.74044340,2026-08-04T04:23:46.000Z,UAV 4,
ENBTR80003,move to,LOC_중앙계곡,21.36941165,-157.74039733,2026-08-04T04:23:46.000Z,UAV 4,
ENBTR60002,move to,LOC_중앙계곡,21.36960415,-157.74072653,2026-08-04T04:23:46.000Z,UAV 4,
ENBTR60007,move to,LOC_중앙계곡,21.36970055,-157.74049972,2026-08-04T04:23:46.000Z,UAV 4,
ENBTR60008,move to,LOC_중앙계곡,21.36954442,-157.74036009,2026-08-04T04:23:46.000Z,UAV 4,
ENBTR80007,move to,LOC_중앙계곡,21.36974311,-157.74044417,2026-08-04T04:23:46.000Z,UAV 4,
ENBTR80005,move to,LOC_중앙계곡,21.36969170,-157.74061021,2026-08-04T04:23:46.000Z,UAV 4,
ENBTR60004,move to,LOC_중앙계곡,21.36948027,-157.74059984,2026-08-04T04:23:46.000Z,UAV 4,
ENM35004,move to,LOC_적북측접근로,21.37319679,-157.73383736,2026-08-04T04:23:47.000Z,UAV 4,
FRM113002,move to,LOC_중앙킬존남측,21.38984109,-157.74169886,2026-08-04T04:23:47.000Z,UAV 4,
ENM35002,move to,LOC_적북측접근로,21.37338803,-157.73361807,2026-08-04T04:23:47.000Z,UAV 4,
ENM35001,move to,LOC_적북측접근로,21.37312853,-157.73390131,2026-08-04T04:23:47.000Z,UAV 4,
FRM113006,move to,LOC_중앙킬존남측,21.38992689,-157.74190826,2026-08-04T04:23:47.000Z,UAV 4,
ENGAZ004,move to,LOC_적북측접근로,21.37343030,-157.73397707,2026-08-04T04:23:47.000Z,UAV 4,
FRM113005,move to,LOC_중앙킬존남측,21.38984548,-157.74208027,2026-08-04T04:23:47.000Z,UAV 4,
FRM113001,move to,LOC_중앙킬존남측,21.38993775,-157.74164551,2026-08-04T04:23:47.000Z,UAV 4,
FRM113004,move to,LOC_중앙킬존남측,21.38980739,-157.74196758,2026-08-04T04:23:47.000Z,UAV 4,
FRLAV004,move to,LOC_중앙킬존남측,21.38966401,-157.74149935,2026-08-04T04:23:47.000Z,UAV 4,
ENM1A2003,move to,LOC_중앙계곡,21.37414468,-157.74293349,2026-08-04T04:23:47.000Z,UAV 4,
FRTRK2004,move to,LOC_남측제1방어선,21.38820686,-157.74968554,2026-08-04T04:23:47.000Z,UAV 4,
ENMORT005,none,,21.37463885,-157.73701809,2026-08-04T04:23:47.000Z,UAV 4,
ENM1A2001,move to,LOC_중앙계곡,21.37426986,-157.74261794,2026-08-04T04:23:47.000Z,UAV 4,
ENM1A2005,move to,LOC_중앙계곡,21.37422874,-157.74264929,2026-08-04T04:23:47.000Z,UAV 4,
ENMORT004,none,,21.37449517,-157.73695548,2026-08-04T04:23:47.000Z,UAV 4,
FRTRK1001,move to,LOC_남측제1방어선,21.38838276,-157.74969838,2026-08-04T04:23:47.000Z,UAV 4,
ENM1A2002,move to,LOC_중앙계곡,21.37437715,-157.74285586,2026-08-04T04:23:47.000Z,UAV 4,
FRTRK1005,move to,LOC_남측제1방어선,21.38812498,-157.74950725,2026-08-04T04:23:47.000Z,UAV 4,
ENMORT001,none,,21.37454920,-157.73726779,2026-08-04T04:23:47.000Z,UAV 4,
FRLAV001,move to,LOC_중앙킬존남측,21.38975274,-157.74170417,2026-08-04T04:23:47.000Z,UAV 4,
FRTRK2003,move to,LOC_남측제1방어선,21.38805257,-157.74960519,2026-08-04T04:23:47.000Z,UAV 4,
ENMORT003,none,,21.37448817,-157.73726715,2026-08-04T04:23:47.000Z,UAV 4,
ENM1A2004,move to,LOC_중앙계곡,21.37428222,-157.74283231,2026-08-04T04:23:47.000Z,UAV 4,
ENT72007,move to,LOC_중앙계곡,21.37203787,-157.74175798,2026-08-04T04:23:47.000Z,UAV 4,
ENT72003,move to,LOC_중앙계곡,21.37228231,-157.74152947,2026-08-04T04:23:47.000Z,UAV 4,
FRT80001,move to,LOC_중앙킬존남측,21.37589002,-157.75242095,2026-08-04T04:23:47.000Z,UAV 4,
ENT72008,move to,LOC_중앙계곡,21.37222309,-157.74160557,2026-08-04T04:23:47.000Z,UAV 4,
ENT72002,move to,LOC_중앙계곡,21.37215253,-157.74151099,2026-08-04T04:23:47.000Z,UAV 4,
FRM113003,move to,LOC_중앙킬존남측,21.38988903,-157.74197758,2026-08-04T04:23:47.000Z,UAV 4,
ENT72005,move to,LOC_중앙계곡,21.37216535,-157.74178804,2026-08-04T04:23:47.000Z,UAV 4,
ENGAZ001,move to,LOC_적북측접근로,21.37344956,-157.73358109,2026-08-04T04:23:47.000Z,UAV 4,
FRLAV006,move to,LOC_중앙킬존남측,21.38989179,-157.74206237,2026-08-04T04:23:47.000Z,UAV 4,
ENT72009,move to,LOC_중앙계곡,21.37198302,-157.74162571,2026-08-04T04:23:47.000Z,UAV 4,
ENT72004,move to,LOC_중앙계곡,21.37239220,-157.74156139,2026-08-04T04:23:47.000Z,UAV 4,
ENT72010,move to,LOC_중앙계곡,21.37238611,-157.74148999,2026-08-04T04:23:47.000Z,UAV 4,
ENT72006,move to,LOC_중앙계곡,21.37231189,-157.74171318,2026-08-04T04:23:47.000Z,UAV 4,
FRT80007,move to,LOC_중앙킬존남측,21.37551131,-157.75243117,2026-08-04T04:23:47.000Z,UAV 4,
ENM35003,move to,LOC_적북측접근로,21.37352590,-157.73393046,2026-08-04T04:23:47.000Z,UAV 4,
ENBTR60006,move to,LOC_중앙계곡,21.36983179,-157.74051493,2026-08-04T04:23:47.000Z,UAV 4,
ENT72001,move to,LOC_중앙계곡,21.37228601,-157.74163134,2026-08-04T04:23:47.000Z,UAV 4,
ENBTR60005,move to,LOC_중앙계곡,21.36982396,-157.74071899,2026-08-04T04:23:47.000Z,UAV 4,
ENBTR80004,move to,LOC_중앙계곡,21.36977796,-157.74033454,2026-08-04T04:23:47.000Z,UAV 4,
ENBTR60003,move to,LOC_중앙계곡,21.36970969,-157.74070972,2026-08-04T04:23:47.000Z,UAV 4,
ENBTR80001,move to,LOC_중앙계곡,21.36948987,-157.74044340,2026-08-04T04:23:47.000Z,UAV 4,
ENBTR80003,move to,LOC_중앙계곡,21.36941165,-157.74039733,2026-08-04T04:23:47.000Z,UAV 4,
ENBTR60002,move to,LOC_중앙계곡,21.36960415,-157.74072653,2026-08-04T04:23:47.000Z,UAV 4,
ENBTR60007,move to,LOC_중앙계곡,21.36970055,-157.74049972,2026-08-04T04:23:47.000Z,UAV 4,
ENBTR60008,move to,LOC_중앙계곡,21.36954442,-157.74036009,2026-08-04T04:23:47.000Z,UAV 4,
ENBTR80007,move to,LOC_중앙계곡,21.36974311,-157.74044417,2026-08-04T04:23:47.000Z,UAV 4,
ENBTR80005,move to,LOC_중앙계곡,21.36969170,-157.74061021,2026-08-04T04:23:47.000Z,UAV 4,
ENBTR60004,move to,LOC_중앙계곡,21.36948027,-157.74059984,2026-08-04T04:23:47.000Z,UAV 4,
ENM35004,move to,LOC_적북측접근로,21.37314886,-157.73404030,2026-08-04T04:23:48.000Z,UAV 4,
ENM35002,move to,LOC_적북측접근로,21.37333687,-157.73382002,2026-08-04T04:23:48.000Z,UAV 4,
ENM35001,move to,LOC_적북측접근로,21.37308192,-157.73410452,2026-08-04T04:23:48.000Z,UAV 4,
FRM113006,move to,LOC_중앙킬존남측,21.38993438,-157.74190826,2026-08-04T04:23:48.000Z,UAV 4,
ENGAZ004,move to,LOC_적북측접근로,21.37337595,-157.73417796,2026-08-04T04:23:48.000Z,UAV 4,
FRM113005,move to,LOC_중앙킬존남측,21.38985003,-157.74208320,2026-08-04T04:23:48.000Z,UAV 4,
FRM113004,move to,LOC_중앙킬존남측,21.38980932,-157.74196937,2026-08-04T04:23:48.000Z,UAV 4,
ENM1A2003,move to,LOC_중앙계곡,21.37432747,-157.74286273,2026-08-04T04:23:48.000Z,UAV 4,
ENMORT005,none,,21.37463885,-157.73701809,2026-08-04T04:23:48.000Z,UAV 4,
ENM1A2001,move to,LOC_중앙계곡,21.37445631,-157.74255593,2026-08-04T04:23:48.000Z,UAV 4,
ENM1A2005,move to,LOC_중앙계곡,21.37441474,-157.74258677,2026-08-04T04:23:48.000Z,UAV 4,
ENMORT004,none,,21.37449517,-157.73695548,2026-08-04T04:23:48.000Z,UAV 4,
FRTRK1001,move to,LOC_남측제1방어선,21.38834871,-157.74949236,2026-08-04T04:23:48.000Z,UAV 4,
ENM1A2002,move to,LOC_중앙계곡,21.37456035,-157.74278447,2026-08-04T04:23:48.000Z,UAV 4,
FRTRK1005,move to,LOC_남측제1방어선,21.38810342,-157.74935709,2026-08-04T04:23:48.000Z,UAV 4,
ENMORT001,none,,21.37454920,-157.73726779,2026-08-04T04:23:48.000Z,UAV 4,
FRLAV001,move to,LOC_중앙킬존남측,21.38975564,-157.74170238,2026-08-04T04:23:48.000Z,UAV 4,
FRTRK2003,move to,LOC_남측제1방어선,21.38802824,-157.74942540,2026-08-04T04:23:48.000Z,UAV 4,
ENMORT003,none,,21.37448817,-157.73726715,2026-08-04T04:23:48.000Z,UAV 4,
ENM1A2004,move to,LOC_중앙계곡,21.37446727,-157.74276249,2026-08-04T04:23:48.000Z,UAV 4,
ENT72007,move to,LOC_중앙계곡,21.37223155,-157.74173707,2026-08-04T04:23:48.000Z,UAV 4,
ENT72003,move to,LOC_중앙계곡,21.37247648,-157.74151421,2026-08-04T04:23:48.000Z,UAV 4,
FRT80001,move to,LOC_중앙킬존남측,21.37601856,-157.75226503,2026-08-04T04:23:48.000Z,UAV 4,
ENT72002,move to,LOC_중앙계곡,21.37234666,-157.74149653,2026-08-04T04:23:48.000Z,UAV 4,
FRM113003,move to,LOC_중앙킬존남측,21.38989662,-157.74197758,2026-08-04T04:23:48.000Z,UAV 4,
ENT72005,move to,LOC_중앙계곡,21.37236009,-157.74176580,2026-08-04T04:23:48.000Z,UAV 4,
ENGAZ001,move to,LOC_적북측접근로,21.37339724,-157.73378254,2026-08-04T04:23:48.000Z,UAV 4,
FRLAV006,move to,LOC_중앙킬존남측,21.38989911,-157.74205786,2026-08-04T04:23:48.000Z,UAV 4,
ENT72009,move to,LOC_중앙계곡,21.37217854,-157.74160836,2026-08-04T04:23:48.000Z,UAV 4,
ENT72004,move to,LOC_중앙계곡,21.37258750,-157.74154487,2026-08-04T04:23:48.000Z,UAV 4,
ENT72010,move to,LOC_중앙계곡,21.37258155,-157.74147553,2026-08-04T04:23:48.000Z,UAV 4,
ENT72006,move to,LOC_중앙계곡,21.37250640,-157.74169261,2026-08-04T04:23:48.000Z,UAV 4,
FRT80007,move to,LOC_중앙킬존남측,21.37564591,-157.75227923,2026-08-04T04:23:48.000Z,UAV 4,
ENM35003,move to,LOC_적북측접근로,21.37346957,-157.73413085,2026-08-04T04:23:48.000Z,UAV 4,
ENBTR60006,move to,LOC_중앙계곡,21.37002624,-157.74052477,2026-08-04T04:23:48.000Z,UAV 4,
ENT72001,move to,LOC_중앙계곡,21.37248125,-157.74161310,2026-08-04T04:23:48.000Z,UAV 4,
ENBTR60005,move to,LOC_중앙계곡,21.37001951,-157.74072462,2026-08-04T04:23:48.000Z,UAV 4,
ENBTR80004,move to,LOC_중앙계곡,21.36997278,-157.74034809,2026-08-04T04:23:48.000Z,UAV 4,
ENBTR60003,move to,LOC_중앙계곡,21.36990412,-157.74071544,2026-08-04T04:23:48.000Z,UAV 4,
ENBTR80001,move to,LOC_중앙계곡,21.36968543,-157.74045440,2026-08-04T04:23:48.000Z,UAV 4,
ENBTR80003,move to,LOC_중앙계곡,21.36960712,-157.74040916,2026-08-04T04:23:48.000Z,UAV 4,
ENBTR60002,move to,LOC_중앙계곡,21.36979845,-157.74073184,2026-08-04T04:23:48.000Z,UAV 4,
ENBTR60007,move to,LOC_중앙계곡,21.36989558,-157.74050977,2026-08-04T04:23:48.000Z,UAV 4,
ENBTR60008,move to,LOC_중앙계곡,21.36973983,-157.74037284,2026-08-04T04:23:48.000Z,UAV 4,
ENBTR80007,move to,LOC_중앙계곡,21.36993777,-157.74045539,2026-08-04T04:23:48.000Z,UAV 4,
ENBTR80005,move to,LOC_중앙계곡,21.36988680,-157.74061798,2026-08-04T04:23:48.000Z,UAV 4,
ENBTR60004,move to,LOC_중앙계곡,21.36967589,-157.74060767,2026-08-04T04:23:48.000Z,UAV 4,
FRTRK1003,move to,LOC_남측제1방어선,21.38820878,-157.74942128,2026-08-04T04:23:48.000Z,UAV 4,
M933HE 1,fired_by,,21.37538003,-157.73762484,2026-08-04T04:23:48.000Z,UAV 4,
M933HE 2,fired_by,,21.37573557,-157.73695549,2026-08-04T04:23:48.000Z,UAV 4,
M933HE 4,fired_by,,21.37529400,-157.73787885,2026-08-04T04:23:48.000Z,UAV 4,
M933HE 5,fired_by,,21.37542203,-157.73716593,2026-08-04T04:23:48.000Z,UAV 4,
M933HE 7,fired_by,,21.37606415,-157.73728096,2026-08-04T04:23:48.000Z,UAV 4,
ENM35004,move to,LOC_적북측접근로,21.37314886,-157.73404030,2026-08-04T04:23:48.000Z,UAV 4,
ENM35002,move to,LOC_적북측접근로,21.37333687,-157.73382002,2026-08-04T04:23:48.000Z,UAV 4,
ENM35001,move to,LOC_적북측접근로,21.37308192,-157.73410452,2026-08-04T04:23:48.000Z,UAV 4,
FRM113006,move to,LOC_중앙킬존남측,21.38993438,-157.74190826,2026-08-04T04:23:48.000Z,UAV 4,
ENGAZ004,move to,LOC_적북측접근로,21.37337595,-157.73417796,2026-08-04T04:23:48.000Z,UAV 4,
FRM113005,move to,LOC_중앙킬존남측,21.38985003,-157.74208320,2026-08-04T04:23:48.000Z,UAV 4,
FRM113004,move to,LOC_중앙킬존남측,21.38980932,-157.74196937,2026-08-04T04:23:48.000Z,UAV 4,
ENM1A2003,move to,LOC_중앙계곡,21.37432747,-157.74286273,2026-08-04T04:23:48.000Z,UAV 4,
ENMORT005,none,,21.37463885,-157.73701809,2026-08-04T04:23:48.000Z,UAV 4,
ENM1A2001,move to,LOC_중앙계곡,21.37445631,-157.74255593,2026-08-04T04:23:48.000Z,UAV 4,
ENM1A2005,move to,LOC_중앙계곡,21.37441474,-157.74258677,2026-08-04T04:23:48.000Z,UAV 4,
ENMORT004,none,,21.37449517,-157.73695548,2026-08-04T04:23:48.000Z,UAV 4,
FRTRK1001,move to,LOC_남측제1방어선,21.38834871,-157.74949236,2026-08-04T04:23:48.000Z,UAV 4,
ENM1A2002,move to,LOC_중앙계곡,21.37456035,-157.74278447,2026-08-04T04:23:48.000Z,UAV 4,
FRTRK1005,move to,LOC_남측제1방어선,21.38810342,-157.74935709,2026-08-04T04:23:48.000Z,UAV 4,
ENMORT001,none,,21.37454920,-157.73726779,2026-08-04T04:23:48.000Z,UAV 4,
FRLAV001,move to,LOC_중앙킬존남측,21.38975564,-157.74170238,2026-08-04T04:23:48.000Z,UAV 4,
FRTRK2003,move to,LOC_남측제1방어선,21.38802824,-157.74942540,2026-08-04T04:23:48.000Z,UAV 4,
ENMORT003,none,,21.37448817,-157.73726715,2026-08-04T04:23:48.000Z,UAV 4,
ENM1A2004,move to,LOC_중앙계곡,21.37446727,-157.74276249,2026-08-04T04:23:48.000Z,UAV 4,
ENT72007,move to,LOC_중앙계곡,21.37223155,-157.74173707,2026-08-04T04:23:48.000Z,UAV 4,
ENT72003,move to,LOC_중앙계곡,21.37247648,-157.74151421,2026-08-04T04:23:48.000Z,UAV 4,
FRT80001,move to,LOC_중앙킬존남측,21.37601856,-157.75226503,2026-08-04T04:23:48.000Z,UAV 4,
ENT72002,move to,LOC_중앙계곡,21.37234666,-157.74149653,2026-08-04T04:23:48.000Z,UAV 4,
FRM113003,move to,LOC_중앙킬존남측,21.38989662,-157.74197758,2026-08-04T04:23:48.000Z,UAV 4,
ENT72005,move to,LOC_중앙계곡,21.37236009,-157.74176580,2026-08-04T04:23:48.000Z,UAV 4,
ENGAZ001,move to,LOC_적북측접근로,21.37339724,-157.73378254,2026-08-04T04:23:48.000Z,UAV 4,
FRLAV006,move to,LOC_중앙킬존남측,21.38989911,-157.74205786,2026-08-04T04:23:48.000Z,UAV 4,
ENT72009,move to,LOC_중앙계곡,21.37217854,-157.74160836,2026-08-04T04:23:48.000Z,UAV 4,
ENT72004,move to,LOC_중앙계곡,21.37258750,-157.74154487,2026-08-04T04:23:48.000Z,UAV 4,
ENT72010,move to,LOC_중앙계곡,21.37258155,-157.74147553,2026-08-04T04:23:48.000Z,UAV 4,
ENT72006,move to,LOC_중앙계곡,21.37250640,-157.74169261,2026-08-04T04:23:48.000Z,UAV 4,
FRT80007,move to,LOC_중앙킬존남측,21.37564591,-157.75227923,2026-08-04T04:23:48.000Z,UAV 4,
ENM35003,move to,LOC_적북측접근로,21.37346957,-157.73413085,2026-08-04T04:23:48.000Z,UAV 4,
ENBTR60006,move to,LOC_중앙계곡,21.37002624,-157.74052477,2026-08-04T04:23:48.000Z,UAV 4,
ENT72001,move to,LOC_중앙계곡,21.37248125,-157.74161310,2026-08-04T04:23:48.000Z,UAV 4,
ENBTR60005,move to,LOC_중앙계곡,21.37001951,-157.74072462,2026-08-04T04:23:48.000Z,UAV 4,
ENBTR80004,move to,LOC_중앙계곡,21.36997278,-157.74034809,2026-08-04T04:23:48.000Z,UAV 4,
ENBTR60003,move to,LOC_중앙계곡,21.36990412,-157.74071544,2026-08-04T04:23:48.000Z,UAV 4,
ENBTR80001,move to,LOC_중앙계곡,21.36968543,-157.74045440,2026-08-04T04:23:48.000Z,UAV 4,
ENBTR80003,move to,LOC_중앙계곡,21.36960712,-157.74040916,2026-08-04T04:23:48.000Z,UAV 4,
ENBTR60002,move to,LOC_중앙계곡,21.36979845,-157.74073184,2026-08-04T04:23:48.000Z,UAV 4,
ENBTR60007,move to,LOC_중앙계곡,21.36989558,-157.74050977,2026-08-04T04:23:48.000Z,UAV 4,
ENBTR60008,move to,LOC_중앙계곡,21.36973983,-157.74037284,2026-08-04T04:23:48.000Z,UAV 4,
ENBTR80007,move to,LOC_중앙계곡,21.36993777,-157.74045539,2026-08-04T04:23:48.000Z,UAV 4,
ENBTR80005,move to,LOC_중앙계곡,21.36988680,-157.74061798,2026-08-04T04:23:48.000Z,UAV 4,
ENBTR60004,move to,LOC_중앙계곡,21.36967589,-157.74060767,2026-08-04T04:23:48.000Z,UAV 4,
FRTRK1003,move to,LOC_남측제1방어선,21.38820878,-157.74942128,2026-08-04T04:23:48.000Z,UAV 4,
M933HE 1,fired_by,,21.37538003,-157.73762484,2026-08-04T04:23:48.000Z,UAV 4,
M933HE 2,fired_by,,21.37573557,-157.73695549,2026-08-04T04:23:48.000Z,UAV 4,
M933HE 4,fired_by,,21.37529400,-157.73787885,2026-08-04T04:23:48.000Z,UAV 4,
M933HE 5,fired_by,,21.37542203,-157.73716593,2026-08-04T04:23:48.000Z,UAV 4,
M933HE 7,fired_by,,21.37606415,-157.73728096,2026-08-04T04:23:48.000Z,UAV 4,
ENM35004,move to,LOC_적북측접근로,21.37314886,-157.73404030,2026-08-04T04:23:49.000Z,UAV 4,
ENM35002,move to,LOC_적북측접근로,21.37333687,-157.73382002,2026-08-04T04:23:49.000Z,UAV 4,
ENM35001,move to,LOC_적북측접근로,21.37308192,-157.73410452,2026-08-04T04:23:49.000Z,UAV 4,
FRM113006,move to,LOC_중앙킬존남측,21.38993438,-157.74190826,2026-08-04T04:23:49.000Z,UAV 4,
ENGAZ004,move to,LOC_적북측접근로,21.37337595,-157.73417796,2026-08-04T04:23:49.000Z,UAV 4,
FRM113005,move to,LOC_중앙킬존남측,21.38985003,-157.74208320,2026-08-04T04:23:49.000Z,UAV 4,
FRM113004,move to,LOC_중앙킬존남측,21.38980932,-157.74196937,2026-08-04T04:23:49.000Z,UAV 4,
ENM1A2003,move to,LOC_중앙계곡,21.37432747,-157.74286273,2026-08-04T04:23:49.000Z,UAV 4,
ENMORT005,none,,21.37463885,-157.73701809,2026-08-04T04:23:49.000Z,UAV 4,
ENM1A2001,move to,LOC_중앙계곡,21.37445631,-157.74255593,2026-08-04T04:23:49.000Z,UAV 4,
ENM1A2005,move to,LOC_중앙계곡,21.37441474,-157.74258677,2026-08-04T04:23:49.000Z,UAV 4,
ENMORT004,none,,21.37449517,-157.73695548,2026-08-04T04:23:49.000Z,UAV 4,
FRTRK1001,move to,LOC_남측제1방어선,21.38834871,-157.74949236,2026-08-04T04:23:49.000Z,UAV 4,
ENM1A2002,move to,LOC_중앙계곡,21.37456035,-157.74278447,2026-08-04T04:23:49.000Z,UAV 4,
FRTRK1005,move to,LOC_남측제1방어선,21.38810342,-157.74935709,2026-08-04T04:23:49.000Z,UAV 4,
ENMORT001,none,,21.37454920,-157.73726779,2026-08-04T04:23:49.000Z,UAV 4,
FRLAV001,move to,LOC_중앙킬존남측,21.38975564,-157.74170238,2026-08-04T04:23:49.000Z,UAV 4,
FRTRK2003,move to,LOC_남측제1방어선,21.38802824,-157.74942540,2026-08-04T04:23:49.000Z,UAV 4,
ENMORT003,none,,21.37448817,-157.73726715,2026-08-04T04:23:49.000Z,UAV 4,
ENM1A2004,move to,LOC_중앙계곡,21.37446727,-157.74276249,2026-08-04T04:23:49.000Z,UAV 4,
ENT72007,move to,LOC_중앙계곡,21.37223155,-157.74173707,2026-08-04T04:23:49.000Z,UAV 4,
ENT72003,move to,LOC_중앙계곡,21.37247648,-157.74151421,2026-08-04T04:23:49.000Z,UAV 4,
FRT80001,move to,LOC_중앙킬존남측,21.37601856,-157.75226503,2026-08-04T04:23:49.000Z,UAV 4,
ENT72002,move to,LOC_중앙계곡,21.37234666,-157.74149653,2026-08-04T04:23:49.000Z,UAV 4,
FRM113003,move to,LOC_중앙킬존남측,21.38989662,-157.74197758,2026-08-04T04:23:49.000Z,UAV 4,
ENT72005,move to,LOC_중앙계곡,21.37236009,-157.74176580,2026-08-04T04:23:49.000Z,UAV 4,
ENGAZ001,move to,LOC_적북측접근로,21.37339724,-157.73378254,2026-08-04T04:23:49.000Z,UAV 4,
FRLAV006,move to,LOC_중앙킬존남측,21.38989911,-157.74205786,2026-08-04T04:23:49.000Z,UAV 4,
ENT72009,move to,LOC_중앙계곡,21.37217854,-157.74160836,2026-08-04T04:23:49.000Z,UAV 4,
ENT72004,move to,LOC_중앙계곡,21.37258750,-157.74154487,2026-08-04T04:23:49.000Z,UAV 4,
ENT72010,move to,LOC_중앙계곡,21.37258155,-157.74147553,2026-08-04T04:23:49.000Z,UAV 4,
ENT72006,move to,LOC_중앙계곡,21.37250640,-157.74169261,2026-08-04T04:23:49.000Z,UAV 4,
FRT80007,move to,LOC_중앙킬존남측,21.37564591,-157.75227923,2026-08-04T04:23:49.000Z,UAV 4,
ENM35003,move to,LOC_적북측접근로,21.37346957,-157.73413085,2026-08-04T04:23:49.000Z,UAV 4,
ENBTR60006,move to,LOC_중앙계곡,21.37002624,-157.74052477,2026-08-04T04:23:49.000Z,UAV 4,
ENT72001,move to,LOC_중앙계곡,21.37248125,-157.74161310,2026-08-04T04:23:49.000Z,UAV 4,
ENBTR60005,move to,LOC_중앙계곡,21.37001951,-157.74072462,2026-08-04T04:23:49.000Z,UAV 4,
ENBTR80004,move to,LOC_중앙계곡,21.36997278,-157.74034809,2026-08-04T04:23:49.000Z,UAV 4,
ENBTR60003,move to,LOC_중앙계곡,21.36990412,-157.74071544,2026-08-04T04:23:49.000Z,UAV 4,
ENBTR80001,move to,LOC_중앙계곡,21.36968543,-157.74045440,2026-08-04T04:23:49.000Z,UAV 4,
ENBTR80003,move to,LOC_중앙계곡,21.36960712,-157.74040916,2026-08-04T04:23:49.000Z,UAV 4,
ENBTR60002,move to,LOC_중앙계곡,21.36979845,-157.74073184,2026-08-04T04:23:49.000Z,UAV 4,
ENBTR60007,move to,LOC_중앙계곡,21.36989558,-157.74050977,2026-08-04T04:23:49.000Z,UAV 4,
ENBTR60008,move to,LOC_중앙계곡,21.36973983,-157.74037284,2026-08-04T04:23:49.000Z,UAV 4,
ENBTR80007,move to,LOC_중앙계곡,21.36993777,-157.74045539,2026-08-04T04:23:49.000Z,UAV 4,
ENBTR80005,move to,LOC_중앙계곡,21.36988680,-157.74061798,2026-08-04T04:23:49.000Z,UAV 4,
ENBTR60004,move to,LOC_중앙계곡,21.36967589,-157.74060767,2026-08-04T04:23:49.000Z,UAV 4,
FRTRK1003,move to,LOC_남측제1방어선,21.38820878,-157.74942128,2026-08-04T04:23:49.000Z,UAV 4,
M933HE 1,fired_by,,21.37538003,-157.73762484,2026-08-04T04:23:49.000Z,UAV 4,
M933HE 2,fired_by,,21.37573557,-157.73695549,2026-08-04T04:23:49.000Z,UAV 4,
M933HE 4,fired_by,,21.37529400,-157.73787885,2026-08-04T04:23:49.000Z,UAV 4,
M933HE 5,fired_by,,21.37542203,-157.73716593,2026-08-04T04:23:49.000Z,UAV 4,
M933HE 7,fired_by,,21.37606415,-157.73728096,2026-08-04T04:23:49.000Z,UAV 4,
ENM35004,move to,LOC_적북측접근로,21.37310637,-157.73422022,2026-08-04T04:23:50.000Z,UAV 4,
ENM35002,move to,LOC_적북측접근로,21.37329146,-157.73399924,2026-08-04T04:23:50.000Z,UAV 4,
ENM35001,move to,LOC_적북측접근로,21.37304059,-157.73428470,2026-08-04T04:23:50.000Z,UAV 4,
ENGAZ004,move to,LOC_적북측접근로,21.37332772,-157.73435628,2026-08-04T04:23:50.000Z,UAV 4,
ENM1A2003,move to,LOC_중앙계곡,21.37451080,-157.74279176,2026-08-04T04:23:50.000Z,UAV 4,
ENMORT005,none,,21.37463885,-157.73701809,2026-08-04T04:23:50.000Z,UAV 4,
ENM1A2001,move to,LOC_중앙계곡,21.37464094,-157.74249452,2026-08-04T04:23:50.000Z,UAV 4,
ENM1A2005,move to,LOC_중앙계곡,21.37459713,-157.74252545,2026-08-04T04:23:50.000Z,UAV 4,
ENMORT004,none,,21.37449517,-157.73695548,2026-08-04T04:23:50.000Z,UAV 4,
FRTRK1001,move to,LOC_남측제1방어선,21.38831847,-157.74930934,2026-08-04T04:23:50.000Z,UAV 4,
ENM1A2002,move to,LOC_중앙계곡,21.37472326,-157.74272099,2026-08-04T04:23:50.000Z,UAV 4,
FRTRK1005,move to,LOC_남측제1방어선,21.38807839,-157.74918273,2026-08-04T04:23:50.000Z,UAV 4,
ENMORT001,none,,21.37454920,-157.73726779,2026-08-04T04:23:50.000Z,UAV 4,
FRTRK2003,move to,LOC_남측제1방어선,21.38800352,-157.74924283,2026-08-04T04:23:50.000Z,UAV 4,
ENMORT003,none,,21.37448817,-157.73726715,2026-08-04T04:23:50.000Z,UAV 4,
ENM1A2004,move to,LOC_중앙계곡,21.37463038,-157.74270095,2026-08-04T04:23:50.000Z,UAV 4,
ENT72007,move to,LOC_중앙계곡,21.37242565,-157.74171611,2026-08-04T04:23:50.000Z,UAV 4,
ENT72003,move to,LOC_중앙계곡,21.37266989,-157.74149900,2026-08-04T04:23:50.000Z,UAV 4,
FRT80001,move to,LOC_중앙킬존남측,21.37614669,-157.75210961,2026-08-04T04:23:50.000Z,UAV 4,
ENT72002,move to,LOC_중앙계곡,21.37254017,-157.74148210,2026-08-04T04:23:50.000Z,UAV 4,
ENT72005,move to,LOC_중앙계곡,21.37253315,-157.74174604,2026-08-04T04:23:50.000Z,UAV 4,
ENGAZ001,move to,LOC_적북측접근로,21.37335078,-157.73396143,2026-08-04T04:23:50.000Z,UAV 4,
ENT72009,move to,LOC_중앙계곡,21.37235268,-157.74159291,2026-08-04T04:23:50.000Z,UAV 4,
ENT72004,move to,LOC_중앙계곡,21.37276090,-157.74153020,2026-08-04T04:23:50.000Z,UAV 4,
ENT72010,move to,LOC_중앙계곡,21.37275501,-157.74146269,2026-08-04T04:23:50.000Z,UAV 4,
ENT72006,move to,LOC_중앙계곡,21.37268060,-157.74167419,2026-08-04T04:23:50.000Z,UAV 4,
FRT80007,move to,LOC_중앙킬존남측,21.37576543,-157.75214432,2026-08-04T04:23:50.000Z,UAV 4,
ENM35003,move to,LOC_적북측접근로,21.37341959,-157.73430863,2026-08-04T04:23:50.000Z,UAV 4,
ENBTR60006,move to,LOC_중앙계곡,21.37020000,-157.74053357,2026-08-04T04:23:50.000Z,UAV 4,
ENBTR60005,move to,LOC_중앙계곡,21.37019277,-157.74072960,2026-08-04T04:23:50.000Z,UAV 4,
ENBTR80004,move to,LOC_중앙계곡,21.37014607,-157.74036014,2026-08-04T04:23:50.000Z,UAV 4,
ENBTR60003,move to,LOC_중앙계곡,21.37007731,-157.74072053,2026-08-04T04:23:50.000Z,UAV 4,
ENBTR80001,move to,LOC_중앙계곡,21.36985899,-157.74046416,2026-08-04T04:23:50.000Z,UAV 4,
ENBTR80003,move to,LOC_중앙계곡,21.36978069,-157.74041966,2026-08-04T04:23:50.000Z,UAV 4,
ENBTR60002,move to,LOC_중앙계곡,21.36997192,-157.74073658,2026-08-04T04:23:50.000Z,UAV 4,
ENBTR60007,move to,LOC_중앙계곡,21.37006699,-157.74051861,2026-08-04T04:23:50.000Z,UAV 4,
ENBTR60008,move to,LOC_중앙계곡,21.36991286,-157.74038412,2026-08-04T04:23:50.000Z,UAV 4,
ENBTR80007,move to,LOC_중앙계곡,21.37011137,-157.74046541,2026-08-04T04:23:50.000Z,UAV 4,
ENBTR80005,move to,LOC_중앙계곡,21.37005957,-157.74062486,2026-08-04T04:23:50.000Z,UAV 4,
ENBTR60004,move to,LOC_중앙계곡,21.36984836,-157.74061458,2026-08-04T04:23:50.000Z,UAV 4,
FRTRK1003,move to,LOC_남측제1방어선,21.38818195,-157.74924570,2026-08-04T04:23:50.000Z,UAV 4,
FRTRK2004,move to,LOC_남측제1방어선,21.38815385,-157.74932947,2026-08-04T04:23:50.000Z,UAV 4,
FRT80002,move to,LOC_중앙킬존남측,21.37596739,-157.75249909,2026-08-04T04:23:50.000Z,UAV 4,
FRT69002,move to,LOC_중앙킬존남측,21.38062358,-157.73220904,2026-08-04T04:25:13.000Z,UAV 4,
FRT69001,move to,LOC_중앙킬존남측,21.38083095,-157.73220700,2026-08-04T04:25:13.000Z,UAV 4,
FRMORT002,FFE-on-Location,LOC_적박격포진지,21.39124517,-157.73722922,2026-08-04T04:25:13.000Z,UAV 4,
ENM35004,move to,LOC_적북측접근로,21.37321699,-157.73305944,2026-08-04T04:25:13.000Z,UAV 4,
ENGAZ001,move to,LOC_적북측접근로,21.37337528,-157.73279257,2026-08-04T04:25:13.000Z,UAV 4,
FRT69006,move to,LOC_중앙킬존남측,21.38096188,-157.73222439,2026-08-04T04:25:13.000Z,UAV 4,
FRLAV002,move to,LOC_중앙킬존남측,21.38989760,-157.74176125,2026-08-04T04:25:13.000Z,UAV 4,
FRT69003,move to,LOC_중앙킬존남측,21.38097332,-157.73240275,2026-08-04T04:25:13.000Z,UAV 4,
FRT69005,move to,LOC_중앙킬존남측,21.38100014,-157.73233777,2026-08-04T04:25:13.000Z,UAV 4,
FRM113002,move to,LOC_중앙킬존남측,21.38982569,-157.74169886,2026-08-04T04:25:13.000Z,UAV 4,
ENGAZ002,move to,LOC_적북측접근로,21.37349402,-157.73315589,2026-08-04T04:25:13.000Z,UAV 4,
ENM35002,move to,LOC_적북측접근로,21.37340544,-157.73283903,2026-08-04T04:25:13.000Z,UAV 4,
FRLAV008,move to,LOC_중앙킬존남측,21.39000596,-157.74175678,2026-08-04T04:25:13.000Z,UAV 4,
ENGAZ003,move to,LOC_적북측접근로,21.37338431,-157.73326221,2026-08-04T04:25:13.000Z,UAV 4,
ENM35001,move to,LOC_적북측접근로,21.37314687,-157.73312307,2026-08-04T04:25:13.000Z,UAV 4,
FRM113006,move to,LOC_중앙킬존남측,21.38989399,-157.74190826,2026-08-04T04:25:13.000Z,UAV 4,
FRMORT004,none,,21.39105358,-157.73697074,2026-08-04T04:25:13.000Z,UAV 4,
FRT69004,move to,LOC_중앙킬존남측,21.38065700,-157.73204394,2026-08-04T04:25:13.000Z,UAV 4,
FRT69008,move to,LOC_중앙킬존남측,21.38096961,-157.73244663,2026-08-04T04:25:13.000Z,UAV 4,
FRT69009,move to,LOC_중앙킬존남측,21.38066035,-157.73234161,2026-08-04T04:25:13.000Z,UAV 4,
FRLAV003,move to,LOC_중앙킬존남측,21.38979255,-157.74180726,2026-08-04T04:25:13.000Z,UAV 4,
ENGAZ004,move to,LOC_적북측접근로,21.37336764,-157.73318922,2026-08-04T04:25:13.000Z,UAV 4,
FRMORT003,FFE-on-Location,LOC_적북측접근로,21.39122072,-157.73728393,2026-08-04T04:25:13.000Z,UAV 4,
FRM113005,move to,LOC_중앙킬존남측,21.38979774,-157.74205529,2026-08-04T04:25:13.000Z,UAV 4,
FRM113001,move to,LOC_중앙킬존남측,21.38988667,-157.74163464,2026-08-04T04:25:13.000Z,UAV 4,
FRM113004,move to,LOC_중앙킬존남측,21.38976158,-157.74194084,2026-08-04T04:25:13.000Z,UAV 4,
FRT69010,move to,LOC_중앙킬존남측,21.38075758,-157.73208913,2026-08-04T04:25:13.000Z,UAV 4,
FRLAV004,move to,LOC_중앙킬존남측,21.38960746,-157.74166506,2026-08-04T04:25:13.000Z,UAV 4,
FRT69002,move to,LOC_중앙킬존남측,21.38069061,-157.73227862,2026-08-04T04:25:14.000Z,UAV 4,
FRT69001,move to,LOC_중앙킬존남측,21.38089798,-157.73227658,2026-08-04T04:25:14.000Z,UAV 4,
FRMORT002,FFE-on-Location,LOC_적박격포진지,21.39124517,-157.73722922,2026-08-04T04:25:14.000Z,UAV 4,
ENGAZ001,move to,LOC_적북측접근로,21.37343639,-157.73283043,2026-08-04T04:25:14.000Z,UAV 4,
FRT69006,move to,LOC_중앙킬존남측,21.38101886,-157.73227316,2026-08-04T04:25:14.000Z,UAV 4,
FRT69003,move to,LOC_중앙킬존남측,21.38103029,-157.73245152,2026-08-04T04:25:14.000Z,UAV 4,
FRT69005,move to,LOC_중앙킬존남측,21.38105712,-157.73238653,2026-08-04T04:25:14.000Z,UAV 4,
FRM113002,move to,LOC_중앙킬존남측,21.38982888,-157.74169886,2026-08-04T04:25:14.000Z,UAV 4,
ENM35002,move to,LOC_적북측접근로,21.37344653,-157.73286539,2026-08-04T04:25:14.000Z,UAV 4,
FRLAV008,move to,LOC_중앙킬존남측,21.39001096,-157.74175370,2026-08-04T04:25:14.000Z,UAV 4,
FRM113006,move to,LOC_중앙킬존남측,21.38989818,-157.74190826,2026-08-04T04:25:14.000Z,UAV 4,
FRMORT004,none,,21.39105358,-157.73697074,2026-08-04T04:25:14.000Z,UAV 4,
FRT69004,move to,LOC_중앙킬존남측,21.38071398,-157.73209271,2026-08-04T04:25:14.000Z,UAV 4,
FRT69008,move to,LOC_중앙킬존남측,21.38102659,-157.73249540,2026-08-04T04:25:14.000Z,UAV 4,
FRT69009,move to,LOC_중앙킬존남측,21.38071733,-157.73239038,2026-08-04T04:25:14.000Z,UAV 4,
FRLAV003,move to,LOC_중앙킬존남측,21.38979664,-157.74180473,2026-08-04T04:25:14.000Z,UAV 4,
FRMORT003,FFE-on-Location,LOC_적북측접근로,21.39122072,-157.73728393,2026-08-04T04:25:14.000Z,UAV 4,
FRM113001,move to,LOC_중앙킬존남측,21.38989020,-157.74163464,2026-08-04T04:25:14.000Z,UAV 4,
FRM113004,move to,LOC_중앙킬존남측,21.38979105,-157.74195252,2026-08-04T04:25:14.000Z,UAV 4,
FRLAV004,move to,LOC_중앙킬존남측,21.38965224,-157.74155872,2026-08-04T04:25:14.000Z,UAV 4,
FRTRK2004,move to,LOC_남측제1방어선,21.38821387,-157.75043795,2026-08-04T04:25:14.000Z,UAV 4,
FRAHS001,FFE-on-Location,LOC_적포병진지,21.39511611,-157.73746058,2026-08-04T04:25:14.000Z,UAV 4,
FRTRK1005,move to,LOC_남측제1방어선,21.38814542,-157.75024968,2026-08-04T04:25:14.000Z,UAV 4,
FRM109002,FFE-on-Location,LOC_적박격포진지,21.39535746,-157.73730886,2026-08-04T04:25:14.000Z,UAV 4,
FRLAV001,move to,LOC_중앙킬존남측,21.38973073,-157.74171773,2026-08-04T04:25:14.000Z,UAV 4,
FRTRK2002,move to,LOC_남측제1방어선,21.38819799,-157.75063402,2026-08-04T04:25:14.000Z,UAV 4,
FRM109001,FFE-on-Location,LOC_적포병진지,21.39515360,-157.73702065,2026-08-04T04:25:14.000Z,UAV 4,
FRTRK2003,move to,LOC_남측제1방어선,21.38804564,-157.75036005,2026-08-04T04:25:14.000Z,UAV 4,
FRAHS002,FFE-on-Location,LOC_적박격포진지,21.39520418,-157.73742074,2026-08-04T04:25:14.000Z,UAV 4,
FRT69002,move to,LOC_중앙킬존남측,21.38069061,-157.73227862,2026-08-04T04:25:15.000Z,UAV 4,
FRT69001,move to,LOC_중앙킬존남측,21.38089798,-157.73227658,2026-08-04T04:25:15.000Z,UAV 4,
FRMORT002,FFE-on-Location,LOC_적박격포진지,21.39124517,-157.73722922,2026-08-04T04:25:15.000Z,UAV 4,
ENGAZ001,move to,LOC_적북측접근로,21.37343639,-157.73283043,2026-08-04T04:25:15.000Z,UAV 4,
FRT69006,move to,LOC_중앙킬존남측,21.38101886,-157.73227316,2026-08-04T04:25:15.000Z,UAV 4,
FRT69003,move to,LOC_중앙킬존남측,21.38103029,-157.73245152,2026-08-04T04:25:15.000Z,UAV 4,
FRT69005,move to,LOC_중앙킬존남측,21.38105712,-157.73238653,2026-08-04T04:25:15.000Z,UAV 4,
FRM113002,move to,LOC_중앙킬존남측,21.38982888,-157.74169886,2026-08-04T04:25:15.000Z,UAV 4,
ENM35002,move to,LOC_적북측접근로,21.37344653,-157.73286539,2026-08-04T04:25:15.000Z,UAV 4,
FRLAV008,move to,LOC_중앙킬존남측,21.39001096,-157.74175370,2026-08-04T04:25:15.000Z,UAV 4,
FRM113006,move to,LOC_중앙킬존남측,21.38989818,-157.74190826,2026-08-04T04:25:15.000Z,UAV 4,
FRMORT004,none,,21.39105358,-157.73697074,2026-08-04T04:25:15.000Z,UAV 4,
FRT69004,move to,LOC_중앙킬존남측,21.38071398,-157.73209271,2026-08-04T04:25:15.000Z,UAV 4,
FRT69008,move to,LOC_중앙킬존남측,21.38102659,-157.73249540,2026-08-04T04:25:15.000Z,UAV 4,
FRT69009,move to,LOC_중앙킬존남측,21.38071733,-157.73239038,2026-08-04T04:25:15.000Z,UAV 4,
FRLAV003,move to,LOC_중앙킬존남측,21.38979664,-157.74180473,2026-08-04T04:25:15.000Z,UAV 4,
FRMORT003,FFE-on-Location,LOC_적북측접근로,21.39122072,-157.73728393,2026-08-04T04:25:15.000Z,UAV 4,
FRM113001,move to,LOC_중앙킬존남측,21.38989020,-157.74163464,2026-08-04T04:25:15.000Z,UAV 4,
FRM113004,move to,LOC_중앙킬존남측,21.38979105,-157.74195252,2026-08-04T04:25:15.000Z,UAV 4,
FRLAV004,move to,LOC_중앙킬존남측,21.38965224,-157.74155872,2026-08-04T04:25:15.000Z,UAV 4,
FRTRK2004,move to,LOC_남측제1방어선,21.38821387,-157.75043795,2026-08-04T04:25:15.000Z,UAV 4,
FRAHS001,FFE-on-Location,LOC_적포병진지,21.39511611,-157.73746058,2026-08-04T04:25:15.000Z,UAV 4,
FRTRK1005,move to,LOC_남측제1방어선,21.38814542,-157.75024968,2026-08-04T04:25:15.000Z,UAV 4,
FRM109002,FFE-on-Location,LOC_적박격포진지,21.39535746,-157.73730886,2026-08-04T04:25:15.000Z,UAV 4,
FRLAV001,move to,LOC_중앙킬존남측,21.38973073,-157.74171773,2026-08-04T04:25:15.000Z,UAV 4,
FRTRK2002,move to,LOC_남측제1방어선,21.38819799,-157.75063402,2026-08-04T04:25:15.000Z,UAV 4,
FRM109001,FFE-on-Location,LOC_적포병진지,21.39515360,-157.73702065,2026-08-04T04:25:15.000Z,UAV 4,
FRTRK2003,move to,LOC_남측제1방어선,21.38804564,-157.75036005,2026-08-04T04:25:15.000Z,UAV 4,
FRAHS002,FFE-on-Location,LOC_적박격포진지,21.39520418,-157.73742074,2026-08-04T04:25:15.000Z,UAV 4,
ENGAZ001,move to,LOC_적북측접근로,21.37353719,-157.73300254,2026-08-04T04:25:16.000Z,UAV 4,
FRM113002,move to,LOC_중앙킬존남측,21.38983377,-157.74169886,2026-08-04T04:25:16.000Z,UAV 4,
ENM35002,move to,LOC_적북측접근로,21.37349977,-157.73303788,2026-08-04T04:25:16.000Z,UAV 4,
FRLAV008,move to,LOC_중앙킬존남측,21.39001836,-157.74174914,2026-08-04T04:25:16.000Z,UAV 4,
FRM113006,move to,LOC_중앙킬존남측,21.38990552,-157.74190826,2026-08-04T04:25:16.000Z,UAV 4,
FRLAV003,move to,LOC_중앙킬존남측,21.38980333,-157.74180061,2026-08-04T04:25:16.000Z,UAV 4,
FRM113001,move to,LOC_중앙킬존남측,21.38989674,-157.74163464,2026-08-04T04:25:16.000Z,UAV 4,
FRM113004,move to,LOC_중앙킬존남측,21.38979365,-157.74195398,2026-08-04T04:25:16.000Z,UAV 4,
FRLAV004,move to,LOC_중앙킬존남측,21.38965671,-157.74153817,2026-08-04T04:25:16.000Z,UAV 4,
FRTRK2004,move to,LOC_남측제1방어선,21.38827183,-157.75025988,2026-08-04T04:25:16.000Z,UAV 4,
FRTRK1005,move to,LOC_남측제1방어선,21.38819201,-157.75009822,2026-08-04T04:25:16.000Z,UAV 4,
FRLAV001,move to,LOC_중앙킬존남측,21.38973748,-157.74171357,2026-08-04T04:25:16.000Z,UAV 4,
FRTRK2003,move to,LOC_남측제1방어선,21.38810713,-157.75019542,2026-08-04T04:25:16.000Z,UAV 4,
ENM1A2003,move to,LOC_중앙계곡,21.37362856,-157.74313345,2026-08-04T04:25:16.000Z,UAV 4,
ENT72007,move to,LOC_중앙계곡,21.37150229,-157.74181584,2026-08-04T04:25:16.000Z,UAV 4,
ENT72003,move to,LOC_중앙계곡,21.37173669,-157.74157235,2026-08-04T04:25:16.000Z,UAV 4,
ENMORT005,FFE-on-Location,LOC_중앙킬존,21.37463885,-157.73701809,2026-08-04T04:25:16.000Z,UAV 4,
ENM1A2001,move to,LOC_중앙계곡,21.37375577,-157.74278927,2026-08-04T04:25:16.000Z,UAV 4,
FRT80001,move to,LOC_중앙킬존남측,21.37552986,-157.75285814,2026-08-04T04:25:16.000Z,UAV 4,
ENT72008,move to,LOC_중앙계곡,21.37167515,-157.74165428,2026-08-04T04:25:16.000Z,UAV 4,
ENM1A2005,move to,LOC_중앙계곡,21.37371475,-157.74282243,2026-08-04T04:25:16.000Z,UAV 4,
ENT72002,move to,LOC_중앙계곡,21.37160473,-157.74155179,2026-08-04T04:25:16.000Z,UAV 4,
ENMORT004,FFE-on-Location,LOC_아군박격포진지,21.37449517,-157.73695548,2026-08-04T04:25:16.000Z,UAV 4,
FRTRK1001,move to,LOC_남측제1방어선,21.38845179,-157.75028894,2026-08-04T04:25:16.000Z,UAV 4,
FRM113003,move to,LOC_중앙킬존남측,21.38986786,-157.74197758,2026-08-04T04:25:16.000Z,UAV 4,
ENT72005,move to,LOC_중앙계곡,21.37161072,-157.74185145,2026-08-04T04:25:16.000Z,UAV 4,
ENM35004,move to,LOC_적북측접근로,21.37330404,-157.73325472,2026-08-04T04:25:16.000Z,UAV 4,
ENT72001,move to,LOC_중앙계곡,21.37173028,-157.74168329,2026-08-04T04:25:16.000Z,UAV 4,
ENM1A2002,move to,LOC_중앙계곡,21.37384996,-157.74306149,2026-08-04T04:25:16.000Z,UAV 4,
FRLAV006,move to,LOC_중앙킬존남측,21.38987097,-157.74207521,2026-08-04T04:25:16.000Z,UAV 4,
ENT72009,move to,LOC_중앙계곡,21.37145126,-157.74167290,2026-08-04T04:25:16.000Z,UAV 4,
ENT72004,move to,LOC_중앙계곡,21.37183226,-157.74160876,2026-08-04T04:25:16.000Z,UAV 4,
ENGAZ003,move to,LOC_적북측접근로,21.37354113,-157.73347446,2026-08-04T04:25:16.000Z,UAV 4,
ENM35001,move to,LOC_적북측접근로,21.37323319,-157.73331793,2026-08-04T04:25:16.000Z,UAV 4,
ENT72010,move to,LOC_중앙계곡,21.37182690,-157.74153135,2026-08-04T04:25:16.000Z,UAV 4,
ENT72006,move to,LOC_중앙계곡,21.37175090,-157.74177254,2026-08-04T04:25:16.000Z,UAV 4,
ENMORT001,FFE-on-Location,LOC_중앙킬존,21.37454920,-157.73726779,2026-08-04T04:25:16.000Z,UAV 4,
FRT80007,move to,LOC_중앙킬존남측,21.37513057,-157.75286145,2026-08-04T04:25:16.000Z,UAV 4,
FRT80003,move to,LOC_중앙킬존남측,21.37536250,-157.75285384,2026-08-04T04:25:16.000Z,UAV 4,
FRT80004,move to,LOC_중앙킬존남측,21.37527610,-157.75295744,2026-08-04T04:25:16.000Z,UAV 4,
ENGAZ004,move to,LOC_적북측접근로,21.37352468,-157.73340098,2026-08-04T04:25:16.000Z,UAV 4,
ENMORT003,FFE-on-Location,LOC_아군포병진지,21.37448817,-157.73726715,2026-08-04T04:25:16.000Z,UAV 4,
ENM1A2004,move to,LOC_중앙계곡,21.37375695,-157.74303068,2026-08-04T04:25:16.000Z,UAV 4,
ENGAZ001,move to,LOC_적북측접근로,21.37353719,-157.73300254,2026-08-04T04:25:17.000Z,UAV 4,
FRM113002,move to,LOC_중앙킬존남측,21.38983377,-157.74169886,2026-08-04T04:25:17.000Z,UAV 4,
ENM35002,move to,LOC_적북측접근로,21.37349977,-157.73303788,2026-08-04T04:25:17.000Z,UAV 4,
FRLAV008,move to,LOC_중앙킬존남측,21.39001836,-157.74174914,2026-08-04T04:25:17.000Z,UAV 4,
FRM113006,move to,LOC_중앙킬존남측,21.38990552,-157.74190826,2026-08-04T04:25:17.000Z,UAV 4,
FRLAV003,move to,LOC_중앙킬존남측,21.38980333,-157.74180061,2026-08-04T04:25:17.000Z,UAV 4,
FRM113001,move to,LOC_중앙킬존남측,21.38989674,-157.74163464,2026-08-04T04:25:17.000Z,UAV 4,
FRM113004,move to,LOC_중앙킬존남측,21.38979365,-157.74195398,2026-08-04T04:25:17.000Z,UAV 4,
FRLAV004,move to,LOC_중앙킬존남측,21.38965671,-157.74153817,2026-08-04T04:25:17.000Z,UAV 4,
FRTRK2004,move to,LOC_남측제1방어선,21.38827183,-157.75025988,2026-08-04T04:25:17.000Z,UAV 4,
FRTRK1005,move to,LOC_남측제1방어선,21.38819201,-157.75009822,2026-08-04T04:25:17.000Z,UAV 4,
FRLAV001,move to,LOC_중앙킬존남측,21.38973748,-157.74171357,2026-08-04T04:25:17.000Z,UAV 4,
FRTRK2003,move to,LOC_남측제1방어선,21.38810713,-157.75019542,2026-08-04T04:25:17.000Z,UAV 4,
ENM1A2003,move to,LOC_중앙계곡,21.37362856,-157.74313345,2026-08-04T04:25:17.000Z,UAV 4,
ENT72007,move to,LOC_중앙계곡,21.37150229,-157.74181584,2026-08-04T04:25:17.000Z,UAV 4,
ENT72003,move to,LOC_중앙계곡,21.37173669,-157.74157235,2026-08-04T04:25:17.000Z,UAV 4,
ENMORT005,FFE-on-Location,LOC_중앙킬존,21.37463885,-157.73701809,2026-08-04T04:25:17.000Z,UAV 4,
ENM1A2001,move to,LOC_중앙계곡,21.37375577,-157.74278927,2026-08-04T04:25:17.000Z,UAV 4,
FRT80001,move to,LOC_중앙킬존남측,21.37552986,-157.75285814,2026-08-04T04:25:17.000Z,UAV 4,
ENT72008,move to,LOC_중앙계곡,21.37167515,-157.74165428,2026-08-04T04:25:17.000Z,UAV 4,
ENM1A2005,move to,LOC_중앙계곡,21.37371475,-157.74282243,2026-08-04T04:25:17.000Z,UAV 4,
ENT72002,move to,LOC_중앙계곡,21.37160473,-157.74155179,2026-08-04T04:25:17.000Z,UAV 4,
ENMORT004,FFE-on-Location,LOC_아군박격포진지,21.37449517,-157.73695548,2026-08-04T04:25:17.000Z,UAV 4,
FRTRK1001,move to,LOC_남측제1방어선,21.38845179,-157.75028894,2026-08-04T04:25:17.000Z,UAV 4,
FRM113003,move to,LOC_중앙킬존남측,21.38986786,-157.74197758,2026-08-04T04:25:17.000Z,UAV 4,
ENT72005,move to,LOC_중앙계곡,21.37161072,-157.74185145,2026-08-04T04:25:17.000Z,UAV 4,
ENM35004,move to,LOC_적북측접근로,21.37330404,-157.73325472,2026-08-04T04:25:17.000Z,UAV 4,
ENT72001,move to,LOC_중앙계곡,21.37173028,-157.74168329,2026-08-04T04:25:17.000Z,UAV 4,
ENM1A2002,move to,LOC_중앙계곡,21.37384996,-157.74306149,2026-08-04T04:25:17.000Z,UAV 4,
FRLAV006,move to,LOC_중앙킬존남측,21.38987097,-157.74207521,2026-08-04T04:25:17.000Z,UAV 4,
ENT72009,move to,LOC_중앙계곡,21.37145126,-157.74167290,2026-08-04T04:25:17.000Z,UAV 4,
ENT72004,move to,LOC_중앙계곡,21.37183226,-157.74160876,2026-08-04T04:25:17.000Z,UAV 4,
ENGAZ003,move to,LOC_적북측접근로,21.37354113,-157.73347446,2026-08-04T04:25:17.000Z,UAV 4,
ENM35001,move to,LOC_적북측접근로,21.37323319,-157.73331793,2026-08-04T04:25:17.000Z,UAV 4,
ENT72010,move to,LOC_중앙계곡,21.37182690,-157.74153135,2026-08-04T04:25:17.000Z,UAV 4,
ENT72006,move to,LOC_중앙계곡,21.37175090,-157.74177254,2026-08-04T04:25:17.000Z,UAV 4,
ENMORT001,FFE-on-Location,LOC_중앙킬존,21.37454920,-157.73726779,2026-08-04T04:25:17.000Z,UAV 4,
FRT80007,move to,LOC_중앙킬존남측,21.37513057,-157.75286145,2026-08-04T04:25:17.000Z,UAV 4,
FRT80003,move to,LOC_중앙킬존남측,21.37536250,-157.75285384,2026-08-04T04:25:17.000Z,UAV 4,
FRT80004,move to,LOC_중앙킬존남측,21.37527610,-157.75295744,2026-08-04T04:25:17.000Z,UAV 4,
ENGAZ004,move to,LOC_적북측접근로,21.37352468,-157.73340098,2026-08-04T04:25:17.000Z,UAV 4,
ENMORT003,FFE-on-Location,LOC_아군포병진지,21.37448817,-157.73726715,2026-08-04T04:25:17.000Z,UAV 4,
ENM1A2004,move to,LOC_중앙계곡,21.37375695,-157.74303068,2026-08-04T04:25:17.000Z,UAV 4,
ENGAZ001,move to,LOC_적북측접근로,21.37354642,-157.73320126,2026-08-04T04:25:18.000Z,UAV 4,
FRM113002,move to,LOC_중앙킬존남측,21.38983711,-157.74169886,2026-08-04T04:25:18.000Z,UAV 4,
ENM35002,move to,LOC_적북측접근로,21.37347349,-157.73323816,2026-08-04T04:25:18.000Z,UAV 4,
FRLAV008,move to,LOC_중앙킬존남측,21.39002553,-157.74174472,2026-08-04T04:25:18.000Z,UAV 4,
FRM113006,move to,LOC_중앙킬존남측,21.38991270,-157.74190826,2026-08-04T04:25:18.000Z,UAV 4,
FRLAV003,move to,LOC_중앙킬존남측,21.38980987,-157.74179658,2026-08-04T04:25:18.000Z,UAV 4,
FRM113001,move to,LOC_중앙킬존남측,21.38990314,-157.74163464,2026-08-04T04:25:18.000Z,UAV 4,
FRM113004,move to,LOC_중앙킬존남측,21.38979707,-157.74195592,2026-08-04T04:25:18.000Z,UAV 4,
FRLAV004,move to,LOC_중앙킬존남측,21.38965857,-157.74152962,2026-08-04T04:25:18.000Z,UAV 4,
FRTRK2004,move to,LOC_남측제1방어선,21.38825554,-157.75005809,2026-08-04T04:25:18.000Z,UAV 4,
FRTRK1005,move to,LOC_남측제1방어선,21.38817102,-157.74989351,2026-08-04T04:25:18.000Z,UAV 4,
FRLAV001,move to,LOC_중앙킬존남측,21.38974374,-157.74170971,2026-08-04T04:25:18.000Z,UAV 4,
FRTRK2003,move to,LOC_남측제1방어선,21.38809712,-157.74999257,2026-08-04T04:25:18.000Z,UAV 4,
ENM1A2003,move to,LOC_중앙계곡,21.37380852,-157.74306379,2026-08-04T04:25:18.000Z,UAV 4,
ENT72007,move to,LOC_중앙계곡,21.37168994,-157.74179558,2026-08-04T04:25:18.000Z,UAV 4,
ENT72003,move to,LOC_중앙계곡,21.37193057,-157.74155711,2026-08-04T04:25:18.000Z,UAV 4,
ENMORT005,FFE-on-Location,LOC_중앙킬존,21.37463885,-157.73701809,2026-08-04T04:25:18.000Z,UAV 4,
ENM1A2001,move to,LOC_중앙계곡,21.37393734,-157.74272887,2026-08-04T04:25:18.000Z,UAV 4,
FRT80001,move to,LOC_중앙킬존남측,21.37565506,-157.75270626,2026-08-04T04:25:18.000Z,UAV 4,
ENT72008,move to,LOC_중앙계곡,21.37186754,-157.74163718,2026-08-04T04:25:18.000Z,UAV 4,
ENM1A2005,move to,LOC_중앙계곡,21.37389675,-157.74276124,2026-08-04T04:25:18.000Z,UAV 4,
ENT72002,move to,LOC_중앙계곡,21.37179750,-157.74153743,2026-08-04T04:25:18.000Z,UAV 4,
ENMORT004,FFE-on-Location,LOC_아군박격포진지,21.37449517,-157.73695548,2026-08-04T04:25:18.000Z,UAV 4,
FRTRK1001,move to,LOC_남측제1방어선,21.38844110,-157.75008702,2026-08-04T04:25:18.000Z,UAV 4,
FRM113003,move to,LOC_중앙킬존남측,21.38987486,-157.74197758,2026-08-04T04:25:18.000Z,UAV 4,
ENT72005,move to,LOC_중앙계곡,21.37179873,-157.74182998,2026-08-04T04:25:18.000Z,UAV 4,
ENM35004,move to,LOC_적북측접근로,21.37327523,-157.73345558,2026-08-04T04:25:18.000Z,UAV 4,
ENM1A2002,move to,LOC_중앙계곡,21.37402755,-157.74299228,2026-08-04T04:25:18.000Z,UAV 4,
FRLAV006,move to,LOC_중앙킬존남측,21.38987795,-157.74207090,2026-08-04T04:25:18.000Z,UAV 4,
ENT72009,move to,LOC_중앙계곡,21.37163513,-157.74165658,2026-08-04T04:25:18.000Z,UAV 4,
ENT72004,move to,LOC_중앙계곡,21.37202078,-157.74159281,2026-08-04T04:25:18.000Z,UAV 4,
ENM35001,move to,LOC_적북측접근로,21.37320444,-157.73351904,2026-08-04T04:25:18.000Z,UAV 4,
ENT72010,move to,LOC_중앙계곡,21.37201485,-157.74151744,2026-08-04T04:25:18.000Z,UAV 4,
ENT72006,move to,LOC_중앙계곡,21.37194009,-157.74175253,2026-08-04T04:25:18.000Z,UAV 4,
ENMORT001,FFE-on-Location,LOC_중앙킬존,21.37454920,-157.73726779,2026-08-04T04:25:18.000Z,UAV 4,
FRT80007,move to,LOC_중앙킬존남측,21.37525881,-157.75271668,2026-08-04T04:25:18.000Z,UAV 4,
FRT80003,move to,LOC_중앙킬존남측,21.37548783,-157.75270654,2026-08-04T04:25:18.000Z,UAV 4,
FRT80004,move to,LOC_중앙킬존남측,21.37540162,-157.75280988,2026-08-04T04:25:18.000Z,UAV 4,
ENGAZ004,move to,LOC_적북측접근로,21.37353121,-157.73359898,2026-08-04T04:25:18.000Z,UAV 4,
ENMORT003,FFE-on-Location,LOC_아군포병진지,21.37448817,-157.73726715,2026-08-04T04:25:18.000Z,UAV 4,
ENM1A2004,move to,LOC_중앙계곡,21.37393380,-157.74296395,2026-08-04T04:25:18.000Z,UAV 4,
FRT80006,move to,LOC_중앙킬존남측,21.37553044,-157.75267946,2026-08-04T04:25:18.000Z,UAV 4,
FRM113005,move to,LOC_중앙킬존남측,21.38984434,-157.74208553,2026-08-04T04:25:18.000Z,UAV 4,
ENM35003,move to,LOC_적북측접근로,21.37362002,-157.73355367,2026-08-04T04:25:18.000Z,UAV 4,
ENGAZ001,move to,LOC_적북측접근로,21.37354642,-157.73320126,2026-08-04T04:25:19.000Z,UAV 4,
FRM113002,move to,LOC_중앙킬존남측,21.38983711,-157.74169886,2026-08-04T04:25:19.000Z,UAV 4,
ENM35002,move to,LOC_적북측접근로,21.37347349,-157.73323816,2026-08-04T04:25:19.000Z,UAV 4,
FRLAV008,move to,LOC_중앙킬존남측,21.39002553,-157.74174472,2026-08-04T04:25:19.000Z,UAV 4,
FRM113006,move to,LOC_중앙킬존남측,21.38991270,-157.74190826,2026-08-04T04:25:19.000Z,UAV 4,
FRLAV003,move to,LOC_중앙킬존남측,21.38980987,-157.74179658,2026-08-04T04:25:19.000Z,UAV 4,
FRM113001,move to,LOC_중앙킬존남측,21.38990314,-157.74163464,2026-08-04T04:25:19.000Z,UAV 4,
FRM113004,move to,LOC_중앙킬존남측,21.38979707,-157.74195592,2026-08-04T04:25:19.000Z,UAV 4,
FRLAV004,move to,LOC_중앙킬존남측,21.38965857,-157.74152962,2026-08-04T04:25:19.000Z,UAV 4,
FRTRK2004,move to,LOC_남측제1방어선,21.38825554,-157.75005809,2026-08-04T04:25:19.000Z,UAV 4,
FRTRK1005,move to,LOC_남측제1방어선,21.38817102,-157.74989351,2026-08-04T04:25:19.000Z,UAV 4,
FRLAV001,move to,LOC_중앙킬존남측,21.38974374,-157.74170971,2026-08-04T04:25:19.000Z,UAV 4,
FRTRK2003,move to,LOC_남측제1방어선,21.38809712,-157.74999257,2026-08-04T04:25:19.000Z,UAV 4,
ENM1A2003,move to,LOC_중앙계곡,21.37380852,-157.74306379,2026-08-04T04:25:19.000Z,UAV 4,
ENT72007,move to,LOC_중앙계곡,21.37168994,-157.74179558,2026-08-04T04:25:19.000Z,UAV 4,
ENT72003,move to,LOC_중앙계곡,21.37193057,-157.74155711,2026-08-04T04:25:19.000Z,UAV 4,
ENMORT005,FFE-on-Location,LOC_중앙킬존,21.37463885,-157.73701809,2026-08-04T04:25:19.000Z,UAV 4,
ENM1A2001,move to,LOC_중앙계곡,21.37393734,-157.74272887,2026-08-04T04:25:19.000Z,UAV 4,
FRT80001,move to,LOC_중앙킬존남측,21.37565506,-157.75270626,2026-08-04T04:25:19.000Z,UAV 4,
ENT72008,move to,LOC_중앙계곡,21.37186754,-157.74163718,2026-08-04T04:25:19.000Z,UAV 4,
ENM1A2005,move to,LOC_중앙계곡,21.37389675,-157.74276124,2026-08-04T04:25:19.000Z,UAV 4,
ENT72002,move to,LOC_중앙계곡,21.37179750,-157.74153743,2026-08-04T04:25:19.000Z,UAV 4,
ENMORT004,FFE-on-Location,LOC_아군박격포진지,21.37449517,-157.73695548,2026-08-04T04:25:19.000Z,UAV 4,
FRTRK1001,move to,LOC_남측제1방어선,21.38844110,-157.75008702,2026-08-04T04:25:19.000Z,UAV 4,
FRM113003,move to,LOC_중앙킬존남측,21.38987486,-157.74197758,2026-08-04T04:25:19.000Z,UAV 4,
ENT72005,move to,LOC_중앙계곡,21.37179873,-157.74182998,2026-08-04T04:25:19.000Z,UAV 4,
ENM35004,move to,LOC_적북측접근로,21.37327523,-157.73345558,2026-08-04T04:25:19.000Z,UAV 4,
ENM1A2002,move to,LOC_중앙계곡,21.37402755,-157.74299228,2026-08-04T04:25:19.000Z,UAV 4,
FRLAV006,move to,LOC_중앙킬존남측,21.38987795,-157.74207090,2026-08-04T04:25:19.000Z,UAV 4,
ENT72009,move to,LOC_중앙계곡,21.37163513,-157.74165658,2026-08-04T04:25:19.000Z,UAV 4,
ENT72004,move to,LOC_중앙계곡,21.37202078,-157.74159281,2026-08-04T04:25:19.000Z,UAV 4,
ENM35001,move to,LOC_적북측접근로,21.37320444,-157.73351904,2026-08-04T04:25:19.000Z,UAV 4,
ENT72010,move to,LOC_중앙계곡,21.37201485,-157.74151744,2026-08-04T04:25:19.000Z,UAV 4,
ENT72006,move to,LOC_중앙계곡,21.37194009,-157.74175253,2026-08-04T04:25:19.000Z,UAV 4,
ENMORT001,FFE-on-Location,LOC_중앙킬존,21.37454920,-157.73726779,2026-08-04T04:25:19.000Z,UAV 4,
FRT80007,move to,LOC_중앙킬존남측,21.37525881,-157.75271668,2026-08-04T04:25:19.000Z,UAV 4,
FRT80003,move to,LOC_중앙킬존남측,21.37548783,-157.75270654,2026-08-04T04:25:19.000Z,UAV 4,
FRT80004,move to,LOC_중앙킬존남측,21.37540162,-157.75280988,2026-08-04T04:25:19.000Z,UAV 4,
ENGAZ004,move to,LOC_적북측접근로,21.37353121,-157.73359898,2026-08-04T04:25:19.000Z,UAV 4,
ENMORT003,FFE-on-Location,LOC_아군포병진지,21.37448817,-157.73726715,2026-08-04T04:25:19.000Z,UAV 4,
ENM1A2004,move to,LOC_중앙계곡,21.37393380,-157.74296395,2026-08-04T04:25:19.000Z,UAV 4,
FRT80006,move to,LOC_중앙킬존남측,21.37553044,-157.75267946,2026-08-04T04:25:19.000Z,UAV 4,
FRM113005,move to,LOC_중앙킬존남측,21.38984434,-157.74208553,2026-08-04T04:25:19.000Z,UAV 4,
ENM35003,move to,LOC_적북측접근로,21.37362002,-157.73355367,2026-08-04T04:25:19.000Z,UAV 4,
ENGAZ001,move to,LOC_적북측접근로,21.37349738,-157.73339292,2026-08-04T04:25:20.000Z,UAV 4,
FRM113002,move to,LOC_중앙킬존남측,21.38983922,-157.74169886,2026-08-04T04:25:20.000Z,UAV 4,
ENM35002,move to,LOC_적북측접근로,21.37342484,-157.73343116,2026-08-04T04:25:20.000Z,UAV 4,
FRLAV008,move to,LOC_중앙킬존남측,21.39003256,-157.74174038,2026-08-04T04:25:20.000Z,UAV 4,
FRM113006,move to,LOC_중앙킬존남측,21.38991983,-157.74190826,2026-08-04T04:25:20.000Z,UAV 4,
FRLAV003,move to,LOC_중앙킬존남측,21.38981638,-157.74179257,2026-08-04T04:25:20.000Z,UAV 4,
FRM113001,move to,LOC_중앙킬존남측,21.38991010,-157.74163466,2026-08-04T04:25:20.000Z,UAV 4,
FRM113004,move to,LOC_중앙킬존남측,21.38980910,-157.74196528,2026-08-04T04:25:20.000Z,UAV 4,
FRLAV004,move to,LOC_중앙킬존남측,21.38966041,-157.74152117,2026-08-04T04:25:20.000Z,UAV 4,
FRTRK2004,move to,LOC_남측제1방어선,21.38822595,-157.74985848,2026-08-04T04:25:20.000Z,UAV 4,
FRTRK1005,move to,LOC_남측제1방어선,21.38814316,-157.74969825,2026-08-04T04:25:20.000Z,UAV 4,
FRLAV001,move to,LOC_중앙킬존남측,21.38974884,-157.74170657,2026-08-04T04:25:20.000Z,UAV 4,
FRTRK2003,move to,LOC_남측제1방어선,21.38807057,-157.74979541,2026-08-04T04:25:20.000Z,UAV 4,
ENM1A2003,move to,LOC_중앙계곡,21.37398299,-157.74299624,2026-08-04T04:25:20.000Z,UAV 4,
ENT72007,move to,LOC_중앙계곡,21.37187686,-157.74177540,2026-08-04T04:25:20.000Z,UAV 4,
ENT72003,move to,LOC_중앙계곡,21.37211558,-157.74154256,2026-08-04T04:25:20.000Z,UAV 4,
ENMORT005,FFE-on-Location,LOC_중앙킬존,21.37463885,-157.73701809,2026-08-04T04:25:20.000Z,UAV 4,
ENM1A2001,move to,LOC_중앙계곡,21.37411190,-157.74267081,2026-08-04T04:25:20.000Z,UAV 4,
FRT80001,move to,LOC_중앙킬존남측,21.37578100,-157.75255348,2026-08-04T04:25:20.000Z,UAV 4,
ENT72008,move to,LOC_중앙계곡,21.37205605,-157.74162042,2026-08-04T04:25:20.000Z,UAV 4,
ENM1A2005,move to,LOC_중앙계곡,21.37407271,-157.74270208,2026-08-04T04:25:20.000Z,UAV 4,
ENT72002,move to,LOC_중앙계곡,21.37198579,-157.74152339,2026-08-04T04:25:20.000Z,UAV 4,
ENMORT004,FFE-on-Location,LOC_아군박격포진지,21.37449517,-157.73695548,2026-08-04T04:25:20.000Z,UAV 4,
FRTRK1001,move to,LOC_남측제1방어선,21.38840838,-157.74988841,2026-08-04T04:25:20.000Z,UAV 4,
FRM113003,move to,LOC_중앙킬존남측,21.38988196,-157.74197758,2026-08-04T04:25:20.000Z,UAV 4,
ENT72005,move to,LOC_중앙계곡,21.37198352,-157.74180887,2026-08-04T04:25:20.000Z,UAV 4,
ENM35004,move to,LOC_적북측접근로,21.37322974,-157.73364936,2026-08-04T04:25:20.000Z,UAV 4,
ENM1A2002,move to,LOC_중앙계곡,21.37420222,-157.74292421,2026-08-04T04:25:20.000Z,UAV 4,
FRLAV006,move to,LOC_중앙킬존남측,21.38988494,-157.74206660,2026-08-04T04:25:20.000Z,UAV 4,
ENT72009,move to,LOC_중앙계곡,21.37181592,-157.74164054,2026-08-04T04:25:20.000Z,UAV 4,
ENT72004,move to,LOC_중앙계곡,21.37220786,-157.74157698,2026-08-04T04:25:20.000Z,UAV 4,
ENM35001,move to,LOC_적북측접근로,21.37316022,-157.73371302,2026-08-04T04:25:20.000Z,UAV 4,
ENT72010,move to,LOC_중앙계곡,21.37220279,-157.74150353,2026-08-04T04:25:20.000Z,UAV 4,
ENT72006,move to,LOC_중앙계곡,21.37212545,-157.74173293,2026-08-04T04:25:20.000Z,UAV 4,
ENMORT001,FFE-on-Location,LOC_중앙킬존,21.37454920,-157.73726779,2026-08-04T04:25:20.000Z,UAV 4,
FRT80007,move to,LOC_중앙킬존남측,21.37538614,-157.75257294,2026-08-04T04:25:20.000Z,UAV 4,
FRT80003,move to,LOC_중앙킬존남측,21.37561236,-157.75256018,2026-08-04T04:25:20.000Z,UAV 4,
FRT80004,move to,LOC_중앙킬존남측,21.37552643,-157.75266315,2026-08-04T04:25:20.000Z,UAV 4,
ENGAZ004,move to,LOC_적북측접근로,21.37348026,-157.73378993,2026-08-04T04:25:20.000Z,UAV 4,
ENMORT003,FFE-on-Location,LOC_아군포병진지,21.37448817,-157.73726715,2026-08-04T04:25:20.000Z,UAV 4,
ENM1A2004,move to,LOC_중앙계곡,21.37410852,-157.74289802,2026-08-04T04:25:20.000Z,UAV 4,
FRT80006,move to,LOC_중앙킬존남측,21.37565518,-157.75253230,2026-08-04T04:25:20.000Z,UAV 4,
FRM113005,move to,LOC_중앙킬존남측,21.38984819,-157.74208924,2026-08-04T04:25:20.000Z,UAV 4,
ENM35003,move to,LOC_적북측접근로,21.37356651,-157.73374498,2026-08-04T04:25:20.000Z,UAV 4,
ENBTR60006,move to,LOC_중앙계곡,21.36965401,-157.74050593,2026-08-04T04:25:20.000Z,UAV 4,
ENBTR80007,move to,LOC_중앙계곡,21.36956051,-157.74043366,2026-08-04T04:25:20.000Z,UAV 4,
ENBTR60005,move to,LOC_중앙계곡,21.36964400,-157.74071381,2026-08-04T04:25:20.000Z,UAV 4,
ENGAZ001,move to,LOC_적북측접근로,21.37349738,-157.73339292,2026-08-04T04:25:21.000Z,UAV 4,
FRM113002,move to,LOC_중앙킬존남측,21.38983922,-157.74169886,2026-08-04T04:25:21.000Z,UAV 4,
ENM35002,move to,LOC_적북측접근로,21.37342484,-157.73343116,2026-08-04T04:25:21.000Z,UAV 4,
FRLAV008,move to,LOC_중앙킬존남측,21.39003256,-157.74174038,2026-08-04T04:25:21.000Z,UAV 4,
FRM113006,move to,LOC_중앙킬존남측,21.38991983,-157.74190826,2026-08-04T04:25:21.000Z,UAV 4,
FRLAV003,move to,LOC_중앙킬존남측,21.38981638,-157.74179257,2026-08-04T04:25:21.000Z,UAV 4,
FRM113001,move to,LOC_중앙킬존남측,21.38991010,-157.74163466,2026-08-04T04:25:21.000Z,UAV 4,
FRM113004,move to,LOC_중앙킬존남측,21.38980910,-157.74196528,2026-08-04T04:25:21.000Z,UAV 4,
FRLAV004,move to,LOC_중앙킬존남측,21.38966041,-157.74152117,2026-08-04T04:25:21.000Z,UAV 4,
FRTRK2004,move to,LOC_남측제1방어선,21.38822595,-157.74985848,2026-08-04T04:25:21.000Z,UAV 4,
FRTRK1005,move to,LOC_남측제1방어선,21.38814316,-157.74969825,2026-08-04T04:25:21.000Z,UAV 4,
FRLAV001,move to,LOC_중앙킬존남측,21.38974884,-157.74170657,2026-08-04T04:25:21.000Z,UAV 4,
FRTRK2003,move to,LOC_남측제1방어선,21.38807057,-157.74979541,2026-08-04T04:25:21.000Z,UAV 4,
ENM1A2003,move to,LOC_중앙계곡,21.37398299,-157.74299624,2026-08-04T04:25:21.000Z,UAV 4,
ENT72007,move to,LOC_중앙계곡,21.37187686,-157.74177540,2026-08-04T04:25:21.000Z,UAV 4,
ENT72003,move to,LOC_중앙계곡,21.37211558,-157.74154256,2026-08-04T04:25:21.000Z,UAV 4,
ENMORT005,FFE-on-Location,LOC_중앙킬존,21.37463885,-157.73701809,2026-08-04T04:25:21.000Z,UAV 4,
ENM1A2001,move to,LOC_중앙계곡,21.37411190,-157.74267081,2026-08-04T04:25:21.000Z,UAV 4,
FRT80001,move to,LOC_중앙킬존남측,21.37578100,-157.75255348,2026-08-04T04:25:21.000Z,UAV 4,
ENT72008,move to,LOC_중앙계곡,21.37205605,-157.74162042,2026-08-04T04:25:21.000Z,UAV 4,
ENM1A2005,move to,LOC_중앙계곡,21.37407271,-157.74270208,2026-08-04T04:25:21.000Z,UAV 4,
ENT72002,move to,LOC_중앙계곡,21.37198579,-157.74152339,2026-08-04T04:25:21.000Z,UAV 4,
ENMORT004,FFE-on-Location,LOC_아군박격포진지,21.37449517,-157.73695548,2026-08-04T04:25:21.000Z,UAV 4,
FRTRK1001,move to,LOC_남측제1방어선,21.38840838,-157.74988841,2026-08-04T04:25:21.000Z,UAV 4,
FRM113003,move to,LOC_중앙킬존남측,21.38988196,-157.74197758,2026-08-04T04:25:21.000Z,UAV 4,
ENT72005,move to,LOC_중앙계곡,21.37198352,-157.74180887,2026-08-04T04:25:21.000Z,UAV 4,
ENM35004,move to,LOC_적북측접근로,21.37322974,-157.73364936,2026-08-04T04:25:21.000Z,UAV 4,
ENM1A2002,move to,LOC_중앙계곡,21.37420222,-157.74292421,2026-08-04T04:25:21.000Z,UAV 4,
FRLAV006,move to,LOC_중앙킬존남측,21.38988494,-157.74206660,2026-08-04T04:25:21.000Z,UAV 4,
ENT72009,move to,LOC_중앙계곡,21.37181592,-157.74164054,2026-08-04T04:25:21.000Z,UAV 4,
ENT72004,move to,LOC_중앙계곡,21.37220786,-157.74157698,2026-08-04T04:25:21.000Z,UAV 4,
ENM35001,move to,LOC_적북측접근로,21.37316022,-157.73371302,2026-08-04T04:25:21.000Z,UAV 4,
ENT72010,move to,LOC_중앙계곡,21.37220279,-157.74150353,2026-08-04T04:25:21.000Z,UAV 4,
ENT72006,move to,LOC_중앙계곡,21.37212545,-157.74173293,2026-08-04T04:25:21.000Z,UAV 4,
ENMORT001,FFE-on-Location,LOC_중앙킬존,21.37454920,-157.73726779,2026-08-04T04:25:21.000Z,UAV 4,
FRT80007,move to,LOC_중앙킬존남측,21.37538614,-157.75257294,2026-08-04T04:25:21.000Z,UAV 4,
FRT80003,move to,LOC_중앙킬존남측,21.37561236,-157.75256018,2026-08-04T04:25:21.000Z,UAV 4,
FRT80004,move to,LOC_중앙킬존남측,21.37552643,-157.75266315,2026-08-04T04:25:21.000Z,UAV 4,
ENGAZ004,move to,LOC_적북측접근로,21.37348026,-157.73378993,2026-08-04T04:25:21.000Z,UAV 4,
ENMORT003,FFE-on-Location,LOC_아군포병진지,21.37448817,-157.73726715,2026-08-04T04:25:21.000Z,UAV 4,
ENM1A2004,move to,LOC_중앙계곡,21.37410852,-157.74289802,2026-08-04T04:25:21.000Z,UAV 4,
FRT80006,move to,LOC_중앙킬존남측,21.37565518,-157.75253230,2026-08-04T04:25:21.000Z,UAV 4,
FRM113005,move to,LOC_중앙킬존남측,21.38984819,-157.74208924,2026-08-04T04:25:21.000Z,UAV 4,
ENM35003,move to,LOC_적북측접근로,21.37356651,-157.73374498,2026-08-04T04:25:21.000Z,UAV 4,
ENBTR60006,move to,LOC_중앙계곡,21.36965401,-157.74050593,2026-08-04T04:25:21.000Z,UAV 4,
ENBTR80007,move to,LOC_중앙계곡,21.36956051,-157.74043366,2026-08-04T04:25:21.000Z,UAV 4,
ENBTR60005,move to,LOC_중앙계곡,21.36964400,-157.74071381,2026-08-04T04:25:21.000Z,UAV 4,
ENGAZ001,move to,LOC_적북측접근로,21.37344975,-157.73357638,2026-08-04T04:25:23.000Z,UAV 4,
FRM113002,move to,LOC_중앙킬존남측,21.38984104,-157.74169886,2026-08-04T04:25:23.000Z,UAV 4,
ENM35002,move to,LOC_적북측접근로,21.37337871,-157.73361415,2026-08-04T04:25:23.000Z,UAV 4,
FRLAV008,move to,LOC_중앙킬존남측,21.39004297,-157.74173338,2026-08-04T04:25:23.000Z,UAV 4,
FRM113006,move to,LOC_중앙킬존남측,21.38992665,-157.74190826,2026-08-04T04:25:23.000Z,UAV 4,
FRM113001,move to,LOC_중앙킬존남측,21.38993739,-157.74164594,2026-08-04T04:25:23.000Z,UAV 4,
FRM113004,move to,LOC_중앙킬존남측,21.38981018,-157.74196622,2026-08-04T04:25:23.000Z,UAV 4,
FRLAV004,move to,LOC_중앙킬존남측,21.38966216,-157.74151314,2026-08-04T04:25:23.000Z,UAV 4,
FRTRK2004,move to,LOC_남측제1방어선,21.38819895,-157.74967637,2026-08-04T04:25:23.000Z,UAV 4,
FRTRK1005,move to,LOC_남측제1방어선,21.38811731,-157.74951711,2026-08-04T04:25:23.000Z,UAV 4,
FRLAV001,move to,LOC_중앙킬존남측,21.38975264,-157.74170423,2026-08-04T04:25:23.000Z,UAV 4,
FRTRK2003,move to,LOC_남측제1방어선,21.38804540,-157.74960846,2026-08-04T04:25:23.000Z,UAV 4,
ENM1A2003,move to,LOC_중앙계곡,21.37414683,-157.74293282,2026-08-04T04:25:23.000Z,UAV 4,
ENT72007,move to,LOC_중앙계곡,21.37205003,-157.74175671,2026-08-04T04:25:23.000Z,UAV 4,
ENT72003,move to,LOC_중앙계곡,21.37229375,-157.74152856,2026-08-04T04:25:23.000Z,UAV 4,
ENMORT005,none,,21.37463885,-157.73701809,2026-08-04T04:25:23.000Z,UAV 4,
FRT80001,move to,LOC_중앙킬존남측,21.37589409,-157.75241629,2026-08-04T04:25:23.000Z,UAV 4,
ENT72008,move to,LOC_중앙계곡,21.37223011,-157.74160495,2026-08-04T04:25:23.000Z,UAV 4,
ENT72002,move to,LOC_중앙계곡,21.37216062,-157.74151037,2026-08-04T04:25:23.000Z,UAV 4,
ENMORT004,none,,21.37449517,-157.73695548,2026-08-04T04:25:23.000Z,UAV 4,
FRTRK1001,move to,LOC_남측제1방어선,21.38837771,-157.74970219,2026-08-04T04:25:23.000Z,UAV 4,
FRM113003,move to,LOC_중앙킬존남측,21.38988886,-157.74197758,2026-08-04T04:25:23.000Z,UAV 4,
ENT72005,move to,LOC_중앙계곡,21.37216097,-157.74178860,2026-08-04T04:25:23.000Z,UAV 4,
ENM35004,move to,LOC_적북측접근로,21.37318668,-157.73383278,2026-08-04T04:25:23.000Z,UAV 4,
ENM1A2002,move to,LOC_중앙계곡,21.37436815,-157.74285955,2026-08-04T04:25:23.000Z,UAV 4,
FRLAV006,move to,LOC_중앙킬존남측,21.38989163,-157.74206247,2026-08-04T04:25:23.000Z,UAV 4,
ENT72009,move to,LOC_중앙계곡,21.37199449,-157.74162470,2026-08-04T04:25:23.000Z,UAV 4,
ENT72004,move to,LOC_중앙계곡,21.37238603,-157.74156191,2026-08-04T04:25:23.000Z,UAV 4,
ENM35001,move to,LOC_적북측접근로,21.37311832,-157.73389680,2026-08-04T04:25:23.000Z,UAV 4,
ENT72010,move to,LOC_중앙계곡,21.37238129,-157.74149032,2026-08-04T04:25:23.000Z,UAV 4,
ENT72006,move to,LOC_중앙계곡,21.37230321,-157.74171413,2026-08-04T04:25:23.000Z,UAV 4,
ENMORT001,none,,21.37454920,-157.73726779,2026-08-04T04:25:23.000Z,UAV 4,
FRT80007,move to,LOC_중앙킬존남측,21.37550866,-157.75243463,2026-08-04T04:25:23.000Z,UAV 4,
FRT80003,move to,LOC_중앙킬존남측,21.37573260,-157.75241887,2026-08-04T04:25:23.000Z,UAV 4,
FRT80004,move to,LOC_중앙킬존남측,21.37564648,-157.75252201,2026-08-04T04:25:23.000Z,UAV 4,
ENGAZ004,move to,LOC_적북측접근로,21.37343088,-157.73397255,2026-08-04T04:25:23.000Z,UAV 4,
ENMORT003,none,,21.37448817,-157.73726715,2026-08-04T04:25:23.000Z,UAV 4,
ENM1A2004,move to,LOC_중앙계곡,21.37427719,-157.74283438,2026-08-04T04:25:23.000Z,UAV 4,
FRT80006,move to,LOC_중앙킬존남측,21.37577493,-157.75239104,2026-08-04T04:25:23.000Z,UAV 4,
FRM113005,move to,LOC_중앙킬존남측,21.38985080,-157.74209175,2026-08-04T04:25:23.000Z,UAV 4,
ENM35003,move to,LOC_적북측접근로,21.37351582,-157.73392621,2026-08-04T04:25:23.000Z,UAV 4,
ENBTR60006,move to,LOC_중앙계곡,21.36983021,-157.74051485,2026-08-04T04:25:23.000Z,UAV 4,
ENBTR80007,move to,LOC_중앙계곡,21.36973807,-157.74044390,2026-08-04T04:25:23.000Z,UAV 4,
ENBTR60005,move to,LOC_중앙계곡,21.36982082,-157.74071890,2026-08-04T04:25:23.000Z,UAV 4,
ENBTR80004,move to,LOC_중앙계곡,21.36977773,-157.74033456,2026-08-04T04:25:23.000Z,UAV 4,
ENT72001,move to,LOC_중앙계곡,21.37228374,-157.74163157,2026-08-04T04:25:23.000Z,UAV 4,
ENBTR60003,move to,LOC_중앙계곡,21.36970485,-157.74070958,2026-08-04T04:25:23.000Z,UAV 4,
ENBTR80001,move to,LOC_중앙계곡,21.36948198,-157.74044297,2026-08-04T04:25:23.000Z,UAV 4,
ENBTR80003,move to,LOC_중앙계곡,21.36940559,-157.74039699,2026-08-04T04:25:23.000Z,UAV 4,
ENBTR60002,move to,LOC_중앙계곡,21.36959854,-157.74072637,2026-08-04T04:25:23.000Z,UAV 4,
ENBTR60007,move to,LOC_중앙계곡,21.36969771,-157.74049958,2026-08-04T04:25:23.000Z,UAV 4,
ENBTR60008,move to,LOC_중앙계곡,21.36954256,-157.74036002,2026-08-04T04:25:23.000Z,UAV 4,
ENBTR80005,move to,LOC_중앙계곡,21.36968740,-157.74061003,2026-08-04T04:25:23.000Z,UAV 4,
ENBTR60004,move to,LOC_중앙계곡,21.36947328,-157.74059956,2026-08-04T04:25:23.000Z,UAV 4,
ENGAZ001,move to,LOC_적북측접근로,21.37344975,-157.73357638,2026-08-04T04:25:24.000Z,UAV 4,
FRM113002,move to,LOC_중앙킬존남측,21.38984104,-157.74169886,2026-08-04T04:25:24.000Z,UAV 4,
ENM35002,move to,LOC_적북측접근로,21.37337871,-157.73361415,2026-08-04T04:25:24.000Z,UAV 4,
FRLAV008,move to,LOC_중앙킬존남측,21.39004297,-157.74173338,2026-08-04T04:25:24.000Z,UAV 4,
FRM113006,move to,LOC_중앙킬존남측,21.38992665,-157.74190826,2026-08-04T04:25:24.000Z,UAV 4,
FRM113001,move to,LOC_중앙킬존남측,21.38993739,-157.74164594,2026-08-04T04:25:24.000Z,UAV 4,
FRM113004,move to,LOC_중앙킬존남측,21.38981018,-157.74196622,2026-08-04T04:25:24.000Z,UAV 4,
FRLAV004,move to,LOC_중앙킬존남측,21.38966216,-157.74151314,2026-08-04T04:25:24.000Z,UAV 4,
FRTRK2004,move to,LOC_남측제1방어선,21.38819895,-157.74967637,2026-08-04T04:25:24.000Z,UAV 4,
FRTRK1005,move to,LOC_남측제1방어선,21.38811731,-157.74951711,2026-08-04T04:25:24.000Z,UAV 4,
FRLAV001,move to,LOC_중앙킬존남측,21.38975264,-157.74170423,2026-08-04T04:25:24.000Z,UAV 4,
FRTRK2003,move to,LOC_남측제1방어선,21.38804540,-157.74960846,2026-08-04T04:25:24.000Z,UAV 4,
ENM1A2003,move to,LOC_중앙계곡,21.37414683,-157.74293282,2026-08-04T04:25:24.000Z,UAV 4,
ENT72007,move to,LOC_중앙계곡,21.37205003,-157.74175671,2026-08-04T04:25:24.000Z,UAV 4,
ENT72003,move to,LOC_중앙계곡,21.37229375,-157.74152856,2026-08-04T04:25:24.000Z,UAV 4,
ENMORT005,none,,21.37463885,-157.73701809,2026-08-04T04:25:24.000Z,UAV 4,
FRT80001,move to,LOC_중앙킬존남측,21.37589409,-157.75241629,2026-08-04T04:25:24.000Z,UAV 4,
ENT72008,move to,LOC_중앙계곡,21.37223011,-157.74160495,2026-08-04T04:25:24.000Z,UAV 4,
ENT72002,move to,LOC_중앙계곡,21.37216062,-157.74151037,2026-08-04T04:25:24.000Z,UAV 4,
ENMORT004,none,,21.37449517,-157.73695548,2026-08-04T04:25:24.000Z,UAV 4,
FRTRK1001,move to,LOC_남측제1방어선,21.38837771,-157.74970219,2026-08-04T04:25:24.000Z,UAV 4,
FRM113003,move to,LOC_중앙킬존남측,21.38988886,-157.74197758,2026-08-04T04:25:24.000Z,UAV 4,
ENT72005,move to,LOC_중앙계곡,21.37216097,-157.74178860,2026-08-04T04:25:24.000Z,UAV 4,
ENM35004,move to,LOC_적북측접근로,21.37318668,-157.73383278,2026-08-04T04:25:24.000Z,UAV 4,
ENM1A2002,move to,LOC_중앙계곡,21.37436815,-157.74285955,2026-08-04T04:25:24.000Z,UAV 4,
FRLAV006,move to,LOC_중앙킬존남측,21.38989163,-157.74206247,2026-08-04T04:25:24.000Z,UAV 4,
ENT72009,move to,LOC_중앙계곡,21.37199449,-157.74162470,2026-08-04T04:25:24.000Z,UAV 4,
ENT72004,move to,LOC_중앙계곡,21.37238603,-157.74156191,2026-08-04T04:25:24.000Z,UAV 4,
ENM35001,move to,LOC_적북측접근로,21.37311832,-157.73389680,2026-08-04T04:25:24.000Z,UAV 4,
ENT72010,move to,LOC_중앙계곡,21.37238129,-157.74149032,2026-08-04T04:25:24.000Z,UAV 4,
ENT72006,move to,LOC_중앙계곡,21.37230321,-157.74171413,2026-08-04T04:25:24.000Z,UAV 4,
ENMORT001,none,,21.37454920,-157.73726779,2026-08-04T04:25:24.000Z,UAV 4,
FRT80007,move to,LOC_중앙킬존남측,21.37550866,-157.75243463,2026-08-04T04:25:24.000Z,UAV 4,
FRT80003,move to,LOC_중앙킬존남측,21.37573260,-157.75241887,2026-08-04T04:25:24.000Z,UAV 4,
FRT80004,move to,LOC_중앙킬존남측,21.37564648,-157.75252201,2026-08-04T04:25:24.000Z,UAV 4,
ENGAZ004,move to,LOC_적북측접근로,21.37343088,-157.73397255,2026-08-04T04:25:24.000Z,UAV 4,
ENMORT003,none,,21.37448817,-157.73726715,2026-08-04T04:25:24.000Z,UAV 4,
ENM1A2004,move to,LOC_중앙계곡,21.37427719,-157.74283438,2026-08-04T04:25:24.000Z,UAV 4,
FRT80006,move to,LOC_중앙킬존남측,21.37577493,-157.75239104,2026-08-04T04:25:24.000Z,UAV 4,
FRM113005,move to,LOC_중앙킬존남측,21.38985080,-157.74209175,2026-08-04T04:25:24.000Z,UAV 4,
ENM35003,move to,LOC_적북측접근로,21.37351582,-157.73392621,2026-08-04T04:25:24.000Z,UAV 4,
ENBTR60006,move to,LOC_중앙계곡,21.36983021,-157.74051485,2026-08-04T04:25:24.000Z,UAV 4,
ENBTR80007,move to,LOC_중앙계곡,21.36973807,-157.74044390,2026-08-04T04:25:24.000Z,UAV 4,
ENBTR60005,move to,LOC_중앙계곡,21.36982082,-157.74071890,2026-08-04T04:25:24.000Z,UAV 4,
ENBTR80004,move to,LOC_중앙계곡,21.36977773,-157.74033456,2026-08-04T04:25:24.000Z,UAV 4,
ENT72001,move to,LOC_중앙계곡,21.37228374,-157.74163157,2026-08-04T04:25:24.000Z,UAV 4,
ENBTR60003,move to,LOC_중앙계곡,21.36970485,-157.74070958,2026-08-04T04:25:24.000Z,UAV 4,
ENBTR80001,move to,LOC_중앙계곡,21.36948198,-157.74044297,2026-08-04T04:25:24.000Z,UAV 4,
ENBTR80003,move to,LOC_중앙계곡,21.36940559,-157.74039699,2026-08-04T04:25:24.000Z,UAV 4,
ENBTR60002,move to,LOC_중앙계곡,21.36959854,-157.74072637,2026-08-04T04:25:24.000Z,UAV 4,
ENBTR60007,move to,LOC_중앙계곡,21.36969771,-157.74049958,2026-08-04T04:25:24.000Z,UAV 4,
ENBTR60008,move to,LOC_중앙계곡,21.36954256,-157.74036002,2026-08-04T04:25:24.000Z,UAV 4,
ENBTR80005,move to,LOC_중앙계곡,21.36968740,-157.74061003,2026-08-04T04:25:24.000Z,UAV 4,
ENBTR60004,move to,LOC_중앙계곡,21.36947328,-157.74059956,2026-08-04T04:25:24.000Z,UAV 4,
ENGAZ001,move to,LOC_적북측접근로,21.37340220,-157.73375954,2026-08-04T04:25:25.000Z,UAV 4,
ENM35002,move to,LOC_적북측접근로,21.37333233,-157.73379818,2026-08-04T04:25:25.000Z,UAV 4,
FRM113006,move to,LOC_중앙킬존남측,21.38993345,-157.74190826,2026-08-04T04:25:25.000Z,UAV 4,
FRM113004,move to,LOC_중앙킬존남측,21.38981206,-157.74196787,2026-08-04T04:25:25.000Z,UAV 4,
FRTRK1005,move to,LOC_남측제1방어선,21.38810367,-157.74942149,2026-08-04T04:25:25.000Z,UAV 4,
FRLAV001,move to,LOC_중앙킬존남측,21.38975536,-157.74170255,2026-08-04T04:25:25.000Z,UAV 4,
FRTRK2003,move to,LOC_남측제1방어선,21.38801994,-157.74941936,2026-08-04T04:25:25.000Z,UAV 4,
ENM1A2003,move to,LOC_중앙계곡,21.37431437,-157.74286796,2026-08-04T04:25:25.000Z,UAV 4,
ENT72007,move to,LOC_중앙계곡,21.37222667,-157.74173764,2026-08-04T04:25:25.000Z,UAV 4,
ENT72003,move to,LOC_중앙계곡,21.37246870,-157.74151480,2026-08-04T04:25:25.000Z,UAV 4,
ENMORT005,none,,21.37463885,-157.73701809,2026-08-04T04:25:25.000Z,UAV 4,
FRT80001,move to,LOC_중앙킬존남측,21.37601179,-157.75227351,2026-08-04T04:25:25.000Z,UAV 4,
ENT72002,move to,LOC_중앙계곡,21.37233860,-157.74149710,2026-08-04T04:25:25.000Z,UAV 4,
ENMORT004,none,,21.37449517,-157.73695548,2026-08-04T04:25:25.000Z,UAV 4,
FRTRK1001,move to,LOC_남측제1방어선,21.38834675,-157.74951423,2026-08-04T04:25:25.000Z,UAV 4,
FRM113003,move to,LOC_중앙킬존남측,21.38989575,-157.74197758,2026-08-04T04:25:25.000Z,UAV 4,
ENT72005,move to,LOC_중앙계곡,21.37233753,-157.74176843,2026-08-04T04:25:25.000Z,UAV 4,
ENM35004,move to,LOC_적북측접근로,21.37314322,-157.73401791,2026-08-04T04:25:25.000Z,UAV 4,
ENM1A2002,move to,LOC_중앙계곡,21.37453460,-157.74279468,2026-08-04T04:25:25.000Z,UAV 4,
FRLAV006,move to,LOC_중앙킬존남측,21.38989827,-157.74205838,2026-08-04T04:25:25.000Z,UAV 4,
ENT72009,move to,LOC_중앙계곡,21.37217160,-157.74160898,2026-08-04T04:25:25.000Z,UAV 4,
ENT72004,move to,LOC_중앙계곡,21.37256316,-157.74154692,2026-08-04T04:25:25.000Z,UAV 4,
ENM35001,move to,LOC_적북측접근로,21.37307601,-157.73408242,2026-08-04T04:25:25.000Z,UAV 4,
ENT72010,move to,LOC_중앙계곡,21.37255841,-157.74147722,2026-08-04T04:25:25.000Z,UAV 4,
ENT72006,move to,LOC_중앙계곡,21.37247368,-157.74169611,2026-08-04T04:25:25.000Z,UAV 4,
ENMORT001,none,,21.37454920,-157.73726779,2026-08-04T04:25:25.000Z,UAV 4,
FRT80007,move to,LOC_중앙킬존남측,21.37563082,-157.75229672,2026-08-04T04:25:25.000Z,UAV 4,
FRT80003,move to,LOC_중앙킬존남측,21.37585172,-157.75227886,2026-08-04T04:25:25.000Z,UAV 4,
FRT80004,move to,LOC_중앙킬존남측,21.37576612,-157.75238136,2026-08-04T04:25:25.000Z,UAV 4,
ENGAZ004,move to,LOC_적북측접근로,21.37338151,-157.73415511,2026-08-04T04:25:25.000Z,UAV 4,
ENMORT003,none,,21.37448817,-157.73726715,2026-08-04T04:25:25.000Z,UAV 4,
ENM1A2004,move to,LOC_중앙계곡,21.37444048,-157.74277277,2026-08-04T04:25:25.000Z,UAV 4,
FRT80006,move to,LOC_중앙킬존남측,21.37589421,-157.75225032,2026-08-04T04:25:25.000Z,UAV 4,
FRM113005,move to,LOC_중앙킬존남측,21.38985363,-157.74209447,2026-08-04T04:25:25.000Z,UAV 4,
ENM35003,move to,LOC_적북측접근로,21.37346473,-157.73410891,2026-08-04T04:25:25.000Z,UAV 4,
ENBTR60006,move to,LOC_중앙계곡,21.37000158,-157.74052353,2026-08-04T04:25:25.000Z,UAV 4,
ENBTR80007,move to,LOC_중앙계곡,21.36991339,-157.74045401,2026-08-04T04:25:25.000Z,UAV 4,
ENBTR60005,move to,LOC_중앙계곡,21.36999061,-157.74072379,2026-08-04T04:25:25.000Z,UAV 4,
ENBTR80004,move to,LOC_중앙계곡,21.36995439,-157.74034685,2026-08-04T04:25:25.000Z,UAV 4,
ENT72001,move to,LOC_중앙계곡,21.37246018,-157.74161508,2026-08-04T04:25:25.000Z,UAV 4,
ENBTR60003,move to,LOC_중앙계곡,21.36987610,-157.74071461,2026-08-04T04:25:25.000Z,UAV 4,
ENBTR80001,move to,LOC_중앙계곡,21.36966142,-157.74045307,2026-08-04T04:25:25.000Z,UAV 4,
ENBTR80003,move to,LOC_중앙계곡,21.36958356,-157.74040776,2026-08-04T04:25:25.000Z,UAV 4,
ENBTR60002,move to,LOC_중앙계곡,21.36977481,-157.74073119,2026-08-04T04:25:25.000Z,UAV 4,
ENBTR60007,move to,LOC_중앙계곡,21.36987098,-157.74050851,2026-08-04T04:25:25.000Z,UAV 4,
ENBTR60008,move to,LOC_중앙계곡,21.36972006,-157.74037159,2026-08-04T04:25:25.000Z,UAV 4,
ENBTR80005,move to,LOC_중앙계곡,21.36986229,-157.74061700,2026-08-04T04:25:25.000Z,UAV 4,
ENBTR60004,move to,LOC_중앙계곡,21.36964840,-157.74060657,2026-08-04T04:25:25.000Z,UAV 4,
ENM1A2001,move to,LOC_중앙계곡,21.37444845,-157.74255885,2026-08-04T04:25:25.000Z,UAV 4,
FRTRK1003,move to,LOC_남측제1방어선,21.38820348,-157.74943019,2026-08-04T04:25:25.000Z,UAV 4,
ENM1A2005,move to,LOC_중앙계곡,21.37440723,-157.74258960,2026-08-04T04:25:25.000Z,UAV 4,
ENGAZ002,move to,LOC_적북측접근로,21.37350454,-157.73411889,2026-08-04T04:25:25.000Z,UAV 4,
M933HE 1,fired_by,,21.37519982,-157.73747875,2026-08-04T04:25:25.000Z,UAV 4,
M933HE 2,fired_by,,21.37550203,-157.73693627,2026-08-04T04:25:25.000Z,UAV 4,
M933HE 4,fired_by,,21.37513741,-157.73772785,2026-08-04T04:25:25.000Z,UAV 4,
M933HE 5,fired_by,,21.37526832,-157.73710833,2026-08-04T04:25:25.000Z,UAV 4,
M933HE 7,fired_by,,21.37576142,-157.73730206,2026-08-04T04:25:25.000Z,UAV 4,
ENGAZ001,move to,LOC_적북측접근로,21.37335558,-157.73393912,2026-08-04T04:25:26.000Z,UAV 4,
ENM35002,move to,LOC_적북측접근로,21.37328684,-157.73397863,2026-08-04T04:25:26.000Z,UAV 4,
FRTRK1005,move to,LOC_남측제1방어선,21.38808513,-157.74929157,2026-08-04T04:25:26.000Z,UAV 4,
FRTRK2003,move to,LOC_남측제1방어선,21.38799517,-157.74923538,2026-08-04T04:25:26.000Z,UAV 4,
ENM1A2003,move to,LOC_중앙계곡,21.37447509,-157.74280574,2026-08-04T04:25:26.000Z,UAV 4,
ENT72007,move to,LOC_중앙계곡,21.37239806,-157.74171913,2026-08-04T04:25:26.000Z,UAV 4,
ENT72003,move to,LOC_중앙계곡,21.37264201,-157.74150118,2026-08-04T04:25:26.000Z,UAV 4,
ENMORT005,none,,21.37463885,-157.73701809,2026-08-04T04:25:26.000Z,UAV 4,
FRT80001,move to,LOC_중앙킬존남측,21.37612529,-157.75213582,2026-08-04T04:25:26.000Z,UAV 4,
ENT72002,move to,LOC_중앙계곡,21.37251107,-157.74148425,2026-08-04T04:25:26.000Z,UAV 4,
ENMORT004,none,,21.37449517,-157.73695548,2026-08-04T04:25:26.000Z,UAV 4,
FRTRK1001,move to,LOC_남측제1방어선,21.38831639,-157.74932990,2026-08-04T04:25:26.000Z,UAV 4,
ENT72005,move to,LOC_중앙계곡,21.37251286,-157.74174841,2026-08-04T04:25:26.000Z,UAV 4,
ENM35004,move to,LOC_적북측접근로,21.37310088,-157.73419827,2026-08-04T04:25:26.000Z,UAV 4,
ENM1A2002,move to,LOC_중앙계곡,21.37468979,-157.74273420,2026-08-04T04:25:26.000Z,UAV 4,
ENT72009,move to,LOC_중앙계곡,21.37235299,-157.74159288,2026-08-04T04:25:26.000Z,UAV 4,
ENT72004,move to,LOC_중앙계곡,21.37273807,-157.74153213,2026-08-04T04:25:26.000Z,UAV 4,
ENM35001,move to,LOC_적북측접근로,21.37303492,-157.73426266,2026-08-04T04:25:26.000Z,UAV 4,
ENT72010,move to,LOC_중앙계곡,21.37273247,-157.74146434,2026-08-04T04:25:26.000Z,UAV 4,
ENT72006,move to,LOC_중앙계곡,21.37266563,-157.74167581,2026-08-04T04:25:26.000Z,UAV 4,
ENMORT001,none,,21.37454920,-157.73726779,2026-08-04T04:25:26.000Z,UAV 4,
FRT80007,move to,LOC_중앙킬존남측,21.37575141,-157.75216059,2026-08-04T04:25:26.000Z,UAV 4,
FRT80004,move to,LOC_중앙킬존남측,21.37588388,-157.75224292,2026-08-04T04:25:26.000Z,UAV 4,
ENGAZ004,move to,LOC_적북측접근로,21.37333294,-157.73433473,2026-08-04T04:25:26.000Z,UAV 4,
ENMORT003,none,,21.37448817,-157.73726715,2026-08-04T04:25:26.000Z,UAV 4,
ENM1A2004,move to,LOC_중앙계곡,21.37461063,-157.74270857,2026-08-04T04:25:26.000Z,UAV 4,
FRT80006,move to,LOC_중앙킬존남측,21.37601200,-157.75211136,2026-08-04T04:25:26.000Z,UAV 4,
ENM35003,move to,LOC_적북측접근로,21.37341456,-157.73428828,2026-08-04T04:25:26.000Z,UAV 4,
ENBTR60006,move to,LOC_중앙계곡,21.37017713,-157.74053242,2026-08-04T04:25:26.000Z,UAV 4,
ENBTR80007,move to,LOC_중앙계곡,21.37008559,-157.74046394,2026-08-04T04:25:26.000Z,UAV 4,
ENBTR60005,move to,LOC_중앙계곡,21.37016539,-157.74072881,2026-08-04T04:25:26.000Z,UAV 4,
ENBTR80004,move to,LOC_중앙계곡,21.37012471,-157.74035870,2026-08-04T04:25:26.000Z,UAV 4,
ENT72001,move to,LOC_중앙계곡,21.37263524,-157.74159872,2026-08-04T04:25:26.000Z,UAV 4,
ENBTR60003,move to,LOC_중앙계곡,21.37004881,-157.74071969,2026-08-04T04:25:26.000Z,UAV 4,
ENBTR80001,move to,LOC_중앙계곡,21.36983144,-157.74046263,2026-08-04T04:25:26.000Z,UAV 4,
ENBTR80003,move to,LOC_중앙계곡,21.36975420,-157.74041809,2026-08-04T04:25:26.000Z,UAV 4,
ENBTR60002,move to,LOC_중앙계곡,21.36993900,-157.74073568,2026-08-04T04:25:26.000Z,UAV 4,
ENBTR60007,move to,LOC_중앙계곡,21.37003899,-157.74051717,2026-08-04T04:25:26.000Z,UAV 4,
ENBTR60008,move to,LOC_중앙계곡,21.36989442,-157.74038296,2026-08-04T04:25:26.000Z,UAV 4,
ENBTR80005,move to,LOC_중앙계곡,21.37002920,-157.74062365,2026-08-04T04:25:26.000Z,UAV 4,
ENBTR60004,move to,LOC_중앙계곡,21.36982588,-157.74061367,2026-08-04T04:25:26.000Z,UAV 4,
FRTRK1003,move to,LOC_남측제1방어선,21.38818059,-157.74927985,2026-08-04T04:25:26.000Z,UAV 4,
ENGAZ002,move to,LOC_적북측접근로,21.37345344,-157.73429802,2026-08-04T04:25:26.000Z,UAV 4,
FRT80002,move to,LOC_중앙킬존남측,21.37595312,-157.75251713,2026-08-04T04:25:26.000Z,UAV 4,
ENGAZ001,move to,LOC_적북측접근로,21.37335558,-157.73393912,2026-08-04T04:25:28.000Z,UAV 4,
ENM35002,move to,LOC_적북측접근로,21.37328684,-157.73397863,2026-08-04T04:25:28.000Z,UAV 4,
FRTRK1005,move to,LOC_남측제1방어선,21.38808513,-157.74929157,2026-08-04T04:25:28.000Z,UAV 4,
FRTRK2003,move to,LOC_남측제1방어선,21.38799517,-157.74923538,2026-08-04T04:25:28.000Z,UAV 4,
ENM1A2003,move to,LOC_중앙계곡,21.37447509,-157.74280574,2026-08-04T04:25:28.000Z,UAV 4,
ENT72007,move to,LOC_중앙계곡,21.37239806,-157.74171913,2026-08-04T04:25:28.000Z,UAV 4,
ENT72003,move to,LOC_중앙계곡,21.37264201,-157.74150118,2026-08-04T04:25:28.000Z,UAV 4,
ENMORT005,none,,21.37463885,-157.73701809,2026-08-04T04:25:28.000Z,UAV 4,
FRT80001,move to,LOC_중앙킬존남측,21.37612529,-157.75213582,2026-08-04T04:25:28.000Z,UAV 4,
ENT72002,move to,LOC_중앙계곡,21.37251107,-157.74148425,2026-08-04T04:25:28.000Z,UAV 4,
ENMORT004,none,,21.37449517,-157.73695548,2026-08-04T04:25:28.000Z,UAV 4,
FRTRK1001,move to,LOC_남측제1방어선,21.38831639,-157.74932990,2026-08-04T04:25:28.000Z,UAV 4,
ENT72005,move to,LOC_중앙계곡,21.37251286,-157.74174841,2026-08-04T04:25:28.000Z,UAV 4,
ENM35004,move to,LOC_적북측접근로,21.37310088,-157.73419827,2026-08-04T04:25:28.000Z,UAV 4,
ENM1A2002,move to,LOC_중앙계곡,21.37468979,-157.74273420,2026-08-04T04:25:28.000Z,UAV 4,
ENT72009,move to,LOC_중앙계곡,21.37235299,-157.74159288,2026-08-04T04:25:28.000Z,UAV 4,
ENT72004,move to,LOC_중앙계곡,21.37273807,-157.74153213,2026-08-04T04:25:28.000Z,UAV 4,
ENM35001,move to,LOC_적북측접근로,21.37303492,-157.73426266,2026-08-04T04:25:28.000Z,UAV 4,
ENT72010,move to,LOC_중앙계곡,21.37273247,-157.74146434,2026-08-04T04:25:28.000Z,UAV 4,
ENT72006,move to,LOC_중앙계곡,21.37266563,-157.74167581,2026-08-04T04:25:28.000Z,UAV 4,
ENMORT001,none,,21.37454920,-157.73726779,2026-08-04T04:25:28.000Z,UAV 4,
FRT80007,move to,LOC_중앙킬존남측,21.37575141,-157.75216059,2026-08-04T04:25:28.000Z,UAV 4,
FRT80004,move to,LOC_중앙킬존남측,21.37588388,-157.75224292,2026-08-04T04:25:28.000Z,UAV 4,
ENGAZ004,move to,LOC_적북측접근로,21.37333294,-157.73433473,2026-08-04T04:25:28.000Z,UAV 4,
ENMORT003,none,,21.37448817,-157.73726715,2026-08-04T04:25:28.000Z,UAV 4,
ENM1A2004,move to,LOC_중앙계곡,21.37461063,-157.74270857,2026-08-04T04:25:28.000Z,UAV 4,
FRT80006,move to,LOC_중앙킬존남측,21.37601200,-157.75211136,2026-08-04T04:25:28.000Z,UAV 4,
ENM35003,move to,LOC_적북측접근로,21.37341456,-157.73428828,2026-08-04T04:25:28.000Z,UAV 4,
ENBTR60006,move to,LOC_중앙계곡,21.37017713,-157.74053242,2026-08-04T04:25:28.000Z,UAV 4,
ENBTR80007,move to,LOC_중앙계곡,21.37008559,-157.74046394,2026-08-04T04:25:28.000Z,UAV 4,
ENBTR60005,move to,LOC_중앙계곡,21.37016539,-157.74072881,2026-08-04T04:25:28.000Z,UAV 4,
ENBTR80004,move to,LOC_중앙계곡,21.37012471,-157.74035870,2026-08-04T04:25:28.000Z,UAV 4,
ENT72001,move to,LOC_중앙계곡,21.37263524,-157.74159872,2026-08-04T04:25:28.000Z,UAV 4,
ENBTR60003,move to,LOC_중앙계곡,21.37004881,-157.74071969,2026-08-04T04:25:28.000Z,UAV 4,
ENBTR80001,move to,LOC_중앙계곡,21.36983144,-157.74046263,2026-08-04T04:25:28.000Z,UAV 4,
ENBTR80003,move to,LOC_중앙계곡,21.36975420,-157.74041809,2026-08-04T04:25:28.000Z,UAV 4,
ENBTR60002,move to,LOC_중앙계곡,21.36993900,-157.74073568,2026-08-04T04:25:28.000Z,UAV 4,
ENBTR60007,move to,LOC_중앙계곡,21.37003899,-157.74051717,2026-08-04T04:25:28.000Z,UAV 4,
ENBTR60008,move to,LOC_중앙계곡,21.36989442,-157.74038296,2026-08-04T04:25:28.000Z,UAV 4,
ENBTR80005,move to,LOC_중앙계곡,21.37002920,-157.74062365,2026-08-04T04:25:28.000Z,UAV 4,
ENBTR60004,move to,LOC_중앙계곡,21.36982588,-157.74061367,2026-08-04T04:25:28.000Z,UAV 4,
FRTRK1003,move to,LOC_남측제1방어선,21.38818059,-157.74927985,2026-08-04T04:25:28.000Z,UAV 4,
ENGAZ002,move to,LOC_적북측접근로,21.37345344,-157.73429802,2026-08-04T04:25:28.000Z,UAV 4,
FRT80002,move to,LOC_중앙킬존남측,21.37595312,-157.75251713,2026-08-04T04:25:28.000Z,UAV 4,
ENGAZ001,move to,LOC_적북측접근로,21.37330232,-157.73414427,2026-08-04T04:25:30.000Z,UAV 4,
ENM35002,move to,LOC_적북측접근로,21.37323499,-157.73418431,2026-08-04T04:25:30.000Z,UAV 4,
FRTRK2003,move to,LOC_남측제1방어선,21.38796643,-157.74902194,2026-08-04T04:25:30.000Z,UAV 4,
ENM1A2003,move to,LOC_중앙계곡,21.37466285,-157.74273305,2026-08-04T04:25:30.000Z,UAV 4,
ENT72007,move to,LOC_중앙계곡,21.37259874,-157.74169747,2026-08-04T04:25:30.000Z,UAV 4,
ENT72003,move to,LOC_중앙계곡,21.37284803,-157.74148498,2026-08-04T04:25:30.000Z,UAV 4,
ENMORT005,none,,21.37463885,-157.73701809,2026-08-04T04:25:30.000Z,UAV 4,
FRT80001,move to,LOC_중앙킬존남측,21.37626130,-157.75197083,2026-08-04T04:25:30.000Z,UAV 4,
ENT72002,move to,LOC_중앙계곡,21.37271607,-157.74146897,2026-08-04T04:25:30.000Z,UAV 4,
ENMORT004,none,,21.37449517,-157.73695548,2026-08-04T04:25:30.000Z,UAV 4,
FRTRK1001,move to,LOC_남측제1방어선,21.38828153,-157.74911826,2026-08-04T04:25:30.000Z,UAV 4,
ENT72005,move to,LOC_중앙계곡,21.37271307,-157.74172554,2026-08-04T04:25:30.000Z,UAV 4,
ENM35004,move to,LOC_적북측접근로,21.37305264,-157.73440379,2026-08-04T04:25:30.000Z,UAV 4,
ENM1A2002,move to,LOC_중앙계곡,21.37488193,-157.74265932,2026-08-04T04:25:30.000Z,UAV 4,
ENT72009,move to,LOC_중앙계곡,21.37254859,-157.74157553,2026-08-04T04:25:30.000Z,UAV 4,
ENM35001,move to,LOC_적북측접근로,21.37298822,-157.73446752,2026-08-04T04:25:30.000Z,UAV 4,
ENT72010,move to,LOC_중앙계곡,21.37292985,-157.74144973,2026-08-04T04:25:30.000Z,UAV 4,
ENT72006,move to,LOC_중앙계곡,21.37285518,-157.74165576,2026-08-04T04:25:30.000Z,UAV 4,
ENMORT001,none,,21.37454920,-157.73726779,2026-08-04T04:25:30.000Z,UAV 4,
FRT80007,move to,LOC_중앙킬존남측,21.37588822,-157.75200615,2026-08-04T04:25:30.000Z,UAV 4,
FRT80004,move to,LOC_중앙킬존남측,21.37601793,-157.75208532,2026-08-04T04:25:30.000Z,UAV 4,
ENGAZ004,move to,LOC_적북측접근로,21.37327799,-157.73453791,2026-08-04T04:25:30.000Z,UAV 4,
ENMORT003,none,,21.37448817,-157.73726715,2026-08-04T04:25:30.000Z,UAV 4,
ENM1A2004,move to,LOC_중앙계곡,21.37478856,-157.74264143,2026-08-04T04:25:30.000Z,UAV 4,
FRT80006,move to,LOC_중앙킬존남측,21.37614523,-157.75195418,2026-08-04T04:25:30.000Z,UAV 4,
ENM35003,move to,LOC_적북측접근로,21.37335785,-157.73449104,2026-08-04T04:25:30.000Z,UAV 4,
ENBTR60006,move to,LOC_중앙계곡,21.37037557,-157.74054247,2026-08-04T04:25:30.000Z,UAV 4,
ENBTR80007,move to,LOC_중앙계곡,21.37028326,-157.74047534,2026-08-04T04:25:30.000Z,UAV 4,
ENBTR60005,move to,LOC_중앙계곡,21.37036776,-157.74073464,2026-08-04T04:25:30.000Z,UAV 4,
ENBTR80004,move to,LOC_중앙계곡,21.37032299,-157.74037249,2026-08-04T04:25:30.000Z,UAV 4,
ENT72001,move to,LOC_중앙계곡,21.37283460,-157.74158008,2026-08-04T04:25:30.000Z,UAV 4,
ENBTR60003,move to,LOC_중앙계곡,21.37024411,-157.74072543,2026-08-04T04:25:30.000Z,UAV 4,
ENBTR80001,move to,LOC_중앙계곡,21.37002427,-157.74047347,2026-08-04T04:25:30.000Z,UAV 4,
ENBTR80003,move to,LOC_중앙계곡,21.36995341,-157.74043014,2026-08-04T04:25:30.000Z,UAV 4,
ENBTR60002,move to,LOC_중앙계곡,21.37013702,-157.74074108,2026-08-04T04:25:30.000Z,UAV 4,
ENBTR60007,move to,LOC_중앙계곡,21.37023509,-157.74052728,2026-08-04T04:25:30.000Z,UAV 4,
ENBTR60008,move to,LOC_중앙계곡,21.37007812,-157.74039494,2026-08-04T04:25:30.000Z,UAV 4,
ENBTR80005,move to,LOC_중앙계곡,21.37023161,-157.74063172,2026-08-04T04:25:30.000Z,UAV 4,
ENBTR60004,move to,LOC_중앙계곡,21.37000577,-157.74062088,2026-08-04T04:25:30.000Z,UAV 4,
FRTRK1003,move to,LOC_남측제1방어선,21.38814658,-157.74905641,2026-08-04T04:25:30.000Z,UAV 4,
ENGAZ002,move to,LOC_적북측접근로,21.37339571,-157.73450038,2026-08-04T04:25:30.000Z,UAV 4,
FRT80002,move to,LOC_중앙킬존남측,21.37608275,-157.75235531,2026-08-04T04:25:30.000Z,UAV 4,
ENM1A2001,move to,LOC_중앙계곡,21.37480513,-157.74244020,2026-08-04T04:25:30.000Z,UAV 4,
ENM1A2005,move to,LOC_중앙계곡,21.37476271,-157.74247007,2026-08-04T04:25:30.000Z,UAV 4,
FRTRK2002,move to,LOC_남측제1방어선,21.38813872,-157.74935186,2026-08-04T04:25:30.000Z,UAV 4,
ENGAZ001,move to,LOC_적북측접근로,21.37326133,-157.73430217,2026-08-04T04:25:31.000Z,UAV 4,
ENM35002,move to,LOC_적북측접근로,21.37319543,-157.73434125,2026-08-04T04:25:31.000Z,UAV 4,
FRTRK2003,move to,LOC_남측제1방어선,21.38794424,-157.74885710,2026-08-04T04:25:31.000Z,UAV 4,
ENM1A2003,move to,LOC_중앙계곡,21.37482088,-157.74267187,2026-08-04T04:25:31.000Z,UAV 4,
ENT72007,move to,LOC_중앙계곡,21.37277715,-157.74167820,2026-08-04T04:25:31.000Z,UAV 4,
ENT72003,move to,LOC_중앙계곡,21.37301427,-157.74147191,2026-08-04T04:25:31.000Z,UAV 4,
ENMORT005,none,,21.37463885,-157.73701809,2026-08-04T04:25:31.000Z,UAV 4,
FRT80001,move to,LOC_중앙킬존남측,21.37637339,-157.75183485,2026-08-04T04:25:31.000Z,UAV 4,
ENT72002,move to,LOC_중앙계곡,21.37288486,-157.74145639,2026-08-04T04:25:31.000Z,UAV 4,
ENMORT004,none,,21.37449517,-157.73695548,2026-08-04T04:25:31.000Z,UAV 4,
FRTRK1001,move to,LOC_남측제1방어선,21.38825474,-157.74895558,2026-08-04T04:25:31.000Z,UAV 4,
ENT72005,move to,LOC_중앙계곡,21.37286956,-157.74170766,2026-08-04T04:25:31.000Z,UAV 4,
ENM35004,move to,LOC_적북측접근로,21.37301554,-157.73456183,2026-08-04T04:25:31.000Z,UAV 4,
ENM1A2002,move to,LOC_중앙계곡,21.37503510,-157.74259963,2026-08-04T04:25:31.000Z,UAV 4,
ENT72009,move to,LOC_중앙계곡,21.37270520,-157.74156163,2026-08-04T04:25:31.000Z,UAV 4,
ENM35001,move to,LOC_적북측접근로,21.37295441,-157.73461587,2026-08-04T04:25:31.000Z,UAV 4,
ENT72010,move to,LOC_중앙계곡,21.37307894,-157.74143870,2026-08-04T04:25:31.000Z,UAV 4,
ENMORT001,none,,21.37454920,-157.73726779,2026-08-04T04:25:31.000Z,UAV 4,
FRT80007,move to,LOC_중앙킬존남측,21.37599363,-157.75188716,2026-08-04T04:25:31.000Z,UAV 4,
FRT80004,move to,LOC_중앙킬존남측,21.37612078,-157.75196441,2026-08-04T04:25:31.000Z,UAV 4,
ENGAZ004,move to,LOC_적북측접근로,21.37323549,-157.73469510,2026-08-04T04:25:31.000Z,UAV 4,
ENMORT003,none,,21.37448817,-157.73726715,2026-08-04T04:25:31.000Z,UAV 4,
ENM1A2004,move to,LOC_중앙계곡,21.37494030,-157.74258417,2026-08-04T04:25:31.000Z,UAV 4,
FRT80006,move to,LOC_중앙킬존남측,21.37624775,-157.75183324,2026-08-04T04:25:31.000Z,UAV 4,
ENM35003,move to,LOC_적북측접근로,21.37331414,-157.73464731,2026-08-04T04:25:31.000Z,UAV 4,
ENBTR60006,move to,LOC_중앙계곡,21.37053052,-157.74055032,2026-08-04T04:25:31.000Z,UAV 4,
ENBTR80007,move to,LOC_중앙계곡,21.37043449,-157.74048406,2026-08-04T04:25:31.000Z,UAV 4,
ENBTR60005,move to,LOC_중앙계곡,21.37052324,-157.74073911,2026-08-04T04:25:31.000Z,UAV 4,
ENBTR80004,move to,LOC_중앙계곡,21.37046988,-157.74038271,2026-08-04T04:25:31.000Z,UAV 4,
ENBTR60003,move to,LOC_중앙계곡,21.37040294,-157.74073010,2026-08-04T04:25:31.000Z,UAV 4,
ENBTR80001,move to,LOC_중앙계곡,21.37017505,-157.74048195,2026-08-04T04:25:31.000Z,UAV 4,
ENBTR80003,move to,LOC_중앙계곡,21.37009585,-157.74043876,2026-08-04T04:25:31.000Z,UAV 4,
ENBTR60002,move to,LOC_중앙계곡,21.37028739,-157.74074519,2026-08-04T04:25:31.000Z,UAV 4,
ENBTR60007,move to,LOC_중앙계곡,21.37038864,-157.74053519,2026-08-04T04:25:31.000Z,UAV 4,
ENBTR60008,move to,LOC_중앙계곡,21.37022912,-157.74040479,2026-08-04T04:25:31.000Z,UAV 4,
ENBTR80005,move to,LOC_중앙계곡,21.37038403,-157.74063779,2026-08-04T04:25:31.000Z,UAV 4,
ENBTR60004,move to,LOC_중앙계곡,21.37015460,-157.74062684,2026-08-04T04:25:31.000Z,UAV 4,
FRTRK1003,move to,LOC_남측제1방어선,21.38811733,-157.74886426,2026-08-04T04:25:31.000Z,UAV 4,
ENGAZ002,move to,LOC_적북측접근로,21.37335113,-157.73465665,2026-08-04T04:25:31.000Z,UAV 4,
ENM1A2001,move to,LOC_중앙계곡,21.37497200,-157.74238468,2026-08-04T04:25:31.000Z,UAV 4,
ENM1A2005,move to,LOC_중앙계곡,21.37493136,-157.74241337,2026-08-04T04:25:31.000Z,UAV 4,
FRTRK2002,move to,LOC_남측제1방어선,21.38812107,-157.74923185,2026-08-04T04:25:31.000Z,UAV 4,
FRTRK1005,move to,LOC_남측제1방어선,21.38803078,-157.74891072,2026-08-04T04:25:31.000Z,UAV 4,
FRTRK2001,move to,LOC_남측제1방어선,21.38817824,-157.74900557,2026-08-04T04:25:31.000Z,UAV 4,
ENGAZ001,move to,LOC_적북측접근로,21.37320693,-157.73451174,2026-08-04T04:25:33.000Z,UAV 4,
ENM35002,move to,LOC_적북측접근로,21.37314241,-157.73455162,2026-08-04T04:25:33.000Z,UAV 4,
FRTRK2003,move to,LOC_남측제1방어선,21.38792940,-157.74874687,2026-08-04T04:25:33.000Z,UAV 4,
ENM1A2003,move to,LOC_중앙계곡,21.37503067,-157.74259066,2026-08-04T04:25:33.000Z,UAV 4,
ENT72007,move to,LOC_중앙계곡,21.37297819,-157.74165650,2026-08-04T04:25:33.000Z,UAV 4,
ENT72003,move to,LOC_중앙계곡,21.37321281,-157.74145630,2026-08-04T04:25:33.000Z,UAV 4,
ENMORT005,none,,21.37463885,-157.73701809,2026-08-04T04:25:33.000Z,UAV 4,
FRT80001,move to,LOC_중앙킬존남측,21.37650987,-157.75166928,2026-08-04T04:25:33.000Z,UAV 4,
ENT72002,move to,LOC_중앙계곡,21.37308414,-157.74144154,2026-08-04T04:25:33.000Z,UAV 4,
ENMORT004,none,,21.37449517,-157.73695548,2026-08-04T04:25:33.000Z,UAV 4,
FRTRK1001,move to,LOC_남측제1방어선,21.38821939,-157.74874096,2026-08-04T04:25:33.000Z,UAV 4,
ENT72005,move to,LOC_중앙계곡,21.37306583,-157.74168525,2026-08-04T04:25:33.000Z,UAV 4,
ENM35004,move to,LOC_적북측접근로,21.37296524,-157.73477610,2026-08-04T04:25:33.000Z,UAV 4,
ENM1A2002,move to,LOC_중앙계곡,21.37523220,-157.74252282,2026-08-04T04:25:33.000Z,UAV 4,
ENT72009,move to,LOC_중앙계곡,21.37290862,-157.74154358,2026-08-04T04:25:33.000Z,UAV 4,
ENM35001,move to,LOC_적북측접근로,21.37289902,-157.73485885,2026-08-04T04:25:33.000Z,UAV 4,
ENT72010,move to,LOC_중앙계곡,21.37327872,-157.74142392,2026-08-04T04:25:33.000Z,UAV 4,
ENMORT001,none,,21.37454920,-157.73726779,2026-08-04T04:25:33.000Z,UAV 4,
FRT80007,move to,LOC_중앙킬존남측,21.37613473,-157.75172787,2026-08-04T04:25:33.000Z,UAV 4,
FRT80004,move to,LOC_중앙킬존남측,21.37625864,-157.75180233,2026-08-04T04:25:33.000Z,UAV 4,
ENGAZ004,move to,LOC_적북측접근로,21.37317790,-157.73490805,2026-08-04T04:25:33.000Z,UAV 4,
ENMORT003,none,,21.37448817,-157.73726715,2026-08-04T04:25:33.000Z,UAV 4,
ENM1A2004,move to,LOC_중앙계곡,21.37514951,-157.74250523,2026-08-04T04:25:33.000Z,UAV 4,
FRT80006,move to,LOC_중앙킬존남측,21.37638739,-157.75166850,2026-08-04T04:25:33.000Z,UAV 4,
ENM35003,move to,LOC_적북측접근로,21.37325483,-157.73485937,2026-08-04T04:25:33.000Z,UAV 4,
ENBTR60006,move to,LOC_중앙계곡,21.37074718,-157.74056129,2026-08-04T04:25:33.000Z,UAV 4,
ENBTR80007,move to,LOC_중앙계곡,21.37064042,-157.74049594,2026-08-04T04:25:33.000Z,UAV 4,
ENBTR60005,move to,LOC_중앙계곡,21.37073340,-157.74074515,2026-08-04T04:25:33.000Z,UAV 4,
ENBTR80004,move to,LOC_중앙계곡,21.37068169,-157.74039744,2026-08-04T04:25:33.000Z,UAV 4,
ENBTR60003,move to,LOC_중앙계곡,21.37061401,-157.74073631,2026-08-04T04:25:33.000Z,UAV 4,
ENBTR80001,move to,LOC_중앙계곡,21.37038147,-157.74049356,2026-08-04T04:25:33.000Z,UAV 4,
ENBTR80003,move to,LOC_중앙계곡,21.37030340,-157.74045132,2026-08-04T04:25:33.000Z,UAV 4,
ENBTR60002,move to,LOC_중앙계곡,21.37050258,-157.74075107,2026-08-04T04:25:33.000Z,UAV 4,
ENBTR60007,move to,LOC_중앙계곡,21.37059732,-157.74054595,2026-08-04T04:25:33.000Z,UAV 4,
ENBTR60008,move to,LOC_중앙계곡,21.37043542,-157.74041824,2026-08-04T04:25:33.000Z,UAV 4,
ENBTR80005,move to,LOC_중앙계곡,21.37059965,-157.74064638,2026-08-04T04:25:33.000Z,UAV 4,
ENBTR60004,move to,LOC_중앙계곡,21.37036728,-157.74063535,2026-08-04T04:25:33.000Z,UAV 4,
FRTRK1003,move to,LOC_남측제1방어선,21.38808712,-157.74866578,2026-08-04T04:25:33.000Z,UAV 4,
ENGAZ002,move to,LOC_적북측접근로,21.37329081,-157.73486810,2026-08-04T04:25:33.000Z,UAV 4,
FRTRK1005,move to,LOC_남측제1방어선,21.38800035,-157.74869748,2026-08-04T04:25:33.000Z,UAV 4,
FRT80002,move to,LOC_중앙킬존남측,21.37631567,-157.75206453,2026-08-04T04:25:33.000Z,UAV 4,
ENGAZ003,move to,LOC_적북측접근로,21.37318883,-157.73497998,2026-08-04T04:25:33.000Z,UAV 4,
FRTRK1004,move to,LOC_남측제1방어선,21.38792489,-157.74866828,2026-08-04T04:25:33.000Z,UAV 4,
ENGAZ001,move to,LOC_적북측접근로,21.37316117,-157.73468799,2026-08-04T04:25:36.000Z,UAV 4,
ENM35002,move to,LOC_적북측접근로,21.37309762,-157.73472930,2026-08-04T04:25:36.000Z,UAV 4,
FRTRK2003,move to,LOC_남측제1방어선,21.38791721,-157.74865634,2026-08-04T04:25:36.000Z,UAV 4,
ENM1A2003,move to,LOC_중앙계곡,21.37519378,-157.74252751,2026-08-04T04:25:36.000Z,UAV 4,
ENT72007,move to,LOC_중앙계곡,21.37313258,-157.74163983,2026-08-04T04:25:36.000Z,UAV 4,
ENT72003,move to,LOC_중앙계곡,21.37338660,-157.74144264,2026-08-04T04:25:36.000Z,UAV 4,
ENMORT005,none,,21.37463885,-157.73701809,2026-08-04T04:25:36.000Z,UAV 4,
FRT80001,move to,LOC_중앙킬존남측,21.37662182,-157.75153348,2026-08-04T04:25:36.000Z,UAV 4,
ENT72002,move to,LOC_중앙계곡,21.37324905,-157.74142925,2026-08-04T04:25:36.000Z,UAV 4,
ENMORT004,none,,21.37449517,-157.73695548,2026-08-04T04:25:36.000Z,UAV 4,
FRTRK1001,move to,LOC_남측제1방어선,21.38819030,-157.74856439,2026-08-04T04:25:36.000Z,UAV 4,
ENT72005,move to,LOC_중앙계곡,21.37323827,-157.74166555,2026-08-04T04:25:36.000Z,UAV 4,
ENM35004,move to,LOC_적북측접근로,21.37292259,-157.73495776,2026-08-04T04:25:36.000Z,UAV 4,
ENM1A2002,move to,LOC_중앙계곡,21.37538230,-157.74246432,2026-08-04T04:25:36.000Z,UAV 4,
ENT72009,move to,LOC_중앙계곡,21.37307743,-157.74152860,2026-08-04T04:25:36.000Z,UAV 4,
ENM35001,move to,LOC_적북측접근로,21.37285837,-157.73503716,2026-08-04T04:25:36.000Z,UAV 4,
ENT72010,move to,LOC_중앙계곡,21.37346068,-157.74141045,2026-08-04T04:25:36.000Z,UAV 4,
ENMORT001,none,,21.37454920,-157.73726779,2026-08-04T04:25:36.000Z,UAV 4,
FRT80007,move to,LOC_중앙킬존남측,21.37625238,-157.75159506,2026-08-04T04:25:36.000Z,UAV 4,
FRT80004,move to,LOC_중앙킬존남측,21.37637540,-157.75166506,2026-08-04T04:25:36.000Z,UAV 4,
ENGAZ004,move to,LOC_적북측접근로,21.37312969,-157.73508632,2026-08-04T04:25:36.000Z,UAV 4,
ENMORT003,none,,21.37448817,-157.73726715,2026-08-04T04:25:36.000Z,UAV 4,
ENM1A2004,move to,LOC_중앙계곡,21.37530097,-157.74244808,2026-08-04T04:25:36.000Z,UAV 4,
FRT80006,move to,LOC_중앙킬존남측,21.37650159,-157.75153378,2026-08-04T04:25:36.000Z,UAV 4,
ENM35003,move to,LOC_적북측접근로,21.37320538,-157.73503621,2026-08-04T04:25:36.000Z,UAV 4,
ENBTR60006,move to,LOC_중앙계곡,21.37092206,-157.74057014,2026-08-04T04:25:36.000Z,UAV 4,
ENBTR80007,move to,LOC_중앙계곡,21.37083379,-157.74050709,2026-08-04T04:25:36.000Z,UAV 4,
ENBTR60005,move to,LOC_중앙계곡,21.37090538,-157.74075010,2026-08-04T04:25:36.000Z,UAV 4,
ENBTR80004,move to,LOC_중앙계곡,21.37087342,-157.74041077,2026-08-04T04:25:36.000Z,UAV 4,
ENBTR60003,move to,LOC_중앙계곡,21.37078840,-157.74074143,2026-08-04T04:25:36.000Z,UAV 4,
ENBTR80001,move to,LOC_중앙계곡,21.37054858,-157.74050296,2026-08-04T04:25:36.000Z,UAV 4,
ENBTR80003,move to,LOC_중앙계곡,21.37046856,-157.74046131,2026-08-04T04:25:36.000Z,UAV 4,
ENBTR60002,move to,LOC_중앙계곡,21.37067601,-157.74075581,2026-08-04T04:25:36.000Z,UAV 4,
ENBTR60007,move to,LOC_중앙계곡,21.37078218,-157.74055548,2026-08-04T04:25:36.000Z,UAV 4,
ENBTR60008,move to,LOC_중앙계곡,21.37060039,-157.74042900,2026-08-04T04:25:36.000Z,UAV 4,
ENBTR80005,move to,LOC_중앙계곡,21.37077293,-157.74065328,2026-08-04T04:25:36.000Z,UAV 4,
ENBTR60004,move to,LOC_중앙계곡,21.37054347,-157.74064241,2026-08-04T04:25:36.000Z,UAV 4,
FRTRK1003,move to,LOC_남측제1방어선,21.38805995,-157.74848727,2026-08-04T04:25:36.000Z,UAV 4,
ENGAZ002,move to,LOC_적북측접근로,21.37324048,-157.73504451,2026-08-04T04:25:36.000Z,UAV 4,
FRTRK1005,move to,LOC_남측제1방어선,21.38797660,-157.74853104,2026-08-04T04:25:36.000Z,UAV 4,
FRT80002,move to,LOC_중앙킬존남측,21.37642694,-157.75192563,2026-08-04T04:25:36.000Z,UAV 4,
ENGAZ003,move to,LOC_적북측접근로,21.37313992,-157.73515789,2026-08-04T04:25:36.000Z,UAV 4,
FRTRK1004,move to,LOC_남측제1방어선,21.38790077,-157.74849001,2026-08-04T04:25:36.000Z,UAV 4,
FRTRK2002,move to,LOC_남측제1방어선,21.38805902,-157.74880992,2026-08-04T04:25:36.000Z,UAV 4,
FRTRK1002,move to,LOC_남측제1방어선,21.38811463,-157.74881766,2026-08-04T04:25:36.000Z,UAV 4,
ENGAZ001,move to,LOC_적북측접근로,21.37310626,-157.73489952,2026-08-04T04:25:38.000Z,UAV 4,
ENM35002,move to,LOC_적북측접근로,21.37304395,-157.73494220,2026-08-04T04:25:38.000Z,UAV 4,
ENM1A2003,move to,LOC_중앙계곡,21.37536696,-157.74246047,2026-08-04T04:25:38.000Z,UAV 4,
ENT72007,move to,LOC_중앙계곡,21.37334383,-157.74161702,2026-08-04T04:25:38.000Z,UAV 4,
ENT72003,move to,LOC_중앙계곡,21.37359603,-157.74142618,2026-08-04T04:25:38.000Z,UAV 4,
ENMORT005,none,,21.37463885,-157.73701809,2026-08-04T04:25:38.000Z,UAV 4,
FRT80001,move to,LOC_중앙킬존남측,21.37675779,-157.75136852,2026-08-04T04:25:38.000Z,UAV 4,
ENT72002,move to,LOC_중앙계곡,21.37345873,-157.74141362,2026-08-04T04:25:38.000Z,UAV 4,
ENMORT004,none,,21.37449517,-157.73695548,2026-08-04T04:25:38.000Z,UAV 4,
ENT72005,move to,LOC_중앙계곡,21.37342343,-157.74164440,2026-08-04T04:25:38.000Z,UAV 4,
ENM35004,move to,LOC_적북측접근로,21.37287347,-157.73516699,2026-08-04T04:25:38.000Z,UAV 4,
ENM1A2002,move to,LOC_중앙계곡,21.37556955,-157.74239135,2026-08-04T04:25:38.000Z,UAV 4,
ENT72009,move to,LOC_중앙계곡,21.37327977,-157.74151065,2026-08-04T04:25:38.000Z,UAV 4,
ENM35001,move to,LOC_적북측접근로,21.37281572,-157.73522425,2026-08-04T04:25:38.000Z,UAV 4,
ENT72010,move to,LOC_중앙계곡,21.37366551,-157.74139529,2026-08-04T04:25:38.000Z,UAV 4,
ENMORT001,none,,21.37454920,-157.73726779,2026-08-04T04:25:38.000Z,UAV 4,
FRT80007,move to,LOC_중앙킬존남측,21.37639344,-157.75143582,2026-08-04T04:25:38.000Z,UAV 4,
FRT80004,move to,LOC_중앙킬존남측,21.37650996,-157.75150687,2026-08-04T04:25:38.000Z,UAV 4,
ENGAZ004,move to,LOC_적북측접근로,21.37307342,-157.73529441,2026-08-04T04:25:38.000Z,UAV 4,
ENMORT003,none,,21.37448817,-157.73726715,2026-08-04T04:25:38.000Z,UAV 4,
ENM1A2004,move to,LOC_중앙계곡,21.37549686,-157.74237417,2026-08-04T04:25:38.000Z,UAV 4,
FRT80006,move to,LOC_중앙킬존남측,21.37663790,-157.75137297,2026-08-04T04:25:38.000Z,UAV 4,
ENM35003,move to,LOC_적북측접근로,21.37314688,-157.73524537,2026-08-04T04:25:38.000Z,UAV 4,
ENBTR60006,move to,LOC_중앙계곡,21.37111288,-157.74057981,2026-08-04T04:25:38.000Z,UAV 4,
ENBTR80007,move to,LOC_중앙계곡,21.37101037,-157.74051727,2026-08-04T04:25:38.000Z,UAV 4,
ENBTR60005,move to,LOC_중앙계곡,21.37110769,-157.74075592,2026-08-04T04:25:38.000Z,UAV 4,
ENBTR80004,move to,LOC_중앙계곡,21.37103154,-157.74042177,2026-08-04T04:25:38.000Z,UAV 4,
ENBTR60003,move to,LOC_중앙계곡,21.37098883,-157.74074733,2026-08-04T04:25:38.000Z,UAV 4,
ENBTR80001,move to,LOC_중앙계곡,21.37077474,-157.74051568,2026-08-04T04:25:38.000Z,UAV 4,
ENBTR80003,move to,LOC_중앙계곡,21.37067690,-157.74047392,2026-08-04T04:25:38.000Z,UAV 4,
ENBTR60002,move to,LOC_중앙계곡,21.37088288,-157.74076146,2026-08-04T04:25:38.000Z,UAV 4,
ENBTR60007,move to,LOC_중앙계곡,21.37098562,-157.74056597,2026-08-04T04:25:38.000Z,UAV 4,
ENBTR60008,move to,LOC_중앙계곡,21.37083843,-157.74044452,2026-08-04T04:25:38.000Z,UAV 4,
ENBTR80005,move to,LOC_중앙계곡,21.37097042,-157.74066115,2026-08-04T04:25:38.000Z,UAV 4,
ENBTR60004,move to,LOC_중앙계곡,21.37075448,-157.74065086,2026-08-04T04:25:38.000Z,UAV 4,
ENGAZ002,move to,LOC_적북측접근로,21.37318092,-157.73525329,2026-08-04T04:25:38.000Z,UAV 4,
ENGAZ003,move to,LOC_적북측접근로,21.37308333,-157.73536375,2026-08-04T04:25:38.000Z,UAV 4,
ENBTR60001,move to,LOC_중앙계곡,21.37113388,-157.74049403,2026-08-04T04:25:38.000Z,UAV 4,
ENT72006,move to,LOC_중앙계곡,21.37357282,-157.74157988,2026-08-04T04:25:38.000Z,UAV 4,
ENGAZ001,move to,LOC_적북측접근로,21.37306317,-157.73506550,2026-08-04T04:25:40.000Z,UAV 4,
ENM35002,move to,LOC_적북측접근로,21.37300241,-157.73510701,2026-08-04T04:25:40.000Z,UAV 4,
ENM1A2003,move to,LOC_중앙계곡,21.37551751,-157.74240219,2026-08-04T04:25:40.000Z,UAV 4,
ENT72007,move to,LOC_중앙계곡,21.37350613,-157.74159950,2026-08-04T04:25:40.000Z,UAV 4,
ENT72003,move to,LOC_중앙계곡,21.37374228,-157.74141468,2026-08-04T04:25:40.000Z,UAV 4,
ENMORT005,none,,21.37463885,-157.73701809,2026-08-04T04:25:40.000Z,UAV 4,
FRT80001,move to,LOC_중앙킬존남측,21.37686247,-157.75124154,2026-08-04T04:25:40.000Z,UAV 4,
ENT72002,move to,LOC_중앙계곡,21.37362752,-157.74140104,2026-08-04T04:25:40.000Z,UAV 4,
ENMORT004,none,,21.37449517,-157.73695548,2026-08-04T04:25:40.000Z,UAV 4,
ENT72005,move to,LOC_중앙계곡,21.37356705,-157.74162799,2026-08-04T04:25:40.000Z,UAV 4,
ENM35004,move to,LOC_적북측접근로,21.37283564,-157.73532814,2026-08-04T04:25:40.000Z,UAV 4,
ENM1A2002,move to,LOC_중앙계곡,21.37569840,-157.74234113,2026-08-04T04:25:40.000Z,UAV 4,
ENT72009,move to,LOC_중앙계곡,21.37343944,-157.74149648,2026-08-04T04:25:40.000Z,UAV 4,
ENM35001,move to,LOC_적북측접근로,21.37277849,-157.73538760,2026-08-04T04:25:40.000Z,UAV 4,
ENT72010,move to,LOC_중앙계곡,21.37380486,-157.74138498,2026-08-04T04:25:40.000Z,UAV 4,
ENMORT001,none,,21.37454920,-157.73726779,2026-08-04T04:25:40.000Z,UAV 4,
FRT80007,move to,LOC_중앙킬존남측,21.37650033,-157.75131515,2026-08-04T04:25:40.000Z,UAV 4,
FRT80004,move to,LOC_중앙킬존남측,21.37661621,-157.75138196,2026-08-04T04:25:40.000Z,UAV 4,
ENGAZ004,move to,LOC_적북측접근로,21.37303048,-157.73545323,2026-08-04T04:25:40.000Z,UAV 4,
ENMORT003,none,,21.37448817,-157.73726715,2026-08-04T04:25:40.000Z,UAV 4,
ENM1A2004,move to,LOC_중앙계곡,21.37563105,-157.74232353,2026-08-04T04:25:40.000Z,UAV 4,
FRT80006,move to,LOC_중앙킬존남측,21.37674485,-157.75124679,2026-08-04T04:25:40.000Z,UAV 4,
ENM35003,move to,LOC_적북측접근로,21.37310216,-157.73540524,2026-08-04T04:25:40.000Z,UAV 4,
ENBTR60006,move to,LOC_중앙계곡,21.37127432,-157.74058798,2026-08-04T04:25:40.000Z,UAV 4,
ENBTR80007,move to,LOC_중앙계곡,21.37117025,-157.74052649,2026-08-04T04:25:40.000Z,UAV 4,
ENBTR60005,move to,LOC_중앙계곡,21.37126833,-157.74076054,2026-08-04T04:25:40.000Z,UAV 4,
ENBTR80004,move to,LOC_중앙계곡,21.37120607,-157.74043391,2026-08-04T04:25:40.000Z,UAV 4,
ENBTR60003,move to,LOC_중앙계곡,21.37114832,-157.74075202,2026-08-04T04:25:40.000Z,UAV 4,
ENBTR80001,move to,LOC_중앙계곡,21.37093745,-157.74052483,2026-08-04T04:25:40.000Z,UAV 4,
ENBTR80003,move to,LOC_중앙계곡,21.37086174,-157.74048510,2026-08-04T04:25:40.000Z,UAV 4,
ENBTR60002,move to,LOC_중앙계곡,21.37103897,-157.74076573,2026-08-04T04:25:40.000Z,UAV 4,
ENBTR60007,move to,LOC_중앙계곡,21.37112920,-157.74057337,2026-08-04T04:25:40.000Z,UAV 4,
ENBTR60008,move to,LOC_중앙계곡,21.37100224,-157.74045520,2026-08-04T04:25:40.000Z,UAV 4,
ENBTR80005,move to,LOC_중앙계곡,21.37112972,-157.74066750,2026-08-04T04:25:40.000Z,UAV 4,
ENBTR60004,move to,LOC_중앙계곡,21.37090939,-157.74065706,2026-08-04T04:25:40.000Z,UAV 4,
ENGAZ002,move to,LOC_적북측접근로,21.37313536,-157.73541299,2026-08-04T04:25:40.000Z,UAV 4,
ENGAZ003,move to,LOC_적북측접근로,21.37303968,-157.73552251,2026-08-04T04:25:40.000Z,UAV 4,
ENT72006,move to,LOC_중앙계곡,21.37372483,-157.74156380,2026-08-04T04:25:40.000Z,UAV 4,
FRT80002,move to,LOC_중앙킬존남측,21.37666136,-157.75163298,2026-08-04T04:25:40.000Z,UAV 4,
ENT72004,move to,LOC_중앙계곡,21.37379646,-157.74144258,2026-08-04T04:25:40.000Z,UAV 4,
ENGAZ001,move to,LOC_적북측접근로,21.37300985,-157.73527089,2026-08-04T04:25:43.000Z,UAV 4,
ENM35002,move to,LOC_적북측접근로,21.37295084,-157.73531161,2026-08-04T04:25:43.000Z,UAV 4,
ENM1A2003,move to,LOC_중앙계곡,21.37568781,-157.74233626,2026-08-04T04:25:43.000Z,UAV 4,
ENT72007,move to,LOC_중앙계곡,21.37369067,-157.74157958,2026-08-04T04:25:43.000Z,UAV 4,
ENT72003,move to,LOC_중앙계곡,21.37392611,-157.74140023,2026-08-04T04:25:43.000Z,UAV 4,
ENMORT005,none,,21.37463885,-157.73701809,2026-08-04T04:25:43.000Z,UAV 4,
FRT80001,move to,LOC_중앙킬존남측,21.37699428,-157.75108164,2026-08-04T04:25:43.000Z,UAV 4,
ENT72002,move to,LOC_중앙계곡,21.37381019,-157.74138743,2026-08-04T04:25:43.000Z,UAV 4,
ENMORT004,none,,21.37449517,-157.73695548,2026-08-04T04:25:43.000Z,UAV 4,
ENT72005,move to,LOC_중앙계곡,21.37377220,-157.74160456,2026-08-04T04:25:43.000Z,UAV 4,
ENM35004,move to,LOC_적북측접근로,21.37278739,-157.73553369,2026-08-04T04:25:43.000Z,UAV 4,
ENM1A2002,move to,LOC_중앙계곡,21.37589295,-157.74226531,2026-08-04T04:25:43.000Z,UAV 4,
ENT72009,move to,LOC_중앙계곡,21.37362759,-157.74147978,2026-08-04T04:25:43.000Z,UAV 4,
ENM35001,move to,LOC_적북측접근로,21.37272929,-157.73560344,2026-08-04T04:25:43.000Z,UAV 4,
ENT72010,move to,LOC_중앙계곡,21.37399907,-157.74137061,2026-08-04T04:25:43.000Z,UAV 4,
ENMORT001,none,,21.37454920,-157.73726779,2026-08-04T04:25:43.000Z,UAV 4,
FRT80007,move to,LOC_중앙킬존남측,21.37663895,-157.75115867,2026-08-04T04:25:43.000Z,UAV 4,
FRT80004,move to,LOC_중앙킬존남측,21.37675223,-157.75122204,2026-08-04T04:25:43.000Z,UAV 4,
ENGAZ004,move to,LOC_적북측접근로,21.37297506,-157.73565816,2026-08-04T04:25:43.000Z,UAV 4,
ENMORT003,none,,21.37448817,-157.73726715,2026-08-04T04:25:43.000Z,UAV 4,
ENM1A2004,move to,LOC_중앙계곡,21.37579962,-157.74225993,2026-08-04T04:25:43.000Z,UAV 4,
FRT80006,move to,LOC_중앙킬존남측,21.37687795,-157.75108977,2026-08-04T04:25:43.000Z,UAV 4,
ENM35003,move to,LOC_적북측접근로,21.37304549,-157.73560788,2026-08-04T04:25:43.000Z,UAV 4,
ENBTR60006,move to,LOC_중앙계곡,21.37147542,-157.74059817,2026-08-04T04:25:43.000Z,UAV 4,
ENBTR80007,move to,LOC_중앙계곡,21.37137743,-157.74053844,2026-08-04T04:25:43.000Z,UAV 4,
ENBTR60005,move to,LOC_중앙계곡,21.37147385,-157.74076646,2026-08-04T04:25:43.000Z,UAV 4,
ENBTR80004,move to,LOC_중앙계곡,21.37142038,-157.74044881,2026-08-04T04:25:43.000Z,UAV 4,
ENBTR60003,move to,LOC_중앙계곡,21.37135201,-157.74075800,2026-08-04T04:25:43.000Z,UAV 4,
ENBTR80001,move to,LOC_중앙계곡,21.37111658,-157.74053490,2026-08-04T04:25:43.000Z,UAV 4,
ENBTR80003,move to,LOC_중앙계곡,21.37104168,-157.74049599,2026-08-04T04:25:43.000Z,UAV 4,
ENBTR60002,move to,LOC_중앙계곡,21.37124190,-157.74077127,2026-08-04T04:25:43.000Z,UAV 4,
ENBTR60007,move to,LOC_중앙계곡,21.37133333,-157.74058389,2026-08-04T04:25:43.000Z,UAV 4,
ENBTR60008,move to,LOC_중앙계곡,21.37117323,-157.74046635,2026-08-04T04:25:43.000Z,UAV 4,
ENBTR80005,move to,LOC_중앙계곡,21.37133221,-157.74067557,2026-08-04T04:25:43.000Z,UAV 4,
ENBTR60004,move to,LOC_중앙계곡,21.37110842,-157.74066503,2026-08-04T04:25:43.000Z,UAV 4,
ENGAZ002,move to,LOC_적북측접근로,21.37307767,-157.73561524,2026-08-04T04:25:43.000Z,UAV 4,
ENGAZ003,move to,LOC_적북측접근로,21.37298274,-157.73572962,2026-08-04T04:25:43.000Z,UAV 4,
ENT72006,move to,LOC_중앙계곡,21.37392625,-157.74154250,2026-08-04T04:25:43.000Z,UAV 4,
FRT80002,move to,LOC_중앙킬존남측,21.37679238,-157.75146942,2026-08-04T04:25:43.000Z,UAV 4,
ENT72004,move to,LOC_중앙계곡,21.37400313,-157.74142510,2026-08-04T04:25:43.000Z,UAV 4,
ENM1A2001,move to,LOC_중앙계곡,21.37583827,-157.74209651,2026-08-04T04:25:43.000Z,UAV 4,
ENT72001,move to,LOC_중앙계곡,21.37389710,-157.74148079,2026-08-04T04:25:43.000Z,UAV 4,
ENGAZ001,move to,LOC_적북측접근로,21.37291316,-157.73564332,2026-08-04T04:25:45.000Z,UAV 4,
ENM35002,move to,LOC_적북측접근로,21.37285640,-157.73568626,2026-08-04T04:25:45.000Z,UAV 4,
ENM1A2003,move to,LOC_중앙계곡,21.37604152,-157.74219933,2026-08-04T04:25:45.000Z,UAV 4,
ENT72007,move to,LOC_중앙계곡,21.37405947,-157.74153976,2026-08-04T04:25:45.000Z,UAV 4,
ENT72003,move to,LOC_중앙계곡,21.37430949,-157.74137009,2026-08-04T04:25:45.000Z,UAV 4,
ENMORT005,none,,21.37463885,-157.73701809,2026-08-04T04:25:45.000Z,UAV 4,
FRT80001,move to,LOC_중앙킬존남측,21.37723672,-157.75078752,2026-08-04T04:25:45.000Z,UAV 4,
ENT72002,move to,LOC_중앙계곡,21.37416738,-157.74136080,2026-08-04T04:25:45.000Z,UAV 4,
ENMORT004,none,,21.37449517,-157.73695548,2026-08-04T04:25:45.000Z,UAV 4,
ENT72005,move to,LOC_중앙계곡,21.37413862,-157.74156271,2026-08-04T04:25:45.000Z,UAV 4,
ENM35004,move to,LOC_적북측접근로,21.37269751,-157.73591655,2026-08-04T04:25:45.000Z,UAV 4,
ENM1A2002,move to,LOC_중앙계곡,21.37627539,-157.74211627,2026-08-04T04:25:45.000Z,UAV 4,
ENT72009,move to,LOC_중앙계곡,21.37397999,-157.74144851,2026-08-04T04:25:45.000Z,UAV 4,
ENM35001,move to,LOC_적북측접근로,21.37264371,-157.73597887,2026-08-04T04:25:45.000Z,UAV 4,
ENT72010,move to,LOC_중앙계곡,21.37438159,-157.74134230,2026-08-04T04:25:45.000Z,UAV 4,
ENMORT001,none,,21.37454920,-157.73726779,2026-08-04T04:25:45.000Z,UAV 4,
FRT80007,move to,LOC_중앙킬존남측,21.37689027,-157.75087495,2026-08-04T04:25:45.000Z,UAV 4,
FRT80004,move to,LOC_중앙킬존남측,21.37699833,-157.75093271,2026-08-04T04:25:45.000Z,UAV 4,
ENGAZ004,move to,LOC_적북측접근로,21.37287218,-157.73603858,2026-08-04T04:25:45.000Z,UAV 4,
ENMORT003,none,,21.37448817,-157.73726715,2026-08-04T04:25:45.000Z,UAV 4,
ENM1A2004,move to,LOC_중앙계곡,21.37618603,-157.74211413,2026-08-04T04:25:45.000Z,UAV 4,
FRT80006,move to,LOC_중앙킬존남측,21.37712497,-157.75079835,2026-08-04T04:25:45.000Z,UAV 4,
ENM35003,move to,LOC_적북측접근로,21.37293894,-157.73598884,2026-08-04T04:25:45.000Z,UAV 4,
ENBTR80007,move to,LOC_중앙계곡,21.37174480,-157.74055963,2026-08-04T04:25:45.000Z,UAV 4,
ENBTR60005,move to,LOC_중앙계곡,21.37186426,-157.74077769,2026-08-04T04:25:45.000Z,UAV 4,
ENBTR80004,move to,LOC_중앙계곡,21.37177097,-157.74047320,2026-08-04T04:25:45.000Z,UAV 4,
ENBTR60003,move to,LOC_중앙계곡,21.37173957,-157.74076940,2026-08-04T04:25:45.000Z,UAV 4,
ENBTR80003,move to,LOC_중앙계곡,21.37142397,-157.74051912,2026-08-04T04:25:45.000Z,UAV 4,
ENBTR60002,move to,LOC_중앙계곡,21.37161796,-157.74078154,2026-08-04T04:25:45.000Z,UAV 4,
ENBTR60008,move to,LOC_중앙계곡,21.37155466,-157.74049122,2026-08-04T04:25:45.000Z,UAV 4,
ENBTR60004,move to,LOC_중앙계곡,21.37148028,-157.74067992,2026-08-04T04:25:45.000Z,UAV 4,
ENGAZ002,move to,LOC_적북측접근로,21.37296899,-157.73599620,2026-08-04T04:25:45.000Z,UAV 4,
ENGAZ003,move to,LOC_적북측접근로,21.37287892,-157.73610726,2026-08-04T04:25:45.000Z,UAV 4,
FRT80002,move to,LOC_중앙킬존남측,21.37703011,-157.75117263,2026-08-04T04:25:45.000Z,UAV 4,
ENM1A2001,move to,LOC_중앙계곡,21.37625090,-157.74195924,2026-08-04T04:25:45.000Z,UAV 4,
ENGAZ001,move to,LOC_적북측접근로,21.37286082,-157.73584495,2026-08-04T04:25:47.000Z,UAV 4,
ENM35002,move to,LOC_적북측접근로,21.37280546,-157.73588834,2026-08-04T04:25:47.000Z,UAV 4,
ENM1A2003,move to,LOC_중앙계곡,21.37624358,-157.74212110,2026-08-04T04:25:47.000Z,UAV 4,
ENT72007,move to,LOC_중앙계곡,21.37424659,-157.74151956,2026-08-04T04:25:47.000Z,UAV 4,
ENT72003,move to,LOC_중앙계곡,21.37451466,-157.74135396,2026-08-04T04:25:47.000Z,UAV 4,
ENMORT005,none,,21.37463885,-157.73701809,2026-08-04T04:25:47.000Z,UAV 4,
FRT80001,move to,LOC_중앙킬존남측,21.37736060,-157.75063724,2026-08-04T04:25:47.000Z,UAV 4,
ENT72002,move to,LOC_중앙계곡,21.37436965,-157.74134573,2026-08-04T04:25:47.000Z,UAV 4,
ENMORT004,none,,21.37449517,-157.73695548,2026-08-04T04:25:47.000Z,UAV 4,
ENT72005,move to,LOC_중앙계곡,21.37434429,-157.74153921,2026-08-04T04:25:47.000Z,UAV 4,
ENM35004,move to,LOC_적북측접근로,21.37264979,-157.73611981,2026-08-04T04:25:47.000Z,UAV 4,
ENM1A2002,move to,LOC_중앙계곡,21.37646347,-157.74204297,2026-08-04T04:25:47.000Z,UAV 4,
ENT72009,move to,LOC_중앙계곡,21.37417472,-157.74143123,2026-08-04T04:25:47.000Z,UAV 4,
ENT72010,move to,LOC_중앙계곡,21.37459054,-157.74132684,2026-08-04T04:25:47.000Z,UAV 4,
ENMORT001,none,,21.37454920,-157.73726779,2026-08-04T04:25:47.000Z,UAV 4,
FRT80007,move to,LOC_중앙킬존남측,21.37702343,-157.75072464,2026-08-04T04:25:47.000Z,UAV 4,
FRT80004,move to,LOC_중앙킬존남측,21.37712856,-157.75077961,2026-08-04T04:25:47.000Z,UAV 4,
ENGAZ004,move to,LOC_적북측접근로,21.37281824,-157.73623808,2026-08-04T04:25:47.000Z,UAV 4,
ENMORT003,none,,21.37448817,-157.73726715,2026-08-04T04:25:47.000Z,UAV 4,
ENM1A2004,move to,LOC_중앙계곡,21.37638241,-157.74204003,2026-08-04T04:25:47.000Z,UAV 4,
FRT80006,move to,LOC_중앙킬존남측,21.37725457,-157.75064546,2026-08-04T04:25:47.000Z,UAV 4,
ENM35003,move to,LOC_적북측접근로,21.37288360,-157.73618672,2026-08-04T04:25:47.000Z,UAV 4,
ENBTR80007,move to,LOC_중앙계곡,21.37193836,-157.74057079,2026-08-04T04:25:47.000Z,UAV 4,
ENBTR60005,move to,LOC_중앙계곡,21.37205403,-157.74078315,2026-08-04T04:25:47.000Z,UAV 4,
ENBTR80004,move to,LOC_중앙계곡,21.37196956,-157.74048701,2026-08-04T04:25:47.000Z,UAV 4,
ENBTR60003,move to,LOC_중앙계곡,21.37193908,-157.74077526,2026-08-04T04:25:47.000Z,UAV 4,
ENBTR80003,move to,LOC_중앙계곡,21.37161676,-157.74053079,2026-08-04T04:25:47.000Z,UAV 4,
ENBTR60002,move to,LOC_중앙계곡,21.37182346,-157.74078716,2026-08-04T04:25:47.000Z,UAV 4,
ENBTR60008,move to,LOC_중앙계곡,21.37174762,-157.74050381,2026-08-04T04:25:47.000Z,UAV 4,
ENBTR60004,move to,LOC_중앙계곡,21.37167762,-157.74068783,2026-08-04T04:25:47.000Z,UAV 4,
ENGAZ002,move to,LOC_적북측접근로,21.37291271,-157.73619349,2026-08-04T04:25:47.000Z,UAV 4,
ENGAZ003,move to,LOC_적북측접근로,21.37282405,-157.73630688,2026-08-04T04:25:47.000Z,UAV 4,
FRT80002,move to,LOC_중앙킬존남측,21.37715636,-157.75101503,2026-08-04T04:25:47.000Z,UAV 4,
ENGAZ001,move to,LOC_적북측접근로,21.37286082,-157.73584495,2026-08-04T04:25:48.000Z,UAV 4,
ENM35002,move to,LOC_적북측접근로,21.37280546,-157.73588834,2026-08-04T04:25:48.000Z,UAV 4,
ENM1A2003,move to,LOC_중앙계곡,21.37624358,-157.74212110,2026-08-04T04:25:48.000Z,UAV 4,
ENT72007,move to,LOC_중앙계곡,21.37424659,-157.74151956,2026-08-04T04:25:48.000Z,UAV 4,
ENT72003,move to,LOC_중앙계곡,21.37451466,-157.74135396,2026-08-04T04:25:48.000Z,UAV 4,
ENMORT005,none,,21.37463885,-157.73701809,2026-08-04T04:25:48.000Z,UAV 4,
FRT80001,move to,LOC_중앙킬존남측,21.37736060,-157.75063724,2026-08-04T04:25:48.000Z,UAV 4,
ENT72002,move to,LOC_중앙계곡,21.37436965,-157.74134573,2026-08-04T04:25:48.000Z,UAV 4,
ENMORT004,none,,21.37449517,-157.73695548,2026-08-04T04:25:48.000Z,UAV 4,
ENT72005,move to,LOC_중앙계곡,21.37434429,-157.74153921,2026-08-04T04:25:48.000Z,UAV 4,
ENM35004,move to,LOC_적북측접근로,21.37264979,-157.73611981,2026-08-04T04:25:48.000Z,UAV 4,
ENM1A2002,move to,LOC_중앙계곡,21.37646347,-157.74204297,2026-08-04T04:25:48.000Z,UAV 4,
ENT72009,move to,LOC_중앙계곡,21.37417472,-157.74143123,2026-08-04T04:25:48.000Z,UAV 4,
ENT72010,move to,LOC_중앙계곡,21.37459054,-157.74132684,2026-08-04T04:25:48.000Z,UAV 4,
ENMORT001,none,,21.37454920,-157.73726779,2026-08-04T04:25:48.000Z,UAV 4,
FRT80007,move to,LOC_중앙킬존남측,21.37702343,-157.75072464,2026-08-04T04:25:48.000Z,UAV 4,
FRT80004,move to,LOC_중앙킬존남측,21.37712856,-157.75077961,2026-08-04T04:25:48.000Z,UAV 4,
ENGAZ004,move to,LOC_적북측접근로,21.37281824,-157.73623808,2026-08-04T04:25:48.000Z,UAV 4,
ENMORT003,none,,21.37448817,-157.73726715,2026-08-04T04:25:48.000Z,UAV 4,
ENM1A2004,move to,LOC_중앙계곡,21.37638241,-157.74204003,2026-08-04T04:25:48.000Z,UAV 4,
FRT80006,move to,LOC_중앙킬존남측,21.37725457,-157.75064546,2026-08-04T04:25:48.000Z,UAV 4,
ENM35003,move to,LOC_적북측접근로,21.37288360,-157.73618672,2026-08-04T04:25:48.000Z,UAV 4,
ENBTR80007,move to,LOC_중앙계곡,21.37193836,-157.74057079,2026-08-04T04:25:48.000Z,UAV 4,
ENBTR60005,move to,LOC_중앙계곡,21.37205403,-157.74078315,2026-08-04T04:25:48.000Z,UAV 4,
ENBTR80004,move to,LOC_중앙계곡,21.37196956,-157.74048701,2026-08-04T04:25:48.000Z,UAV 4,
ENBTR60003,move to,LOC_중앙계곡,21.37193908,-157.74077526,2026-08-04T04:25:48.000Z,UAV 4,
ENBTR80003,move to,LOC_중앙계곡,21.37161676,-157.74053079,2026-08-04T04:25:48.000Z,UAV 4,
ENBTR60002,move to,LOC_중앙계곡,21.37182346,-157.74078716,2026-08-04T04:25:48.000Z,UAV 4,
ENBTR60008,move to,LOC_중앙계곡,21.37174762,-157.74050381,2026-08-04T04:25:48.000Z,UAV 4,
ENBTR60004,move to,LOC_중앙계곡,21.37167762,-157.74068783,2026-08-04T04:25:48.000Z,UAV 4,
ENGAZ002,move to,LOC_적북측접근로,21.37291271,-157.73619349,2026-08-04T04:25:48.000Z,UAV 4,
ENGAZ003,move to,LOC_적북측접근로,21.37282405,-157.73630688,2026-08-04T04:25:48.000Z,UAV 4,
FRT80002,move to,LOC_중앙킬존남측,21.37715636,-157.75101503,2026-08-04T04:25:48.000Z,UAV 4,
FRT69002,move to,LOC_중앙킬존남측,21.38062351,-157.73220904,2026-08-04T04:28:15.000Z,UAV 4,
FRT69001,move to,LOC_중앙킬존남측,21.38083088,-157.73220700,2026-08-04T04:28:15.000Z,UAV 4,
FRMORT002,FFE-on-Location,LOC_적박격포진지,21.39124517,-157.73722922,2026-08-04T04:28:15.000Z,UAV 4,
ENM35004,move to,LOC_적북측접근로,21.37321699,-157.73305944,2026-08-04T04:28:15.000Z,UAV 4,
ENGAZ001,move to,LOC_적북측접근로,21.37337528,-157.73279257,2026-08-04T04:28:15.000Z,UAV 4,
FRT69006,move to,LOC_중앙킬존남측,21.38096188,-157.73222439,2026-08-04T04:28:15.000Z,UAV 4,
FRT69003,move to,LOC_중앙킬존남측,21.38097332,-157.73240275,2026-08-04T04:28:15.000Z,UAV 4,
FRT69005,move to,LOC_중앙킬존남측,21.38100014,-157.73233777,2026-08-04T04:28:15.000Z,UAV 4,
ENGAZ002,move to,LOC_적북측접근로,21.37349402,-157.73315589,2026-08-04T04:28:15.000Z,UAV 4,
ENM35002,move to,LOC_적북측접근로,21.37340544,-157.73283903,2026-08-04T04:28:15.000Z,UAV 4,
FRLAV008,move to,LOC_중앙킬존남측,21.39000596,-157.74175678,2026-08-04T04:28:15.000Z,UAV 4,
ENGAZ003,move to,LOC_적북측접근로,21.37338431,-157.73326221,2026-08-04T04:28:15.000Z,UAV 4,
ENM35001,move to,LOC_적북측접근로,21.37314687,-157.73312307,2026-08-04T04:28:15.000Z,UAV 4,
FRMORT004,none,,21.39105358,-157.73697074,2026-08-04T04:28:15.000Z,UAV 4,
FRT69004,move to,LOC_중앙킬존남측,21.38065700,-157.73204394,2026-08-04T04:28:15.000Z,UAV 4,
FRT69008,move to,LOC_중앙킬존남측,21.38096961,-157.73244663,2026-08-04T04:28:15.000Z,UAV 4,
FRT69009,move to,LOC_중앙킬존남측,21.38066035,-157.73234161,2026-08-04T04:28:15.000Z,UAV 4,
ENGAZ004,move to,LOC_적북측접근로,21.37336764,-157.73318922,2026-08-04T04:28:15.000Z,UAV 4,
FRMORT003,FFE-on-Location,LOC_적북측접근로,21.39122072,-157.73728393,2026-08-04T04:28:15.000Z,UAV 4,
FRM113001,move to,LOC_중앙킬존남측,21.38988667,-157.74163464,2026-08-04T04:28:15.000Z,UAV 4,
FRT69010,move to,LOC_중앙킬존남측,21.38075758,-157.73208913,2026-08-04T04:28:15.000Z,UAV 4,
FRT69002,move to,LOC_중앙킬존남측,21.38062348,-157.73220904,2026-08-04T04:28:47.000Z,UAV 4,
FRT69001,move to,LOC_중앙킬존남측,21.38083085,-157.73220700,2026-08-04T04:28:47.000Z,UAV 4,
FRMORT002,FFE-on-Location,LOC_적박격포진지,21.39124517,-157.73722922,2026-08-04T04:28:47.000Z,UAV 4,
ENM35004,move to,LOC_적북측접근로,21.37321699,-157.73305944,2026-08-04T04:28:47.000Z,UAV 4,
ENGAZ001,move to,LOC_적북측접근로,21.37337528,-157.73279257,2026-08-04T04:28:47.000Z,UAV 4,
FRT69006,move to,LOC_중앙킬존남측,21.38096188,-157.73222439,2026-08-04T04:28:47.000Z,UAV 4,
FRT69003,move to,LOC_중앙킬존남측,21.38097332,-157.73240275,2026-08-04T04:28:47.000Z,UAV 4,
FRT69005,move to,LOC_중앙킬존남측,21.38100014,-157.73233777,2026-08-04T04:28:47.000Z,UAV 4,
ENGAZ002,move to,LOC_적북측접근로,21.37349402,-157.73315589,2026-08-04T04:28:47.000Z,UAV 4,
ENM35002,move to,LOC_적북측접근로,21.37340544,-157.73283903,2026-08-04T04:28:47.000Z,UAV 4,
FRLAV008,move to,LOC_중앙킬존남측,21.39000596,-157.74175678,2026-08-04T04:28:47.000Z,UAV 4,
ENGAZ003,move to,LOC_적북측접근로,21.37338431,-157.73326221,2026-08-04T04:28:47.000Z,UAV 4,
ENM35001,move to,LOC_적북측접근로,21.37314687,-157.73312307,2026-08-04T04:28:47.000Z,UAV 4,
FRMORT004,none,,21.39105358,-157.73697074,2026-08-04T04:28:47.000Z,UAV 4,
FRT69004,move to,LOC_중앙킬존남측,21.38065700,-157.73204394,2026-08-04T04:28:47.000Z,UAV 4,
FRT69008,move to,LOC_중앙킬존남측,21.38096961,-157.73244663,2026-08-04T04:28:47.000Z,UAV 4,
FRT69009,move to,LOC_중앙킬존남측,21.38066035,-157.73234161,2026-08-04T04:28:47.000Z,UAV 4,
ENGAZ004,move to,LOC_적북측접근로,21.37336764,-157.73318922,2026-08-04T04:28:47.000Z,UAV 4,
FRMORT003,FFE-on-Location,LOC_적북측접근로,21.39122072,-157.73728393,2026-08-04T04:28:47.000Z,UAV 4,
FRM113001,move to,LOC_중앙킬존남측,21.38988667,-157.74163464,2026-08-04T04:28:47.000Z,UAV 4,
FRT69010,move to,LOC_중앙킬존남측,21.38075758,-157.73208913,2026-08-04T04:28:47.000Z,UAV 4,
FRT69002,move to,LOC_중앙킬존남측,21.38062354,-157.73220904,2026-08-04T04:29:29.000Z,UAV 4,
FRT69001,move to,LOC_중앙킬존남측,21.38083091,-157.73220700,2026-08-04T04:29:29.000Z,UAV 4,
FRMORT002,FFE-on-Location,LOC_적박격포진지,21.39124517,-157.73722922,2026-08-04T04:29:29.000Z,UAV 4,
ENM35004,move to,LOC_적북측접근로,21.37321699,-157.73305944,2026-08-04T04:29:29.000Z,UAV 4,
ENGAZ001,move to,LOC_적북측접근로,21.37337528,-157.73279257,2026-08-04T04:29:29.000Z,UAV 4,
FRT69006,move to,LOC_중앙킬존남측,21.38096188,-157.73222439,2026-08-04T04:29:29.000Z,UAV 4,
FRT69003,move to,LOC_중앙킬존남측,21.38097332,-157.73240275,2026-08-04T04:29:29.000Z,UAV 4,
FRT69005,move to,LOC_중앙킬존남측,21.38100014,-157.73233777,2026-08-04T04:29:29.000Z,UAV 4,
ENGAZ002,move to,LOC_적북측접근로,21.37349402,-157.73315589,2026-08-04T04:29:29.000Z,UAV 4,
ENM35002,move to,LOC_적북측접근로,21.37340544,-157.73283903,2026-08-04T04:29:29.000Z,UAV 4,
FRLAV008,move to,LOC_중앙킬존남측,21.39000596,-157.74175678,2026-08-04T04:29:29.000Z,UAV 4,
ENGAZ003,move to,LOC_적북측접근로,21.37338431,-157.73326221,2026-08-04T04:29:29.000Z,UAV 4,
ENM35001,move to,LOC_적북측접근로,21.37314687,-157.73312307,2026-08-04T04:29:29.000Z,UAV 4,
FRMORT004,none,,21.39105358,-157.73697074,2026-08-04T04:29:29.000Z,UAV 4,
FRT69004,move to,LOC_중앙킬존남측,21.38065700,-157.73204394,2026-08-04T04:29:29.000Z,UAV 4,
FRT69008,move to,LOC_중앙킬존남측,21.38096961,-157.73244663,2026-08-04T04:29:29.000Z,UAV 4,
FRT69009,move to,LOC_중앙킬존남측,21.38066035,-157.73234161,2026-08-04T04:29:29.000Z,UAV 4,
ENGAZ004,move to,LOC_적북측접근로,21.37336764,-157.73318922,2026-08-04T04:29:29.000Z,UAV 4,
FRMORT003,FFE-on-Location,LOC_적북측접근로,21.39122072,-157.73728393,2026-08-04T04:29:29.000Z,UAV 4,
FRM113001,move to,LOC_중앙킬존남측,21.38988667,-157.74163464,2026-08-04T04:29:29.000Z,UAV 4,
FRT69010,move to,LOC_중앙킬존남측,21.38075758,-157.73208913,2026-08-04T04:29:29.000Z,UAV 4,
ENGAZ001,move to,LOC_적북측접근로,21.37338555,-157.73279345,2026-08-04T04:30:06.000Z,UAV 4,
ENM35002,move to,LOC_적북측접근로,21.37341234,-157.73283940,2026-08-04T04:30:06.000Z,UAV 4,
FRT69002,move to,LOC_중앙킬존남측,21.38062323,-157.73220904,2026-08-04T04:33:12.000Z,UAV 4,
FRT69001,move to,LOC_중앙킬존남측,21.38083060,-157.73220700,2026-08-04T04:33:12.000Z,UAV 4,
FRMORT002,FFE-on-Location,LOC_적박격포진지,21.39124517,-157.73722922,2026-08-04T04:33:12.000Z,UAV 4,
ENM35004,move to,LOC_적북측접근로,21.37321699,-157.73305944,2026-08-04T04:33:12.000Z,UAV 4,
ENGAZ001,move to,LOC_적북측접근로,21.37337528,-157.73279257,2026-08-04T04:33:12.000Z,UAV 4,
FRT69006,move to,LOC_중앙킬존남측,21.38096188,-157.73222439,2026-08-04T04:33:12.000Z,UAV 4,
FRLAV002,move to,LOC_중앙킬존남측,21.38989760,-157.74176125,2026-08-04T04:33:12.000Z,UAV 4,
FRT69003,move to,LOC_중앙킬존남측,21.38097332,-157.73240275,2026-08-04T04:33:12.000Z,UAV 4,
FRT69005,move to,LOC_중앙킬존남측,21.38100014,-157.73233777,2026-08-04T04:33:12.000Z,UAV 4,
FRM113002,move to,LOC_중앙킬존남측,21.38982569,-157.74169886,2026-08-04T04:33:12.000Z,UAV 4,
ENGAZ002,move to,LOC_적북측접근로,21.37349402,-157.73315589,2026-08-04T04:33:12.000Z,UAV 4,
ENM35002,move to,LOC_적북측접근로,21.37340544,-157.73283903,2026-08-04T04:33:12.000Z,UAV 4,
FRLAV008,move to,LOC_중앙킬존남측,21.39000596,-157.74175678,2026-08-04T04:33:12.000Z,UAV 4,
ENGAZ003,move to,LOC_적북측접근로,21.37338431,-157.73326221,2026-08-04T04:33:12.000Z,UAV 4,
ENM35001,move to,LOC_적북측접근로,21.37314687,-157.73312307,2026-08-04T04:33:12.000Z,UAV 4,
FRM113006,move to,LOC_중앙킬존남측,21.38989399,-157.74190826,2026-08-04T04:33:12.000Z,UAV 4,
FRMORT004,none,,21.39105358,-157.73697074,2026-08-04T04:33:12.000Z,UAV 4,
FRT69004,move to,LOC_중앙킬존남측,21.38065700,-157.73204394,2026-08-04T04:33:12.000Z,UAV 4,
FRT69008,move to,LOC_중앙킬존남측,21.38096961,-157.73244663,2026-08-04T04:33:12.000Z,UAV 4,
FRT69009,move to,LOC_중앙킬존남측,21.38066035,-157.73234161,2026-08-04T04:33:12.000Z,UAV 4,
FRLAV003,move to,LOC_중앙킬존남측,21.38979255,-157.74180726,2026-08-04T04:33:12.000Z,UAV 4,
ENGAZ004,move to,LOC_적북측접근로,21.37336764,-157.73318922,2026-08-04T04:33:12.000Z,UAV 4,
FRMORT003,FFE-on-Location,LOC_적북측접근로,21.39122072,-157.73728393,2026-08-04T04:33:12.000Z,UAV 4,
FRM113005,move to,LOC_중앙킬존남측,21.38979774,-157.74205529,2026-08-04T04:33:12.000Z,UAV 4,
FRM113001,move to,LOC_중앙킬존남측,21.38988667,-157.74163464,2026-08-04T04:33:12.000Z,UAV 4,
FRM113004,move to,LOC_중앙킬존남측,21.38976158,-157.74194084,2026-08-04T04:33:12.000Z,UAV 4,
FRT69010,move to,LOC_중앙킬존남측,21.38075758,-157.73208913,2026-08-04T04:33:12.000Z,UAV 4,
FRLAV004,move to,LOC_중앙킬존남측,21.38960746,-157.74166506,2026-08-04T04:33:12.000Z,UAV 4,
FRT69002,move to,LOC_중앙킬존남측,21.38062323,-157.73220904,2026-08-04T04:33:14.000Z,UAV 4,
FRT69001,move to,LOC_중앙킬존남측,21.38083060,-157.73220700,2026-08-04T04:33:14.000Z,UAV 4,
FRMORT002,FFE-on-Location,LOC_적박격포진지,21.39124517,-157.73722922,2026-08-04T04:33:14.000Z,UAV 4,
ENM35004,move to,LOC_적북측접근로,21.37321699,-157.73305944,2026-08-04T04:33:14.000Z,UAV 4,
ENGAZ001,move to,LOC_적북측접근로,21.37337528,-157.73279257,2026-08-04T04:33:14.000Z,UAV 4,
FRT69006,move to,LOC_중앙킬존남측,21.38096188,-157.73222439,2026-08-04T04:33:14.000Z,UAV 4,
FRLAV002,move to,LOC_중앙킬존남측,21.38989760,-157.74176125,2026-08-04T04:33:14.000Z,UAV 4,
FRT69003,move to,LOC_중앙킬존남측,21.38097332,-157.73240275,2026-08-04T04:33:14.000Z,UAV 4,
FRT69005,move to,LOC_중앙킬존남측,21.38100014,-157.73233777,2026-08-04T04:33:14.000Z,UAV 4,
FRM113002,move to,LOC_중앙킬존남측,21.38982569,-157.74169886,2026-08-04T04:33:14.000Z,UAV 4,
ENGAZ002,move to,LOC_적북측접근로,21.37349402,-157.73315589,2026-08-04T04:33:14.000Z,UAV 4,
ENM35002,move to,LOC_적북측접근로,21.37340544,-157.73283903,2026-08-04T04:33:14.000Z,UAV 4,
FRLAV008,move to,LOC_중앙킬존남측,21.39000596,-157.74175678,2026-08-04T04:33:14.000Z,UAV 4,
ENGAZ003,move to,LOC_적북측접근로,21.37338431,-157.73326221,2026-08-04T04:33:14.000Z,UAV 4,
ENM35001,move to,LOC_적북측접근로,21.37314687,-157.73312307,2026-08-04T04:33:14.000Z,UAV 4,
FRM113006,move to,LOC_중앙킬존남측,21.38989399,-157.74190826,2026-08-04T04:33:14.000Z,UAV 4,
FRMORT004,none,,21.39105358,-157.73697074,2026-08-04T04:33:14.000Z,UAV 4,
FRT69004,move to,LOC_중앙킬존남측,21.38065700,-157.73204394,2026-08-04T04:33:14.000Z,UAV 4,
FRT69008,move to,LOC_중앙킬존남측,21.38096961,-157.73244663,2026-08-04T04:33:14.000Z,UAV 4,
FRT69009,move to,LOC_중앙킬존남측,21.38066035,-157.73234161,2026-08-04T04:33:14.000Z,UAV 4,
FRLAV003,move to,LOC_중앙킬존남측,21.38979255,-157.74180726,2026-08-04T04:33:14.000Z,UAV 4,
ENGAZ004,move to,LOC_적북측접근로,21.37336764,-157.73318922,2026-08-04T04:33:14.000Z,UAV 4,
FRMORT003,FFE-on-Location,LOC_적북측접근로,21.39122072,-157.73728393,2026-08-04T04:33:14.000Z,UAV 4,
FRM113005,move to,LOC_중앙킬존남측,21.38979774,-157.74205529,2026-08-04T04:33:14.000Z,UAV 4,
FRM113001,move to,LOC_중앙킬존남측,21.38988667,-157.74163464,2026-08-04T04:33:14.000Z,UAV 4,
FRM113004,move to,LOC_중앙킬존남측,21.38976158,-157.74194084,2026-08-04T04:33:14.000Z,UAV 4,
FRT69010,move to,LOC_중앙킬존남측,21.38075758,-157.73208913,2026-08-04T04:33:14.000Z,UAV 4,
FRLAV004,move to,LOC_중앙킬존남측,21.38960746,-157.74166506,2026-08-04T04:33:14.000Z,UAV 4,
ENM35004,move to,LOC_적북측접근로,21.37325840,-157.73308610,2026-08-04T04:33:14.000Z,UAV 4,
ENGAZ001,move to,LOC_적북측접근로,21.37344016,-157.73283203,2026-08-04T04:33:14.000Z,UAV 4,
ENGAZ002,move to,LOC_적북측접근로,21.37355760,-157.73319496,2026-08-04T04:33:14.000Z,UAV 4,
ENM35002,move to,LOC_적북측접근로,21.37344884,-157.73286724,2026-08-04T04:33:14.000Z,UAV 4,
ENGAZ003,move to,LOC_적북측접근로,21.37344645,-157.73330083,2026-08-04T04:33:14.000Z,UAV 4,
ENM35001,move to,LOC_적북측접근로,21.37318806,-157.73314957,2026-08-04T04:33:14.000Z,UAV 4,
ENGAZ004,move to,LOC_적북측접근로,21.37342993,-157.73322790,2026-08-04T04:33:14.000Z,UAV 4,
ENM35003,move to,LOC_적북측접근로,21.37360033,-157.73318426,2026-08-04T04:33:14.000Z,UAV 4,
ENM35004,move to,LOC_적북측접근로,21.37325840,-157.73308610,2026-08-04T04:33:15.000Z,UAV 4,
ENGAZ001,move to,LOC_적북측접근로,21.37344016,-157.73283203,2026-08-04T04:33:15.000Z,UAV 4,
ENGAZ002,move to,LOC_적북측접근로,21.37355760,-157.73319496,2026-08-04T04:33:15.000Z,UAV 4,
ENM35002,move to,LOC_적북측접근로,21.37344884,-157.73286724,2026-08-04T04:33:15.000Z,UAV 4,
ENGAZ003,move to,LOC_적북측접근로,21.37344645,-157.73330083,2026-08-04T04:33:15.000Z,UAV 4,
ENM35001,move to,LOC_적북측접근로,21.37318806,-157.73314957,2026-08-04T04:33:15.000Z,UAV 4,
ENGAZ004,move to,LOC_적북측접근로,21.37342993,-157.73322790,2026-08-04T04:33:15.000Z,UAV 4,
ENM35003,move to,LOC_적북측접근로,21.37360033,-157.73318426,2026-08-04T04:33:15.000Z,UAV 4,
FRM901001,none,,21.39546138,-157.73719974,2026-08-04T04:35:36.000Z,UAV 4,
FRT69002,move to,LOC_중앙킬존남측,21.38062312,-157.73220904,2026-08-04T04:35:36.000Z,UAV 4,
FRT69001,move to,LOC_중앙킬존남측,21.38083049,-157.73220700,2026-08-04T04:35:36.000Z,UAV 4,
FRAHS001,FFE-on-Location,LOC_적포병진지,21.39511611,-157.73746058,2026-08-04T04:35:36.000Z,UAV 4,
FRT69006,move to,LOC_중앙킬존남측,21.38096188,-157.73222439,2026-08-04T04:35:36.000Z,UAV 4,
FRT69003,move to,LOC_중앙킬존남측,21.38097332,-157.73240275,2026-08-04T04:35:36.000Z,UAV 4,
FRT69005,move to,LOC_중앙킬존남측,21.38100014,-157.73233777,2026-08-04T04:35:36.000Z,UAV 4,
FRT69004,move to,LOC_중앙킬존남측,21.38065700,-157.73204394,2026-08-04T04:35:36.000Z,UAV 4,
FRM109003,FFE-on-Location,LOC_적북측접근로,21.39546204,-157.73741658,2026-08-04T04:35:36.000Z,UAV 4,
FRM109002,FFE-on-Location,LOC_적박격포진지,21.39535746,-157.73730886,2026-08-04T04:35:36.000Z,UAV 4,
FRT69008,move to,LOC_중앙킬존남측,21.38096961,-157.73244663,2026-08-04T04:35:36.000Z,UAV 4,
FRT69009,move to,LOC_중앙킬존남측,21.38066035,-157.73234161,2026-08-04T04:35:36.000Z,UAV 4,
FRM109001,FFE-on-Location,LOC_적포병진지,21.39515360,-157.73702065,2026-08-04T04:35:36.000Z,UAV 4,
FRAHS002,FFE-on-Location,LOC_적박격포진지,21.39520418,-157.73742074,2026-08-04T04:35:36.000Z,UAV 4,
FRT69010,move to,LOC_중앙킬존남측,21.38075758,-157.73208913,2026-08-04T04:35:36.000Z,UAV 4,
FRM901001,none,,21.39546138,-157.73719974,2026-08-04T04:35:37.000Z,UAV 4,
FRT69002,move to,LOC_중앙킬존남측,21.38062312,-157.73220904,2026-08-04T04:35:37.000Z,UAV 4,
FRT69001,move to,LOC_중앙킬존남측,21.38083049,-157.73220700,2026-08-04T04:35:37.000Z,UAV 4,
FRAHS001,FFE-on-Location,LOC_적포병진지,21.39511611,-157.73746058,2026-08-04T04:35:37.000Z,UAV 4,
FRT69006,move to,LOC_중앙킬존남측,21.38096188,-157.73222439,2026-08-04T04:35:37.000Z,UAV 4,
FRT69003,move to,LOC_중앙킬존남측,21.38097332,-157.73240275,2026-08-04T04:35:37.000Z,UAV 4,
FRT69005,move to,LOC_중앙킬존남측,21.38100014,-157.73233777,2026-08-04T04:35:37.000Z,UAV 4,
FRT69004,move to,LOC_중앙킬존남측,21.38065700,-157.73204394,2026-08-04T04:35:37.000Z,UAV 4,
FRM109003,FFE-on-Location,LOC_적북측접근로,21.39546204,-157.73741658,2026-08-04T04:35:37.000Z,UAV 4,
FRM109002,FFE-on-Location,LOC_적박격포진지,21.39535746,-157.73730886,2026-08-04T04:35:37.000Z,UAV 4,
FRT69008,move to,LOC_중앙킬존남측,21.38096961,-157.73244663,2026-08-04T04:35:37.000Z,UAV 4,
FRT69009,move to,LOC_중앙킬존남측,21.38066035,-157.73234161,2026-08-04T04:35:37.000Z,UAV 4,
FRM109001,FFE-on-Location,LOC_적포병진지,21.39515360,-157.73702065,2026-08-04T04:35:37.000Z,UAV 4,
FRAHS002,FFE-on-Location,LOC_적박격포진지,21.39520418,-157.73742074,2026-08-04T04:35:37.000Z,UAV 4,
FRT69010,move to,LOC_중앙킬존남측,21.38075758,-157.73208913,2026-08-04T04:35:37.000Z,UAV 4,
FRM901001,none,,21.39546138,-157.73719974,2026-08-04T04:36:55.000Z,UAV 4,
FRT69002,move to,LOC_중앙킬존남측,21.38062312,-157.73220904,2026-08-04T04:36:55.000Z,UAV 4,
FRT69001,move to,LOC_중앙킬존남측,21.38083049,-157.73220700,2026-08-04T04:36:55.000Z,UAV 4,
FRAHS001,FFE-on-Location,LOC_적포병진지,21.39511611,-157.73746058,2026-08-04T04:36:55.000Z,UAV 4,
FRT69006,move to,LOC_중앙킬존남측,21.38096188,-157.73222439,2026-08-04T04:36:55.000Z,UAV 4,
FRT69003,move to,LOC_중앙킬존남측,21.38097332,-157.73240275,2026-08-04T04:36:55.000Z,UAV 4,
FRT69005,move to,LOC_중앙킬존남측,21.38100014,-157.73233777,2026-08-04T04:36:55.000Z,UAV 4,
FRT69004,move to,LOC_중앙킬존남측,21.38065700,-157.73204394,2026-08-04T04:36:55.000Z,UAV 4,
FRM109003,FFE-on-Location,LOC_적북측접근로,21.39546204,-157.73741658,2026-08-04T04:36:55.000Z,UAV 4,
FRM109002,FFE-on-Location,LOC_적박격포진지,21.39535746,-157.73730886,2026-08-04T04:36:55.000Z,UAV 4,
FRT69008,move to,LOC_중앙킬존남측,21.38096961,-157.73244663,2026-08-04T04:36:55.000Z,UAV 4,
FRT69009,move to,LOC_중앙킬존남측,21.38066035,-157.73234161,2026-08-04T04:36:55.000Z,UAV 4,
FRM109001,FFE-on-Location,LOC_적포병진지,21.39515360,-157.73702065,2026-08-04T04:36:55.000Z,UAV 4,
FRAHS002,FFE-on-Location,LOC_적박격포진지,21.39520418,-157.73742074,2026-08-04T04:36:55.000Z,UAV 4,
FRT69010,move to,LOC_중앙킬존남측,21.38075758,-157.73208913,2026-08-04T04:36:55.000Z,UAV 4,
FRM901001,none,,21.39546138,-157.73719974,2026-08-04T04:36:55.000Z,UAV 4,
FRT69002,move to,LOC_중앙킬존남측,21.38062312,-157.73220904,2026-08-04T04:36:55.000Z,UAV 4,
FRT69001,move to,LOC_중앙킬존남측,21.38083049,-157.73220700,2026-08-04T04:36:55.000Z,UAV 4,
FRAHS001,FFE-on-Location,LOC_적포병진지,21.39511611,-157.73746058,2026-08-04T04:36:55.000Z,UAV 4,
FRT69006,move to,LOC_중앙킬존남측,21.38096188,-157.73222439,2026-08-04T04:36:55.000Z,UAV 4,
FRT69003,move to,LOC_중앙킬존남측,21.38097332,-157.73240275,2026-08-04T04:36:55.000Z,UAV 4,
FRT69005,move to,LOC_중앙킬존남측,21.38100014,-157.73233777,2026-08-04T04:36:55.000Z,UAV 4,
FRT69004,move to,LOC_중앙킬존남측,21.38065700,-157.73204394,2026-08-04T04:36:55.000Z,UAV 4,
FRM109003,FFE-on-Location,LOC_적북측접근로,21.39546204,-157.73741658,2026-08-04T04:36:55.000Z,UAV 4,
FRM109002,FFE-on-Location,LOC_적박격포진지,21.39535746,-157.73730886,2026-08-04T04:36:55.000Z,UAV 4,
FRT69008,move to,LOC_중앙킬존남측,21.38096961,-157.73244663,2026-08-04T04:36:55.000Z,UAV 4,
FRT69009,move to,LOC_중앙킬존남측,21.38066035,-157.73234161,2026-08-04T04:36:55.000Z,UAV 4,
FRM109001,FFE-on-Location,LOC_적포병진지,21.39515360,-157.73702065,2026-08-04T04:36:55.000Z,UAV 4,
FRAHS002,FFE-on-Location,LOC_적박격포진지,21.39520418,-157.73742074,2026-08-04T04:36:55.000Z,UAV 4,
FRT69010,move to,LOC_중앙킬존남측,21.38075758,-157.73208913,2026-08-04T04:36:55.000Z,UAV 4,
