rule_id,layer,predicate,subject,object,provenance
R1,derived,suppresses,FR-INF-001,EN-INF-001,E01495|E01497
R1,derived,suppresses,FR-INF-002,EN-INF-002,E01503|E01505
R1,derived,suppresses,FR-INF-003,EN-INF-003,E01511|E01513
R1,derived,suppresses,FR-INF-004,EN-INF-004,E01519|E01521
R1,derived,suppresses,FR-INF-005,EN-INF-005,E01527|E01529
R1,derived,suppresses,FR-INF-006,EN-INF-006,E01535|E01537
R1,derived,suppresses,FR-INF-007,EN-INF-007,E01543|E01545
R1,derived,suppresses,FR-INF-008,EN-INF-008,E01551|E01553
R1,derived,suppresses,FR-INF-009,EN-INF-009,E01559|E01561
R1,derived,suppresses,FR-INF-010,EN-INF-010,E01567|E01569
R1,derived,suppresses,FR-INF-011,EN-INF-011,E01575|E01577
R1,derived,suppresses,FR-INF-012,EN-INF-012,E01583|E01585
R1,derived,suppresses,FR-INF-013,EN-INF-013,E01591|E01593
R1,derived,suppresses,FR-INF-014,EN-INF-014,E01599|E01601
R1,derived,suppresses,FR-INF-015,EN-INF-015,E01607|E01609
R1,derived,suppresses,FR-INF-016,EN-INF-016,E01615|E01617
R1,derived,suppresses,FR-INF-017,EN-INF-017,E01623|E01625
R1,derived,suppresses,FR-INF-018,EN-INF-018,E01631|E01633
R1,derived,suppresses,FR-INF-019,EN-INF-019,E01639|E01641
R1,derived,suppresses,FR-INF-020,EN-INF-020,E01647|E01649
R1,derived,suppresses,FR-INF-021,EN-INF-021,E01655|E01657
R1,derived,suppresses,FR-INF-022,EN-INF-022,E01663|E01665
R1,derived,suppresses,FR-INF-023,EN-INF-023,E01671|E01673
R1,derived,suppresses,FR-INF-024,EN-INF-024,E01679|E01681
R1,derived,suppresses,FR-INF-025,EN-INF-025,E01687|E01689
R1,derived,suppresses,FR-INF-026,EN-INF-026,E01695|E01697
R1,derived,suppresses,FR-INF-027,EN-INF-027,E01703|E01705
R1,derived,suppresses,FR-INF-028,EN-INF-028,E01711|E01713
R1,derived,suppresses,FR-INF-029,EN-INF-029,E01719|E01721
R1,derived,suppresses,FR-INF-030,EN-INF-030,E01727|E01729
R1,derived,suppresses,FR-INF-031,EN-INF-031,E01735|E01737
R1,derived,suppresses,FR-INF-032,EN-INF-032,E01743|E01745
R1,derived,suppresses,FR-INF-033,EN-INF-033,E01751|E01753
R1,derived,suppresses,FR-INF-034,EN-INF-034,E01759|E01761
R1,derived,suppresses,FR-INF-035,EN-INF-035,E01767|E01769
R2,derived,damages,FR-INF-036,EN-T72-001,E01775|E01777
R2,derived,damages,FR-INF-037,EN-T72-002,E01783|E01785
R2,derived,damages,FR-INF-038,EN-T72-003,E01791|E01793
R2,derived,damages,FR-INF-039,EN-T72-004,E01799|E01801
R2,derived,damages,FR-INF-040,EN-T72-005,E01807|E01809
R2,derived,damages,FR-INF-041,EN-T72-006,E01815|E01817
R2,derived,damages,FR-INF-042,EN-T72-007,E01823|E01825
R2,derived,damages,FR-INF-043,EN-T72-008,E01831|E01833
R2,derived,damages,FR-INF-044,EN-T72-009,E01839|E01841
R2,derived,damages,FR-INF-045,EN-T72-010,E01847|E01849
R2,derived,damages,FR-INF-046,EN-T72-011,E01855|E01857
R2,derived,damages,FR-INF-047,EN-T72-012,E01863|E01865
R2,derived,damages,FR-INF-048,EN-M1A2-001,E01871|E01873
R2,derived,damages,FR-INF-049,EN-M1A2-002,E01879|E01881
R2,derived,damages,FR-INF-050,EN-M1A2-003,E01887|E01889
R2,derived,damages,FR-INF-051,EN-M1A2-004,E01895|E01897
R2,derived,damages,FR-INF-052,EN-M1A2-005,E01903|E01905
R2,derived,damages,FR-INF-053,EN-BTR60-001,E01911|E01913
R1,derived,suppresses,EN-INF-036,FR-INF-001,E01919|E01921
R1,derived,suppresses,EN-INF-037,FR-INF-002,E01927|E01929
R1,derived,suppresses,EN-INF-038,FR-INF-003,E01935|E01937
R1,derived,suppresses,EN-INF-039,FR-INF-004,E01943|E01945
R1,derived,suppresses,EN-INF-040,FR-INF-005,E01951|E01953
R1,derived,suppresses,EN-INF-041,FR-INF-006,E01959|E01961
R1,derived,suppresses,EN-INF-042,FR-INF-007,E01967|E01969
R1,derived,suppresses,EN-INF-043,FR-INF-008,E01975|E01977
R1,derived,suppresses,EN-INF-044,FR-INF-009,E01983|E01985
R1,derived,suppresses,EN-INF-045,FR-INF-010,E01991|E01993
R1,derived,suppresses,EN-INF-046,FR-INF-011,E01999|E02001
R1,derived,suppresses,EN-INF-047,FR-INF-012,E02007|E02009
R1,derived,suppresses,EN-INF-048,FR-INF-013,E02015|E02017
R1,derived,suppresses,EN-INF-049,FR-INF-014,E02023|E02025
R1,derived,suppresses,EN-INF-050,FR-INF-015,E02031|E02033
R1,derived,suppresses,EN-INF-051,FR-INF-016,E02039|E02041
R2,derived,damages,EN-INF-052,FR-T69-001,E02047|E02049
R2,derived,damages,EN-INF-053,FR-T69-002,E02055|E02057
R2,derived,damages,EN-INF-054,FR-T69-003,E02063|E02065
R2,derived,damages,EN-INF-055,FR-T69-004,E02071|E02073
R2,derived,damages,EN-INF-056,FR-T69-005,E02079|E02081
R2,derived,damages,EN-INF-057,FR-T69-006,E02087|E02089
R2,derived,damages,EN-INF-058,FR-T69-007,E02095|E02097
R2,derived,damages,EN-INF-059,FR-T69-008,E02103|E02105
R3,derived,causes,E01494,E01495,E01494|E01495
R3,derived,causes,E01499,E01503,E01499|E01503
R3,derived,causes,E01507,E01511,E01507|E01511
R3,derived,causes,E01515,E01519,E01515|E01519
R3,derived,causes,E01523,E01527,E01523|E01527
R3,derived,causes,E01531,E01535,E01531|E01535
R3,derived,causes,E01539,E01543,E01539|E01543
R3,derived,causes,E01547,E01551,E01547|E01551
R3,derived,causes,E01555,E01559,E01555|E01559
R3,derived,causes,E01563,E01567,E01563|E01567
R3,derived,causes,E01571,E01575,E01571|E01575
R3,derived,causes,E01579,E01583,E01579|E01583
R3,derived,causes,E01587,E01591,E01587|E01591
R3,derived,causes,E01595,E01599,E01595|E01599
R3,derived,causes,E01603,E01607,E01603|E01607
R3,derived,causes,E01611,E01615,E01611|E01615
R3,derived,causes,E01619,E01623,E01619|E01623
R3,derived,causes,E01627,E01631,E01627|E01631
R3,derived,causes,E01635,E01639,E01635|E01639
R3,derived,causes,E01643,E01647,E01643|E01647
R3,derived,causes,E01651,E01655,E01651|E01655
R3,derived,causes,E01659,E01663,E01659|E01663
R3,derived,causes,E01667,E01671,E01667|E01671
R3,derived,causes,E01675,E01679,E01675|E01679
R3,derived,causes,E01683,E01687,E01683|E01687
R3,derived,causes,E01691,E01695,E01691|E01695
R3,derived,causes,E01699,E01703,E01699|E01703
R3,derived,causes,E01707,E01711,E01707|E01711
R3,derived,causes,E01715,E01719,E01715|E01719
R3,derived,causes,E01723,E01727,E01723|E01727
R3,derived,causes,E01731,E01735,E01731|E01735
R3,derived,causes,E01739,E01743,E01739|E01743
R3,derived,causes,E01747,E01751,E01747|E01751
R3,derived,causes,E01755,E01759,E01755|E01759
R3,derived,causes,E01763,E01767,E01763|E01767
R3,derived,causes,E01771,E01775,E01771|E01775
R3,derived,causes,E01779,E01783,E01779|E01783
R3,derived,causes,E01787,E01791,E01787|E01791
R3,derived,causes,E01795,E01799,E01795|E01799
R3,derived,causes,E01803,E01807,E01803|E01807
R3,derived,causes,E01811,E01815,E01811|E01815
R3,derived,causes,E01819,E01823,E01819|E01823
R3,derived,causes,E01827,E01831,E01827|E01831
R3,derived,causes,E01835,E01839,E01835|E01839
R3,derived,causes,E01843,E01847,E01843|E01847
R3,derived,causes,E01851,E01855,E01851|E01855
R3,derived,causes,E01859,E01863,E01859|E01863
R3,derived,causes,E01867,E01871,E01867|E01871
R3,derived,causes,E01875,E01879,E01875|E01879
R3,derived,causes,E01883,E01887,E01883|E01887
R3,derived,causes,E01891,E01895,E01891|E01895
R3,derived,causes,E01899,E01903,E01899|E01903
R3,derived,causes,E01907,E01911,E01907|E01911
R3,derived,causes,E01915,E01919,E01915|E01919
R3,derived,causes,E01923,E01927,E01923|E01927
R3,derived,causes,E01931,E01935,E01931|E01935
R3,derived,causes,E01939,E01943,E01939|E01943
R3,derived,causes,E01947,E01951,E01947|E01951
R3,derived,causes,E01955,E01959,E01955|E01959
R3,derived,causes,E01963,E01967,E01963|E01967
R3,derived,causes,E01971,E01975,E01971|E01975
R3,derived,causes,E01979,E01983,E01979|E01983
R3,derived,causes,E01987,E01991,E01987|E01991
R3,derived,causes,E01995,E01999,E01995|E01999
R3,derived,causes,E02003,E02007,E02003|E02007
R3,derived,causes,E02011,E02015,E02011|E02015
R3,derived,causes,E02019,E02023,E02019|E02023
R3,derived,causes,E02027,E02031,E02027|E02031
R3,derived,causes,E02035,E02039,E02035|E02039
R3,derived,causes,E02043,E02047,E02043|E02047
R3,derived,causes,E02051,E02055,E02051|E02055
R3,derived,causes,E02059,E02063,E02059|E02063
R3,derived,causes,E02067,E02071,E02067|E02071
R3,derived,causes,E02075,E02079,E02075|E02079
R3,derived,causes,E02083,E02087,E02083|E02087
R3,derived,causes,E02091,E02095,E02091|E02095
R3,derived,causes,E02099,E02103,E02099|E02103
R4,derived,firesUpon,FR-MORT-001,EN-FP-001,E01091|E01095|E01097
R4,derived,causes,E01091,E01097,E01091|E01095|E01097
R4,derived,firesUpon,FR-MORT-002,EN-FP-002,E01102|E01106|E01108
R4,derived,causes,E01102,E01108,E01102|E01106|E01108
R4,derived,firesUpon,FR-MORT-003,EN-RT-001,E01113|E01117|E01119
R4,derived,causes,E01113,E01119,E01113|E01117|E01119
R4,derived,firesUpon,FR-MORT-004,OBJ-009,E01124|E01128|E01130
R4,derived,causes,E01124,E01130,E01124|E01128|E01130
R4,derived,firesUpon,FR-M109-001,EN-FP-001,E01135|E01139|E01141
R4,derived,causes,E01135,E01141,E01135|E01139|E01141
R4,derived,firesUpon,FR-M109-002,EN-FP-002,E01146|E01150|E01152
R4,derived,causes,E01146,E01152,E01146|E01150|E01152
R4,derived,firesUpon,FR-M109-003,EN-RT-001,E01157|E01161|E01163
R4,derived,causes,E01157,E01163,E01157|E01161|E01163
R4,derived,firesUpon,FR-M109-004,OBJ-009,E01168|E01172|E01174
R4,derived,causes,E01168,E01174,E01168|E01172|E01174
R4,derived,firesUpon,FR-AHS-001,EN-FP-001,E01179|E01183|E01185
R4,derived,causes,E01179,E01185,E01179|E01183|E01185
R4,derived,firesUpon,FR-AHS-002,EN-FP-002,E01190|E01194|E01196
R4,derived,causes,E01190,E01196,E01190|E01194|E01196
R4,derived,firesUpon,FR-M901-001,EN-RT-001,E01201|E01205|E01207
R4,derived,causes,E01201,E01207,E01201|E01205|E01207
R4,derived,firesUpon,EN-MORT-001,OBJ-009,E01212|E01216|E01218
R4,derived,causes,E01212,E01218,E01212|E01216|E01218
R4,derived,firesUpon,EN-MORT-002,FR-LN-001,E01223|E01227|E01229
R4,derived,causes,E01223,E01229,E01223|E01227|E01229
R4,derived,firesUpon,EN-MORT-003,FR-FP-001,E01234|E01238|E01240
R4,derived,causes,E01234,E01240,E01234|E01238|E01240
R4,derived,firesUpon,EN-MORT-004,FR-FP-002,E01245|E01249|E01251
R4,derived,causes,E01245,E01251,E01245|E01249|E01251
R4,derived,firesUpon,EN-MORT-005,OBJ-009,E01256|E01260|E01262
R4,derived,causes,E01256,E01262,E01256|E01260|E01262
R4,derived,firesUpon,EN-CAESAR-001,FR-LN-001,E01267|E01271|E01273
R4,derived,causes,E01267,E01273,E01267|E01271|E01273
R4,derived,firesUpon,EN-CAESAR-002,FR-FP-001,E01278|E01282|E01284
R4,derived,causes,E01278,E01284,E01278|E01282|E01284
R4,derived,firesUpon,EN-CAESAR-003,FR-FP-002,E01289|E01293|E01295
R4,derived,causes,E01289,E01295,E01289|E01293|E01295
R4,derived,firesUpon,EN-CAESAR-004,OBJ-009,E01300|E01304|E01306
R4,derived,causes,E01300,E01306,E01300|E01304|E01306
R4,derived,firesUpon,EN-MIM-001,FR-LN-001,E01311|E01315|E01317
R4,derived,causes,E01311,E01317,E01311|E01315|E01317
R6,derived,unitSuppressed,UNIT-EN-INF-CO1-PL1,제압,E01495|E01497|E01503|E01505|E01511|E01513|E01519|E01521|E01527|E01529|E01535|E01537|E01543|E01545|E01551|E01553|E01559|E01561|E01567|E01569|E01575|E01577|E01583|E01585|E01591|E01593|E01599|E01601|E01607|E01609|E01615|E01617|E01623|E01625|E01631|E01633|E01639|E01641|E01647|E01649
R6,derived,unitSuppressed,UNIT-EN-INF-CO1-PL2,제압,E01655|E01657|E01663|E01665|E01671|E01673|E01679|E01681|E01687|E01689|E01695|E01697|E01703|E01705|E01711|E01713|E01719|E01721|E01727|E01729|E01735|E01737|E01743|E01745|E01751|E01753|E01759|E01761|E01767|E01769
R6,derived,unitSuppressed,UNIT-FR-INF-CO1-PL1,제압,E01919|E01921|E01927|E01929|E01935|E01937|E01943|E01945|E01951|E01953|E01959|E01961|E01967|E01969|E01975|E01977|E01983|E01985|E01991|E01993|E01999|E02001|E02007|E02009|E02015|E02017|E02023|E02025|E02031|E02033|E02039|E02041
R7,derived,precedes,E00001,E00002,E00001|E00002
R7,derived,precedes,E00002,E00923,E00002|E00923
R7,derived,precedes,E00923,E00924,E00923|E00924
R7,derived,precedes,E00924,E01494,E00924|E01494
R7,derived,precedes,E01494,E01919,E01494|E01919
R7,derived,precedes,E01919,E01920,E01919|E01920
R7,derived,precedes,E01920,E01921,E01920|E01921
R7,derived,precedes,E01921,E01922,E01921|E01922
R7,derived,precedes,E01922,E02609,E01922|E02609
R7,derived,precedes,E00003,E00004,E00003|E00004
R7,derived,precedes,E00004,E00925,E00004|E00925
R7,derived,precedes,E00925,E00926,E00925|E00926
R7,derived,precedes,E00926,E01499,E00926|E01499
R7,derived,precedes,E01499,E01500,E01499|E01500
R7,derived,precedes,E01500,E01502,E01500|E01502
R7,derived,precedes,E01502,E01927,E01502|E01927
R7,derived,precedes,E01927,E01928,E01927|E01928
R7,derived,precedes,E01928,E01929,E01928|E01929
R7,derived,precedes,E01929,E01930,E01929|E01930
R7,derived,precedes,E01930,E02611,E01930|E02611
R7,derived,precedes,E00005,E00006,E00005|E00006
R7,derived,precedes,E00006,E00927,E00006|E00927
R7,derived,precedes,E00927,E00928,E00927|E00928
R7,derived,precedes,E00928,E01507,E00928|E01507
R7,derived,precedes,E01507,E01508,E01507|E01508
R7,derived,precedes,E01508,E01510,E01508|E01510
R7,derived,precedes,E01510,E01935,E01510|E01935
R7,derived,precedes,E01935,E01936,E01935|E01936
R7,derived,precedes,E01936,E01937,E01936|E01937
R7,derived,precedes,E01937,E01938,E01937|E01938
R7,derived,precedes,E01938,E02613,E01938|E02613
R7,derived,precedes,E00007,E00008,E00007|E00008
R7,derived,precedes,E00008,E00929,E00008|E00929
R7,derived,precedes,E00929,E00930,E00929|E00930
R7,derived,precedes,E00930,E01515,E00930|E01515
R7,derived,precedes,E01515,E01516,E01515|E01516
R7,derived,precedes,E01516,E01518,E01516|E01518
R7,derived,precedes,E01518,E01943,E01518|E01943
R7,derived,precedes,E01943,E01944,E01943|E01944
R7,derived,precedes,E01944,E01945,E01944|E01945
R7,derived,precedes,E01945,E01946,E01945|E01946
R7,derived,precedes,E01946,E02615,E01946|E02615
R7,derived,precedes,E00009,E00010,E00009|E00010
R7,derived,precedes,E00010,E00931,E00010|E00931
R7,derived,precedes,E00931,E00932,E00931|E00932
R7,derived,precedes,E00932,E01523,E00932|E01523
R7,derived,precedes,E01523,E01524,E01523|E01524
R7,derived,precedes,E01524,E01526,E01524|E01526
R7,derived,precedes,E01526,E01951,E01526|E01951
R7,derived,precedes,E01951,E01952,E01951|E01952
R7,derived,precedes,E01952,E01953,E01952|E01953
R7,derived,precedes,E01953,E01954,E01953|E01954
R7,derived,precedes,E01954,E02617,E01954|E02617
R7,derived,precedes,E00011,E00012,E00011|E00012
R7,derived,precedes,E00012,E00933,E00012|E00933
R7,derived,precedes,E00933,E00934,E00933|E00934
R7,derived,precedes,E00934,E01531,E00934|E01531
R7,derived,precedes,E01531,E01532,E01531|E01532
R7,derived,precedes,E01532,E01534,E01532|E01534
R7,derived,precedes,E01534,E01959,E01534|E01959
R7,derived,precedes,E01959,E01960,E01959|E01960
R7,derived,precedes,E01960,E01961,E01960|E01961
R7,derived,precedes,E01961,E01962,E01961|E01962
R7,derived,precedes,E01962,E02619,E01962|E02619
R7,derived,precedes,E00013,E00014,E00013|E00014
R7,derived,precedes,E00014,E00935,E00014|E00935
R7,derived,precedes,E00935,E00936,E00935|E00936
R7,derived,precedes,E00936,E01539,E00936|E01539
R7,derived,precedes,E01539,E01540,E01539|E01540
R7,derived,precedes,E01540,E01542,E01540|E01542
R7,derived,precedes,E01542,E01967,E01542|E01967
R7,derived,precedes,E01967,E01968,E01967|E01968
R7,derived,precedes,E01968,E01969,E01968|E01969
R7,derived,precedes,E01969,E01970,E01969|E01970
R7,derived,precedes,E01970,E02621,E01970|E02621
R7,derived,precedes,E00015,E00016,E00015|E00016
R7,derived,precedes,E00016,E00937,E00016|E00937
R7,derived,precedes,E00937,E00938,E00937|E00938
R7,derived,precedes,E00938,E01547,E00938|E01547
R7,derived,precedes,E01547,E01548,E01547|E01548
R7,derived,precedes,E01548,E01550,E01548|E01550
R7,derived,precedes,E01550,E01975,E01550|E01975
R7,derived,precedes,E01975,E01976,E01975|E01976
R7,derived,precedes,E01976,E01977,E01976|E01977
R7,derived,precedes,E01977,E01978,E01977|E01978
R7,derived,precedes,E01978,E02623,E01978|E02623
R7,derived,precedes,E00017,E00018,E00017|E00018
R7,derived,precedes,E00018,E00939,E00018|E00939
R7,derived,precedes,E00939,E00940,E00939|E00940
R7,derived,precedes,E00940,E01555,E00940|E01555
R7,derived,precedes,E01555,E01556,E01555|E01556
R7,derived,precedes,E01556,E01558,E01556|E01558
R7,derived,precedes,E01558,E01983,E01558|E01983
R7,derived,precedes,E01983,E01984,E01983|E01984
R7,derived,precedes,E01984,E01985,E01984|E01985
R7,derived,precedes,E01985,E01986,E01985|E01986
R7,derived,precedes,E01986,E02625,E01986|E02625
R7,derived,precedes,E00019,E00020,E00019|E00020
R7,derived,precedes,E00020,E00941,E00020|E00941
R7,derived,precedes,E00941,E00942,E00941|E00942
R7,derived,precedes,E00942,E01563,E00942|E01563
R7,derived,precedes,E01563,E01564,E01563|E01564
R7,derived,precedes,E01564,E01566,E01564|E01566
R7,derived,precedes,E01566,E01991,E01566|E01991
R7,derived,precedes,E01991,E01992,E01991|E01992
R7,derived,precedes,E01992,E01993,E01992|E01993
R7,derived,precedes,E01993,E01994,E01993|E01994
R7,derived,precedes,E01994,E02627,E01994|E02627
R7,derived,precedes,E00021,E00022,E00021|E00022
R7,derived,precedes,E00022,E00943,E00022|E00943
R7,derived,precedes,E00943,E00944,E00943|E00944
R7,derived,precedes,E00944,E01571,E00944|E01571
R7,derived,precedes,E01571,E01572,E01571|E01572
R7,derived,precedes,E01572,E01574,E01572|E01574
R7,derived,precedes,E01574,E01999,E01574|E01999
R7,derived,precedes,E01999,E02000,E01999|E02000
R7,derived,precedes,E02000,E02001,E02000|E02001
R7,derived,precedes,E02001,E02002,E02001|E02002
R7,derived,precedes,E02002,E02629,E02002|E02629
R7,derived,precedes,E00023,E00024,E00023|E00024
R7,derived,precedes,E00024,E00945,E00024|E00945
R7,derived,precedes,E00945,E00946,E00945|E00946
R7,derived,precedes,E00946,E01579,E00946|E01579
R7,derived,precedes,E01579,E01580,E01579|E01580
R7,derived,precedes,E01580,E01582,E01580|E01582
R7,derived,precedes,E01582,E02007,E01582|E02007
R7,derived,precedes,E02007,E02008,E02007|E02008
R7,derived,precedes,E02008,E02009,E02008|E02009
R7,derived,precedes,E02009,E02010,E02009|E02010
R7,derived,precedes,E02010,E02631,E02010|E02631
R7,derived,precedes,E00025,E00026,E00025|E00026
R7,derived,precedes,E00026,E00947,E00026|E00947
R7,derived,precedes,E00947,E00948,E00947|E00948
R7,derived,precedes,E00948,E01587,E00948|E01587
R7,derived,precedes,E01587,E01588,E01587|E01588
R7,derived,precedes,E01588,E01590,E01588|E01590
R7,derived,precedes,E01590,E02015,E01590|E02015
R7,derived,precedes,E02015,E02016,E02015|E02016
R7,derived,precedes,E02016,E02017,E02016|E02017
R7,derived,precedes,E02017,E02018,E02017|E02018
R7,derived,precedes,E02018,E02633,E02018|E02633
R7,derived,precedes,E00027,E00028,E00027|E00028
R7,derived,precedes,E00028,E00949,E00028|E00949
R7,derived,precedes,E00949,E00950,E00949|E00950
R7,derived,precedes,E00950,E01595,E00950|E01595
R7,derived,precedes,E01595,E01596,E01595|E01596
R7,derived,precedes,E01596,E01598,E01596|E01598
R7,derived,precedes,E01598,E02023,E01598|E02023
R7,derived,precedes,E02023,E02024,E02023|E02024
R7,derived,precedes,E02024,E02025,E02024|E02025
R7,derived,precedes,E02025,E02026,E02025|E02026
R7,derived,precedes,E02026,E02635,E02026|E02635
R7,derived,precedes,E00029,E00030,E00029|E00030
R7,derived,precedes,E00030,E00951,E00030|E00951
R7,derived,precedes,E00951,E00952,E00951|E00952
R7,derived,precedes,E00952,E01603,E00952|E01603
R7,derived,precedes,E01603,E01604,E01603|E01604
R7,derived,precedes,E01604,E01606,E01604|E01606
R7,derived,precedes,E01606,E02031,E01606|E02031
R7,derived,precedes,E02031,E02032,E02031|E02032
R7,derived,precedes,E02032,E02033,E02032|E02033
R7,derived,precedes,E02033,E02034,E02033|E02034
R7,derived,precedes,E02034,E02637,E02034|E02637
R7,derived,precedes,E00031,E00032,E00031|E00032
R7,derived,precedes,E00032,E00953,E00032|E00953
R7,derived,precedes,E00953,E00954,E00953|E00954
R7,derived,precedes,E00954,E01611,E00954|E01611
R7,derived,precedes,E01611,E01612,E01611|E01612
R7,derived,precedes,E01612,E01614,E01612|E01614
R7,derived,precedes,E01614,E02039,E01614|E02039
R7,derived,precedes,E02039,E02040,E02039|E02040
R7,derived,precedes,E02040,E02041,E02040|E02041
R7,derived,precedes,E02041,E02042,E02041|E02042
R7,derived,precedes,E02042,E02639,E02042|E02639
R7,derived,precedes,E00033,E00034,E00033|E00034
R7,derived,precedes,E00034,E00955,E00034|E00955
R7,derived,precedes,E00955,E00956,E00955|E00956
R7,derived,precedes,E00956,E01619,E00956|E01619
R7,derived,precedes,E01619,E01620,E01619|E01620
R7,derived,precedes,E01620,E01622,E01620|E01622
R7,derived,precedes,E01622,E02107,E01622|E02107
R7,derived,precedes,E02107,E02108,E02107|E02108
R7,derived,precedes,E02108,E02797,E02108|E02797
R7,derived,precedes,E00035,E00036,E00035|E00036
R7,derived,precedes,E00036,E00957,E00036|E00957
R7,derived,precedes,E00957,E00958,E00957|E00958
R7,derived,precedes,E00958,E01627,E00958|E01627
R7,derived,precedes,E01627,E01628,E01627|E01628
R7,derived,precedes,E01628,E01630,E01628|E01630
R7,derived,precedes,E01630,E02109,E01630|E02109
R7,derived,precedes,E02109,E02110,E02109|E02110
R7,derived,precedes,E02110,E02799,E02110|E02799
R7,derived,precedes,E00037,E00038,E00037|E00038
R7,derived,precedes,E00038,E00959,E00038|E00959
R7,derived,precedes,E00959,E00960,E00959|E00960
R7,derived,precedes,E00960,E01635,E00960|E01635
R7,derived,precedes,E01635,E01636,E01635|E01636
R7,derived,precedes,E01636,E01638,E01636|E01638
R7,derived,precedes,E01638,E02111,E01638|E02111
R7,derived,precedes,E02111,E02112,E02111|E02112
R7,derived,precedes,E02112,E02801,E02112|E02801
R7,derived,precedes,E00039,E00040,E00039|E00040
R7,derived,precedes,E00040,E00961,E00040|E00961
R7,derived,precedes,E00961,E00962,E00961|E00962
R7,derived,precedes,E00962,E01643,E00962|E01643
R7,derived,precedes,E01643,E01644,E01643|E01644
R7,derived,precedes,E01644,E01646,E01644|E01646
R7,derived,precedes,E01646,E02113,E01646|E02113
R7,derived,precedes,E02113,E02114,E02113|E02114
R7,derived,precedes,E02114,E02803,E02114|E02803
R7,derived,precedes,E00041,E00042,E00041|E00042
R7,derived,precedes,E00042,E00963,E00042|E00963
R7,derived,precedes,E00963,E00964,E00963|E00964
R7,derived,precedes,E00964,E01651,E00964|E01651
R7,derived,precedes,E01651,E01652,E01651|E01652
R7,derived,precedes,E01652,E01654,E01652|E01654
R7,derived,precedes,E01654,E02115,E01654|E02115
R7,derived,precedes,E02115,E02116,E02115|E02116
R7,derived,precedes,E02116,E02805,E02116|E02805
R7,derived,precedes,E00043,E00044,E00043|E00044
R7,derived,precedes,E00044,E00965,E00044|E00965
R7,derived,precedes,E00965,E00966,E00965|E00966
R7,derived,precedes,E00966,E01659,E00966|E01659
R7,derived,precedes,E01659,E01660,E01659|E01660
R7,derived,precedes,E01660,E01662,E01660|E01662
R7,derived,precedes,E01662,E02117,E01662|E02117
R7,derived,precedes,E02117,E02118,E02117|E02118
R7,derived,precedes,E02118,E02807,E02118|E02807
R7,derived,precedes,E00045,E00046,E00045|E00046
R7,derived,precedes,E00046,E00967,E00046|E00967
R7,derived,precedes,E00967,E00968,E00967|E00968
R7,derived,precedes,E00968,E01667,E00968|E01667
R7,derived,precedes,E01667,E01668,E01667|E01668
R7,derived,precedes,E01668,E01670,E01668|E01670
R7,derived,precedes,E01670,E02119,E01670|E02119
R7,derived,precedes,E02119,E02120,E02119|E02120
R7,derived,precedes,E02120,E02809,E02120|E02809
R7,derived,precedes,E00047,E00048,E00047|E00048
R7,derived,precedes,E00048,E00969,E00048|E00969
R7,derived,precedes,E00969,E00970,E00969|E00970
R7,derived,precedes,E00970,E01675,E00970|E01675
R7,derived,precedes,E01675,E01676,E01675|E01676
R7,derived,precedes,E01676,E01678,E01676|E01678
R7,derived,precedes,E01678,E02121,E01678|E02121
R7,derived,precedes,E02121,E02122,E02121|E02122
R7,derived,precedes,E02122,E02811,E02122|E02811
R7,derived,precedes,E00049,E00050,E00049|E00050
R7,derived,precedes,E00050,E00971,E00050|E00971
R7,derived,precedes,E00971,E00972,E00971|E00972
R7,derived,precedes,E00972,E01683,E00972|E01683
R7,derived,precedes,E01683,E01684,E01683|E01684
R7,derived,precedes,E01684,E01686,E01684|E01686
R7,derived,precedes,E01686,E02123,E01686|E02123
R7,derived,precedes,E02123,E02124,E02123|E02124
R7,derived,precedes,E02124,E02813,E02124|E02813
R7,derived,precedes,E00051,E00052,E00051|E00052
R7,derived,precedes,E00052,E00973,E00052|E00973
R7,derived,precedes,E00973,E00974,E00973|E00974
R7,derived,precedes,E00974,E01691,E00974|E01691
R7,derived,precedes,E01691,E01692,E01691|E01692
R7,derived,precedes,E01692,E01694,E01692|E01694
R7,derived,precedes,E01694,E02125,E01694|E02125
R7,derived,precedes,E02125,E02126,E02125|E02126
R7,derived,precedes,E02126,E02815,E02126|E02815
R7,derived,precedes,E00053,E00054,E00053|E00054
R7,derived,precedes,E00054,E00975,E00054|E00975
R7,derived,precedes,E00975,E00976,E00975|E00976
R7,derived,precedes,E00976,E01699,E00976|E01699
R7,derived,precedes,E01699,E01700,E01699|E01700
R7,derived,precedes,E01700,E01702,E01700|E01702
R7,derived,precedes,E01702,E02127,E01702|E02127
R7,derived,precedes,E02127,E02128,E02127|E02128
R7,derived,precedes,E02128,E02817,E02128|E02817
R7,derived,precedes,E00055,E00056,E00055|E00056
R7,derived,precedes,E00056,E00977,E00056|E00977
R7,derived,precedes,E00977,E00978,E00977|E00978
R7,derived,precedes,E00978,E01707,E00978|E01707
R7,derived,precedes,E01707,E01708,E01707|E01708
R7,derived,precedes,E01708,E01710,E01708|E01710
R7,derived,precedes,E01710,E02129,E01710|E02129
R7,derived,precedes,E02129,E02130,E02129|E02130
R7,derived,precedes,E02130,E02819,E02130|E02819
R7,derived,precedes,E00057,E00058,E00057|E00058
R7,derived,precedes,E00058,E00979,E00058|E00979
R7,derived,precedes,E00979,E00980,E00979|E00980
R7,derived,precedes,E00980,E01715,E00980|E01715
R7,derived,precedes,E01715,E01716,E01715|E01716
R7,derived,precedes,E01716,E01718,E01716|E01718
R7,derived,precedes,E01718,E02131,E01718|E02131
R7,derived,precedes,E02131,E02132,E02131|E02132
R7,derived,precedes,E02132,E02821,E02132|E02821
R7,derived,precedes,E00059,E00060,E00059|E00060
R7,derived,precedes,E00060,E00981,E00060|E00981
R7,derived,precedes,E00981,E00982,E00981|E00982
R7,derived,precedes,E00982,E01723,E00982|E01723
R7,derived,precedes,E01723,E01724,E01723|E01724
R7,derived,precedes,E01724,E01726,E01724|E01726
R7,derived,precedes,E01726,E02133,E01726|E02133
R7,derived,precedes,E02133,E02134,E02133|E02134
R7,derived,precedes,E02134,E02823,E02134|E02823
R7,derived,precedes,E00061,E00062,E00061|E00062
R7,derived,precedes,E00062,E00983,E00062|E00983
R7,derived,precedes,E00983,E00984,E00983|E00984
R7,derived,precedes,E00984,E01731,E00984|E01731
R7,derived,precedes,E01731,E01732,E01731|E01732
R7,derived,precedes,E01732,E01734,E01732|E01734
R7,derived,precedes,E01734,E02135,E01734|E02135
R7,derived,precedes,E02135,E02136,E02135|E02136
R7,derived,precedes,E02136,E02825,E02136|E02825
R7,derived,precedes,E00063,E00064,E00063|E00064
R7,derived,precedes,E00064,E00985,E00064|E00985
R7,derived,precedes,E00985,E00986,E00985|E00986
R7,derived,precedes,E00986,E01739,E00986|E01739
R7,derived,precedes,E01739,E01740,E01739|E01740
R7,derived,precedes,E01740,E01742,E01740|E01742
R7,derived,precedes,E01742,E02137,E01742|E02137
R7,derived,precedes,E02137,E02138,E02137|E02138
R7,derived,precedes,E02138,E02827,E02138|E02827
R7,derived,precedes,E00065,E00066,E00065|E00066
R7,derived,precedes,E00066,E00987,E00066|E00987
R7,derived,precedes,E00987,E00988,E00987|E00988
R7,derived,precedes,E00988,E01747,E00988|E01747
R7,derived,precedes,E01747,E01748,E01747|E01748
R7,derived,precedes,E01748,E01750,E01748|E01750
R7,derived,precedes,E01750,E02139,E01750|E02139
R7,derived,precedes,E02139,E02140,E02139|E02140
R7,derived,precedes,E02140,E02829,E02140|E02829
R7,derived,precedes,E00067,E00068,E00067|E00068
R7,derived,precedes,E00068,E00989,E00068|E00989
R7,derived,precedes,E00989,E00990,E00989|E00990
R7,derived,precedes,E00990,E01755,E00990|E01755
R7,derived,precedes,E01755,E01756,E01755|E01756
R7,derived,precedes,E01756,E01758,E01756|E01758
R7,derived,precedes,E01758,E02141,E01758|E02141
R7,derived,precedes,E02141,E02142,E02141|E02142
R7,derived,precedes,E02142,E02831,E02142|E02831
R7,derived,precedes,E00069,E00070,E00069|E00070
R7,derived,precedes,E00070,E00991,E00070|E00991
R7,derived,precedes,E00991,E00992,E00991|E00992
R7,derived,precedes,E00992,E01763,E00992|E01763
R7,derived,precedes,E01763,E01764,E01763|E01764
R7,derived,precedes,E01764,E01766,E01764|E01766
R7,derived,precedes,E01766,E02143,E01766|E02143
R7,derived,precedes,E02143,E02144,E02143|E02144
R7,derived,precedes,E02144,E02833,E02144|E02833
R7,derived,precedes,E00071,E00072,E00071|E00072
R7,derived,precedes,E00072,E00993,E00072|E00993
R7,derived,precedes,E00993,E00994,E00993|E00994
R7,derived,precedes,E00994,E01771,E00994|E01771
R7,derived,precedes,E01771,E01772,E01771|E01772
R7,derived,precedes,E01772,E01774,E01772|E01774
R7,derived,precedes,E01774,E02145,E01774|E02145
R7,derived,precedes,E02145,E02146,E02145|E02146
R7,derived,precedes,E02146,E02835,E02146|E02835
R7,derived,precedes,E00073,E00074,E00073|E00074
R7,derived,precedes,E00074,E00995,E00074|E00995
R7,derived,precedes,E00995,E00996,E00995|E00996
R7,derived,precedes,E00996,E01779,E00996|E01779
R7,derived,precedes,E01779,E01780,E01779|E01780
R7,derived,precedes,E01780,E01782,E01780|E01782
R7,derived,precedes,E01782,E02147,E01782|E02147
R7,derived,precedes,E02147,E02148,E02147|E02148
R7,derived,precedes,E02148,E02837,E02148|E02837
R7,derived,precedes,E00075,E00076,E00075|E00076
R7,derived,precedes,E00076,E00997,E00076|E00997
R7,derived,precedes,E00997,E00998,E00997|E00998
R7,derived,precedes,E00998,E01787,E00998|E01787
R7,derived,precedes,E01787,E01788,E01787|E01788
R7,derived,precedes,E01788,E01790,E01788|E01790
R7,derived,precedes,E01790,E02149,E01790|E02149
R7,derived,precedes,E02149,E02150,E02149|E02150
R7,derived,precedes,E02150,E02839,E02150|E02839
R7,derived,precedes,E00077,E00078,E00077|E00078
R7,derived,precedes,E00078,E00999,E00078|E00999
R7,derived,precedes,E00999,E01000,E00999|E01000
R7,derived,precedes,E01000,E01795,E01000|E01795
R7,derived,precedes,E01795,E01796,E01795|E01796
R7,derived,precedes,E01796,E01798,E01796|E01798
R7,derived,precedes,E01798,E02151,E01798|E02151
R7,derived,precedes,E02151,E02152,E02151|E02152
R7,derived,precedes,E02152,E02841,E02152|E02841
R7,derived,precedes,E00079,E00080,E00079|E00080
R7,derived,precedes,E00080,E01001,E00080|E01001
R7,derived,precedes,E01001,E01002,E01001|E01002
R7,derived,precedes,E01002,E01803,E01002|E01803
R7,derived,precedes,E01803,E01804,E01803|E01804
R7,derived,precedes,E01804,E01806,E01804|E01806
R7,derived,precedes,E01806,E02153,E01806|E02153
R7,derived,precedes,E02153,E02154,E02153|E02154
R7,derived,precedes,E02154,E02843,E02154|E02843
R7,derived,precedes,E00081,E00082,E00081|E00082
R7,derived,precedes,E00082,E01003,E00082|E01003
R7,derived,precedes,E01003,E01004,E01003|E01004
R7,derived,precedes,E01004,E01811,E01004|E01811
R7,derived,precedes,E01811,E01812,E01811|E01812
R7,derived,precedes,E01812,E01814,E01812|E01814
R7,derived,precedes,E01814,E02155,E01814|E02155
R7,derived,precedes,E02155,E02156,E02155|E02156
R7,derived,precedes,E02156,E02845,E02156|E02845
R7,derived,precedes,E00083,E00084,E00083|E00084
R7,derived,precedes,E00084,E01005,E00084|E01005
R7,derived,precedes,E01005,E01006,E01005|E01006
R7,derived,precedes,E01006,E01819,E01006|E01819
R7,derived,precedes,E01819,E01820,E01819|E01820
R7,derived,precedes,E01820,E01822,E01820|E01822
R7,derived,precedes,E01822,E02157,E01822|E02157
R7,derived,precedes,E02157,E02158,E02157|E02158
R7,derived,precedes,E02158,E02847,E02158|E02847
R7,derived,precedes,E00085,E00086,E00085|E00086
R7,derived,precedes,E00086,E01007,E00086|E01007
R7,derived,precedes,E01007,E01008,E01007|E01008
R7,derived,precedes,E01008,E01827,E01008|E01827
R7,derived,precedes,E01827,E01828,E01827|E01828
R7,derived,precedes,E01828,E01830,E01828|E01830
R7,derived,precedes,E01830,E02159,E01830|E02159
R7,derived,precedes,E02159,E02160,E02159|E02160
R7,derived,precedes,E02160,E02849,E02160|E02849
R7,derived,precedes,E00087,E00088,E00087|E00088
R7,derived,precedes,E00088,E01009,E00088|E01009
R7,derived,precedes,E01009,E01010,E01009|E01010
R7,derived,precedes,E01010,E01835,E01010|E01835
R7,derived,precedes,E01835,E01836,E01835|E01836
R7,derived,precedes,E01836,E01838,E01836|E01838
R7,derived,precedes,E01838,E02161,E01838|E02161
R7,derived,precedes,E02161,E02162,E02161|E02162
R7,derived,precedes,E02162,E02851,E02162|E02851
R7,derived,precedes,E00089,E00090,E00089|E00090
R7,derived,precedes,E00090,E01011,E00090|E01011
R7,derived,precedes,E01011,E01012,E01011|E01012
R7,derived,precedes,E01012,E01843,E01012|E01843
R7,derived,precedes,E01843,E01844,E01843|E01844
R7,derived,precedes,E01844,E01846,E01844|E01846
R7,derived,precedes,E01846,E02163,E01846|E02163
R7,derived,precedes,E02163,E02164,E02163|E02164
R7,derived,precedes,E02164,E02853,E02164|E02853
R7,derived,precedes,E00091,E00092,E00091|E00092
R7,derived,precedes,E00092,E01013,E00092|E01013
R7,derived,precedes,E01013,E01014,E01013|E01014
R7,derived,precedes,E01014,E01851,E01014|E01851
R7,derived,precedes,E01851,E01852,E01851|E01852
R7,derived,precedes,E01852,E01854,E01852|E01854
R7,derived,precedes,E01854,E02165,E01854|E02165
R7,derived,precedes,E02165,E02166,E02165|E02166
R7,derived,precedes,E02166,E02855,E02166|E02855
R7,derived,precedes,E00093,E00094,E00093|E00094
R7,derived,precedes,E00094,E01015,E00094|E01015
R7,derived,precedes,E01015,E01016,E01015|E01016
R7,derived,precedes,E01016,E01859,E01016|E01859
R7,derived,precedes,E01859,E01860,E01859|E01860
R7,derived,precedes,E01860,E01862,E01860|E01862
R7,derived,precedes,E01862,E02167,E01862|E02167
R7,derived,precedes,E02167,E02168,E02167|E02168
R7,derived,precedes,E02168,E02857,E02168|E02857
R7,derived,precedes,E00095,E00096,E00095|E00096
R7,derived,precedes,E00096,E01017,E00096|E01017
R7,derived,precedes,E01017,E01018,E01017|E01018
R7,derived,precedes,E01018,E01867,E01018|E01867
R7,derived,precedes,E01867,E01868,E01867|E01868
R7,derived,precedes,E01868,E01870,E01868|E01870
R7,derived,precedes,E01870,E02169,E01870|E02169
R7,derived,precedes,E02169,E02170,E02169|E02170
R7,derived,precedes,E02170,E02859,E02170|E02859
R7,derived,precedes,E00097,E00098,E00097|E00098
R7,derived,precedes,E00098,E01019,E00098|E01019
R7,derived,precedes,E01019,E01020,E01019|E01020
R7,derived,precedes,E01020,E01875,E01020|E01875
R7,derived,precedes,E01875,E01876,E01875|E01876
R7,derived,precedes,E01876,E01878,E01876|E01878
R7,derived,precedes,E01878,E02171,E01878|E02171
R7,derived,precedes,E02171,E02172,E02171|E02172
R7,derived,precedes,E02172,E02861,E02172|E02861
R7,derived,precedes,E00099,E00100,E00099|E00100
R7,derived,precedes,E00100,E01021,E00100|E01021
R7,derived,precedes,E01021,E01022,E01021|E01022
R7,derived,precedes,E01022,E01883,E01022|E01883
R7,derived,precedes,E01883,E01884,E01883|E01884
R7,derived,precedes,E01884,E01886,E01884|E01886
R7,derived,precedes,E01886,E02173,E01886|E02173
R7,derived,precedes,E02173,E02174,E02173|E02174
R7,derived,precedes,E02174,E02863,E02174|E02863
R7,derived,precedes,E00101,E00102,E00101|E00102
R7,derived,precedes,E00102,E01023,E00102|E01023
R7,derived,precedes,E01023,E01024,E01023|E01024
R7,derived,precedes,E01024,E01891,E01024|E01891
R7,derived,precedes,E01891,E01892,E01891|E01892
R7,derived,precedes,E01892,E01894,E01892|E01894
R7,derived,precedes,E01894,E02175,E01894|E02175
R7,derived,precedes,E02175,E02176,E02175|E02176
R7,derived,precedes,E02176,E02865,E02176|E02865
R7,derived,precedes,E00103,E00104,E00103|E00104
R7,derived,precedes,E00104,E01025,E00104|E01025
R7,derived,precedes,E01025,E01026,E01025|E01026
R7,derived,precedes,E01026,E01899,E01026|E01899
R7,derived,precedes,E01899,E01900,E01899|E01900
R7,derived,precedes,E01900,E01902,E01900|E01902
R7,derived,precedes,E01902,E02177,E01902|E02177
R7,derived,precedes,E02177,E02178,E02177|E02178
R7,derived,precedes,E02178,E02867,E02178|E02867
R7,derived,precedes,E00105,E00106,E00105|E00106
R7,derived,precedes,E00106,E01027,E00106|E01027
R7,derived,precedes,E01027,E01028,E01027|E01028
R7,derived,precedes,E01028,E01907,E01028|E01907
R7,derived,precedes,E01907,E01908,E01907|E01908
R7,derived,precedes,E01908,E01910,E01908|E01910
R7,derived,precedes,E01910,E02179,E01910|E02179
R7,derived,precedes,E02179,E02180,E02179|E02180
R7,derived,precedes,E02180,E02869,E02180|E02869
R7,derived,precedes,E00107,E00108,E00107|E00108
R7,derived,precedes,E00108,E01029,E00108|E01029
R7,derived,precedes,E01029,E01030,E01029|E01030
R7,derived,precedes,E01030,E02181,E01030|E02181
R7,derived,precedes,E02181,E02182,E02181|E02182
R7,derived,precedes,E02182,E02871,E02182|E02871
R7,derived,precedes,E00109,E00110,E00109|E00110
R7,derived,precedes,E00110,E01031,E00110|E01031
R7,derived,precedes,E01031,E01032,E01031|E01032
R7,derived,precedes,E01032,E02183,E01032|E02183
R7,derived,precedes,E02183,E02184,E02183|E02184
R7,derived,precedes,E02184,E02873,E02184|E02873
R7,derived,precedes,E00111,E00112,E00111|E00112
R7,derived,precedes,E00112,E01033,E00112|E01033
R7,derived,precedes,E01033,E01034,E01033|E01034
R7,derived,precedes,E01034,E02185,E01034|E02185
R7,derived,precedes,E02185,E02186,E02185|E02186
R7,derived,precedes,E02186,E02875,E02186|E02875
R7,derived,precedes,E00113,E00114,E00113|E00114
R7,derived,precedes,E00114,E01035,E00114|E01035
R7,derived,precedes,E01035,E01036,E01035|E01036
R7,derived,precedes,E01036,E02187,E01036|E02187
R7,derived,precedes,E02187,E02188,E02187|E02188
R7,derived,precedes,E02188,E02877,E02188|E02877
R7,derived,precedes,E00115,E00116,E00115|E00116
R7,derived,precedes,E00116,E01037,E00116|E01037
R7,derived,precedes,E01037,E01038,E01037|E01038
R7,derived,precedes,E01038,E02189,E01038|E02189
R7,derived,precedes,E02189,E02190,E02189|E02190
R7,derived,precedes,E02190,E02879,E02190|E02879
R7,derived,precedes,E00117,E00118,E00117|E00118
R7,derived,precedes,E00118,E01039,E00118|E01039
R7,derived,precedes,E01039,E01040,E01039|E01040
R7,derived,precedes,E01040,E02191,E01040|E02191
R7,derived,precedes,E02191,E02192,E02191|E02192
R7,derived,precedes,E02192,E02881,E02192|E02881
R7,derived,precedes,E00119,E00120,E00119|E00120
R7,derived,precedes,E00120,E01041,E00120|E01041
R7,derived,precedes,E01041,E01042,E01041|E01042
R7,derived,precedes,E01042,E02193,E01042|E02193
R7,derived,precedes,E02193,E02194,E02193|E02194
R7,derived,precedes,E02194,E02883,E02194|E02883
R7,derived,precedes,E00121,E00122,E00121|E00122
R7,derived,precedes,E00122,E01043,E00122|E01043
R7,derived,precedes,E01043,E01044,E01043|E01044
R7,derived,precedes,E01044,E02195,E01044|E02195
R7,derived,precedes,E02195,E02196,E02195|E02196
R7,derived,precedes,E02196,E02885,E02196|E02885
R7,derived,precedes,E00123,E00124,E00123|E00124
R7,derived,precedes,E00124,E01045,E00124|E01045
R7,derived,precedes,E01045,E01046,E01045|E01046
R7,derived,precedes,E01046,E02197,E01046|E02197
R7,derived,precedes,E02197,E02198,E02197|E02198
R7,derived,precedes,E02198,E02887,E02198|E02887
R7,derived,precedes,E00125,E00126,E00125|E00126
R7,derived,precedes,E00126,E01047,E00126|E01047
R7,derived,precedes,E01047,E01048,E01047|E01048
R7,derived,precedes,E01048,E02199,E01048|E02199
R7,derived,precedes,E02199,E02200,E02199|E02200
R7,derived,precedes,E02200,E02889,E02200|E02889
R7,derived,precedes,E00127,E00128,E00127|E00128
R7,derived,precedes,E00128,E01049,E00128|E01049
R7,derived,precedes,E01049,E01050,E01049|E01050
R7,derived,precedes,E01050,E02201,E01050|E02201
R7,derived,precedes,E02201,E02202,E02201|E02202
R7,derived,precedes,E02202,E02891,E02202|E02891
R7,derived,precedes,E00129,E00130,E00129|E00130
R7,derived,precedes,E00130,E01051,E00130|E01051
R7,derived,precedes,E01051,E01052,E01051|E01052
R7,derived,precedes,E01052,E02203,E01052|E02203
R7,derived,precedes,E02203,E02204,E02203|E02204
R7,derived,precedes,E02204,E02893,E02204|E02893
R7,derived,precedes,E00131,E00132,E00131|E00132
R7,derived,precedes,E00132,E01053,E00132|E01053
R7,derived,precedes,E01053,E01054,E01053|E01054
R7,derived,precedes,E01054,E02205,E01054|E02205
R7,derived,precedes,E02205,E02206,E02205|E02206
R7,derived,precedes,E02206,E02895,E02206|E02895
R7,derived,precedes,E00133,E00134,E00133|E00134
R7,derived,precedes,E00134,E01055,E00134|E01055
R7,derived,precedes,E01055,E01056,E01055|E01056
R7,derived,precedes,E01056,E02207,E01056|E02207
R7,derived,precedes,E02207,E02208,E02207|E02208
R7,derived,precedes,E02208,E02897,E02208|E02897
R7,derived,precedes,E00135,E00136,E00135|E00136
R7,derived,precedes,E00136,E01057,E00136|E01057
R7,derived,precedes,E01057,E01058,E01057|E01058
R7,derived,precedes,E01058,E02209,E01058|E02209
R7,derived,precedes,E02209,E02210,E02209|E02210
R7,derived,precedes,E02210,E02899,E02210|E02899
R7,derived,precedes,E00137,E00138,E00137|E00138
R7,derived,precedes,E00138,E01059,E00138|E01059
R7,derived,precedes,E01059,E01060,E01059|E01060
R7,derived,precedes,E01060,E02211,E01060|E02211
R7,derived,precedes,E02211,E02212,E02211|E02212
R7,derived,precedes,E02212,E02901,E02212|E02901
R7,derived,precedes,E00139,E00140,E00139|E00140
R7,derived,precedes,E00140,E01061,E00140|E01061
R7,derived,precedes,E01061,E01062,E01061|E01062
R7,derived,precedes,E01062,E02213,E01062|E02213
R7,derived,precedes,E02213,E02214,E02213|E02214
R7,derived,precedes,E02214,E02903,E02214|E02903
R7,derived,precedes,E00141,E00142,E00141|E00142
R7,derived,precedes,E00142,E01063,E00142|E01063
R7,derived,precedes,E01063,E01064,E01063|E01064
R7,derived,precedes,E01064,E02215,E01064|E02215
R7,derived,precedes,E02215,E02216,E02215|E02216
R7,derived,precedes,E02216,E02905,E02216|E02905
R7,derived,precedes,E00143,E00144,E00143|E00144
R7,derived,precedes,E00144,E01065,E00144|E01065
R7,derived,precedes,E01065,E01066,E01065|E01066
R7,derived,precedes,E01066,E02217,E01066|E02217
R7,derived,precedes,E02217,E02218,E02217|E02218
R7,derived,precedes,E02218,E02907,E02218|E02907
R7,derived,precedes,E00145,E00146,E00145|E00146
R7,derived,precedes,E00146,E01067,E00146|E01067
R7,derived,precedes,E01067,E01068,E01067|E01068
R7,derived,precedes,E01068,E02219,E01068|E02219
R7,derived,precedes,E02219,E02220,E02219|E02220
R7,derived,precedes,E02220,E02909,E02220|E02909
R7,derived,precedes,E00147,E00148,E00147|E00148
R7,derived,precedes,E00148,E01069,E00148|E01069
R7,derived,precedes,E01069,E01070,E01069|E01070
R7,derived,precedes,E01070,E02221,E01070|E02221
R7,derived,precedes,E02221,E02222,E02221|E02222
R7,derived,precedes,E02222,E02911,E02222|E02911
R7,derived,precedes,E00149,E00150,E00149|E00150
R7,derived,precedes,E00150,E01071,E00150|E01071
R7,derived,precedes,E01071,E01072,E01071|E01072
R7,derived,precedes,E01072,E02223,E01072|E02223
R7,derived,precedes,E02223,E02224,E02223|E02224
R7,derived,precedes,E02224,E02913,E02224|E02913
R7,derived,precedes,E00151,E00152,E00151|E00152
R7,derived,precedes,E00152,E01073,E00152|E01073
R7,derived,precedes,E01073,E01074,E01073|E01074
R7,derived,precedes,E01074,E02225,E01074|E02225
R7,derived,precedes,E02225,E02226,E02225|E02226
R7,derived,precedes,E02226,E02915,E02226|E02915
R7,derived,precedes,E00153,E00154,E00153|E00154
R7,derived,precedes,E00154,E01075,E00154|E01075
R7,derived,precedes,E01075,E01076,E01075|E01076
R7,derived,precedes,E01076,E02227,E01076|E02227
R7,derived,precedes,E02227,E02228,E02227|E02228
R7,derived,precedes,E02228,E02917,E02228|E02917
R7,derived,precedes,E00155,E00156,E00155|E00156
R7,derived,precedes,E00156,E01077,E00156|E01077
R7,derived,precedes,E01077,E01078,E01077|E01078
R7,derived,precedes,E01078,E02229,E01078|E02229
R7,derived,precedes,E02229,E02230,E02229|E02230
R7,derived,precedes,E02230,E02919,E02230|E02919
R7,derived,precedes,E00157,E00158,E00157|E00158
R7,derived,precedes,E00158,E01079,E00158|E01079
R7,derived,precedes,E01079,E01080,E01079|E01080
R7,derived,precedes,E01080,E02231,E01080|E02231
R7,derived,precedes,E02231,E02232,E02231|E02232
R7,derived,precedes,E02232,E02921,E02232|E02921
R7,derived,precedes,E00159,E00160,E00159|E00160
R7,derived,precedes,E00160,E01081,E00160|E01081
R7,derived,precedes,E01081,E01082,E01081|E01082
R7,derived,precedes,E01082,E02233,E01082|E02233
R7,derived,precedes,E02233,E02234,E02233|E02234
R7,derived,precedes,E02234,E02923,E02234|E02923
R7,derived,precedes,E00161,E00162,E00161|E00162
R7,derived,precedes,E00162,E01083,E00162|E01083
R7,derived,precedes,E01083,E01084,E01083|E01084
R7,derived,precedes,E01084,E02235,E01084|E02235
R7,derived,precedes,E02235,E02236,E02235|E02236
R7,derived,precedes,E02236,E02925,E02236|E02925
R7,derived,precedes,E00163,E00164,E00163|E00164
R7,derived,precedes,E00164,E01085,E00164|E01085
R7,derived,precedes,E01085,E01086,E01085|E01086
R7,derived,precedes,E01086,E02237,E01086|E02237
R7,derived,precedes,E02237,E02238,E02237|E02238
R7,derived,precedes,E02238,E02927,E02238|E02927
R7,derived,precedes,E00165,E00166,E00165|E00166
R7,derived,precedes,E00166,E00657,E00166|E00657
R7,derived,precedes,E00657,E00658,E00657|E00658
R7,derived,precedes,E00658,E02239,E00658|E02239
R7,derived,precedes,E02239,E02240,E02239|E02240
R7,derived,precedes,E02240,E02929,E02240|E02929
R7,derived,precedes,E00167,E00168,E00167|E00168
R7,derived,precedes,E00168,E00659,E00168|E00659
R7,derived,precedes,E00659,E00660,E00659|E00660
R7,derived,precedes,E00660,E02241,E00660|E02241
R7,derived,precedes,E02241,E02242,E02241|E02242
R7,derived,precedes,E02242,E02931,E02242|E02931
R7,derived,precedes,E00169,E00170,E00169|E00170
R7,derived,precedes,E00170,E00661,E00170|E00661
R7,derived,precedes,E00661,E00662,E00661|E00662
R7,derived,precedes,E00662,E02243,E00662|E02243
R7,derived,precedes,E02243,E02244,E02243|E02244
R7,derived,precedes,E02244,E02933,E02244|E02933
R7,derived,precedes,E00171,E00172,E00171|E00172
R7,derived,precedes,E00172,E00663,E00172|E00663
R7,derived,precedes,E00663,E00664,E00663|E00664
R7,derived,precedes,E00664,E02245,E00664|E02245
R7,derived,precedes,E02245,E02246,E02245|E02246
R7,derived,precedes,E02246,E02935,E02246|E02935
R7,derived,precedes,E00173,E00174,E00173|E00174
R7,derived,precedes,E00174,E00665,E00174|E00665
R7,derived,precedes,E00665,E00666,E00665|E00666
R7,derived,precedes,E00666,E02247,E00666|E02247
R7,derived,precedes,E02247,E02248,E02247|E02248
R7,derived,precedes,E02248,E02937,E02248|E02937
R7,derived,precedes,E00175,E00176,E00175|E00176
R7,derived,precedes,E00176,E00667,E00176|E00667
R7,derived,precedes,E00667,E00668,E00667|E00668
R7,derived,precedes,E00668,E02249,E00668|E02249
R7,derived,precedes,E02249,E02250,E02249|E02250
R7,derived,precedes,E02250,E02939,E02250|E02939
R7,derived,precedes,E00177,E00178,E00177|E00178
R7,derived,precedes,E00178,E00669,E00178|E00669
R7,derived,precedes,E00669,E00670,E00669|E00670
R7,derived,precedes,E00670,E02251,E00670|E02251
R7,derived,precedes,E02251,E02252,E02251|E02252
R7,derived,precedes,E02252,E02941,E02252|E02941
R7,derived,precedes,E00179,E00180,E00179|E00180
R7,derived,precedes,E00180,E00671,E00180|E00671
R7,derived,precedes,E00671,E00672,E00671|E00672
R7,derived,precedes,E00672,E02253,E00672|E02253
R7,derived,precedes,E02253,E02254,E02253|E02254
R7,derived,precedes,E02254,E02943,E02254|E02943
R7,derived,precedes,E00181,E00182,E00181|E00182
R7,derived,precedes,E00182,E01404,E00182|E01404
R7,derived,precedes,E01404,E01405,E01404|E01405
R7,derived,precedes,E01405,E02047,E01405|E02047
R7,derived,precedes,E02047,E02048,E02047|E02048
R7,derived,precedes,E02048,E02049,E02048|E02049
R7,derived,precedes,E02049,E02050,E02049|E02050
R7,derived,precedes,E02050,E02641,E02050|E02641
R7,derived,precedes,E00183,E00184,E00183|E00184
R7,derived,precedes,E00184,E01406,E00184|E01406
R7,derived,precedes,E01406,E01407,E01406|E01407
R7,derived,precedes,E01407,E02055,E01407|E02055
R7,derived,precedes,E02055,E02056,E02055|E02056
R7,derived,precedes,E02056,E02057,E02056|E02057
R7,derived,precedes,E02057,E02058,E02057|E02058
R7,derived,precedes,E02058,E02643,E02058|E02643
R7,derived,precedes,E00185,E00186,E00185|E00186
R7,derived,precedes,E00186,E01408,E00186|E01408
R7,derived,precedes,E01408,E01409,E01408|E01409
R7,derived,precedes,E01409,E02063,E01409|E02063
R7,derived,precedes,E02063,E02064,E02063|E02064
R7,derived,precedes,E02064,E02065,E02064|E02065
R7,derived,precedes,E02065,E02066,E02065|E02066
R7,derived,precedes,E02066,E02645,E02066|E02645
R7,derived,precedes,E00187,E00188,E00187|E00188
R7,derived,precedes,E00188,E01410,E00188|E01410
R7,derived,precedes,E01410,E01411,E01410|E01411
R7,derived,precedes,E01411,E02071,E01411|E02071
R7,derived,precedes,E02071,E02072,E02071|E02072
R7,derived,precedes,E02072,E02073,E02072|E02073
R7,derived,precedes,E02073,E02074,E02073|E02074
R7,derived,precedes,E02074,E02647,E02074|E02647
R7,derived,precedes,E00189,E00190,E00189|E00190
R7,derived,precedes,E00190,E01412,E00190|E01412
R7,derived,precedes,E01412,E01413,E01412|E01413
R7,derived,precedes,E01413,E02079,E01413|E02079
R7,derived,precedes,E02079,E02080,E02079|E02080
R7,derived,precedes,E02080,E02081,E02080|E02081
R7,derived,precedes,E02081,E02082,E02081|E02082
R7,derived,precedes,E02082,E02649,E02082|E02649
R7,derived,precedes,E00191,E00192,E00191|E00192
R7,derived,precedes,E00192,E01414,E00192|E01414
R7,derived,precedes,E01414,E01415,E01414|E01415
R7,derived,precedes,E01415,E02087,E01415|E02087
R7,derived,precedes,E02087,E02088,E02087|E02088
R7,derived,precedes,E02088,E02089,E02088|E02089
R7,derived,precedes,E02089,E02090,E02089|E02090
R7,derived,precedes,E02090,E02651,E02090|E02651
R7,derived,precedes,E00193,E00194,E00193|E00194
R7,derived,precedes,E00194,E01416,E00194|E01416
R7,derived,precedes,E01416,E01417,E01416|E01417
R7,derived,precedes,E01417,E02095,E01417|E02095
R7,derived,precedes,E02095,E02096,E02095|E02096
R7,derived,precedes,E02096,E02097,E02096|E02097
R7,derived,precedes,E02097,E02098,E02097|E02098
R7,derived,precedes,E02098,E02653,E02098|E02653
R7,derived,precedes,E00195,E00196,E00195|E00196
R7,derived,precedes,E00196,E01418,E00196|E01418
R7,derived,precedes,E01418,E01419,E01418|E01419
R7,derived,precedes,E01419,E02103,E01419|E02103
R7,derived,precedes,E02103,E02104,E02103|E02104
R7,derived,precedes,E02104,E02105,E02104|E02105
R7,derived,precedes,E02105,E02106,E02105|E02106
R7,derived,precedes,E02106,E02655,E02106|E02655
R7,derived,precedes,E00197,E00198,E00197|E00198
R7,derived,precedes,E00198,E01420,E00198|E01420
R7,derived,precedes,E01420,E01421,E01420|E01421
R7,derived,precedes,E01421,E02255,E01421|E02255
R7,derived,precedes,E02255,E02256,E02255|E02256
R7,derived,precedes,E02256,E02945,E02256|E02945
R7,derived,precedes,E00199,E00200,E00199|E00200
R7,derived,precedes,E00200,E01422,E00200|E01422
R7,derived,precedes,E01422,E01423,E01422|E01423
R7,derived,precedes,E01423,E02257,E01423|E02257
R7,derived,precedes,E02257,E02258,E02257|E02258
R7,derived,precedes,E02258,E02947,E02258|E02947
R7,derived,precedes,E00201,E00202,E00201|E00202
R7,derived,precedes,E00202,E01424,E00202|E01424
R7,derived,precedes,E01424,E01425,E01424|E01425
R7,derived,precedes,E01425,E02259,E01425|E02259
R7,derived,precedes,E02259,E02260,E02259|E02260
R7,derived,precedes,E02260,E02949,E02260|E02949
R7,derived,precedes,E00203,E00204,E00203|E00204
R7,derived,precedes,E00204,E01426,E00204|E01426
R7,derived,precedes,E01426,E01427,E01426|E01427
R7,derived,precedes,E01427,E02261,E01427|E02261
R7,derived,precedes,E02261,E02262,E02261|E02262
R7,derived,precedes,E02262,E02951,E02262|E02951
R7,derived,precedes,E00205,E00206,E00205|E00206
R7,derived,precedes,E00206,E01428,E00206|E01428
R7,derived,precedes,E01428,E01429,E01428|E01429
R7,derived,precedes,E01429,E02263,E01429|E02263
R7,derived,precedes,E02263,E02264,E02263|E02264
R7,derived,precedes,E02264,E02953,E02264|E02953
R7,derived,precedes,E00207,E00208,E00207|E00208
R7,derived,precedes,E00208,E01430,E00208|E01430
R7,derived,precedes,E01430,E01431,E01430|E01431
R7,derived,precedes,E01431,E02265,E01431|E02265
R7,derived,precedes,E02265,E02266,E02265|E02266
R7,derived,precedes,E02266,E02955,E02266|E02955
R7,derived,precedes,E00209,E00210,E00209|E00210
R7,derived,precedes,E00210,E01432,E00210|E01432
R7,derived,precedes,E01432,E01433,E01432|E01433
R7,derived,precedes,E01433,E02267,E01433|E02267
R7,derived,precedes,E02267,E02268,E02267|E02268
R7,derived,precedes,E02268,E02957,E02268|E02957
R7,derived,precedes,E00211,E00212,E00211|E00212
R7,derived,precedes,E00212,E01434,E00212|E01434
R7,derived,precedes,E01434,E01435,E01434|E01435
R7,derived,precedes,E01435,E02269,E01435|E02269
R7,derived,precedes,E02269,E02270,E02269|E02270
R7,derived,precedes,E02270,E02959,E02270|E02959
R7,derived,precedes,E00213,E00214,E00213|E00214
R7,derived,precedes,E00214,E01436,E00214|E01436
R7,derived,precedes,E01436,E01437,E01436|E01437
R7,derived,precedes,E01437,E02271,E01437|E02271
R7,derived,precedes,E02271,E02272,E02271|E02272
R7,derived,precedes,E02272,E02961,E02272|E02961
R7,derived,precedes,E00215,E00216,E00215|E00216
R7,derived,precedes,E00216,E01438,E00216|E01438
R7,derived,precedes,E01438,E01439,E01438|E01439
R7,derived,precedes,E01439,E02273,E01439|E02273
R7,derived,precedes,E02273,E02274,E02273|E02274
R7,derived,precedes,E02274,E02963,E02274|E02963
R7,derived,precedes,E00217,E00218,E00217|E00218
R7,derived,precedes,E00218,E01440,E00218|E01440
R7,derived,precedes,E01440,E01441,E01440|E01441
R7,derived,precedes,E01441,E02275,E01441|E02275
R7,derived,precedes,E02275,E02276,E02275|E02276
R7,derived,precedes,E02276,E02965,E02276|E02965
R7,derived,precedes,E00219,E00220,E00219|E00220
R7,derived,precedes,E00220,E01442,E00220|E01442
R7,derived,precedes,E01442,E01443,E01442|E01443
R7,derived,precedes,E01443,E02277,E01443|E02277
R7,derived,precedes,E02277,E02278,E02277|E02278
R7,derived,precedes,E02278,E02967,E02278|E02967
R7,derived,precedes,E00221,E00222,E00221|E00222
R7,derived,precedes,E00222,E01444,E00222|E01444
R7,derived,precedes,E01444,E01445,E01444|E01445
R7,derived,precedes,E01445,E02279,E01445|E02279
R7,derived,precedes,E02279,E02280,E02279|E02280
R7,derived,precedes,E02280,E02969,E02280|E02969
R7,derived,precedes,E00223,E00224,E00223|E00224
R7,derived,precedes,E00224,E01446,E00224|E01446
R7,derived,precedes,E01446,E01447,E01446|E01447
R7,derived,precedes,E01447,E02281,E01447|E02281
R7,derived,precedes,E02281,E02282,E02281|E02282
R7,derived,precedes,E02282,E02971,E02282|E02971
R7,derived,precedes,E00225,E00226,E00225|E00226
R7,derived,precedes,E00226,E01448,E00226|E01448
R7,derived,precedes,E01448,E01449,E01448|E01449
R7,derived,precedes,E01449,E02283,E01449|E02283
R7,derived,precedes,E02283,E02284,E02283|E02284
R7,derived,precedes,E02284,E02973,E02284|E02973
R7,derived,precedes,E00227,E00228,E00227|E00228
R7,derived,precedes,E00228,E01450,E00228|E01450
R7,derived,precedes,E01450,E01451,E01450|E01451
R7,derived,precedes,E01451,E02285,E01451|E02285
R7,derived,precedes,E02285,E02286,E02285|E02286
R7,derived,precedes,E02286,E02975,E02286|E02975
R7,derived,precedes,E00229,E00230,E00229|E00230
R7,derived,precedes,E00230,E01452,E00230|E01452
R7,derived,precedes,E01452,E01453,E01452|E01453
R7,derived,precedes,E01453,E02287,E01453|E02287
R7,derived,precedes,E02287,E02288,E02287|E02288
R7,derived,precedes,E02288,E02977,E02288|E02977
R7,derived,precedes,E00231,E00232,E00231|E00232
R7,derived,precedes,E00232,E01454,E00232|E01454
R7,derived,precedes,E01454,E01455,E01454|E01455
R7,derived,precedes,E01455,E02289,E01455|E02289
R7,derived,precedes,E02289,E02290,E02289|E02290
R7,derived,precedes,E02290,E02979,E02290|E02979
R7,derived,precedes,E00233,E00234,E00233|E00234
R7,derived,precedes,E00234,E01456,E00234|E01456
R7,derived,precedes,E01456,E01457,E01456|E01457
R7,derived,precedes,E01457,E02291,E01457|E02291
R7,derived,precedes,E02291,E02292,E02291|E02292
R7,derived,precedes,E02292,E02981,E02292|E02981
R7,derived,precedes,E00235,E00236,E00235|E00236
R7,derived,precedes,E00236,E01458,E00236|E01458
R7,derived,precedes,E01458,E01459,E01458|E01459
R7,derived,precedes,E01459,E02293,E01459|E02293
R7,derived,precedes,E02293,E02294,E02293|E02294
R7,derived,precedes,E02294,E02983,E02294|E02983
R7,derived,precedes,E00237,E00238,E00237|E00238
R7,derived,precedes,E00238,E01460,E00238|E01460
R7,derived,precedes,E01460,E01461,E01460|E01461
R7,derived,precedes,E01461,E02295,E01461|E02295
R7,derived,precedes,E02295,E02296,E02295|E02296
R7,derived,precedes,E02296,E02985,E02296|E02985
R7,derived,precedes,E00239,E00240,E00239|E00240
R7,derived,precedes,E00240,E01462,E00240|E01462
R7,derived,precedes,E01462,E01463,E01462|E01463
R7,derived,precedes,E01463,E02297,E01463|E02297
R7,derived,precedes,E02297,E02298,E02297|E02298
R7,derived,precedes,E02298,E02987,E02298|E02987
R7,derived,precedes,E00241,E00242,E00241|E00242
R7,derived,precedes,E00242,E01464,E00242|E01464
R7,derived,precedes,E01464,E01465,E01464|E01465
R7,derived,precedes,E01465,E02299,E01465|E02299
R7,derived,precedes,E02299,E02300,E02299|E02300
R7,derived,precedes,E02300,E02989,E02300|E02989
R7,derived,precedes,E00243,E00244,E00243|E00244
R7,derived,precedes,E00244,E01466,E00244|E01466
R7,derived,precedes,E01466,E01467,E01466|E01467
R7,derived,precedes,E01467,E02301,E01467|E02301
R7,derived,precedes,E02301,E02302,E02301|E02302
R7,derived,precedes,E02302,E02991,E02302|E02991
R7,derived,precedes,E00245,E00246,E00245|E00246
R7,derived,precedes,E00246,E01468,E00246|E01468
R7,derived,precedes,E01468,E01469,E01468|E01469
R7,derived,precedes,E01469,E02303,E01469|E02303
R7,derived,precedes,E02303,E02304,E02303|E02304
R7,derived,precedes,E02304,E02993,E02304|E02993
R7,derived,precedes,E00247,E00248,E00247|E00248
R7,derived,precedes,E00248,E01470,E00248|E01470
R7,derived,precedes,E01470,E01471,E01470|E01471
R7,derived,precedes,E01471,E02305,E01471|E02305
R7,derived,precedes,E02305,E02306,E02305|E02306
R7,derived,precedes,E02306,E02763,E02306|E02763
R7,derived,precedes,E02763,E02764,E02763|E02764
R7,derived,precedes,E02764,E02995,E02764|E02995
R7,derived,precedes,E00249,E00250,E00249|E00250
R7,derived,precedes,E00250,E01472,E00250|E01472
R7,derived,precedes,E01472,E01473,E01472|E01473
R7,derived,precedes,E01473,E02307,E01473|E02307
R7,derived,precedes,E02307,E02308,E02307|E02308
R7,derived,precedes,E02308,E02765,E02308|E02765
R7,derived,precedes,E02765,E02766,E02765|E02766
R7,derived,precedes,E02766,E02997,E02766|E02997
R7,derived,precedes,E00251,E00252,E00251|E00252
R7,derived,precedes,E00252,E01474,E00252|E01474
R7,derived,precedes,E01474,E01475,E01474|E01475
R7,derived,precedes,E01475,E02309,E01475|E02309
R7,derived,precedes,E02309,E02310,E02309|E02310
R7,derived,precedes,E02310,E02767,E02310|E02767
R7,derived,precedes,E02767,E02768,E02767|E02768
R7,derived,precedes,E02768,E02999,E02768|E02999
R7,derived,precedes,E00253,E00254,E00253|E00254
R7,derived,precedes,E00254,E01476,E00254|E01476
R7,derived,precedes,E01476,E01477,E01476|E01477
R7,derived,precedes,E01477,E02311,E01477|E02311
R7,derived,precedes,E02311,E02312,E02311|E02312
R7,derived,precedes,E02312,E02769,E02312|E02769
R7,derived,precedes,E02769,E02770,E02769|E02770
R7,derived,precedes,E00255,E00256,E00255|E00256
R7,derived,precedes,E00256,E01478,E00256|E01478
R7,derived,precedes,E01478,E01479,E01478|E01479
R7,derived,precedes,E01479,E02313,E01479|E02313
R7,derived,precedes,E02313,E02314,E02313|E02314
R7,derived,precedes,E02314,E02771,E02314|E02771
R7,derived,precedes,E02771,E02772,E02771|E02772
R7,derived,precedes,E00257,E00258,E00257|E00258
R7,derived,precedes,E00258,E01480,E00258|E01480
R7,derived,precedes,E01480,E01481,E01480|E01481
R7,derived,precedes,E01481,E02315,E01481|E02315
R7,derived,precedes,E02315,E02316,E02315|E02316
R7,derived,precedes,E02316,E02773,E02316|E02773
R7,derived,precedes,E02773,E02774,E02773|E02774
R7,derived,precedes,E00259,E00260,E00259|E00260
R7,derived,precedes,E00260,E01482,E00260|E01482
R7,derived,precedes,E01482,E01483,E01482|E01483
R7,derived,precedes,E01483,E02317,E01483|E02317
R7,derived,precedes,E02317,E02318,E02317|E02318
R7,derived,precedes,E02318,E02775,E02318|E02775
R7,derived,precedes,E02775,E02776,E02775|E02776
R7,derived,precedes,E00261,E00262,E00261|E00262
R7,derived,precedes,E00262,E01484,E00262|E01484
R7,derived,precedes,E01484,E01485,E01484|E01485
R7,derived,precedes,E01485,E02319,E01485|E02319
R7,derived,precedes,E02319,E02320,E02319|E02320
R7,derived,precedes,E02320,E02777,E02320|E02777
R7,derived,precedes,E02777,E02778,E02777|E02778
R7,derived,precedes,E00263,E00264,E00263|E00264
R7,derived,precedes,E00264,E01486,E00264|E01486
R7,derived,precedes,E01486,E01487,E01486|E01487
R7,derived,precedes,E01487,E02321,E01487|E02321
R7,derived,precedes,E02321,E02322,E02321|E02322
R7,derived,precedes,E02322,E02779,E02322|E02779
R7,derived,precedes,E02779,E02780,E02779|E02780
R7,derived,precedes,E00265,E00266,E00265|E00266
R7,derived,precedes,E00266,E01488,E00266|E01488
R7,derived,precedes,E01488,E01489,E01488|E01489
R7,derived,precedes,E01489,E02323,E01489|E02323
R7,derived,precedes,E02323,E02324,E02323|E02324
R7,derived,precedes,E00267,E00268,E00267|E00268
R7,derived,precedes,E00268,E01490,E00268|E01490
R7,derived,precedes,E01490,E01491,E01490|E01491
R7,derived,precedes,E01491,E02325,E01491|E02325
R7,derived,precedes,E02325,E02326,E02325|E02326
R7,derived,precedes,E00269,E00270,E00269|E00270
R7,derived,precedes,E00270,E01492,E00270|E01492
R7,derived,precedes,E01492,E01493,E01492|E01493
R7,derived,precedes,E01493,E02327,E01493|E02327
R7,derived,precedes,E02327,E02328,E02327|E02328
R7,derived,precedes,E00271,E00272,E00271|E00272
R7,derived,precedes,E00272,E01087,E00272|E01087
R7,derived,precedes,E01087,E01088,E01087|E01088
R7,derived,precedes,E01088,E01090,E01088|E01090
R7,derived,precedes,E01090,E01091,E01090|E01091
R7,derived,precedes,E01091,E01092,E01091|E01092
R7,derived,precedes,E01092,E01094,E01092|E01094
R7,derived,precedes,E01094,E02329,E01094|E02329
R7,derived,precedes,E02329,E02330,E02329|E02330
R7,derived,precedes,E00273,E00274,E00273|E00274
R7,derived,precedes,E00274,E01098,E00274|E01098
R7,derived,precedes,E01098,E01099,E01098|E01099
R7,derived,precedes,E01099,E01101,E01099|E01101
R7,derived,precedes,E01101,E01102,E01101|E01102
R7,derived,precedes,E01102,E01103,E01102|E01103
R7,derived,precedes,E01103,E01105,E01103|E01105
R7,derived,precedes,E01105,E02331,E01105|E02331
R7,derived,precedes,E02331,E02332,E02331|E02332
R7,derived,precedes,E00275,E00276,E00275|E00276
R7,derived,precedes,E00276,E01109,E00276|E01109
R7,derived,precedes,E01109,E01110,E01109|E01110
R7,derived,precedes,E01110,E01112,E01110|E01112
R7,derived,precedes,E01112,E01113,E01112|E01113
R7,derived,precedes,E01113,E01114,E01113|E01114
R7,derived,precedes,E01114,E01116,E01114|E01116
R7,derived,precedes,E01116,E02333,E01116|E02333
R7,derived,precedes,E02333,E02334,E02333|E02334
R7,derived,precedes,E00277,E00278,E00277|E00278
R7,derived,precedes,E00278,E01120,E00278|E01120
R7,derived,precedes,E01120,E01121,E01120|E01121
R7,derived,precedes,E01121,E01123,E01121|E01123
R7,derived,precedes,E01123,E01124,E01123|E01124
R7,derived,precedes,E01124,E01125,E01124|E01125
R7,derived,precedes,E01125,E01127,E01125|E01127
R7,derived,precedes,E01127,E02335,E01127|E02335
R7,derived,precedes,E02335,E02336,E02335|E02336
R7,derived,precedes,E00279,E00280,E00279|E00280
R7,derived,precedes,E00280,E01131,E00280|E01131
R7,derived,precedes,E01131,E01132,E01131|E01132
R7,derived,precedes,E01132,E01134,E01132|E01134
R7,derived,precedes,E01134,E01135,E01134|E01135
R7,derived,precedes,E01135,E01136,E01135|E01136
R7,derived,precedes,E01136,E01138,E01136|E01138
R7,derived,precedes,E01138,E02337,E01138|E02337
R7,derived,precedes,E02337,E02338,E02337|E02338
R7,derived,precedes,E00281,E00282,E00281|E00282
R7,derived,precedes,E00282,E01142,E00282|E01142
R7,derived,precedes,E01142,E01143,E01142|E01143
R7,derived,precedes,E01143,E01145,E01143|E01145
R7,derived,precedes,E01145,E01146,E01145|E01146
R7,derived,precedes,E01146,E01147,E01146|E01147
R7,derived,precedes,E01147,E01149,E01147|E01149
R7,derived,precedes,E01149,E02339,E01149|E02339
R7,derived,precedes,E02339,E02340,E02339|E02340
R7,derived,precedes,E00283,E00284,E00283|E00284
R7,derived,precedes,E00284,E01153,E00284|E01153
R7,derived,precedes,E01153,E01154,E01153|E01154
R7,derived,precedes,E01154,E01156,E01154|E01156
R7,derived,precedes,E01156,E01157,E01156|E01157
R7,derived,precedes,E01157,E01158,E01157|E01158
R7,derived,precedes,E01158,E01160,E01158|E01160
R7,derived,precedes,E01160,E02341,E01160|E02341
R7,derived,precedes,E02341,E02342,E02341|E02342
R7,derived,precedes,E00285,E00286,E00285|E00286
R7,derived,precedes,E00286,E01164,E00286|E01164
R7,derived,precedes,E01164,E01165,E01164|E01165
R7,derived,precedes,E01165,E01167,E01165|E01167
R7,derived,precedes,E01167,E01168,E01167|E01168
R7,derived,precedes,E01168,E01169,E01168|E01169
R7,derived,precedes,E01169,E01171,E01169|E01171
R7,derived,precedes,E01171,E02343,E01171|E02343
R7,derived,precedes,E02343,E02344,E02343|E02344
R7,derived,precedes,E00287,E00288,E00287|E00288
R7,derived,precedes,E00288,E01175,E00288|E01175
R7,derived,precedes,E01175,E01176,E01175|E01176
R7,derived,precedes,E01176,E01178,E01176|E01178
R7,derived,precedes,E01178,E01179,E01178|E01179
R7,derived,precedes,E01179,E01180,E01179|E01180
R7,derived,precedes,E01180,E01182,E01180|E01182
R7,derived,precedes,E01182,E02345,E01182|E02345
R7,derived,precedes,E02345,E02346,E02345|E02346
R7,derived,precedes,E00289,E00290,E00289|E00290
R7,derived,precedes,E00290,E01186,E00290|E01186
R7,derived,precedes,E01186,E01187,E01186|E01187
R7,derived,precedes,E01187,E01189,E01187|E01189
R7,derived,precedes,E01189,E01190,E01189|E01190
R7,derived,precedes,E01190,E01191,E01190|E01191
R7,derived,precedes,E01191,E01193,E01191|E01193
R7,derived,precedes,E01193,E02347,E01193|E02347
R7,derived,precedes,E02347,E02348,E02347|E02348
R7,derived,precedes,E00291,E00292,E00291|E00292
R7,derived,precedes,E00292,E01197,E00292|E01197
R7,derived,precedes,E01197,E01198,E01197|E01198
R7,derived,precedes,E01198,E01200,E01198|E01200
R7,derived,precedes,E01200,E01201,E01200|E01201
R7,derived,precedes,E01201,E01202,E01201|E01202
R7,derived,precedes,E01202,E01204,E01202|E01204
R7,derived,precedes,E01204,E02349,E01204|E02349
R7,derived,precedes,E02349,E02350,E02349|E02350
R7,derived,precedes,E00293,E00294,E00293|E00294
R7,derived,precedes,E00294,E02351,E00294|E02351
R7,derived,precedes,E02351,E02352,E02351|E02352
R7,derived,precedes,E00295,E00296,E00295|E00296
R7,derived,precedes,E00296,E02353,E00296|E02353
R7,derived,precedes,E02353,E02354,E02353|E02354
R7,derived,precedes,E00297,E00298,E00297|E00298
R7,derived,precedes,E00298,E00693,E00298|E00693
R7,derived,precedes,E00693,E00694,E00693|E00694
R7,derived,precedes,E00694,E01495,E00694|E01495
R7,derived,precedes,E01495,E01496,E01495|E01496
R7,derived,precedes,E01496,E01497,E01496|E01497
R7,derived,precedes,E01497,E01498,E01497|E01498
R7,derived,precedes,E01498,E02657,E01498|E02657
R7,derived,precedes,E00299,E00300,E00299|E00300
R7,derived,precedes,E00300,E00695,E00300|E00695
R7,derived,precedes,E00695,E00696,E00695|E00696
R7,derived,precedes,E00696,E01503,E00696|E01503
R7,derived,precedes,E01503,E01504,E01503|E01504
R7,derived,precedes,E01504,E01505,E01504|E01505
R7,derived,precedes,E01505,E01506,E01505|E01506
R7,derived,precedes,E01506,E02659,E01506|E02659
R7,derived,precedes,E00301,E00302,E00301|E00302
R7,derived,precedes,E00302,E00697,E00302|E00697
R7,derived,precedes,E00697,E00698,E00697|E00698
R7,derived,precedes,E00698,E01511,E00698|E01511
R7,derived,precedes,E01511,E01512,E01511|E01512
R7,derived,precedes,E01512,E01513,E01512|E01513
R7,derived,precedes,E01513,E01514,E01513|E01514
R7,derived,precedes,E01514,E02661,E01514|E02661
R7,derived,precedes,E00303,E00304,E00303|E00304
R7,derived,precedes,E00304,E00699,E00304|E00699
R7,derived,precedes,E00699,E00700,E00699|E00700
R7,derived,precedes,E00700,E01519,E00700|E01519
R7,derived,precedes,E01519,E01520,E01519|E01520
R7,derived,precedes,E01520,E01521,E01520|E01521
R7,derived,precedes,E01521,E01522,E01521|E01522
R7,derived,precedes,E01522,E02663,E01522|E02663
R7,derived,precedes,E00305,E00306,E00305|E00306
R7,derived,precedes,E00306,E00701,E00306|E00701
R7,derived,precedes,E00701,E00702,E00701|E00702
R7,derived,precedes,E00702,E01527,E00702|E01527
R7,derived,precedes,E01527,E01528,E01527|E01528
R7,derived,precedes,E01528,E01529,E01528|E01529
R7,derived,precedes,E01529,E01530,E01529|E01530
R7,derived,precedes,E01530,E02665,E01530|E02665
R7,derived,precedes,E00307,E00308,E00307|E00308
R7,derived,precedes,E00308,E00703,E00308|E00703
R7,derived,precedes,E00703,E00704,E00703|E00704
R7,derived,precedes,E00704,E01535,E00704|E01535
R7,derived,precedes,E01535,E01536,E01535|E01536
R7,derived,precedes,E01536,E01537,E01536|E01537
R7,derived,precedes,E01537,E01538,E01537|E01538
R7,derived,precedes,E01538,E02667,E01538|E02667
R7,derived,precedes,E00309,E00310,E00309|E00310
R7,derived,precedes,E00310,E00705,E00310|E00705
R7,derived,precedes,E00705,E00706,E00705|E00706
R7,derived,precedes,E00706,E01543,E00706|E01543
R7,derived,precedes,E01543,E01544,E01543|E01544
R7,derived,precedes,E01544,E01545,E01544|E01545
R7,derived,precedes,E01545,E01546,E01545|E01546
R7,derived,precedes,E01546,E02669,E01546|E02669
R7,derived,precedes,E00311,E00312,E00311|E00312
R7,derived,precedes,E00312,E00707,E00312|E00707
R7,derived,precedes,E00707,E00708,E00707|E00708
R7,derived,precedes,E00708,E01551,E00708|E01551
R7,derived,precedes,E01551,E01552,E01551|E01552
R7,derived,precedes,E01552,E01553,E01552|E01553
R7,derived,precedes,E01553,E01554,E01553|E01554
R7,derived,precedes,E01554,E02671,E01554|E02671
R7,derived,precedes,E00313,E00314,E00313|E00314
R7,derived,precedes,E00314,E00709,E00314|E00709
R7,derived,precedes,E00709,E00710,E00709|E00710
R7,derived,precedes,E00710,E01559,E00710|E01559
R7,derived,precedes,E01559,E01560,E01559|E01560
R7,derived,precedes,E01560,E01561,E01560|E01561
R7,derived,precedes,E01561,E01562,E01561|E01562
R7,derived,precedes,E01562,E02673,E01562|E02673
R7,derived,precedes,E00315,E00316,E00315|E00316
R7,derived,precedes,E00316,E00711,E00316|E00711
R7,derived,precedes,E00711,E00712,E00711|E00712
R7,derived,precedes,E00712,E01567,E00712|E01567
R7,derived,precedes,E01567,E01568,E01567|E01568
R7,derived,precedes,E01568,E01569,E01568|E01569
R7,derived,precedes,E01569,E01570,E01569|E01570
R7,derived,precedes,E01570,E02675,E01570|E02675
R7,derived,precedes,E00317,E00318,E00317|E00318
R7,derived,precedes,E00318,E00713,E00318|E00713
R7,derived,precedes,E00713,E00714,E00713|E00714
R7,derived,precedes,E00714,E01575,E00714|E01575
R7,derived,precedes,E01575,E01576,E01575|E01576
R7,derived,precedes,E01576,E01577,E01576|E01577
R7,derived,precedes,E01577,E01578,E01577|E01578
R7,derived,precedes,E01578,E02677,E01578|E02677
R7,derived,precedes,E00319,E00320,E00319|E00320
R7,derived,precedes,E00320,E00715,E00320|E00715
R7,derived,precedes,E00715,E00716,E00715|E00716
R7,derived,precedes,E00716,E01583,E00716|E01583
R7,derived,precedes,E01583,E01584,E01583|E01584
R7,derived,precedes,E01584,E01585,E01584|E01585
R7,derived,precedes,E01585,E01586,E01585|E01586
R7,derived,precedes,E01586,E02679,E01586|E02679
R7,derived,precedes,E00321,E00322,E00321|E00322
R7,derived,precedes,E00322,E00717,E00322|E00717
R7,derived,precedes,E00717,E00718,E00717|E00718
R7,derived,precedes,E00718,E01591,E00718|E01591
R7,derived,precedes,E01591,E01592,E01591|E01592
R7,derived,precedes,E01592,E01593,E01592|E01593
R7,derived,precedes,E01593,E01594,E01593|E01594
R7,derived,precedes,E01594,E02681,E01594|E02681
R7,derived,precedes,E00323,E00324,E00323|E00324
R7,derived,precedes,E00324,E00719,E00324|E00719
R7,derived,precedes,E00719,E00720,E00719|E00720
R7,derived,precedes,E00720,E01599,E00720|E01599
R7,derived,precedes,E01599,E01600,E01599|E01600
R7,derived,precedes,E01600,E01601,E01600|E01601
R7,derived,precedes,E01601,E01602,E01601|E01602
R7,derived,precedes,E01602,E02683,E01602|E02683
R7,derived,precedes,E00325,E00326,E00325|E00326
R7,derived,precedes,E00326,E00721,E00326|E00721
R7,derived,precedes,E00721,E00722,E00721|E00722
R7,derived,precedes,E00722,E01607,E00722|E01607
R7,derived,precedes,E01607,E01608,E01607|E01608
R7,derived,precedes,E01608,E01609,E01608|E01609
R7,derived,precedes,E01609,E01610,E01609|E01610
R7,derived,precedes,E01610,E02685,E01610|E02685
R7,derived,precedes,E00327,E00328,E00327|E00328
R7,derived,precedes,E00328,E00723,E00328|E00723
R7,derived,precedes,E00723,E00724,E00723|E00724
R7,derived,precedes,E00724,E01615,E00724|E01615
R7,derived,precedes,E01615,E01616,E01615|E01616
R7,derived,precedes,E01616,E01617,E01616|E01617
R7,derived,precedes,E01617,E01618,E01617|E01618
R7,derived,precedes,E01618,E02687,E01618|E02687
R7,derived,precedes,E00329,E00330,E00329|E00330
R7,derived,precedes,E00330,E00725,E00330|E00725
R7,derived,precedes,E00725,E00726,E00725|E00726
R7,derived,precedes,E00726,E01623,E00726|E01623
R7,derived,precedes,E01623,E01624,E01623|E01624
R7,derived,precedes,E01624,E01625,E01624|E01625
R7,derived,precedes,E01625,E01626,E01625|E01626
R7,derived,precedes,E01626,E02689,E01626|E02689
R7,derived,precedes,E00331,E00332,E00331|E00332
R7,derived,precedes,E00332,E00727,E00332|E00727
R7,derived,precedes,E00727,E00728,E00727|E00728
R7,derived,precedes,E00728,E01631,E00728|E01631
R7,derived,precedes,E01631,E01632,E01631|E01632
R7,derived,precedes,E01632,E01633,E01632|E01633
R7,derived,precedes,E01633,E01634,E01633|E01634
R7,derived,precedes,E01634,E02691,E01634|E02691
R7,derived,precedes,E00333,E00334,E00333|E00334
R7,derived,precedes,E00334,E00729,E00334|E00729
R7,derived,precedes,E00729,E00730,E00729|E00730
R7,derived,precedes,E00730,E01639,E00730|E01639
R7,derived,precedes,E01639,E01640,E01639|E01640
R7,derived,precedes,E01640,E01641,E01640|E01641
R7,derived,precedes,E01641,E01642,E01641|E01642
R7,derived,precedes,E01642,E02693,E01642|E02693
R7,derived,precedes,E00335,E00336,E00335|E00336
R7,derived,precedes,E00336,E00731,E00336|E00731
R7,derived,precedes,E00731,E00732,E00731|E00732
R7,derived,precedes,E00732,E01647,E00732|E01647
R7,derived,precedes,E01647,E01648,E01647|E01648
R7,derived,precedes,E01648,E01649,E01648|E01649
R7,derived,precedes,E01649,E01650,E01649|E01650
R7,derived,precedes,E01650,E02695,E01650|E02695
R7,derived,precedes,E00337,E00338,E00337|E00338
R7,derived,precedes,E00338,E00733,E00338|E00733
R7,derived,precedes,E00733,E00734,E00733|E00734
R7,derived,precedes,E00734,E01655,E00734|E01655
R7,derived,precedes,E01655,E01656,E01655|E01656
R7,derived,precedes,E01656,E01657,E01656|E01657
R7,derived,precedes,E01657,E01658,E01657|E01658
R7,derived,precedes,E01658,E02697,E01658|E02697
R7,derived,precedes,E00339,E00340,E00339|E00340
R7,derived,precedes,E00340,E00735,E00340|E00735
R7,derived,precedes,E00735,E00736,E00735|E00736
R7,derived,precedes,E00736,E01663,E00736|E01663
R7,derived,precedes,E01663,E01664,E01663|E01664
R7,derived,precedes,E01664,E01665,E01664|E01665
R7,derived,precedes,E01665,E01666,E01665|E01666
R7,derived,precedes,E01666,E02699,E01666|E02699
R7,derived,precedes,E00341,E00342,E00341|E00342
R7,derived,precedes,E00342,E00737,E00342|E00737
R7,derived,precedes,E00737,E00738,E00737|E00738
R7,derived,precedes,E00738,E01671,E00738|E01671
R7,derived,precedes,E01671,E01672,E01671|E01672
R7,derived,precedes,E01672,E01673,E01672|E01673
R7,derived,precedes,E01673,E01674,E01673|E01674
R7,derived,precedes,E01674,E02701,E01674|E02701
R7,derived,precedes,E00343,E00344,E00343|E00344
R7,derived,precedes,E00344,E00739,E00344|E00739
R7,derived,precedes,E00739,E00740,E00739|E00740
R7,derived,precedes,E00740,E01679,E00740|E01679
R7,derived,precedes,E01679,E01680,E01679|E01680
R7,derived,precedes,E01680,E01681,E01680|E01681
R7,derived,precedes,E01681,E01682,E01681|E01682
R7,derived,precedes,E01682,E02703,E01682|E02703
R7,derived,precedes,E00345,E00346,E00345|E00346
R7,derived,precedes,E00346,E00741,E00346|E00741
R7,derived,precedes,E00741,E00742,E00741|E00742
R7,derived,precedes,E00742,E01687,E00742|E01687
R7,derived,precedes,E01687,E01688,E01687|E01688
R7,derived,precedes,E01688,E01689,E01688|E01689
R7,derived,precedes,E01689,E01690,E01689|E01690
R7,derived,precedes,E01690,E02705,E01690|E02705
R7,derived,precedes,E00347,E00348,E00347|E00348
R7,derived,precedes,E00348,E00743,E00348|E00743
R7,derived,precedes,E00743,E00744,E00743|E00744
R7,derived,precedes,E00744,E01695,E00744|E01695
R7,derived,precedes,E01695,E01696,E01695|E01696
R7,derived,precedes,E01696,E01697,E01696|E01697
R7,derived,precedes,E01697,E01698,E01697|E01698
R7,derived,precedes,E01698,E02707,E01698|E02707
R7,derived,precedes,E00349,E00350,E00349|E00350
R7,derived,precedes,E00350,E00745,E00350|E00745
R7,derived,precedes,E00745,E00746,E00745|E00746
R7,derived,precedes,E00746,E01703,E00746|E01703
R7,derived,precedes,E01703,E01704,E01703|E01704
R7,derived,precedes,E01704,E01705,E01704|E01705
R7,derived,precedes,E01705,E01706,E01705|E01706
R7,derived,precedes,E01706,E02709,E01706|E02709
R7,derived,precedes,E00351,E00352,E00351|E00352
R7,derived,precedes,E00352,E00747,E00352|E00747
R7,derived,precedes,E00747,E00748,E00747|E00748
R7,derived,precedes,E00748,E01711,E00748|E01711
R7,derived,precedes,E01711,E01712,E01711|E01712
R7,derived,precedes,E01712,E01713,E01712|E01713
R7,derived,precedes,E01713,E01714,E01713|E01714
R7,derived,precedes,E01714,E02711,E01714|E02711
R7,derived,precedes,E00353,E00354,E00353|E00354
R7,derived,precedes,E00354,E00749,E00354|E00749
R7,derived,precedes,E00749,E00750,E00749|E00750
R7,derived,precedes,E00750,E01719,E00750|E01719
R7,derived,precedes,E01719,E01720,E01719|E01720
R7,derived,precedes,E01720,E01721,E01720|E01721
R7,derived,precedes,E01721,E01722,E01721|E01722
R7,derived,precedes,E01722,E02713,E01722|E02713
R7,derived,precedes,E00355,E00356,E00355|E00356
R7,derived,precedes,E00356,E00751,E00356|E00751
R7,derived,precedes,E00751,E00752,E00751|E00752
R7,derived,precedes,E00752,E01727,E00752|E01727
R7,derived,precedes,E01727,E01728,E01727|E01728
R7,derived,precedes,E01728,E01729,E01728|E01729
R7,derived,precedes,E01729,E01730,E01729|E01730
R7,derived,precedes,E01730,E02715,E01730|E02715
R7,derived,precedes,E00357,E00358,E00357|E00358
R7,derived,precedes,E00358,E00753,E00358|E00753
R7,derived,precedes,E00753,E00754,E00753|E00754
R7,derived,precedes,E00754,E01735,E00754|E01735
R7,derived,precedes,E01735,E01736,E01735|E01736
R7,derived,precedes,E01736,E01737,E01736|E01737
R7,derived,precedes,E01737,E01738,E01737|E01738
R7,derived,precedes,E01738,E02717,E01738|E02717
R7,derived,precedes,E00359,E00360,E00359|E00360
R7,derived,precedes,E00360,E00755,E00360|E00755
R7,derived,precedes,E00755,E00756,E00755|E00756
R7,derived,precedes,E00756,E01743,E00756|E01743
R7,derived,precedes,E01743,E01744,E01743|E01744
R7,derived,precedes,E01744,E01745,E01744|E01745
R7,derived,precedes,E01745,E01746,E01745|E01746
R7,derived,precedes,E01746,E02719,E01746|E02719
R7,derived,precedes,E00361,E00362,E00361|E00362
R7,derived,precedes,E00362,E00757,E00362|E00757
R7,derived,precedes,E00757,E00758,E00757|E00758
R7,derived,precedes,E00758,E01751,E00758|E01751
R7,derived,precedes,E01751,E01752,E01751|E01752
R7,derived,precedes,E01752,E01753,E01752|E01753
R7,derived,precedes,E01753,E01754,E01753|E01754
R7,derived,precedes,E01754,E02721,E01754|E02721
R7,derived,precedes,E00363,E00364,E00363|E00364
R7,derived,precedes,E00364,E00759,E00364|E00759
R7,derived,precedes,E00759,E00760,E00759|E00760
R7,derived,precedes,E00760,E01759,E00760|E01759
R7,derived,precedes,E01759,E01760,E01759|E01760
R7,derived,precedes,E01760,E01761,E01760|E01761
R7,derived,precedes,E01761,E01762,E01761|E01762
R7,derived,precedes,E01762,E02723,E01762|E02723
R7,derived,precedes,E00365,E00366,E00365|E00366
R7,derived,precedes,E00366,E00761,E00366|E00761
R7,derived,precedes,E00761,E00762,E00761|E00762
R7,derived,precedes,E00762,E01767,E00762|E01767
R7,derived,precedes,E01767,E01768,E01767|E01768
R7,derived,precedes,E01768,E01769,E01768|E01769
R7,derived,precedes,E01769,E01770,E01769|E01770
R7,derived,precedes,E01770,E02725,E01770|E02725
R7,derived,precedes,E00367,E00368,E00367|E00368
R7,derived,precedes,E00368,E00763,E00368|E00763
R7,derived,precedes,E00763,E00764,E00763|E00764
R7,derived,precedes,E00764,E01915,E00764|E01915
R7,derived,precedes,E01915,E01916,E01915|E01916
R7,derived,precedes,E01916,E01918,E01916|E01918
R7,derived,precedes,E01918,E02355,E01918|E02355
R7,derived,precedes,E02355,E02356,E02355|E02356
R7,derived,precedes,E00369,E00370,E00369|E00370
R7,derived,precedes,E00370,E00765,E00370|E00765
R7,derived,precedes,E00765,E00766,E00765|E00766
R7,derived,precedes,E00766,E01923,E00766|E01923
R7,derived,precedes,E01923,E01924,E01923|E01924
R7,derived,precedes,E01924,E01926,E01924|E01926
R7,derived,precedes,E01926,E02357,E01926|E02357
R7,derived,precedes,E02357,E02358,E02357|E02358
R7,derived,precedes,E00371,E00372,E00371|E00372
R7,derived,precedes,E00372,E00767,E00372|E00767
R7,derived,precedes,E00767,E00768,E00767|E00768
R7,derived,precedes,E00768,E01931,E00768|E01931
R7,derived,precedes,E01931,E01932,E01931|E01932
R7,derived,precedes,E01932,E01934,E01932|E01934
R7,derived,precedes,E01934,E02359,E01934|E02359
R7,derived,precedes,E02359,E02360,E02359|E02360
R7,derived,precedes,E00373,E00374,E00373|E00374
R7,derived,precedes,E00374,E00769,E00374|E00769
R7,derived,precedes,E00769,E00770,E00769|E00770
R7,derived,precedes,E00770,E01939,E00770|E01939
R7,derived,precedes,E01939,E01940,E01939|E01940
R7,derived,precedes,E01940,E01942,E01940|E01942
R7,derived,precedes,E01942,E02361,E01942|E02361
R7,derived,precedes,E02361,E02362,E02361|E02362
R7,derived,precedes,E00375,E00376,E00375|E00376
R7,derived,precedes,E00376,E00771,E00376|E00771
R7,derived,precedes,E00771,E00772,E00771|E00772
R7,derived,precedes,E00772,E01947,E00772|E01947
R7,derived,precedes,E01947,E01948,E01947|E01948
R7,derived,precedes,E01948,E01950,E01948|E01950
R7,derived,precedes,E01950,E02363,E01950|E02363
R7,derived,precedes,E02363,E02364,E02363|E02364
R7,derived,precedes,E00377,E00378,E00377|E00378
R7,derived,precedes,E00378,E00773,E00378|E00773
R7,derived,precedes,E00773,E00774,E00773|E00774
R7,derived,precedes,E00774,E01955,E00774|E01955
R7,derived,precedes,E01955,E01956,E01955|E01956
R7,derived,precedes,E01956,E01958,E01956|E01958
R7,derived,precedes,E01958,E02365,E01958|E02365
R7,derived,precedes,E02365,E02366,E02365|E02366
R7,derived,precedes,E00379,E00380,E00379|E00380
R7,derived,precedes,E00380,E00775,E00380|E00775
R7,derived,precedes,E00775,E00776,E00775|E00776
R7,derived,precedes,E00776,E01963,E00776|E01963
R7,derived,precedes,E01963,E01964,E01963|E01964
R7,derived,precedes,E01964,E01966,E01964|E01966
R7,derived,precedes,E01966,E02367,E01966|E02367
R7,derived,precedes,E02367,E02368,E02367|E02368
R7,derived,precedes,E00381,E00382,E00381|E00382
R7,derived,precedes,E00382,E00777,E00382|E00777
R7,derived,precedes,E00777,E00778,E00777|E00778
R7,derived,precedes,E00778,E01971,E00778|E01971
R7,derived,precedes,E01971,E01972,E01971|E01972
R7,derived,precedes,E01972,E01974,E01972|E01974
R7,derived,precedes,E01974,E02369,E01974|E02369
R7,derived,precedes,E02369,E02370,E02369|E02370
R7,derived,precedes,E00383,E00384,E00383|E00384
R7,derived,precedes,E00384,E00779,E00384|E00779
R7,derived,precedes,E00779,E00780,E00779|E00780
R7,derived,precedes,E00780,E01979,E00780|E01979
R7,derived,precedes,E01979,E01980,E01979|E01980
R7,derived,precedes,E01980,E01982,E01980|E01982
R7,derived,precedes,E01982,E02371,E01982|E02371
R7,derived,precedes,E02371,E02372,E02371|E02372
R7,derived,precedes,E00385,E00386,E00385|E00386
R7,derived,precedes,E00386,E00781,E00386|E00781
R7,derived,precedes,E00781,E00782,E00781|E00782
R7,derived,precedes,E00782,E01987,E00782|E01987
R7,derived,precedes,E01987,E01988,E01987|E01988
R7,derived,precedes,E01988,E01990,E01988|E01990
R7,derived,precedes,E01990,E02373,E01990|E02373
R7,derived,precedes,E02373,E02374,E02373|E02374
R7,derived,precedes,E00387,E00388,E00387|E00388
R7,derived,precedes,E00388,E00783,E00388|E00783
R7,derived,precedes,E00783,E00784,E00783|E00784
R7,derived,precedes,E00784,E01995,E00784|E01995
R7,derived,precedes,E01995,E01996,E01995|E01996
R7,derived,precedes,E01996,E01998,E01996|E01998
R7,derived,precedes,E01998,E02375,E01998|E02375
R7,derived,precedes,E02375,E02376,E02375|E02376
R7,derived,precedes,E00389,E00390,E00389|E00390
R7,derived,precedes,E00390,E00785,E00390|E00785
R7,derived,precedes,E00785,E00786,E00785|E00786
R7,derived,precedes,E00786,E02003,E00786|E02003
R7,derived,precedes,E02003,E02004,E02003|E02004
R7,derived,precedes,E02004,E02006,E02004|E02006
R7,derived,precedes,E02006,E02377,E02006|E02377
R7,derived,precedes,E02377,E02378,E02377|E02378
R7,derived,precedes,E00391,E00392,E00391|E00392
R7,derived,precedes,E00392,E00787,E00392|E00787
R7,derived,precedes,E00787,E00788,E00787|E00788
R7,derived,precedes,E00788,E02011,E00788|E02011
R7,derived,precedes,E02011,E02012,E02011|E02012
R7,derived,precedes,E02012,E02014,E02012|E02014
R7,derived,precedes,E02014,E02379,E02014|E02379
R7,derived,precedes,E02379,E02380,E02379|E02380
R7,derived,precedes,E00393,E00394,E00393|E00394
R7,derived,precedes,E00394,E00789,E00394|E00789
R7,derived,precedes,E00789,E00790,E00789|E00790
R7,derived,precedes,E00790,E02019,E00790|E02019
R7,derived,precedes,E02019,E02020,E02019|E02020
R7,derived,precedes,E02020,E02022,E02020|E02022
R7,derived,precedes,E02022,E02381,E02022|E02381
R7,derived,precedes,E02381,E02382,E02381|E02382
R7,derived,precedes,E00395,E00396,E00395|E00396
R7,derived,precedes,E00396,E00791,E00396|E00791
R7,derived,precedes,E00791,E00792,E00791|E00792
R7,derived,precedes,E00792,E02027,E00792|E02027
R7,derived,precedes,E02027,E02028,E02027|E02028
R7,derived,precedes,E02028,E02030,E02028|E02030
R7,derived,precedes,E02030,E02383,E02030|E02383
R7,derived,precedes,E02383,E02384,E02383|E02384
R7,derived,precedes,E00397,E00398,E00397|E00398
R7,derived,precedes,E00398,E00793,E00398|E00793
R7,derived,precedes,E00793,E00794,E00793|E00794
R7,derived,precedes,E00794,E02035,E00794|E02035
R7,derived,precedes,E02035,E02036,E02035|E02036
R7,derived,precedes,E02036,E02038,E02036|E02038
R7,derived,precedes,E02038,E02385,E02038|E02385
R7,derived,precedes,E02385,E02386,E02385|E02386
R7,derived,precedes,E00399,E00400,E00399|E00400
R7,derived,precedes,E00400,E00795,E00400|E00795
R7,derived,precedes,E00795,E00796,E00795|E00796
R7,derived,precedes,E00796,E02043,E00796|E02043
R7,derived,precedes,E02043,E02044,E02043|E02044
R7,derived,precedes,E02044,E02046,E02044|E02046
R7,derived,precedes,E02046,E02387,E02046|E02387
R7,derived,precedes,E02387,E02388,E02387|E02388
R7,derived,precedes,E00401,E00402,E00401|E00402
R7,derived,precedes,E00402,E00797,E00402|E00797
R7,derived,precedes,E00797,E00798,E00797|E00798
R7,derived,precedes,E00798,E02051,E00798|E02051
R7,derived,precedes,E02051,E02052,E02051|E02052
R7,derived,precedes,E02052,E02054,E02052|E02054
R7,derived,precedes,E02054,E02389,E02054|E02389
R7,derived,precedes,E02389,E02390,E02389|E02390
R7,derived,precedes,E00403,E00404,E00403|E00404
R7,derived,precedes,E00404,E00799,E00404|E00799
R7,derived,precedes,E00799,E00800,E00799|E00800
R7,derived,precedes,E00800,E02059,E00800|E02059
R7,derived,precedes,E02059,E02060,E02059|E02060
R7,derived,precedes,E02060,E02062,E02060|E02062
R7,derived,precedes,E02062,E02391,E02062|E02391
R7,derived,precedes,E02391,E02392,E02391|E02392
R7,derived,precedes,E00405,E00406,E00405|E00406
R7,derived,precedes,E00406,E00801,E00406|E00801
R7,derived,precedes,E00801,E00802,E00801|E00802
R7,derived,precedes,E00802,E02067,E00802|E02067
R7,derived,precedes,E02067,E02068,E02067|E02068
R7,derived,precedes,E02068,E02070,E02068|E02070
R7,derived,precedes,E02070,E02393,E02070|E02393
R7,derived,precedes,E02393,E02394,E02393|E02394
R7,derived,precedes,E00407,E00408,E00407|E00408
R7,derived,precedes,E00408,E00803,E00408|E00803
R7,derived,precedes,E00803,E00804,E00803|E00804
R7,derived,precedes,E00804,E02075,E00804|E02075
R7,derived,precedes,E02075,E02076,E02075|E02076
R7,derived,precedes,E02076,E02078,E02076|E02078
R7,derived,precedes,E02078,E02395,E02078|E02395
R7,derived,precedes,E02395,E02396,E02395|E02396
R7,derived,precedes,E00409,E00410,E00409|E00410
R7,derived,precedes,E00410,E00805,E00410|E00805
R7,derived,precedes,E00805,E00806,E00805|E00806
R7,derived,precedes,E00806,E02083,E00806|E02083
R7,derived,precedes,E02083,E02084,E02083|E02084
R7,derived,precedes,E02084,E02086,E02084|E02086
R7,derived,precedes,E02086,E02397,E02086|E02397
R7,derived,precedes,E02397,E02398,E02397|E02398
R7,derived,precedes,E00411,E00412,E00411|E00412
R7,derived,precedes,E00412,E00807,E00412|E00807
R7,derived,precedes,E00807,E00808,E00807|E00808
R7,derived,precedes,E00808,E02091,E00808|E02091
R7,derived,precedes,E02091,E02092,E02091|E02092
R7,derived,precedes,E02092,E02094,E02092|E02094
R7,derived,precedes,E02094,E02399,E02094|E02399
R7,derived,precedes,E02399,E02400,E02399|E02400
R7,derived,precedes,E00413,E00414,E00413|E00414
R7,derived,precedes,E00414,E00809,E00414|E00809
R7,derived,precedes,E00809,E00810,E00809|E00810
R7,derived,precedes,E00810,E02099,E00810|E02099
R7,derived,precedes,E02099,E02100,E02099|E02100
R7,derived,precedes,E02100,E02102,E02100|E02102
R7,derived,precedes,E02102,E02401,E02102|E02401
R7,derived,precedes,E02401,E02402,E02401|E02402
R7,derived,precedes,E00415,E00416,E00415|E00416
R7,derived,precedes,E00416,E00811,E00416|E00811
R7,derived,precedes,E00811,E00812,E00811|E00812
R7,derived,precedes,E00812,E02403,E00812|E02403
R7,derived,precedes,E02403,E02404,E02403|E02404
R7,derived,precedes,E00417,E00418,E00417|E00418
R7,derived,precedes,E00418,E00813,E00418|E00813
R7,derived,precedes,E00813,E00814,E00813|E00814
R7,derived,precedes,E00814,E02405,E00814|E02405
R7,derived,precedes,E02405,E02406,E02405|E02406
R7,derived,precedes,E00419,E00420,E00419|E00420
R7,derived,precedes,E00420,E00815,E00420|E00815
R7,derived,precedes,E00815,E00816,E00815|E00816
R7,derived,precedes,E00816,E02407,E00816|E02407
R7,derived,precedes,E02407,E02408,E02407|E02408
R7,derived,precedes,E00421,E00422,E00421|E00422
R7,derived,precedes,E00422,E00817,E00422|E00817
R7,derived,precedes,E00817,E00818,E00817|E00818
R7,derived,precedes,E00818,E02409,E00818|E02409
R7,derived,precedes,E02409,E02410,E02409|E02410
R7,derived,precedes,E00423,E00424,E00423|E00424
R7,derived,precedes,E00424,E00819,E00424|E00819
R7,derived,precedes,E00819,E00820,E00819|E00820
R7,derived,precedes,E00820,E02411,E00820|E02411
R7,derived,precedes,E02411,E02412,E02411|E02412
R7,derived,precedes,E00425,E00426,E00425|E00426
R7,derived,precedes,E00426,E00821,E00426|E00821
R7,derived,precedes,E00821,E00822,E00821|E00822
R7,derived,precedes,E00822,E02413,E00822|E02413
R7,derived,precedes,E02413,E02414,E02413|E02414
R7,derived,precedes,E00427,E00428,E00427|E00428
R7,derived,precedes,E00428,E00823,E00428|E00823
R7,derived,precedes,E00823,E00824,E00823|E00824
R7,derived,precedes,E00824,E02415,E00824|E02415
R7,derived,precedes,E02415,E02416,E02415|E02416
R7,derived,precedes,E00429,E00430,E00429|E00430
R7,derived,precedes,E00430,E00825,E00430|E00825
R7,derived,precedes,E00825,E00826,E00825|E00826
R7,derived,precedes,E00826,E02417,E00826|E02417
R7,derived,precedes,E02417,E02418,E02417|E02418
R7,derived,precedes,E00431,E00432,E00431|E00432
R7,derived,precedes,E00432,E00827,E00432|E00827
R7,derived,precedes,E00827,E00828,E00827|E00828
R7,derived,precedes,E00828,E02419,E00828|E02419
R7,derived,precedes,E02419,E02420,E02419|E02420
R7,derived,precedes,E00433,E00434,E00433|E00434
R7,derived,precedes,E00434,E00829,E00434|E00829
R7,derived,precedes,E00829,E00830,E00829|E00830
R7,derived,precedes,E00830,E02421,E00830|E02421
R7,derived,precedes,E02421,E02422,E02421|E02422
R7,derived,precedes,E00435,E00436,E00435|E00436
R7,derived,precedes,E00436,E00831,E00436|E00831
R7,derived,precedes,E00831,E00832,E00831|E00832
R7,derived,precedes,E00832,E02423,E00832|E02423
R7,derived,precedes,E02423,E02424,E02423|E02424
R7,derived,precedes,E00437,E00438,E00437|E00438
R7,derived,precedes,E00438,E00833,E00438|E00833
R7,derived,precedes,E00833,E00834,E00833|E00834
R7,derived,precedes,E00834,E02425,E00834|E02425
R7,derived,precedes,E02425,E02426,E02425|E02426
R7,derived,precedes,E00439,E00440,E00439|E00440
R7,derived,precedes,E00440,E00835,E00440|E00835
R7,derived,precedes,E00835,E00836,E00835|E00836
R7,derived,precedes,E00836,E02427,E00836|E02427
R7,derived,precedes,E02427,E02428,E02427|E02428
R7,derived,precedes,E00441,E00442,E00441|E00442
R7,derived,precedes,E00442,E00837,E00442|E00837
R7,derived,precedes,E00837,E00838,E00837|E00838
R7,derived,precedes,E00838,E02429,E00838|E02429
R7,derived,precedes,E02429,E02430,E02429|E02430
R7,derived,precedes,E00443,E00444,E00443|E00444
R7,derived,precedes,E00444,E00839,E00444|E00839
R7,derived,precedes,E00839,E00840,E00839|E00840
R7,derived,precedes,E00840,E02431,E00840|E02431
R7,derived,precedes,E02431,E02432,E02431|E02432
R7,derived,precedes,E00445,E00446,E00445|E00446
R7,derived,precedes,E00446,E00841,E00446|E00841
R7,derived,precedes,E00841,E00842,E00841|E00842
R7,derived,precedes,E00842,E02433,E00842|E02433
R7,derived,precedes,E02433,E02434,E02433|E02434
R7,derived,precedes,E00447,E00448,E00447|E00448
R7,derived,precedes,E00448,E00843,E00448|E00843
R7,derived,precedes,E00843,E00844,E00843|E00844
R7,derived,precedes,E00844,E02435,E00844|E02435
R7,derived,precedes,E02435,E02436,E02435|E02436
R7,derived,precedes,E00449,E00450,E00449|E00450
R7,derived,precedes,E00450,E00845,E00450|E00845
R7,derived,precedes,E00845,E00846,E00845|E00846
R7,derived,precedes,E00846,E02437,E00846|E02437
R7,derived,precedes,E02437,E02438,E02437|E02438
R7,derived,precedes,E00451,E00452,E00451|E00452
R7,derived,precedes,E00452,E00847,E00452|E00847
R7,derived,precedes,E00847,E00848,E00847|E00848
R7,derived,precedes,E00848,E02439,E00848|E02439
R7,derived,precedes,E02439,E02440,E02439|E02440
R7,derived,precedes,E00453,E00454,E00453|E00454
R7,derived,precedes,E00454,E00849,E00454|E00849
R7,derived,precedes,E00849,E00850,E00849|E00850
R7,derived,precedes,E00850,E02441,E00850|E02441
R7,derived,precedes,E02441,E02442,E02441|E02442
R7,derived,precedes,E00455,E00456,E00455|E00456
R7,derived,precedes,E00456,E00851,E00456|E00851
R7,derived,precedes,E00851,E00852,E00851|E00852
R7,derived,precedes,E00852,E02443,E00852|E02443
R7,derived,precedes,E02443,E02444,E02443|E02444
R7,derived,precedes,E00457,E00458,E00457|E00458
R7,derived,precedes,E00458,E00853,E00458|E00853
R7,derived,precedes,E00853,E00854,E00853|E00854
R7,derived,precedes,E00854,E02445,E00854|E02445
R7,derived,precedes,E02445,E02446,E02445|E02446
R7,derived,precedes,E00459,E00460,E00459|E00460
R7,derived,precedes,E00460,E00855,E00460|E00855
R7,derived,precedes,E00855,E00856,E00855|E00856
R7,derived,precedes,E00856,E02447,E00856|E02447
R7,derived,precedes,E02447,E02448,E02447|E02448
R7,derived,precedes,E00461,E00462,E00461|E00462
R7,derived,precedes,E00462,E00857,E00462|E00857
R7,derived,precedes,E00857,E00858,E00857|E00858
R7,derived,precedes,E00858,E02449,E00858|E02449
R7,derived,precedes,E02449,E02450,E02449|E02450
R7,derived,precedes,E00463,E00464,E00463|E00464
R7,derived,precedes,E00464,E00859,E00464|E00859
R7,derived,precedes,E00859,E00860,E00859|E00860
R7,derived,precedes,E00860,E02451,E00860|E02451
R7,derived,precedes,E02451,E02452,E02451|E02452
R7,derived,precedes,E00465,E00466,E00465|E00466
R7,derived,precedes,E00466,E00861,E00466|E00861
R7,derived,precedes,E00861,E00862,E00861|E00862
R7,derived,precedes,E00862,E02453,E00862|E02453
R7,derived,precedes,E02453,E02454,E02453|E02454
R7,derived,precedes,E00467,E00468,E00467|E00468
R7,derived,precedes,E00468,E00863,E00468|E00863
R7,derived,precedes,E00863,E00864,E00863|E00864
R7,derived,precedes,E00864,E02455,E00864|E02455
R7,derived,precedes,E02455,E02456,E02455|E02456
R7,derived,precedes,E00469,E00470,E00469|E00470
R7,derived,precedes,E00470,E00865,E00470|E00865
R7,derived,precedes,E00865,E00866,E00865|E00866
R7,derived,precedes,E00866,E02457,E00866|E02457
R7,derived,precedes,E02457,E02458,E02457|E02458
R7,derived,precedes,E00471,E00472,E00471|E00472
R7,derived,precedes,E00472,E00867,E00472|E00867
R7,derived,precedes,E00867,E00868,E00867|E00868
R7,derived,precedes,E00868,E02459,E00868|E02459
R7,derived,precedes,E02459,E02460,E02459|E02460
R7,derived,precedes,E00473,E00474,E00473|E00474
R7,derived,precedes,E00474,E00869,E00474|E00869
R7,derived,precedes,E00869,E00870,E00869|E00870
R7,derived,precedes,E00870,E02461,E00870|E02461
R7,derived,precedes,E02461,E02462,E02461|E02462
R7,derived,precedes,E00475,E00476,E00475|E00476
R7,derived,precedes,E00476,E00871,E00476|E00871
R7,derived,precedes,E00871,E00872,E00871|E00872
R7,derived,precedes,E00872,E02463,E00872|E02463
R7,derived,precedes,E02463,E02464,E02463|E02464
R7,derived,precedes,E00477,E00478,E00477|E00478
R7,derived,precedes,E00478,E00873,E00478|E00873
R7,derived,precedes,E00873,E00874,E00873|E00874
R7,derived,precedes,E00874,E02465,E00874|E02465
R7,derived,precedes,E02465,E02466,E02465|E02466
R7,derived,precedes,E00479,E00480,E00479|E00480
R7,derived,precedes,E00480,E00875,E00480|E00875
R7,derived,precedes,E00875,E00876,E00875|E00876
R7,derived,precedes,E00876,E02467,E00876|E02467
R7,derived,precedes,E02467,E02468,E02467|E02468
R7,derived,precedes,E00481,E00482,E00481|E00482
R7,derived,precedes,E00482,E00877,E00482|E00877
R7,derived,precedes,E00877,E00878,E00877|E00878
R7,derived,precedes,E00878,E02469,E00878|E02469
R7,derived,precedes,E02469,E02470,E02469|E02470
R7,derived,precedes,E00483,E00484,E00483|E00484
R7,derived,precedes,E00484,E00879,E00484|E00879
R7,derived,precedes,E00879,E00880,E00879|E00880
R7,derived,precedes,E00880,E02471,E00880|E02471
R7,derived,precedes,E02471,E02472,E02471|E02472
R7,derived,precedes,E00485,E00486,E00485|E00486
R7,derived,precedes,E00486,E00881,E00486|E00881
R7,derived,precedes,E00881,E00882,E00881|E00882
R7,derived,precedes,E00882,E02473,E00882|E02473
R7,derived,precedes,E02473,E02474,E02473|E02474
R7,derived,precedes,E00487,E00488,E00487|E00488
R7,derived,precedes,E00488,E00883,E00488|E00883
R7,derived,precedes,E00883,E00884,E00883|E00884
R7,derived,precedes,E00884,E02475,E00884|E02475
R7,derived,precedes,E02475,E02476,E02475|E02476
R7,derived,precedes,E00489,E00490,E00489|E00490
R7,derived,precedes,E00490,E00885,E00490|E00885
R7,derived,precedes,E00885,E00886,E00885|E00886
R7,derived,precedes,E00886,E02477,E00886|E02477
R7,derived,precedes,E02477,E02478,E02477|E02478
R7,derived,precedes,E00491,E00492,E00491|E00492
R7,derived,precedes,E00492,E00887,E00492|E00887
R7,derived,precedes,E00887,E00888,E00887|E00888
R7,derived,precedes,E00888,E02479,E00888|E02479
R7,derived,precedes,E02479,E02480,E02479|E02480
R7,derived,precedes,E00493,E00494,E00493|E00494
R7,derived,precedes,E00494,E00889,E00494|E00889
R7,derived,precedes,E00889,E00890,E00889|E00890
R7,derived,precedes,E00890,E02481,E00890|E02481
R7,derived,precedes,E02481,E02482,E02481|E02482
R7,derived,precedes,E00495,E00496,E00495|E00496
R7,derived,precedes,E00496,E00891,E00496|E00891
R7,derived,precedes,E00891,E00892,E00891|E00892
R7,derived,precedes,E00892,E02483,E00892|E02483
R7,derived,precedes,E02483,E02484,E02483|E02484
R7,derived,precedes,E00497,E00498,E00497|E00498
R7,derived,precedes,E00498,E00893,E00498|E00893
R7,derived,precedes,E00893,E00894,E00893|E00894
R7,derived,precedes,E00894,E02485,E00894|E02485
R7,derived,precedes,E02485,E02486,E02485|E02486
R7,derived,precedes,E00499,E00500,E00499|E00500
R7,derived,precedes,E00500,E00895,E00500|E00895
R7,derived,precedes,E00895,E00896,E00895|E00896
R7,derived,precedes,E00896,E02487,E00896|E02487
R7,derived,precedes,E02487,E02488,E02487|E02488
R7,derived,precedes,E00501,E00502,E00501|E00502
R7,derived,precedes,E00502,E00897,E00502|E00897
R7,derived,precedes,E00897,E00898,E00897|E00898
R7,derived,precedes,E00898,E02489,E00898|E02489
R7,derived,precedes,E02489,E02490,E02489|E02490
R7,derived,precedes,E00503,E00504,E00503|E00504
R7,derived,precedes,E00504,E00899,E00504|E00899
R7,derived,precedes,E00899,E00900,E00899|E00900
R7,derived,precedes,E00900,E02491,E00900|E02491
R7,derived,precedes,E02491,E02492,E02491|E02492
R7,derived,precedes,E00505,E00506,E00505|E00506
R7,derived,precedes,E00506,E00901,E00506|E00901
R7,derived,precedes,E00901,E00902,E00901|E00902
R7,derived,precedes,E00902,E02493,E00902|E02493
R7,derived,precedes,E02493,E02494,E02493|E02494
R7,derived,precedes,E00507,E00508,E00507|E00508
R7,derived,precedes,E00508,E00903,E00508|E00903
R7,derived,precedes,E00903,E00904,E00903|E00904
R7,derived,precedes,E00904,E02495,E00904|E02495
R7,derived,precedes,E02495,E02496,E02495|E02496
R7,derived,precedes,E00509,E00510,E00509|E00510
R7,derived,precedes,E00510,E00905,E00510|E00905
R7,derived,precedes,E00905,E00906,E00905|E00906
R7,derived,precedes,E00906,E02497,E00906|E02497
R7,derived,precedes,E02497,E02498,E02497|E02498
R7,derived,precedes,E00511,E00512,E00511|E00512
R7,derived,precedes,E00512,E00907,E00512|E00907
R7,derived,precedes,E00907,E00908,E00907|E00908
R7,derived,precedes,E00908,E02499,E00908|E02499
R7,derived,precedes,E02499,E02500,E02499|E02500
R7,derived,precedes,E00513,E00514,E00513|E00514
R7,derived,precedes,E00514,E00909,E00514|E00909
R7,derived,precedes,E00909,E00910,E00909|E00910
R7,derived,precedes,E00910,E02501,E00910|E02501
R7,derived,precedes,E02501,E02502,E02501|E02502
R7,derived,precedes,E00515,E00516,E00515|E00516
R7,derived,precedes,E00516,E00911,E00516|E00911
R7,derived,precedes,E00911,E00912,E00911|E00912
R7,derived,precedes,E00912,E02503,E00912|E02503
R7,derived,precedes,E02503,E02504,E02503|E02504
R7,derived,precedes,E00517,E00518,E00517|E00518
R7,derived,precedes,E00518,E00913,E00518|E00913
R7,derived,precedes,E00913,E00914,E00913|E00914
R7,derived,precedes,E00914,E02505,E00914|E02505
R7,derived,precedes,E02505,E02506,E02505|E02506
R7,derived,precedes,E00519,E00520,E00519|E00520
R7,derived,precedes,E00520,E00915,E00520|E00915
R7,derived,precedes,E00915,E00916,E00915|E00916
R7,derived,precedes,E00916,E02507,E00916|E02507
R7,derived,precedes,E02507,E02508,E02507|E02508
R7,derived,precedes,E00521,E00522,E00521|E00522
R7,derived,precedes,E00522,E00917,E00522|E00917
R7,derived,precedes,E00917,E00918,E00917|E00918
R7,derived,precedes,E00918,E02509,E00918|E02509
R7,derived,precedes,E02509,E02510,E02509|E02510
R7,derived,precedes,E00523,E00524,E00523|E00524
R7,derived,precedes,E00524,E00919,E00524|E00919
R7,derived,precedes,E00919,E00920,E00919|E00920
R7,derived,precedes,E00920,E02511,E00920|E02511
R7,derived,precedes,E02511,E02512,E02511|E02512
R7,derived,precedes,E00525,E00526,E00525|E00526
R7,derived,precedes,E00526,E00921,E00526|E00921
R7,derived,precedes,E00921,E00922,E00921|E00922
R7,derived,precedes,E00922,E02513,E00922|E02513
R7,derived,precedes,E02513,E02514,E02513|E02514
R7,derived,precedes,E00527,E00528,E00527|E00528
R7,derived,precedes,E00528,E00673,E00528|E00673
R7,derived,precedes,E00673,E00674,E00673|E00674
R7,derived,precedes,E00674,E02515,E00674|E02515
R7,derived,precedes,E02515,E02516,E02515|E02516
R7,derived,precedes,E00529,E00530,E00529|E00530
R7,derived,precedes,E00530,E00675,E00530|E00675
R7,derived,precedes,E00675,E00676,E00675|E00676
R7,derived,precedes,E00676,E02517,E00676|E02517
R7,derived,precedes,E02517,E02518,E02517|E02518
R7,derived,precedes,E00531,E00532,E00531|E00532
R7,derived,precedes,E00532,E00677,E00532|E00677
R7,derived,precedes,E00677,E00678,E00677|E00678
R7,derived,precedes,E00678,E02519,E00678|E02519
R7,derived,precedes,E02519,E02520,E02519|E02520
R7,derived,precedes,E00533,E00534,E00533|E00534
R7,derived,precedes,E00534,E00679,E00534|E00679
R7,derived,precedes,E00679,E00680,E00679|E00680
R7,derived,precedes,E00680,E02521,E00680|E02521
R7,derived,precedes,E02521,E02522,E02521|E02522
R7,derived,precedes,E00535,E00536,E00535|E00536
R7,derived,precedes,E00536,E00681,E00536|E00681
R7,derived,precedes,E00681,E00682,E00681|E00682
R7,derived,precedes,E00682,E02523,E00682|E02523
R7,derived,precedes,E02523,E02524,E02523|E02524
R7,derived,precedes,E00537,E00538,E00537|E00538
R7,derived,precedes,E00538,E00683,E00538|E00683
R7,derived,precedes,E00683,E00684,E00683|E00684
R7,derived,precedes,E00684,E02525,E00684|E02525
R7,derived,precedes,E02525,E02526,E02525|E02526
R7,derived,precedes,E00539,E00540,E00539|E00540
R7,derived,precedes,E00540,E00685,E00540|E00685
R7,derived,precedes,E00685,E00686,E00685|E00686
R7,derived,precedes,E00686,E02527,E00686|E02527
R7,derived,precedes,E02527,E02528,E02527|E02528
R7,derived,precedes,E00541,E00542,E00541|E00542
R7,derived,precedes,E00542,E00687,E00542|E00687
R7,derived,precedes,E00687,E00688,E00687|E00688
R7,derived,precedes,E00688,E02529,E00688|E02529
R7,derived,precedes,E02529,E02530,E02529|E02530
R7,derived,precedes,E00543,E00544,E00543|E00544
R7,derived,precedes,E00544,E00689,E00544|E00689
R7,derived,precedes,E00689,E00690,E00689|E00690
R7,derived,precedes,E00690,E02531,E00690|E02531
R7,derived,precedes,E02531,E02532,E02531|E02532
R7,derived,precedes,E00545,E00546,E00545|E00546
R7,derived,precedes,E00546,E00691,E00546|E00691
R7,derived,precedes,E00691,E00692,E00691|E00692
R7,derived,precedes,E00692,E02533,E00692|E02533
R7,derived,precedes,E02533,E02534,E02533|E02534
R7,derived,precedes,E00547,E00548,E00547|E00548
R7,derived,precedes,E00548,E01318,E00548|E01318
R7,derived,precedes,E01318,E01319,E01318|E01319
R7,derived,precedes,E01319,E01775,E01319|E01775
R7,derived,precedes,E01775,E01776,E01775|E01776
R7,derived,precedes,E01776,E01777,E01776|E01777
R7,derived,precedes,E01777,E01778,E01777|E01778
R7,derived,precedes,E01778,E02727,E01778|E02727
R7,derived,precedes,E00549,E00550,E00549|E00550
R7,derived,precedes,E00550,E01320,E00550|E01320
R7,derived,precedes,E01320,E01321,E01320|E01321
R7,derived,precedes,E01321,E01783,E01321|E01783
R7,derived,precedes,E01783,E01784,E01783|E01784
R7,derived,precedes,E01784,E01785,E01784|E01785
R7,derived,precedes,E01785,E01786,E01785|E01786
R7,derived,precedes,E01786,E02729,E01786|E02729
R7,derived,precedes,E00551,E00552,E00551|E00552
R7,derived,precedes,E00552,E01322,E00552|E01322
R7,derived,precedes,E01322,E01323,E01322|E01323
R7,derived,precedes,E01323,E01791,E01323|E01791
R7,derived,precedes,E01791,E01792,E01791|E01792
R7,derived,precedes,E01792,E01793,E01792|E01793
R7,derived,precedes,E01793,E01794,E01793|E01794
R7,derived,precedes,E01794,E02731,E01794|E02731
R7,derived,precedes,E00553,E00554,E00553|E00554
R7,derived,precedes,E00554,E01324,E00554|E01324
R7,derived,precedes,E01324,E01325,E01324|E01325
R7,derived,precedes,E01325,E01799,E01325|E01799
R7,derived,precedes,E01799,E01800,E01799|E01800
R7,derived,precedes,E01800,E01801,E01800|E01801
R7,derived,precedes,E01801,E01802,E01801|E01802
R7,derived,precedes,E01802,E02733,E01802|E02733
R7,derived,precedes,E00555,E00556,E00555|E00556
R7,derived,precedes,E00556,E01326,E00556|E01326
R7,derived,precedes,E01326,E01327,E01326|E01327
R7,derived,precedes,E01327,E01807,E01327|E01807
R7,derived,precedes,E01807,E01808,E01807|E01808
R7,derived,precedes,E01808,E01809,E01808|E01809
R7,derived,precedes,E01809,E01810,E01809|E01810
R7,derived,precedes,E01810,E02735,E01810|E02735
R7,derived,precedes,E00557,E00558,E00557|E00558
R7,derived,precedes,E00558,E01328,E00558|E01328
R7,derived,precedes,E01328,E01329,E01328|E01329
R7,derived,precedes,E01329,E01815,E01329|E01815
R7,derived,precedes,E01815,E01816,E01815|E01816
R7,derived,precedes,E01816,E01817,E01816|E01817
R7,derived,precedes,E01817,E01818,E01817|E01818
R7,derived,precedes,E01818,E02737,E01818|E02737
R7,derived,precedes,E00559,E00560,E00559|E00560
R7,derived,precedes,E00560,E01330,E00560|E01330
R7,derived,precedes,E01330,E01331,E01330|E01331
R7,derived,precedes,E01331,E01823,E01331|E01823
R7,derived,precedes,E01823,E01824,E01823|E01824
R7,derived,precedes,E01824,E01825,E01824|E01825
R7,derived,precedes,E01825,E01826,E01825|E01826
R7,derived,precedes,E01826,E02739,E01826|E02739
R7,derived,precedes,E00561,E00562,E00561|E00562
R7,derived,precedes,E00562,E01332,E00562|E01332
R7,derived,precedes,E01332,E01333,E01332|E01333
R7,derived,precedes,E01333,E01831,E01333|E01831
R7,derived,precedes,E01831,E01832,E01831|E01832
R7,derived,precedes,E01832,E01833,E01832|E01833
R7,derived,precedes,E01833,E01834,E01833|E01834
R7,derived,precedes,E01834,E02741,E01834|E02741
R7,derived,precedes,E00563,E00564,E00563|E00564
R7,derived,precedes,E00564,E01334,E00564|E01334
R7,derived,precedes,E01334,E01335,E01334|E01335
R7,derived,precedes,E01335,E01839,E01335|E01839
R7,derived,precedes,E01839,E01840,E01839|E01840
R7,derived,precedes,E01840,E01841,E01840|E01841
R7,derived,precedes,E01841,E01842,E01841|E01842
R7,derived,precedes,E01842,E02743,E01842|E02743
R7,derived,precedes,E00565,E00566,E00565|E00566
R7,derived,precedes,E00566,E01336,E00566|E01336
R7,derived,precedes,E01336,E01337,E01336|E01337
R7,derived,precedes,E01337,E01847,E01337|E01847
R7,derived,precedes,E01847,E01848,E01847|E01848
R7,derived,precedes,E01848,E01849,E01848|E01849
R7,derived,precedes,E01849,E01850,E01849|E01850
R7,derived,precedes,E01850,E02745,E01850|E02745
R7,derived,precedes,E00567,E00568,E00567|E00568
R7,derived,precedes,E00568,E01338,E00568|E01338
R7,derived,precedes,E01338,E01339,E01338|E01339
R7,derived,precedes,E01339,E01855,E01339|E01855
R7,derived,precedes,E01855,E01856,E01855|E01856
R7,derived,precedes,E01856,E01857,E01856|E01857
R7,derived,precedes,E01857,E01858,E01857|E01858
R7,derived,precedes,E01858,E02747,E01858|E02747
R7,derived,precedes,E00569,E00570,E00569|E00570
R7,derived,precedes,E00570,E01340,E00570|E01340
R7,derived,precedes,E01340,E01341,E01340|E01341
R7,derived,precedes,E01341,E01863,E01341|E01863
R7,derived,precedes,E01863,E01864,E01863|E01864
R7,derived,precedes,E01864,E01865,E01864|E01865
R7,derived,precedes,E01865,E01866,E01865|E01866
R7,derived,precedes,E01866,E02749,E01866|E02749
R7,derived,precedes,E00571,E00572,E00571|E00572
R7,derived,precedes,E00572,E01342,E00572|E01342
R7,derived,precedes,E01342,E01343,E01342|E01343
R7,derived,precedes,E01343,E01871,E01343|E01871
R7,derived,precedes,E01871,E01872,E01871|E01872
R7,derived,precedes,E01872,E01873,E01872|E01873
R7,derived,precedes,E01873,E01874,E01873|E01874
R7,derived,precedes,E01874,E02751,E01874|E02751
R7,derived,precedes,E00573,E00574,E00573|E00574
R7,derived,precedes,E00574,E01344,E00574|E01344
R7,derived,precedes,E01344,E01345,E01344|E01345
R7,derived,precedes,E01345,E01879,E01345|E01879
R7,derived,precedes,E01879,E01880,E01879|E01880
R7,derived,precedes,E01880,E01881,E01880|E01881
R7,derived,precedes,E01881,E01882,E01881|E01882
R7,derived,precedes,E01882,E02753,E01882|E02753
R7,derived,precedes,E00575,E00576,E00575|E00576
R7,derived,precedes,E00576,E01346,E00576|E01346
R7,derived,precedes,E01346,E01347,E01346|E01347
R7,derived,precedes,E01347,E01887,E01347|E01887
R7,derived,precedes,E01887,E01888,E01887|E01888
R7,derived,precedes,E01888,E01889,E01888|E01889
R7,derived,precedes,E01889,E01890,E01889|E01890
R7,derived,precedes,E01890,E02755,E01890|E02755
R7,derived,precedes,E00577,E00578,E00577|E00578
R7,derived,precedes,E00578,E01348,E00578|E01348
R7,derived,precedes,E01348,E01349,E01348|E01349
R7,derived,precedes,E01349,E01895,E01349|E01895
R7,derived,precedes,E01895,E01896,E01895|E01896
R7,derived,precedes,E01896,E01897,E01896|E01897
R7,derived,precedes,E01897,E01898,E01897|E01898
R7,derived,precedes,E01898,E02757,E01898|E02757
R7,derived,precedes,E00579,E00580,E00579|E00580
R7,derived,precedes,E00580,E01350,E00580|E01350
R7,derived,precedes,E01350,E01351,E01350|E01351
R7,derived,precedes,E01351,E01903,E01351|E01903
R7,derived,precedes,E01903,E01904,E01903|E01904
R7,derived,precedes,E01904,E01905,E01904|E01905
R7,derived,precedes,E01905,E01906,E01905|E01906
R7,derived,precedes,E01906,E02759,E01906|E02759
R7,derived,precedes,E00581,E00582,E00581|E00582
R7,derived,precedes,E00582,E01352,E00582|E01352
R7,derived,precedes,E01352,E01353,E01352|E01353
R7,derived,precedes,E01353,E01911,E01353|E01911
R7,derived,precedes,E01911,E01912,E01911|E01912
R7,derived,precedes,E01912,E01913,E01912|E01913
R7,derived,precedes,E01913,E01914,E01913|E01914
R7,derived,precedes,E01914,E02761,E01914|E02761
R7,derived,precedes,E00583,E00584,E00583|E00584
R7,derived,precedes,E00584,E01354,E00584|E01354
R7,derived,precedes,E01354,E01355,E01354|E01355
R7,derived,precedes,E01355,E02535,E01355|E02535
R7,derived,precedes,E02535,E02536,E02535|E02536
R7,derived,precedes,E00585,E00586,E00585|E00586
R7,derived,precedes,E00586,E01356,E00586|E01356
R7,derived,precedes,E01356,E01357,E01356|E01357
R7,derived,precedes,E01357,E02537,E01357|E02537
R7,derived,precedes,E02537,E02538,E02537|E02538
R7,derived,precedes,E00587,E00588,E00587|E00588
R7,derived,precedes,E00588,E01358,E00588|E01358
R7,derived,precedes,E01358,E01359,E01358|E01359
R7,derived,precedes,E01359,E02539,E01359|E02539
R7,derived,precedes,E02539,E02540,E02539|E02540
R7,derived,precedes,E00589,E00590,E00589|E00590
R7,derived,precedes,E00590,E01360,E00590|E01360
R7,derived,precedes,E01360,E01361,E01360|E01361
R7,derived,precedes,E01361,E02541,E01361|E02541
R7,derived,precedes,E02541,E02542,E02541|E02542
R7,derived,precedes,E00591,E00592,E00591|E00592
R7,derived,precedes,E00592,E01362,E00592|E01362
R7,derived,precedes,E01362,E01363,E01362|E01363
R7,derived,precedes,E01363,E02543,E01363|E02543
R7,derived,precedes,E02543,E02544,E02543|E02544
R7,derived,precedes,E00593,E00594,E00593|E00594
R7,derived,precedes,E00594,E01364,E00594|E01364
R7,derived,precedes,E01364,E01365,E01364|E01365
R7,derived,precedes,E01365,E02545,E01365|E02545
R7,derived,precedes,E02545,E02546,E02545|E02546
R7,derived,precedes,E00595,E00596,E00595|E00596
R7,derived,precedes,E00596,E01366,E00596|E01366
R7,derived,precedes,E01366,E01367,E01366|E01367
R7,derived,precedes,E01367,E02547,E01367|E02547
R7,derived,precedes,E02547,E02548,E02547|E02548
R7,derived,precedes,E00597,E00598,E00597|E00598
R7,derived,precedes,E00598,E01368,E00598|E01368
R7,derived,precedes,E01368,E01369,E01368|E01369
R7,derived,precedes,E01369,E02549,E01369|E02549
R7,derived,precedes,E02549,E02550,E02549|E02550
R7,derived,precedes,E00599,E00600,E00599|E00600
R7,derived,precedes,E00600,E01370,E00600|E01370
R7,derived,precedes,E01370,E01371,E01370|E01371
R7,derived,precedes,E01371,E02551,E01371|E02551
R7,derived,precedes,E02551,E02552,E02551|E02552
R7,derived,precedes,E00601,E00602,E00601|E00602
R7,derived,precedes,E00602,E01372,E00602|E01372
R7,derived,precedes,E01372,E01373,E01372|E01373
R7,derived,precedes,E01373,E02553,E01373|E02553
R7,derived,precedes,E02553,E02554,E02553|E02554
R7,derived,precedes,E00603,E00604,E00603|E00604
R7,derived,precedes,E00604,E01374,E00604|E01374
R7,derived,precedes,E01374,E01375,E01374|E01375
R7,derived,precedes,E01375,E02555,E01375|E02555
R7,derived,precedes,E02555,E02556,E02555|E02556
R7,derived,precedes,E00605,E00606,E00605|E00606
R7,derived,precedes,E00606,E01376,E00606|E01376
R7,derived,precedes,E01376,E01377,E01376|E01377
R7,derived,precedes,E01377,E02557,E01377|E02557
R7,derived,precedes,E02557,E02558,E02557|E02558
R7,derived,precedes,E00607,E00608,E00607|E00608
R7,derived,precedes,E00608,E01378,E00608|E01378
R7,derived,precedes,E01378,E01379,E01378|E01379
R7,derived,precedes,E01379,E02559,E01379|E02559
R7,derived,precedes,E02559,E02560,E02559|E02560
R7,derived,precedes,E00609,E00610,E00609|E00610
R7,derived,precedes,E00610,E01380,E00610|E01380
R7,derived,precedes,E01380,E01381,E01380|E01381
R7,derived,precedes,E01381,E02561,E01381|E02561
R7,derived,precedes,E02561,E02562,E02561|E02562
R7,derived,precedes,E00611,E00612,E00611|E00612
R7,derived,precedes,E00612,E01382,E00612|E01382
R7,derived,precedes,E01382,E01383,E01382|E01383
R7,derived,precedes,E01383,E02563,E01383|E02563
R7,derived,precedes,E02563,E02564,E02563|E02564
R7,derived,precedes,E02564,E02781,E02564|E02781
R7,derived,precedes,E02781,E02782,E02781|E02782
R7,derived,precedes,E00613,E00614,E00613|E00614
R7,derived,precedes,E00614,E01384,E00614|E01384
R7,derived,precedes,E01384,E01385,E01384|E01385
R7,derived,precedes,E01385,E02565,E01385|E02565
R7,derived,precedes,E02565,E02566,E02565|E02566
R7,derived,precedes,E02566,E02783,E02566|E02783
R7,derived,precedes,E02783,E02784,E02783|E02784
R7,derived,precedes,E00615,E00616,E00615|E00616
R7,derived,precedes,E00616,E01386,E00616|E01386
R7,derived,precedes,E01386,E01387,E01386|E01387
R7,derived,precedes,E01387,E02567,E01387|E02567
R7,derived,precedes,E02567,E02568,E02567|E02568
R7,derived,precedes,E02568,E02785,E02568|E02785
R7,derived,precedes,E02785,E02786,E02785|E02786
R7,derived,precedes,E00617,E00618,E00617|E00618
R7,derived,precedes,E00618,E01388,E00618|E01388
R7,derived,precedes,E01388,E01389,E01388|E01389
R7,derived,precedes,E01389,E02569,E01389|E02569
R7,derived,precedes,E02569,E02570,E02569|E02570
R7,derived,precedes,E02570,E02787,E02570|E02787
R7,derived,precedes,E02787,E02788,E02787|E02788
R7,derived,precedes,E00619,E00620,E00619|E00620
R7,derived,precedes,E00620,E01390,E00620|E01390
R7,derived,precedes,E01390,E01391,E01390|E01391
R7,derived,precedes,E01391,E02571,E01391|E02571
R7,derived,precedes,E02571,E02572,E02571|E02572
R7,derived,precedes,E02572,E02789,E02572|E02789
R7,derived,precedes,E02789,E02790,E02789|E02790
R7,derived,precedes,E00621,E00622,E00621|E00622
R7,derived,precedes,E00622,E01392,E00622|E01392
R7,derived,precedes,E01392,E01393,E01392|E01393
R7,derived,precedes,E01393,E02573,E01393|E02573
R7,derived,precedes,E02573,E02574,E02573|E02574
R7,derived,precedes,E02574,E02791,E02574|E02791
R7,derived,precedes,E02791,E02792,E02791|E02792
R7,derived,precedes,E00623,E00624,E00623|E00624
R7,derived,precedes,E00624,E01394,E00624|E01394
R7,derived,precedes,E01394,E01395,E01394|E01395
R7,derived,precedes,E01395,E02575,E01395|E02575
R7,derived,precedes,E02575,E02576,E02575|E02576
R7,derived,precedes,E02576,E02793,E02576|E02793
R7,derived,precedes,E02793,E02794,E02793|E02794
R7,derived,precedes,E00625,E00626,E00625|E00626
R7,derived,precedes,E00626,E01396,E00626|E01396
R7,derived,precedes,E01396,E01397,E01396|E01397
R7,derived,precedes,E01397,E02577,E01397|E02577
R7,derived,precedes,E02577,E02578,E02577|E02578
R7,derived,precedes,E02578,E02795,E02578|E02795
R7,derived,precedes,E02795,E02796,E02795|E02796
R7,derived,precedes,E00627,E00628,E00627|E00628
R7,derived,precedes,E00628,E01398,E00628|E01398
R7,derived,precedes,E01398,E01399,E01398|E01399
R7,derived,precedes,E01399,E02579,E01399|E02579
R7,derived,precedes,E02579,E02580,E02579|E02580
R7,derived,precedes,E00629,E00630,E00629|E00630
R7,derived,precedes,E00630,E01400,E00630|E01400
R7,derived,precedes,E01400,E01401,E01400|E01401
R7,derived,precedes,E01401,E02581,E01401|E02581
R7,derived,precedes,E02581,E02582,E02581|E02582
R7,derived,precedes,E00631,E00632,E00631|E00632
R7,derived,precedes,E00632,E01402,E00632|E01402
R7,derived,precedes,E01402,E01403,E01402|E01403
R7,derived,precedes,E01403,E02583,E01403|E02583
R7,derived,precedes,E02583,E02584,E02583|E02584
R7,derived,precedes,E00633,E00634,E00633|E00634
R7,derived,precedes,E00634,E01208,E00634|E01208
R7,derived,precedes,E01208,E01209,E01208|E01209
R7,derived,precedes,E01209,E01211,E01209|E01211
R7,derived,precedes,E01211,E01212,E01211|E01212
R7,derived,precedes,E01212,E01213,E01212|E01213
R7,derived,precedes,E01213,E01215,E01213|E01215
R7,derived,precedes,E01215,E02585,E01215|E02585
R7,derived,precedes,E02585,E02586,E02585|E02586
R7,derived,precedes,E00635,E00636,E00635|E00636
R7,derived,precedes,E00636,E01219,E00636|E01219
R7,derived,precedes,E01219,E01220,E01219|E01220
R7,derived,precedes,E01220,E01222,E01220|E01222
R7,derived,precedes,E01222,E01223,E01222|E01223
R7,derived,precedes,E01223,E01224,E01223|E01224
R7,derived,precedes,E01224,E01226,E01224|E01226
R7,derived,precedes,E01226,E02587,E01226|E02587
R7,derived,precedes,E02587,E02588,E02587|E02588
R7,derived,precedes,E00637,E00638,E00637|E00638
R7,derived,precedes,E00638,E01230,E00638|E01230
R7,derived,precedes,E01230,E01231,E01230|E01231
R7,derived,precedes,E01231,E01233,E01231|E01233
R7,derived,precedes,E01233,E01234,E01233|E01234
R7,derived,precedes,E01234,E01235,E01234|E01235
R7,derived,precedes,E01235,E01237,E01235|E01237
R7,derived,precedes,E01237,E02589,E01237|E02589
R7,derived,precedes,E02589,E02590,E02589|E02590
R7,derived,precedes,E00639,E00640,E00639|E00640
R7,derived,precedes,E00640,E01241,E00640|E01241
R7,derived,precedes,E01241,E01242,E01241|E01242
R7,derived,precedes,E01242,E01244,E01242|E01244
R7,derived,precedes,E01244,E01245,E01244|E01245
R7,derived,precedes,E01245,E01246,E01245|E01246
R7,derived,precedes,E01246,E01248,E01246|E01248
R7,derived,precedes,E01248,E02591,E01248|E02591
R7,derived,precedes,E02591,E02592,E02591|E02592
R7,derived,precedes,E00641,E00642,E00641|E00642
R7,derived,precedes,E00642,E01252,E00642|E01252
R7,derived,precedes,E01252,E01253,E01252|E01253
R7,derived,precedes,E01253,E01255,E01253|E01255
R7,derived,precedes,E01255,E01256,E01255|E01256
R7,derived,precedes,E01256,E01257,E01256|E01257
R7,derived,precedes,E01257,E01259,E01257|E01259
R7,derived,precedes,E01259,E02593,E01259|E02593
R7,derived,precedes,E02593,E02594,E02593|E02594
R7,derived,precedes,E00643,E00644,E00643|E00644
R7,derived,precedes,E00644,E01263,E00644|E01263
R7,derived,precedes,E01263,E01264,E01263|E01264
R7,derived,precedes,E01264,E01266,E01264|E01266
R7,derived,precedes,E01266,E01267,E01266|E01267
R7,derived,precedes,E01267,E01268,E01267|E01268
R7,derived,precedes,E01268,E01270,E01268|E01270
R7,derived,precedes,E01270,E02595,E01270|E02595
R7,derived,precedes,E02595,E02596,E02595|E02596
R7,derived,precedes,E00645,E00646,E00645|E00646
R7,derived,precedes,E00646,E01274,E00646|E01274
R7,derived,precedes,E01274,E01275,E01274|E01275
R7,derived,precedes,E01275,E01277,E01275|E01277
R7,derived,precedes,E01277,E01278,E01277|E01278
R7,derived,precedes,E01278,E01279,E01278|E01279
R7,derived,precedes,E01279,E01281,E01279|E01281
R7,derived,precedes,E01281,E02597,E01281|E02597
R7,derived,precedes,E02597,E02598,E02597|E02598
R7,derived,precedes,E00647,E00648,E00647|E00648
R7,derived,precedes,E00648,E01285,E00648|E01285
R7,derived,precedes,E01285,E01286,E01285|E01286
R7,derived,precedes,E01286,E01288,E01286|E01288
R7,derived,precedes,E01288,E01289,E01288|E01289
R7,derived,precedes,E01289,E01290,E01289|E01290
R7,derived,precedes,E01290,E01292,E01290|E01292
R7,derived,precedes,E01292,E02599,E01292|E02599
R7,derived,precedes,E02599,E02600,E02599|E02600
R7,derived,precedes,E00649,E00650,E00649|E00650
R7,derived,precedes,E00650,E01296,E00650|E01296
R7,derived,precedes,E01296,E01297,E01296|E01297
R7,derived,precedes,E01297,E01299,E01297|E01299
R7,derived,precedes,E01299,E01300,E01299|E01300
R7,derived,precedes,E01300,E01301,E01300|E01301
R7,derived,precedes,E01301,E01303,E01301|E01303
R7,derived,precedes,E01303,E02601,E01303|E02601
R7,derived,precedes,E02601,E02602,E02601|E02602
R7,derived,precedes,E00651,E00652,E00651|E00652
R7,derived,precedes,E00652,E01307,E00652|E01307
R7,derived,precedes,E01307,E01308,E01307|E01308
R7,derived,precedes,E01308,E01310,E01308|E01310
R7,derived,precedes,E01310,E01311,E01310|E01311
R7,derived,precedes,E01311,E01312,E01311|E01312
R7,derived,precedes,E01312,E01314,E01312|E01314
R7,derived,precedes,E01314,E02603,E01314|E02603
R7,derived,precedes,E02603,E02604,E02603|E02604
R7,derived,precedes,E00653,E00654,E00653|E00654
R7,derived,precedes,E00654,E02605,E00654|E02605
R7,derived,precedes,E02605,E02606,E02605|E02606
R7,derived,precedes,E00655,E00656,E00655|E00656
R7,derived,precedes,E00656,E02607,E00656|E02607
R7,derived,precedes,E02607,E02608,E02607|E02608
R7,derived,precedes,E01095,E01096,E01095|E01096
R7,derived,precedes,E01096,E01097,E01096|E01097
R7,derived,precedes,E01097,E01139,E01097|E01139
R7,derived,precedes,E01139,E01140,E01139|E01140
R7,derived,precedes,E01140,E01141,E01140|E01141
R7,derived,precedes,E01141,E01183,E01141|E01183
R7,derived,precedes,E01183,E01184,E01183|E01184
R7,derived,precedes,E01184,E01185,E01184|E01185
R7,derived,precedes,E01106,E01107,E01106|E01107
R7,derived,precedes,E01107,E01108,E01107|E01108
R7,derived,precedes,E01108,E01150,E01108|E01150
R7,derived,precedes,E01150,E01151,E01150|E01151
R7,derived,precedes,E01151,E01152,E01151|E01152
R7,derived,precedes,E01152,E01194,E01152|E01194
R7,derived,precedes,E01194,E01195,E01194|E01195
R7,derived,precedes,E01195,E01196,E01195|E01196
R7,derived,precedes,E01117,E01118,E01117|E01118
R7,derived,precedes,E01118,E01119,E01118|E01119
R7,derived,precedes,E01119,E01161,E01119|E01161
R7,derived,precedes,E01161,E01162,E01161|E01162
R7,derived,precedes,E01162,E01163,E01162|E01163
R7,derived,precedes,E01163,E01205,E01163|E01205
R7,derived,precedes,E01205,E01206,E01205|E01206
R7,derived,precedes,E01206,E01207,E01206|E01207
R7,derived,precedes,E01128,E01129,E01128|E01129
R7,derived,precedes,E01129,E01130,E01129|E01130
R7,derived,precedes,E01130,E01172,E01130|E01172
R7,derived,precedes,E01172,E01173,E01172|E01173
R7,derived,precedes,E01173,E01174,E01173|E01174
R7,derived,precedes,E01174,E01216,E01174|E01216
R7,derived,precedes,E01216,E01217,E01216|E01217
R7,derived,precedes,E01217,E01218,E01217|E01218
R7,derived,precedes,E01218,E01260,E01218|E01260
R7,derived,precedes,E01260,E01261,E01260|E01261
R7,derived,precedes,E01261,E01262,E01261|E01262
R7,derived,precedes,E01262,E01304,E01262|E01304
R7,derived,precedes,E01304,E01305,E01304|E01305
R7,derived,precedes,E01305,E01306,E01305|E01306
R7,derived,precedes,E01227,E01228,E01227|E01228
R7,derived,precedes,E01228,E01229,E01228|E01229
R7,derived,precedes,E01229,E01271,E01229|E01271
R7,derived,precedes,E01271,E01272,E01271|E01272
R7,derived,precedes,E01272,E01273,E01272|E01273
R7,derived,precedes,E01273,E01315,E01273|E01315
R7,derived,precedes,E01315,E01316,E01315|E01316
R7,derived,precedes,E01316,E01317,E01316|E01317
R7,derived,precedes,E01238,E01239,E01238|E01239
R7,derived,precedes,E01239,E01240,E01239|E01240
R7,derived,precedes,E01240,E01282,E01240|E01282
R7,derived,precedes,E01282,E01283,E01282|E01283
R7,derived,precedes,E01283,E01284,E01283|E01284
R7,derived,precedes,E01249,E01250,E01249|E01250
R7,derived,precedes,E01250,E01251,E01250|E01251
R7,derived,precedes,E01251,E01293,E01251|E01293
R7,derived,precedes,E01293,E01294,E01293|E01294
R7,derived,precedes,E01294,E01295,E01294|E01295
R8,orbat,partOf,UNIT-EN-ARM-CO1,UNIT-EN-BN,config/orbat.json
R8,orbat,partOf,UNIT-EN-ARM-CO2,UNIT-EN-BN,config/orbat.json
R8,orbat,partOf,UNIT-EN-FIRE-CO1,UNIT-EN-BN,config/orbat.json
R8,orbat,partOf,UNIT-EN-INF-CO1,UNIT-EN-BN,config/orbat.json
R8,orbat,partOf,UNIT-EN-INF-CO2,UNIT-EN-BN,config/orbat.json
R8,orbat,partOf,UNIT-EN-LOG-CO1,UNIT-EN-BN,config/orbat.json
R8,orbat,partOf,UNIT-EN-MEC-CO1,UNIT-EN-BN,config/orbat.json
R8,orbat,partOf,UNIT-FR-ARM-CO1,UNIT-FR-BN,config/orbat.json
R8,orbat,partOf,UNIT-FR-ARM-CO2,UNIT-FR-BN,config/orbat.json
R8,orbat,partOf,UNIT-FR-FIRE-CO1,UNIT-FR-BN,config/orbat.json
R8,orbat,partOf,UNIT-FR-INF-CO1,UNIT-FR-BN,config/orbat.json
R8,orbat,partOf,UNIT-FR-LOG-CO1,UNIT-FR-BN,config/orbat.json
R8,orbat,partOf,UNIT-FR-MEC-CO1,UNIT-FR-BN,config/orbat.json
R8,orbat,partOf,EN-ZPU-001,UNIT-EN-AD-PL1,config/orbat.json
R8,orbat,partOf,EN-ZPU-002,UNIT-EN-AD-PL1,config/orbat.json
R8,orbat,partOf,EN-ZPU-003,UNIT-EN-AD-PL1,config/orbat.json
R8,orbat,partOf,UNIT-EN-AD-PL1,UNIT-EN-BN,config/orbat.json
R8,orbat,partOf,EN-SA7-001,UNIT-EN-AD-PL2,config/orbat.json
R8,orbat,partOf,EN-SA7-002,UNIT-EN-AD-PL2,config/orbat.json
R8,orbat,partOf,EN-SA7-003,UNIT-EN-AD-PL2,config/orbat.json
R8,orbat,partOf,EN-SA7-004,UNIT-EN-AD-PL2,config/orbat.json
R8,orbat,partOf,EN-SA7-005,UNIT-EN-AD-PL2,config/orbat.json
R8,orbat,partOf,EN-SA7-006,UNIT-EN-AD-PL2,config/orbat.json
R8,orbat,partOf,EN-SA7-007,UNIT-EN-AD-PL2,config/orbat.json
R8,orbat,partOf,EN-SA7-008,UNIT-EN-AD-PL2,config/orbat.json
R8,orbat,partOf,EN-SA7-009,UNIT-EN-AD-PL2,config/orbat.json
R8,orbat,partOf,EN-SA7-010,UNIT-EN-AD-PL2,config/orbat.json
R8,orbat,partOf,EN-SA7-011,UNIT-EN-AD-PL2,config/orbat.json
R8,orbat,partOf,EN-SA7-012,UNIT-EN-AD-PL2,config/orbat.json
R8,orbat,partOf,EN-SA7-013,UNIT-EN-AD-PL2,config/orbat.json
R8,orbat,partOf,EN-SA7-014,UNIT-EN-AD-PL2,config/orbat.json
R8,orbat,partOf,EN-SA7-015,UNIT-EN-AD-PL2,config/orbat.json
R8,orbat,partOf,UNIT-EN-AD-PL2,UNIT-EN-BN,config/orbat.json
R8,orbat,partOf,EN-M1A2-001,UNIT-EN-ARM-CO1-PL1,config/orbat.json
R8,orbat,partOf,EN-M1A2-002,UNIT-EN-ARM-CO1-PL1,config/orbat.json
R8,orbat,partOf,EN-M1A2-003,UNIT-EN-ARM-CO1-PL1,config/orbat.json
R8,orbat,partOf,EN-M1A2-004,UNIT-EN-ARM-CO1-PL1,config/orbat.json
R8,orbat,partOf,UNIT-EN-ARM-CO1-PL1,UNIT-EN-ARM-CO1,config/orbat.json
R8,orbat,partOf,EN-M1A2-005,UNIT-EN-ARM-CO1-PL2,config/orbat.json
R8,orbat,partOf,UNIT-EN-ARM-CO1-PL2,UNIT-EN-ARM-CO1,config/orbat.json
R8,orbat,partOf,EN-T72-001,UNIT-EN-ARM-CO2-PL1,config/orbat.json
R8,orbat,partOf,EN-T72-002,UNIT-EN-ARM-CO2-PL1,config/orbat.json
R8,orbat,partOf,EN-T72-003,UNIT-EN-ARM-CO2-PL1,config/orbat.json
R8,orbat,partOf,EN-T72-004,UNIT-EN-ARM-CO2-PL1,config/orbat.json
R8,orbat,partOf,UNIT-EN-ARM-CO2-PL1,UNIT-EN-ARM-CO2,config/orbat.json
R8,orbat,partOf,EN-T72-005,UNIT-EN-ARM-CO2-PL2,config/orbat.json
R8,orbat,partOf,EN-T72-006,UNIT-EN-ARM-CO2-PL2,config/orbat.json
R8,orbat,partOf,EN-T72-007,UNIT-EN-ARM-CO2-PL2,config/orbat.json
R8,orbat,partOf,EN-T72-008,UNIT-EN-ARM-CO2-PL2,config/orbat.json
R8,orbat,partOf,UNIT-EN-ARM-CO2-PL2,UNIT-EN-ARM-CO2,config/orbat.json
R8,orbat,partOf,EN-T72-009,UNIT-EN-ARM-CO2-PL3,config/orbat.json
R8,orbat,partOf,EN-T72-010,UNIT-EN-ARM-CO2-PL3,config/orbat.json
R8,orbat,partOf,EN-T72-011,UNIT-EN-ARM-CO2-PL3,config/orbat.json
R8,orbat,partOf,EN-T72-012,UNIT-EN-ARM-CO2-PL3,config/orbat.json
R8,orbat,partOf,UNIT-EN-ARM-CO2-PL3,UNIT-EN-ARM-CO2,config/orbat.json
R8,orbat,partOf,EN-MIM-001,UNIT-EN-FIRE-CO1-PL1,config/orbat.json
R8,orbat,partOf,UNIT-EN-FIRE-CO1-PL1,UNIT-EN-FIRE-CO1,config/orbat.json
R8,orbat,partOf,EN-MORT-001,UNIT-EN-FIRE-CO1-PL2,config/orbat.json
R8,orbat,partOf,EN-MORT-002,UNIT-EN-FIRE-CO1-PL2,config/orbat.json
R8,orbat,partOf,UNIT-EN-FIRE-CO1-PL2,UNIT-EN-FIRE-CO1,config/orbat.json
R8,orbat,partOf,EN-MORT-003,UNIT-EN-FIRE-CO1-PL3,config/orbat.json
R8,orbat,partOf,EN-MORT-004,UNIT-EN-FIRE-CO1-PL3,config/orbat.json
R8,orbat,partOf,UNIT-EN-FIRE-CO1-PL3,UNIT-EN-FIRE-CO1,config/orbat.json
R8,orbat,partOf,EN-MORT-005,UNIT-EN-FIRE-CO1-PL4,config/orbat.json
R8,orbat,partOf,UNIT-EN-FIRE-CO1-PL4,UNIT-EN-FIRE-CO1,config/orbat.json
R8,orbat,partOf,EN-CAESAR-001,UNIT-EN-FIRE-CO1-PL5,config/orbat.json
R8,orbat,partOf,EN-CAESAR-002,UNIT-EN-FIRE-CO1-PL5,config/orbat.json
R8,orbat,partOf,UNIT-EN-FIRE-CO1-PL5,UNIT-EN-FIRE-CO1,config/orbat.json
R8,orbat,partOf,EN-CAESAR-003,UNIT-EN-FIRE-CO1-PL6,config/orbat.json
R8,orbat,partOf,EN-CAESAR-004,UNIT-EN-FIRE-CO1-PL6,config/orbat.json
R8,orbat,partOf,UNIT-EN-FIRE-CO1-PL6,UNIT-EN-FIRE-CO1,config/orbat.json
R8,orbat,partOf,EN-CMD-001,UNIT-EN-HQ-PL1,config/orbat.json
R8,orbat,partOf,EN-CMD-002,UNIT-EN-HQ-PL1,config/orbat.json
R8,orbat,partOf,UNIT-EN-HQ-PL1,UNIT-EN-BN,config/orbat.json
R8,orbat,partOf,EN-INF-001,UNIT-EN-INF-CO1-PL1,config/orbat.json
R8,orbat,partOf,EN-INF-002,UNIT-EN-INF-CO1-PL1,config/orbat.json
R8,orbat,partOf,EN-INF-003,UNIT-EN-INF-CO1-PL1,config/orbat.json
R8,orbat,partOf,EN-INF-004,UNIT-EN-INF-CO1-PL1,config/orbat.json
R8,orbat,partOf,EN-INF-005,UNIT-EN-INF-CO1-PL1,config/orbat.json
R8,orbat,partOf,EN-INF-006,UNIT-EN-INF-CO1-PL1,config/orbat.json
R8,orbat,partOf,EN-INF-007,UNIT-EN-INF-CO1-PL1,config/orbat.json
R8,orbat,partOf,EN-INF-008,UNIT-EN-INF-CO1-PL1,config/orbat.json
R8,orbat,partOf,EN-INF-009,UNIT-EN-INF-CO1-PL1,config/orbat.json
R8,orbat,partOf,EN-INF-010,UNIT-EN-INF-CO1-PL1,config/orbat.json
R8,orbat,partOf,EN-INF-011,UNIT-EN-INF-CO1-PL1,config/orbat.json
R8,orbat,partOf,EN-INF-012,UNIT-EN-INF-CO1-PL1,config/orbat.json
R8,orbat,partOf,EN-INF-013,UNIT-EN-INF-CO1-PL1,config/orbat.json
R8,orbat,partOf,EN-INF-014,UNIT-EN-INF-CO1-PL1,config/orbat.json
R8,orbat,partOf,EN-INF-015,UNIT-EN-INF-CO1-PL1,config/orbat.json
R8,orbat,partOf,EN-INF-016,UNIT-EN-INF-CO1-PL1,config/orbat.json
R8,orbat,partOf,EN-INF-017,UNIT-EN-INF-CO1-PL1,config/orbat.json
R8,orbat,partOf,EN-INF-018,UNIT-EN-INF-CO1-PL1,config/orbat.json
R8,orbat,partOf,EN-INF-019,UNIT-EN-INF-CO1-PL1,config/orbat.json
R8,orbat,partOf,EN-INF-020,UNIT-EN-INF-CO1-PL1,config/orbat.json
R8,orbat,partOf,UNIT-EN-INF-CO1-PL1,UNIT-EN-INF-CO1,config/orbat.json
R8,orbat,partOf,EN-INF-021,UNIT-EN-INF-CO1-PL2,config/orbat.json
R8,orbat,partOf,EN-INF-022,UNIT-EN-INF-CO1-PL2,config/orbat.json
R8,orbat,partOf,EN-INF-023,UNIT-EN-INF-CO1-PL2,config/orbat.json
R8,orbat,partOf,EN-INF-024,UNIT-EN-INF-CO1-PL2,config/orbat.json
R8,orbat,partOf,EN-INF-025,UNIT-EN-INF-CO1-PL2,config/orbat.json
R8,orbat,partOf,EN-INF-026,UNIT-EN-INF-CO1-PL2,config/orbat.json
R8,orbat,partOf,EN-INF-027,UNIT-EN-INF-CO1-PL2,config/orbat.json
R8,orbat,partOf,EN-INF-028,UNIT-EN-INF-CO1-PL2,config/orbat.json
R8,orbat,partOf,EN-INF-029,UNIT-EN-INF-CO1-PL2,config/orbat.json
R8,orbat,partOf,EN-INF-030,UNIT-EN-INF-CO1-PL2,config/orbat.json
R8,orbat,partOf,EN-INF-031,UNIT-EN-INF-CO1-PL2,config/orbat.json
R8,orbat,partOf,EN-INF-032,UNIT-EN-INF-CO1-PL2,config/orbat.json
R8,orbat,partOf,EN-INF-033,UNIT-EN-INF-CO1-PL2,config/orbat.json
R8,orbat,partOf,EN-INF-034,UNIT-EN-INF-CO1-PL2,config/orbat.json
R8,orbat,partOf,EN-INF-035,UNIT-EN-INF-CO1-PL2,config/orbat.json
R8,orbat,partOf,EN-INF-036,UNIT-EN-INF-CO1-PL2,config/orbat.json
R8,orbat,partOf,EN-INF-037,UNIT-EN-INF-CO1-PL2,config/orbat.json
R8,orbat,partOf,EN-INF-038,UNIT-EN-INF-CO1-PL2,config/orbat.json
R8,orbat,partOf,EN-INF-039,UNIT-EN-INF-CO1-PL2,config/orbat.json
R8,orbat,partOf,EN-INF-040,UNIT-EN-INF-CO1-PL2,config/orbat.json
R8,orbat,partOf,UNIT-EN-INF-CO1-PL2,UNIT-EN-INF-CO1,config/orbat.json
R8,orbat,partOf,EN-INF-041,UNIT-EN-INF-CO1-PL3,config/orbat.json
R8,orbat,partOf,EN-INF-042,UNIT-EN-INF-CO1-PL3,config/orbat.json
R8,orbat,partOf,EN-INF-043,UNIT-EN-INF-CO1-PL3,config/orbat.json
R8,orbat,partOf,EN-INF-044,UNIT-EN-INF-CO1-PL3,config/orbat.json
R8,orbat,partOf,EN-INF-045,UNIT-EN-INF-CO1-PL3,config/orbat.json
R8,orbat,partOf,EN-INF-046,UNIT-EN-INF-CO1-PL3,config/orbat.json
R8,orbat,partOf,EN-INF-047,UNIT-EN-INF-CO1-PL3,config/orbat.json
R8,orbat,partOf,EN-INF-048,UNIT-EN-INF-CO1-PL3,config/orbat.json
R8,orbat,partOf,EN-INF-049,UNIT-EN-INF-CO1-PL3,config/orbat.json
R8,orbat,partOf,EN-INF-050,UNIT-EN-INF-CO1-PL3,config/orbat.json
R8,orbat,partOf,EN-INF-051,UNIT-EN-INF-CO1-PL3,config/orbat.json
R8,orbat,partOf,EN-INF-052,UNIT-EN-INF-CO1-PL3,config/orbat.json
R8,orbat,partOf,EN-INF-053,UNIT-EN-INF-CO1-PL3,config/orbat.json
R8,orbat,partOf,EN-INF-054,UNIT-EN-INF-CO1-PL3,config/orbat.json
R8,orbat,partOf,EN-INF-055,UNIT-EN-INF-CO1-PL3,config/orbat.json
R8,orbat,partOf,EN-INF-056,UNIT-EN-INF-CO1-PL3,config/orbat.json
R8,orbat,partOf,EN-INF-057,UNIT-EN-INF-CO1-PL3,config/orbat.json
R8,orbat,partOf,EN-INF-058,UNIT-EN-INF-CO1-PL3,config/orbat.json
R8,orbat,partOf,EN-INF-059,UNIT-EN-INF-CO1-PL3,config/orbat.json
R8,orbat,partOf,EN-INF-060,UNIT-EN-INF-CO1-PL3,config/orbat.json
R8,orbat,partOf,UNIT-EN-INF-CO1-PL3,UNIT-EN-INF-CO1,config/orbat.json
R8,orbat,partOf,EN-INF-061,UNIT-EN-INF-CO2-PL1,config/orbat.json
R8,orbat,partOf,EN-INF-062,UNIT-EN-INF-CO2-PL1,config/orbat.json
R8,orbat,partOf,EN-INF-063,UNIT-EN-INF-CO2-PL1,config/orbat.json
R8,orbat,partOf,EN-INF-064,UNIT-EN-INF-CO2-PL1,config/orbat.json
R8,orbat,partOf,EN-INF-065,UNIT-EN-INF-CO2-PL1,config/orbat.json
R8,orbat,partOf,EN-INF-066,UNIT-EN-INF-CO2-PL1,config/orbat.json
R8,orbat,partOf,EN-INF-067,UNIT-EN-INF-CO2-PL1,config/orbat.json
R8,orbat,partOf,EN-INF-068,UNIT-EN-INF-CO2-PL1,config/orbat.json
R8,orbat,partOf,EN-INF-069,UNIT-EN-INF-CO2-PL1,config/orbat.json
R8,orbat,partOf,EN-INF-070,UNIT-EN-INF-CO2-PL1,config/orbat.json
R8,orbat,partOf,EN-INF-071,UNIT-EN-INF-CO2-PL1,config/orbat.json
R8,orbat,partOf,EN-INF-072,UNIT-EN-INF-CO2-PL1,config/orbat.json
R8,orbat,partOf,EN-INF-073,UNIT-EN-INF-CO2-PL1,config/orbat.json
R8,orbat,partOf,EN-INF-074,UNIT-EN-INF-CO2-PL1,config/orbat.json
R8,orbat,partOf,EN-INF-075,UNIT-EN-INF-CO2-PL1,config/orbat.json
R8,orbat,partOf,EN-INF-076,UNIT-EN-INF-CO2-PL1,config/orbat.json
R8,orbat,partOf,EN-INF-077,UNIT-EN-INF-CO2-PL1,config/orbat.json
R8,orbat,partOf,EN-INF-078,UNIT-EN-INF-CO2-PL1,config/orbat.json
R8,orbat,partOf,EN-INF-079,UNIT-EN-INF-CO2-PL1,config/orbat.json
R8,orbat,partOf,EN-INF-080,UNIT-EN-INF-CO2-PL1,config/orbat.json
R8,orbat,partOf,UNIT-EN-INF-CO2-PL1,UNIT-EN-INF-CO2,config/orbat.json
R8,orbat,partOf,EN-INF-081,UNIT-EN-INF-CO2-PL2,config/orbat.json
R8,orbat,partOf,EN-INF-082,UNIT-EN-INF-CO2-PL2,config/orbat.json
R8,orbat,partOf,EN-INF-083,UNIT-EN-INF-CO2-PL2,config/orbat.json
R8,orbat,partOf,EN-INF-084,UNIT-EN-INF-CO2-PL2,config/orbat.json
R8,orbat,partOf,EN-INF-085,UNIT-EN-INF-CO2-PL2,config/orbat.json
R8,orbat,partOf,EN-INF-086,UNIT-EN-INF-CO2-PL2,config/orbat.json
R8,orbat,partOf,EN-INF-087,UNIT-EN-INF-CO2-PL2,config/orbat.json
R8,orbat,partOf,EN-INF-088,UNIT-EN-INF-CO2-PL2,config/orbat.json
R8,orbat,partOf,EN-INF-089,UNIT-EN-INF-CO2-PL2,config/orbat.json
R8,orbat,partOf,EN-INF-090,UNIT-EN-INF-CO2-PL2,config/orbat.json
R8,orbat,partOf,EN-INF-091,UNIT-EN-INF-CO2-PL2,config/orbat.json
R8,orbat,partOf,EN-INF-092,UNIT-EN-INF-CO2-PL2,config/orbat.json
R8,orbat,partOf,EN-INF-093,UNIT-EN-INF-CO2-PL2,config/orbat.json
R8,orbat,partOf,EN-INF-094,UNIT-EN-INF-CO2-PL2,config/orbat.json
R8,orbat,partOf,EN-INF-095,UNIT-EN-INF-CO2-PL2,config/orbat.json
R8,orbat,partOf,EN-INF-096,UNIT-EN-INF-CO2-PL2,config/orbat.json
R8,orbat,partOf,EN-INF-097,UNIT-EN-INF-CO2-PL2,config/orbat.json
R8,orbat,partOf,EN-INF-098,UNIT-EN-INF-CO2-PL2,config/orbat.json
R8,orbat,partOf,EN-INF-099,UNIT-EN-INF-CO2-PL2,config/orbat.json
R8,orbat,partOf,EN-INF-100,UNIT-EN-INF-CO2-PL2,config/orbat.json
R8,orbat,partOf,UNIT-EN-INF-CO2-PL2,UNIT-EN-INF-CO2,config/orbat.json
R8,orbat,partOf,EN-M35-001,UNIT-EN-LOG-CO1-PL1,config/orbat.json
R8,orbat,partOf,EN-M35-002,UNIT-EN-LOG-CO1-PL1,config/orbat.json
R8,orbat,partOf,EN-M35-003,UNIT-EN-LOG-CO1-PL1,config/orbat.json
R8,orbat,partOf,EN-M35-004,UNIT-EN-LOG-CO1-PL1,config/orbat.json
R8,orbat,partOf,UNIT-EN-LOG-CO1-PL1,UNIT-EN-LOG-CO1,config/orbat.json
R8,orbat,partOf,EN-GAZ-001,UNIT-EN-LOG-CO1-PL2,config/orbat.json
R8,orbat,partOf,EN-GAZ-002,UNIT-EN-LOG-CO1-PL2,config/orbat.json
R8,orbat,partOf,EN-GAZ-003,UNIT-EN-LOG-CO1-PL2,config/orbat.json
R8,orbat,partOf,EN-GAZ-004,UNIT-EN-LOG-CO1-PL2,config/orbat.json
R8,orbat,partOf,UNIT-EN-LOG-CO1-PL2,UNIT-EN-LOG-CO1,config/orbat.json
R8,orbat,partOf,EN-BTR60-001,UNIT-EN-MEC-CO1-PL1,config/orbat.json
R8,orbat,partOf,EN-BTR60-002,UNIT-EN-MEC-CO1-PL1,config/orbat.json
R8,orbat,partOf,EN-BTR60-003,UNIT-EN-MEC-CO1-PL1,config/orbat.json
R8,orbat,partOf,EN-BTR60-004,UNIT-EN-MEC-CO1-PL1,config/orbat.json
R8,orbat,partOf,UNIT-EN-MEC-CO1-PL1,UNIT-EN-MEC-CO1,config/orbat.json
R8,orbat,partOf,EN-BTR60-005,UNIT-EN-MEC-CO1-PL2,config/orbat.json
R8,orbat,partOf,EN-BTR60-006,UNIT-EN-MEC-CO1-PL2,config/orbat.json
R8,orbat,partOf,EN-BTR60-007,UNIT-EN-MEC-CO1-PL2,config/orbat.json
R8,orbat,partOf,EN-BTR60-008,UNIT-EN-MEC-CO1-PL2,config/orbat.json
R8,orbat,partOf,UNIT-EN-MEC-CO1-PL2,UNIT-EN-MEC-CO1,config/orbat.json
R8,orbat,partOf,EN-BTR80-001,UNIT-EN-MEC-CO1-PL3,config/orbat.json
R8,orbat,partOf,EN-BTR80-002,UNIT-EN-MEC-CO1-PL3,config/orbat.json
R8,orbat,partOf,EN-BTR80-003,UNIT-EN-MEC-CO1-PL3,config/orbat.json
R8,orbat,partOf,EN-BTR80-004,UNIT-EN-MEC-CO1-PL3,config/orbat.json
R8,orbat,partOf,UNIT-EN-MEC-CO1-PL3,UNIT-EN-MEC-CO1,config/orbat.json
R8,orbat,partOf,EN-BTR80-005,UNIT-EN-MEC-CO1-PL4,config/orbat.json
R8,orbat,partOf,EN-BTR80-006,UNIT-EN-MEC-CO1-PL4,config/orbat.json
R8,orbat,partOf,EN-BTR80-007,UNIT-EN-MEC-CO1-PL4,config/orbat.json
R8,orbat,partOf,UNIT-EN-MEC-CO1-PL4,UNIT-EN-MEC-CO1,config/orbat.json
R8,orbat,partOf,EN-SNP-001,UNIT-EN-REC-PL1,config/orbat.json
R8,orbat,partOf,EN-SNP-002,UNIT-EN-REC-PL1,config/orbat.json
R8,orbat,partOf,EN-SNP-003,UNIT-EN-REC-PL1,config/orbat.json
R8,orbat,partOf,EN-SNP-004,UNIT-EN-REC-PL1,config/orbat.json
R8,orbat,partOf,EN-SNP-005,UNIT-EN-REC-PL1,config/orbat.json
R8,orbat,partOf,EN-SNP-006,UNIT-EN-REC-PL1,config/orbat.json
R8,orbat,partOf,EN-SNP-007,UNIT-EN-REC-PL1,config/orbat.json
R8,orbat,partOf,EN-SNP-008,UNIT-EN-REC-PL1,config/orbat.json
R8,orbat,partOf,EN-SNP-009,UNIT-EN-REC-PL1,config/orbat.json
R8,orbat,partOf,EN-SNP-010,UNIT-EN-REC-PL1,config/orbat.json
R8,orbat,partOf,UNIT-EN-REC-PL1,UNIT-EN-BN,config/orbat.json
R8,orbat,partOf,FR-ZPU-001,UNIT-FR-AD-PL1,config/orbat.json
R8,orbat,partOf,FR-ZPU-002,UNIT-FR-AD-PL1,config/orbat.json
R8,orbat,partOf,FR-ZPU-003,UNIT-FR-AD-PL1,config/orbat.json
R8,orbat,partOf,UNIT-FR-AD-PL1,UNIT-FR-BN,config/orbat.json
R8,orbat,partOf,FR-T80-001,UNIT-FR-ARM-CO1-PL1,config/orbat.json
R8,orbat,partOf,FR-T80-002,UNIT-FR-ARM-CO1-PL1,config/orbat.json
R8,orbat,partOf,FR-T80-003,UNIT-FR-ARM-CO1-PL1,config/orbat.json
R8,orbat,partOf,FR-T80-004,UNIT-FR-ARM-CO1-PL1,config/orbat.json
R8,orbat,partOf,UNIT-FR-ARM-CO1-PL1,UNIT-FR-ARM-CO1,config/orbat.json
R8,orbat,partOf,FR-T80-005,UNIT-FR-ARM-CO1-PL2,config/orbat.json
R8,orbat,partOf,FR-T80-006,UNIT-FR-ARM-CO1-PL2,config/orbat.json
R8,orbat,partOf,FR-T80-007,UNIT-FR-ARM-CO1-PL2,config/orbat.json
R8,orbat,partOf,FR-T80-008,UNIT-FR-ARM-CO1-PL2,config/orbat.json
R8,orbat,partOf,UNIT-FR-ARM-CO1-PL2,UNIT-FR-ARM-CO1,config/orbat.json
R8,orbat,partOf,FR-T69-001,UNIT-FR-ARM-CO2-PL1,config/orbat.json
R8,orbat,partOf,FR-T69-002,UNIT-FR-ARM-CO2-PL1,config/orbat.json
R8,orbat,partOf,FR-T69-003,UNIT-FR-ARM-CO2-PL1,config/orbat.json
R8,orbat,partOf,FR-T69-004,UNIT-FR-ARM-CO2-PL1,config/orbat.json
R8,orbat,partOf,UNIT-FR-ARM-CO2-PL1,UNIT-FR-ARM-CO2,config/orbat.json
R8,orbat,partOf,FR-T69-005,UNIT-FR-ARM-CO2-PL2,config/orbat.json
R8,orbat,partOf,FR-T69-006,UNIT-FR-ARM-CO2-PL2,config/orbat.json
R8,orbat,partOf,FR-T69-007,UNIT-FR-ARM-CO2-PL2,config/orbat.json
R8,orbat,partOf,FR-T69-008,UNIT-FR-ARM-CO2-PL2,config/orbat.json
R8,orbat,partOf,UNIT-FR-ARM-CO2-PL2,UNIT-FR-ARM-CO2,config/orbat.json
R8,orbat,partOf,FR-T69-009,UNIT-FR-ARM-CO2-PL3,config/orbat.json
R8,orbat,partOf,FR-T69-010,UNIT-FR-ARM-CO2-PL3,config/orbat.json
R8,orbat,partOf,UNIT-FR-ARM-CO2-PL3,UNIT-FR-ARM-CO2,config/orbat.json
R8,orbat,partOf,FR-RPG-001,UNIT-FR-AT-PL1,config/orbat.json
R8,orbat,partOf,FR-RPG-002,UNIT-FR-AT-PL1,config/orbat.json
R8,orbat,partOf,FR-RPG-003,UNIT-FR-AT-PL1,config/orbat.json
R8,orbat,partOf,FR-RPG-004,UNIT-FR-AT-PL1,config/orbat.json
R8,orbat,partOf,FR-RPG-005,UNIT-FR-AT-PL1,config/orbat.json
R8,orbat,partOf,FR-RPG-006,UNIT-FR-AT-PL1,config/orbat.json
R8,orbat,partOf,FR-RPG-007,UNIT-FR-AT-PL1,config/orbat.json
R8,orbat,partOf,FR-RPG-008,UNIT-FR-AT-PL1,config/orbat.json
R8,orbat,partOf,FR-RPG-009,UNIT-FR-AT-PL1,config/orbat.json
R8,orbat,partOf,FR-RPG-010,UNIT-FR-AT-PL1,config/orbat.json
R8,orbat,partOf,UNIT-FR-AT-PL1,UNIT-FR-BN,config/orbat.json
R8,orbat,partOf,FR-AT-001,UNIT-FR-AT-PL2,config/orbat.json
R8,orbat,partOf,FR-AT-002,UNIT-FR-AT-PL2,config/orbat.json
R8,orbat,partOf,FR-AT-003,UNIT-FR-AT-PL2,config/orbat.json
R8,orbat,partOf,FR-AT-004,UNIT-FR-AT-PL2,config/orbat.json
R8,orbat,partOf,FR-AT-005,UNIT-FR-AT-PL2,config/orbat.json
R8,orbat,partOf,FR-AT-006,UNIT-FR-AT-PL2,config/orbat.json
R8,orbat,partOf,FR-AT-007,UNIT-FR-AT-PL2,config/orbat.json
R8,orbat,partOf,FR-AT-008,UNIT-FR-AT-PL2,config/orbat.json
R8,orbat,partOf,FR-AT-009,UNIT-FR-AT-PL2,config/orbat.json
R8,orbat,partOf,FR-AT-010,UNIT-FR-AT-PL2,config/orbat.json
R8,orbat,partOf,FR-AT-011,UNIT-FR-AT-PL2,config/orbat.json
R8,orbat,partOf,FR-AT-012,UNIT-FR-AT-PL2,config/orbat.json
R8,orbat,partOf,UNIT-FR-AT-PL2,UNIT-FR-BN,config/orbat.json
R8,orbat,partOf,FR-M109-001,UNIT-FR-FIRE-CO1-PL1,config/orbat.json
R8,orbat,partOf,FR-M109-002,UNIT-FR-FIRE-CO1-PL1,config/orbat.json
R8,orbat,partOf,UNIT-FR-FIRE-CO1-PL1,UNIT-FR-FIRE-CO1,config/orbat.json
R8,orbat,partOf,FR-M109-003,UNIT-FR-FIRE-CO1-PL2,config/orbat.json
R8,orbat,partOf,FR-M109-004,UNIT-FR-FIRE-CO1-PL2,config/orbat.json
R8,orbat,partOf,UNIT-FR-FIRE-CO1-PL2,UNIT-FR-FIRE-CO1,config/orbat.json
R8,orbat,partOf,FR-M901-001,UNIT-FR-FIRE-CO1-PL3,config/orbat.json
R8,orbat,partOf,UNIT-FR-FIRE-CO1-PL3,UNIT-FR-FIRE-CO1,config/orbat.json
R8,orbat,partOf,FR-MORT-001,UNIT-FR-FIRE-CO1-PL4,config/orbat.json
R8,orbat,partOf,FR-MORT-002,UNIT-FR-FIRE-CO1-PL4,config/orbat.json
R8,orbat,partOf,UNIT-FR-FIRE-CO1-PL4,UNIT-FR-FIRE-CO1,config/orbat.json
R8,orbat,partOf,FR-MORT-003,UNIT-FR-FIRE-CO1-PL5,config/orbat.json
R8,orbat,partOf,FR-MORT-004,UNIT-FR-FIRE-CO1-PL5,config/orbat.json
R8,orbat,partOf,UNIT-FR-FIRE-CO1-PL5,UNIT-FR-FIRE-CO1,config/orbat.json
R8,orbat,partOf,FR-AHS-001,UNIT-FR-FIRE-CO1-PL6,config/orbat.json
R8,orbat,partOf,FR-AHS-002,UNIT-FR-FIRE-CO1-PL6,config/orbat.json
R8,orbat,partOf,UNIT-FR-FIRE-CO1-PL6,UNIT-FR-FIRE-CO1,config/orbat.json
R8,orbat,partOf,FR-CMD-001,UNIT-FR-HQ-PL1,config/orbat.json
R8,orbat,partOf,FR-CMD-002,UNIT-FR-HQ-PL1,config/orbat.json
R8,orbat,partOf,UNIT-FR-HQ-PL1,UNIT-FR-BN,config/orbat.json
R8,orbat,partOf,FR-INF-001,UNIT-FR-INF-CO1-PL1,config/orbat.json
R8,orbat,partOf,FR-INF-002,UNIT-FR-INF-CO1-PL1,config/orbat.json
R8,orbat,partOf,FR-INF-003,UNIT-FR-INF-CO1-PL1,config/orbat.json
R8,orbat,partOf,FR-INF-004,UNIT-FR-INF-CO1-PL1,config/orbat.json
R8,orbat,partOf,FR-INF-005,UNIT-FR-INF-CO1-PL1,config/orbat.json
R8,orbat,partOf,FR-INF-006,UNIT-FR-INF-CO1-PL1,config/orbat.json
R8,orbat,partOf,FR-INF-007,UNIT-FR-INF-CO1-PL1,config/orbat.json
R8,orbat,partOf,FR-INF-008,UNIT-FR-INF-CO1-PL1,config/orbat.json
R8,orbat,partOf,FR-INF-009,UNIT-FR-INF-CO1-PL1,config/orbat.json
R8,orbat,partOf,FR-INF-010,UNIT-FR-INF-CO1-PL1,config/orbat.json
R8,orbat,partOf,FR-INF-011,UNIT-FR-INF-CO1-PL1,config/orbat.json
R8,orbat,partOf,FR-INF-012,UNIT-FR-INF-CO1-PL1,config/orbat.json
R8,orbat,partOf,FR-INF-013,UNIT-FR-INF-CO1-PL1,config/orbat.json
R8,orbat,partOf,FR-INF-014,UNIT-FR-INF-CO1-PL1,config/orbat.json
R8,orbat,partOf,FR-INF-015,UNIT-FR-INF-CO1-PL1,config/orbat.json
R8,orbat,partOf,FR-INF-016,UNIT-FR-INF-CO1-PL1,config/orbat.json
R8,orbat,partOf,FR-INF-017,UNIT-FR-INF-CO1-PL1,config/orbat.json
R8,orbat,partOf,FR-INF-018,UNIT-FR-INF-CO1-PL1,config/orbat.json
R8,orbat,partOf,FR-INF-019,UNIT-FR-INF-CO1-PL1,config/orbat.json
R8,orbat,partOf,FR-INF-020,UNIT-FR-INF-CO1-PL1,config/orbat.json
R8,orbat,partOf,UNIT-FR-INF-CO1-PL1,UNIT-FR-INF-CO1,config/orbat.json
R8,orbat,partOf,FR-INF-021,UNIT-FR-INF-CO1-PL2,config/orbat.json
R8,orbat,partOf,FR-INF-022,UNIT-FR-INF-CO1-PL2,config/orbat.json
R8,orbat,partOf,FR-INF-023,UNIT-FR-INF-CO1-PL2,config/orbat.json
R8,orbat,partOf,FR-INF-024,UNIT-FR-INF-CO1-PL2,config/orbat.json
R8,orbat,partOf,FR-INF-025,UNIT-FR-INF-CO1-PL2,config/orbat.json
R8,orbat,partOf,FR-INF-026,UNIT-FR-INF-CO1-PL2,config/orbat.json
R8,orbat,partOf,FR-INF-027,UNIT-FR-INF-CO1-PL2,config/orbat.json
R8,orbat,partOf,FR-INF-028,UNIT-FR-INF-CO1-PL2,config/orbat.json
R8,orbat,partOf,FR-INF-029,UNIT-FR-INF-CO1-PL2,config/orbat.json
R8,orbat,partOf,FR-INF-030,UNIT-FR-INF-CO1-PL2,config/orbat.json
R8,orbat,partOf,FR-INF-031,UNIT-FR-INF-CO1-PL2,config/orbat.json
R8,orbat,partOf,FR-INF-032,UNIT-FR-INF-CO1-PL2,config/orbat.json
R8,orbat,partOf,FR-INF-033,UNIT-FR-INF-CO1-PL2,config/orbat.json
R8,orbat,partOf,FR-INF-034,UNIT-FR-INF-CO1-PL2,config/orbat.json
R8,orbat,partOf,FR-INF-035,UNIT-FR-INF-CO1-PL2,config/orbat.json
R8,orbat,partOf,FR-INF-036,UNIT-FR-INF-CO1-PL2,config/orbat.json
R8,orbat,partOf,FR-INF-037,UNIT-FR-INF-CO1-PL2,config/orbat.json
R8,orbat,partOf,FR-INF-038,UNIT-FR-INF-CO1-PL2,config/orbat.json
R8,orbat,partOf,FR-INF-039,UNIT-FR-INF-CO1-PL2,config/orbat.json
R8,orbat,partOf,FR-INF-040,UNIT-FR-INF-CO1-PL2,config/orbat.json
R8,orbat,partOf,UNIT-FR-INF-CO1-PL2,UNIT-FR-INF-CO1,config/orbat.json
R8,orbat,partOf,FR-INF-041,UNIT-FR-INF-CO1-PL3,config/orbat.json
R8,orbat,partOf,FR-INF-042,UNIT-FR-INF-CO1-PL3,config/orbat.json
R8,orbat,partOf,FR-INF-043,UNIT-FR-INF-CO1-PL3,config/orbat.json
R8,orbat,partOf,FR-INF-044,UNIT-FR-INF-CO1-PL3,config/orbat.json
R8,orbat,partOf,FR-INF-045,UNIT-FR-INF-CO1-PL3,config/orbat.json
R8,orbat,partOf,FR-INF-046,UNIT-FR-INF-CO1-PL3,config/orbat.json
R8,orbat,partOf,FR-INF-047,UNIT-FR-INF-CO1-PL3,config/orbat.json
R8,orbat,partOf,FR-INF-048,UNIT-FR-INF-CO1-PL3,config/orbat.json
R8,orbat,partOf,FR-INF-049,UNIT-FR-INF-CO1-PL3,config/orbat.json
R8,orbat,partOf,FR-INF-050,UNIT-FR-INF-CO1-PL3,config/orbat.json
R8,orbat,partOf,FR-INF-051,UNIT-FR-INF-CO1-PL3,config/orbat.json
R8,orbat,partOf,FR-INF-052,UNIT-FR-INF-CO1-PL3,config/orbat.json
R8,orbat,partOf,FR-INF-053,UNIT-FR-INF-CO1-PL3,config/orbat.json
R8,orbat,partOf,FR-INF-054,UNIT-FR-INF-CO1-PL3,config/orbat.json
R8,orbat,partOf,FR-INF-055,UNIT-FR-INF-CO1-PL3,config/orbat.json
R8,orbat,partOf,FR-INF-056,UNIT-FR-INF-CO1-PL3,config/orbat.json
R8,orbat,partOf,FR-INF-057,UNIT-FR-INF-CO1-PL3,config/orbat.json
R8,orbat,partOf,FR-INF-058,UNIT-FR-INF-CO1-PL3,config/orbat.json
R8,orbat,partOf,FR-INF-059,UNIT-FR-INF-CO1-PL3,config/orbat.json
R8,orbat,partOf,FR-INF-060,UNIT-FR-INF-CO1-PL3,config/orbat.json
R8,orbat,partOf,UNIT-FR-INF-CO1-PL3,UNIT-FR-INF-CO1,config/orbat.json
R8,orbat,partOf,FR-TRK1-001,UNIT-FR-LOG-CO1-PL1,config/orbat.json
R8,orbat,partOf,FR-TRK1-002,UNIT-FR-LOG-CO1-PL1,config/orbat.json
R8,orbat,partOf,FR-TRK1-003,UNIT-FR-LOG-CO1-PL1,config/orbat.json
R8,orbat,partOf,FR-TRK1-004,UNIT-FR-LOG-CO1-PL1,config/orbat.json
R8,orbat,partOf,UNIT-FR-LOG-CO1-PL1,UNIT-FR-LOG-CO1,config/orbat.json
R8,orbat,partOf,FR-TRK1-005,UNIT-FR-LOG-CO1-PL2,config/orbat.json
R8,orbat,partOf,UNIT-FR-LOG-CO1-PL2,UNIT-FR-LOG-CO1,config/orbat.json
R8,orbat,partOf,FR-TRK2-001,UNIT-FR-LOG-CO1-PL3,config/orbat.json
R8,orbat,partOf,FR-TRK2-002,UNIT-FR-LOG-CO1-PL3,config/orbat.json
R8,orbat,partOf,FR-TRK2-003,UNIT-FR-LOG-CO1-PL3,config/orbat.json
R8,orbat,partOf,FR-TRK2-004,UNIT-FR-LOG-CO1-PL3,config/orbat.json
R8,orbat,partOf,UNIT-FR-LOG-CO1-PL3,UNIT-FR-LOG-CO1,config/orbat.json
R8,orbat,partOf,FR-M113-001,UNIT-FR-MEC-CO1-PL1,config/orbat.json
R8,orbat,partOf,FR-M113-002,UNIT-FR-MEC-CO1-PL1,config/orbat.json
R8,orbat,partOf,FR-M113-003,UNIT-FR-MEC-CO1-PL1,config/orbat.json
R8,orbat,partOf,FR-M113-004,UNIT-FR-MEC-CO1-PL1,config/orbat.json
R8,orbat,partOf,UNIT-FR-MEC-CO1-PL1,UNIT-FR-MEC-CO1,config/orbat.json
R8,orbat,partOf,FR-M113-005,UNIT-FR-MEC-CO1-PL2,config/orbat.json
R8,orbat,partOf,FR-M113-006,UNIT-FR-MEC-CO1-PL2,config/orbat.json
R8,orbat,partOf,FR-M113-007,UNIT-FR-MEC-CO1-PL2,config/orbat.json
R8,orbat,partOf,UNIT-FR-MEC-CO1-PL2,UNIT-FR-MEC-CO1,config/orbat.json
R8,orbat,partOf,FR-LAV-001,UNIT-FR-MEC-CO1-PL3,config/orbat.json
R8,orbat,partOf,FR-LAV-002,UNIT-FR-MEC-CO1-PL3,config/orbat.json
R8,orbat,partOf,FR-LAV-003,UNIT-FR-MEC-CO1-PL3,config/orbat.json
R8,orbat,partOf,FR-LAV-004,UNIT-FR-MEC-CO1-PL3,config/orbat.json
R8,orbat,partOf,UNIT-FR-MEC-CO1-PL3,UNIT-FR-MEC-CO1,config/orbat.json
R8,orbat,partOf,FR-LAV-005,UNIT-FR-MEC-CO1-PL4,config/orbat.json
R8,orbat,partOf,FR-LAV-006,UNIT-FR-MEC-CO1-PL4,config/orbat.json
R8,orbat,partOf,FR-LAV-007,UNIT-FR-MEC-CO1-PL4,config/orbat.json
R8,orbat,partOf,FR-LAV-008,UNIT-FR-MEC-CO1-PL4,config/orbat.json
R8,orbat,partOf,UNIT-FR-MEC-CO1-PL4,UNIT-FR-MEC-CO1,config/orbat.json
R8,orbat,partOf,FR-SNP-001,UNIT-FR-REC-PL1,config/orbat.json
R8,orbat,partOf,FR-SNP-002,UNIT-FR-REC-PL1,config/orbat.json
R8,orbat,partOf,FR-SNP-003,UNIT-FR-REC-PL1,config/orbat.json
R8,orbat,partOf,FR-SNP-004,UNIT-FR-REC-PL1,config/orbat.json
R8,orbat,partOf,FR-SNP-005,UNIT-FR-REC-PL1,config/orbat.json
R8,orbat,partOf,FR-SNP-006,UNIT-FR-REC-PL1,config/orbat.json
R8,orbat,partOf,FR-SNP-007,UNIT-FR-REC-PL1,config/orbat.json
R8,orbat,partOf,FR-SNP-008,UNIT-FR-REC-PL1,config/orbat.json
R8,orbat,partOf,UNIT-FR-REC-PL1,UNIT-FR-BN,config/orbat.json
R9,orbat,supports,UNIT-FR-FIRE-CO1,UNIT-FR-INF-CO1,config/orbat.json
R9,orbat,supports,UNIT-FR-AT-PL1,UNIT-FR-INF-CO1,config/orbat.json
R9,orbat,supports,UNIT-FR-LOG-CO1,UNIT-FR-BN,config/orbat.json
R9,orbat,supports,UNIT-EN-FIRE-CO1,UNIT-EN-INF-CO1,config/orbat.json
R9,orbat,supports,UNIT-EN-LOG-CO1,UNIT-EN-BN,config/orbat.json
R9,orbat,reinforces,UNIT-FR-ARM-CO2,UNIT-FR-INF-CO1,config/orbat.json
R9,orbat,reinforces,UNIT-EN-ARM-CO2,UNIT-EN-INF-CO1,config/orbat.json
R9,orbat,reinforces,UNIT-EN-ARM-CO1,UNIT-EN-INF-CO2,config/orbat.json
R10,derived,movesToward,UNIT-EN-AD-PL1,LOC_적북측접근로,E01398|E01400|E01402
R10,derived,movesToward,UNIT-EN-AD-PL1,LOC_적북측접근로,E02579|E02583
R10,derived,movesToward,UNIT-EN-AD-PL2,LOC_동측측방접근로,E00893|E00895|E00897|E00899|E00901|E00903|E00905|E00907|E00909|E00911|E00913|E00915|E00917|E00919|E00921
R10,derived,movesToward,UNIT-EN-AD-PL2,LOC_북측예비방어선,E02485|E02489|E02493|E02497|E02501|E02505|E02509|E02513
R10,derived,movesToward,UNIT-EN-ARM-CO1-PL1,LOC_중앙계곡,E01342|E01344|E01346|E01348
R10,derived,movesToward,UNIT-EN-ARM-CO1-PL2,LOC_중앙계곡,E01350
R10,derived,movesToward,UNIT-EN-ARM-CO2-PL1,LOC_중앙계곡,E01318|E01320|E01322|E01324
R10,derived,movesToward,UNIT-EN-ARM-CO2-PL2,LOC_중앙계곡,E01326|E01328|E01330|E01332
R10,derived,movesToward,UNIT-EN-ARM-CO2-PL3,LOC_중앙계곡,E01334|E01336|E01338|E01340
R10,derived,movesToward,UNIT-EN-FIRE-CO1-PL1,LOC_적북측접근로,E02603
R10,derived,movesToward,UNIT-EN-FIRE-CO1-PL2,LOC_북측예비방어선,E02585
R10,derived,movesToward,UNIT-EN-FIRE-CO1-PL2,LOC_적북측접근로,E02587
R10,derived,movesToward,UNIT-EN-FIRE-CO1-PL3,LOC_북측예비방어선,E02589
R10,derived,movesToward,UNIT-EN-FIRE-CO1-PL3,LOC_적북측접근로,E02591
R10,derived,movesToward,UNIT-EN-FIRE-CO1-PL4,LOC_북측예비방어선,E02593
R10,derived,movesToward,UNIT-EN-FIRE-CO1-PL5,LOC_북측예비방어선,E02597
R10,derived,movesToward,UNIT-EN-FIRE-CO1-PL5,LOC_적북측접근로,E02595
R10,derived,movesToward,UNIT-EN-FIRE-CO1-PL6,LOC_북측예비방어선,E02601
R10,derived,movesToward,UNIT-EN-FIRE-CO1-PL6,LOC_적북측접근로,E02599
R10,derived,movesToward,UNIT-EN-HQ-PL1,LOC_북측예비방어선,E02605
R10,derived,movesToward,UNIT-EN-HQ-PL1,LOC_적북측접근로,E02607
R10,derived,movesToward,UNIT-EN-INF-CO1-PL1,LOC_적북측접근로,E00693|E00695|E00697|E00699|E00701|E00703|E00705|E00707|E00709|E00711|E00713|E00715|E00717|E00719|E00721|E00723|E00725|E00727|E00729|E00731
R10,derived,movesToward,UNIT-EN-INF-CO1-PL2,LOC_적북측접근로,E00733|E00735|E00737|E00739|E00741|E00743|E00745|E00747|E00749|E00751|E00753|E00755|E00757|E00759|E00761|E00763|E00765|E00767|E00769|E00771
R10,derived,movesToward,UNIT-EN-INF-CO1-PL3,LOC_북측예비방어선,E02365|E02369|E02373|E02377|E02381|E02385|E02389|E02393|E02397|E02401
R10,derived,movesToward,UNIT-EN-INF-CO1-PL3,LOC_적북측접근로,E00773|E00775|E00777|E00779|E00781|E00783|E00785|E00787|E00789|E00791|E00793|E00795|E00797|E00799|E00801|E00803|E00805|E00807|E00809|E00811
R10,derived,movesToward,UNIT-EN-INF-CO1-PL3,LOC_적북측접근로,E02367|E02371|E02375|E02379|E02383|E02387|E02391|E02395|E02399|E02403
R10,derived,movesToward,UNIT-EN-INF-CO2-PL1,LOC_동측측방접근로,E00833|E00835|E00837|E00839|E00841|E00843|E00845|E00847|E00849|E00851
R10,derived,movesToward,UNIT-EN-INF-CO2-PL1,LOC_북측예비방어선,E02405|E02409|E02413|E02417|E02421|E02425|E02429|E02433|E02437|E02441
R10,derived,movesToward,UNIT-EN-INF-CO2-PL1,LOC_적북측접근로,E00813|E00815|E00817|E00819|E00821|E00823|E00825|E00827|E00829|E00831
R10,derived,movesToward,UNIT-EN-INF-CO2-PL1,LOC_적북측접근로,E02407|E02411|E02415|E02419|E02423|E02427|E02431|E02435|E02439|E02443
R10,derived,movesToward,UNIT-EN-INF-CO2-PL2,LOC_동측측방접근로,E00853|E00855|E00857|E00859|E00861|E00863|E00865|E00867|E00869|E00871|E00873|E00875|E00877|E00879|E00881|E00883|E00885|E00887|E00889|E00891
R10,derived,movesToward,UNIT-EN-INF-CO2-PL2,LOC_북측예비방어선,E02445|E02449|E02453|E02457|E02461|E02465|E02469|E02473|E02477|E02481
R10,derived,movesToward,UNIT-EN-INF-CO2-PL2,LOC_적북측접근로,E02447|E02451|E02455|E02459|E02463|E02467|E02471|E02475|E02479|E02483
R10,derived,movesToward,UNIT-EN-LOG-CO1-PL1,LOC_북측예비방어선,E02573|E02577
R10,derived,movesToward,UNIT-EN-LOG-CO1-PL1,LOC_적북측접근로,E01390|E01392|E01394|E01396
R10,derived,movesToward,UNIT-EN-LOG-CO1-PL1,LOC_적북측접근로,E02571|E02575
R10,derived,movesToward,UNIT-EN-LOG-CO1-PL1,LOC_적전방방어선후방,E02789|E02791|E02793|E02795
R10,derived,movesToward,UNIT-EN-LOG-CO1-PL2,LOC_북측예비방어선,E02565|E02569
R10,derived,movesToward,UNIT-EN-LOG-CO1-PL2,LOC_적북측접근로,E01382|E01384|E01386|E01388
R10,derived,movesToward,UNIT-EN-LOG-CO1-PL2,LOC_적북측접근로,E02563|E02567
R10,derived,movesToward,UNIT-EN-LOG-CO1-PL2,LOC_적전방방어선후방,E02781|E02783|E02785|E02787
R10,derived,movesToward,UNIT-EN-MEC-CO1-PL1,LOC_적북측접근로,E02535|E02539
R10,derived,movesToward,UNIT-EN-MEC-CO1-PL1,LOC_중앙계곡,E01352|E01354|E01356|E01358
R10,derived,movesToward,UNIT-EN-MEC-CO1-PL2,LOC_북측예비방어선,E02541|E02545
R10,derived,movesToward,UNIT-EN-MEC-CO1-PL2,LOC_적북측접근로,E02543|E02547
R10,derived,movesToward,UNIT-EN-MEC-CO1-PL2,LOC_중앙계곡,E01360|E01362|E01364|E01366
R10,derived,movesToward,UNIT-EN-MEC-CO1-PL3,LOC_북측예비방어선,E02549|E02553
R10,derived,movesToward,UNIT-EN-MEC-CO1-PL3,LOC_적북측접근로,E02551|E02555
R10,derived,movesToward,UNIT-EN-MEC-CO1-PL3,LOC_중앙계곡,E01368|E01370|E01372|E01374
R10,derived,movesToward,UNIT-EN-MEC-CO1-PL4,LOC_북측예비방어선,E02557|E02561
R10,derived,movesToward,UNIT-EN-MEC-CO1-PL4,LOC_중앙계곡,E01376|E01378|E01380
R10,derived,movesToward,UNIT-EN-REC-PL1,LOC_북측예비방어선,E02517|E02521|E02525|E02529|E02533
R10,derived,movesToward,UNIT-EN-REC-PL1,LOC_적북측접근로,E02515|E02519|E02523|E02527|E02531
R10,derived,movesToward,UNIT-EN-REC-PL1,LOC_중앙계곡,E00673|E00675|E00677|E00679|E00681|E00683|E00685|E00687|E00689|E00691
R10,derived,movesToward,UNIT-FR-AD-PL1,LOC_중앙킬존남측,E01488|E01490|E01492
R10,derived,movesToward,UNIT-FR-AD-PL1,LOC_중앙킬존남측,E02323|E02327
R10,derived,movesToward,UNIT-FR-ARM-CO1-PL1,LOC_목표A남측,E02261|E02265
R10,derived,movesToward,UNIT-FR-ARM-CO1-PL1,LOC_중앙킬존남측,E01424|E01426|E01428|E01430
R10,derived,movesToward,UNIT-FR-ARM-CO1-PL1,LOC_중앙킬존남측,E02259|E02263
R10,derived,movesToward,UNIT-FR-ARM-CO1-PL2,LOC_목표A남측,E02269|E02273
R10,derived,movesToward,UNIT-FR-ARM-CO1-PL2,LOC_중앙킬존남측,E01432|E01434|E01436|E01438
R10,derived,movesToward,UNIT-FR-ARM-CO1-PL2,LOC_중앙킬존남측,E02267|E02271
R10,derived,movesToward,UNIT-FR-ARM-CO2-PL1,LOC_중앙킬존남측,E01404|E01406|E01408|E01410
R10,derived,movesToward,UNIT-FR-ARM-CO2-PL2,LOC_중앙킬존남측,E01412|E01414|E01416|E01418
R10,derived,movesToward,UNIT-FR-ARM-CO2-PL3,LOC_목표A남측,E02257
R10,derived,movesToward,UNIT-FR-ARM-CO2-PL3,LOC_중앙킬존남측,E01420|E01422
R10,derived,movesToward,UNIT-FR-ARM-CO2-PL3,LOC_중앙킬존남측,E02255
R10,derived,movesToward,UNIT-FR-AT-PL1,LOC_동측능선,E01067|E01069|E01071|E01073|E01075|E01077|E01079|E01081
R10,derived,movesToward,UNIT-FR-AT-PL1,LOC_목표A남측,E02221|E02225|E02229|E02233|E02237
R10,derived,movesToward,UNIT-FR-AT-PL1,LOC_중앙킬존남측,E02219|E02223|E02227|E02231|E02235
R10,derived,movesToward,UNIT-FR-AT-PL2,LOC_동측능선,E01043|E01045|E01047|E01049|E01051|E01053|E01055|E01057|E01059|E01061|E01063|E01065
R10,derived,movesToward,UNIT-FR-AT-PL2,LOC_목표A남측,E02197|E02201|E02205|E02209|E02213|E02217
R10,derived,movesToward,UNIT-FR-AT-PL2,LOC_중앙킬존남측,E02195|E02199|E02203|E02207|E02211|E02215
R10,derived,movesToward,UNIT-FR-FIRE-CO1-PL1,LOC_목표A남측,E02337
R10,derived,movesToward,UNIT-FR-FIRE-CO1-PL1,LOC_중앙킬존남측,E02339
R10,derived,movesToward,UNIT-FR-FIRE-CO1-PL2,LOC_목표A남측,E02341
R10,derived,movesToward,UNIT-FR-FIRE-CO1-PL2,LOC_중앙킬존남측,E02343
R10,derived,movesToward,UNIT-FR-FIRE-CO1-PL3,LOC_목표A남측,E02349
R10,derived,movesToward,UNIT-FR-FIRE-CO1-PL4,LOC_목표A남측,E02329
R10,derived,movesToward,UNIT-FR-FIRE-CO1-PL4,LOC_중앙킬존남측,E02331
R10,derived,movesToward,UNIT-FR-FIRE-CO1-PL5,LOC_목표A남측,E02333
R10,derived,movesToward,UNIT-FR-FIRE-CO1-PL5,LOC_중앙킬존남측,E02335
R10,derived,movesToward,UNIT-FR-FIRE-CO1-PL6,LOC_목표A남측,E02345
R10,derived,movesToward,UNIT-FR-FIRE-CO1-PL6,LOC_중앙킬존남측,E02347
R10,derived,movesToward,UNIT-FR-HQ-PL1,LOC_목표A남측,E02353
R10,derived,movesToward,UNIT-FR-HQ-PL1,LOC_중앙킬존남측,E02351
R10,derived,movesToward,UNIT-FR-INF-CO1-PL1,LOC_중앙킬존,E00923|E00925|E00927|E00929|E00931|E00933|E00935|E00937|E00939|E00941|E00943|E00945|E00947|E00949|E00951|E00953|E00955|E00957|E00959|E00961
R10,derived,movesToward,UNIT-FR-INF-CO1-PL2,LOC_목표A남측,E02117|E02121|E02125|E02129|E02133|E02137|E02141|E02145|E02149|E02153
R10,derived,movesToward,UNIT-FR-INF-CO1-PL2,LOC_중앙킬존,E00963|E00965|E00967|E00969|E00971|E00973|E00975|E00977|E00979|E00981|E00983|E00985|E00987|E00989|E00991|E00993|E00995|E00997|E00999|E01001
R10,derived,movesToward,UNIT-FR-INF-CO1-PL2,LOC_중앙킬존남측,E02115|E02119|E02123|E02127|E02131|E02135|E02139|E02143|E02147|E02151
R10,derived,movesToward,UNIT-FR-INF-CO1-PL3,LOC_동측능선,E01023|E01025|E01027|E01029|E01031|E01033|E01035|E01037|E01039|E01041
R10,derived,movesToward,UNIT-FR-INF-CO1-PL3,LOC_목표A남측,E02157|E02161|E02165|E02169|E02173|E02177|E02181|E02185|E02189|E02193
R10,derived,movesToward,UNIT-FR-INF-CO1-PL3,LOC_중앙킬존,E01003|E01005|E01007|E01009|E01011|E01013|E01015|E01017|E01019|E01021
R10,derived,movesToward,UNIT-FR-INF-CO1-PL3,LOC_중앙킬존남측,E02155|E02159|E02163|E02167|E02171|E02175|E02179|E02183|E02187|E02191
R10,derived,movesToward,UNIT-FR-LOG-CO1-PL1,LOC_남측제1방어선,E01470|E01472|E01474|E01476
R10,derived,movesToward,UNIT-FR-LOG-CO1-PL1,LOC_목표A남측,E02305|E02309
R10,derived,movesToward,UNIT-FR-LOG-CO1-PL1,LOC_중앙킬존남측,E02307|E02311
R10,derived,movesToward,UNIT-FR-LOG-CO1-PL1,LOC_포병진지또는방어선후방,E02763|E02765|E02767|E02769
R10,derived,movesToward,UNIT-FR-LOG-CO1-PL2,LOC_남측제1방어선,E01478
R10,derived,movesToward,UNIT-FR-LOG-CO1-PL2,LOC_목표A남측,E02313
R10,derived,movesToward,UNIT-FR-LOG-CO1-PL2,LOC_포병진지또는방어선후방,E02771
R10,derived,movesToward,UNIT-FR-LOG-CO1-PL3,LOC_남측제1방어선,E01480|E01482|E01484|E01486
R10,derived,movesToward,UNIT-FR-LOG-CO1-PL3,LOC_목표A남측,E02317|E02321
R10,derived,movesToward,UNIT-FR-LOG-CO1-PL3,LOC_중앙킬존남측,E02315|E02319
R10,derived,movesToward,UNIT-FR-LOG-CO1-PL3,LOC_포병진지또는방어선후방,E02773|E02775|E02777|E02779
R10,derived,movesToward,UNIT-FR-MEC-CO1-PL1,LOC_목표A남측,E02293|E02297
R10,derived,movesToward,UNIT-FR-MEC-CO1-PL1,LOC_중앙킬존남측,E01456|E01458|E01460|E01462
R10,derived,movesToward,UNIT-FR-MEC-CO1-PL1,LOC_중앙킬존남측,E02291|E02295
R10,derived,movesToward,UNIT-FR-MEC-CO1-PL2,LOC_중앙킬존남측,E01464|E01466|E01468
R10,derived,movesToward,UNIT-FR-MEC-CO1-PL2,LOC_중앙킬존남측,E02299|E02303
R10,derived,movesToward,UNIT-FR-MEC-CO1-PL3,LOC_목표A남측,E02277|E02281
R10,derived,movesToward,UNIT-FR-MEC-CO1-PL3,LOC_중앙킬존남측,E01440|E01442|E01444|E01446
R10,derived,movesToward,UNIT-FR-MEC-CO1-PL3,LOC_중앙킬존남측,E02275|E02279
R10,derived,movesToward,UNIT-FR-MEC-CO1-PL4,LOC_목표A남측,E02285|E02289
R10,derived,movesToward,UNIT-FR-MEC-CO1-PL4,LOC_중앙킬존남측,E01448|E01450|E01452|E01454
R10,derived,movesToward,UNIT-FR-MEC-CO1-PL4,LOC_중앙킬존남측,E02283|E02287
R10,derived,movesToward,UNIT-FR-REC-PL1,LOC_목표A남측,E02241|E02245|E02249|E02253
R10,derived,movesToward,UNIT-FR-REC-PL1,LOC_적북측접근로,E00657|E00659|E00661|E00663|E00665|E00667|E00669|E00671
R10,derived,movesToward,UNIT-FR-REC-PL1,LOC_중앙킬존남측,E02239|E02243|E02247|E02251
R11,derived,occupies,UNIT-EN-ARM-CO1-PL1,LOC_중앙킬존,E02751|E02753|E02755|E02757
R11,derived,occupies,UNIT-EN-ARM-CO1-PL2,LOC_중앙킬존,E02759
R11,derived,occupies,UNIT-EN-ARM-CO2-PL1,LOC_중앙킬존,E02727|E02729|E02731|E02733
R11,derived,occupies,UNIT-EN-ARM-CO2-PL2,LOC_중앙킬존,E02735|E02737|E02739|E02741
R11,derived,occupies,UNIT-EN-ARM-CO2-PL3,LOC_중앙킬존,E02743|E02745|E02747|E02749
R11,derived,occupies,UNIT-EN-INF-CO1-PL1,LOC_중앙킬존,E02657|E02659|E02661|E02663|E02665|E02667|E02669|E02671|E02673|E02675|E02677|E02679|E02681|E02683|E02685|E02687|E02689|E02691|E02693|E02695
R11,derived,occupies,UNIT-EN-INF-CO1-PL2,LOC_중앙킬존,E02697|E02699|E02701|E02703|E02705|E02707|E02709|E02711|E02713|E02715|E02717|E02719|E02721|E02723|E02725
R11,derived,occupies,UNIT-FR-ARM-CO1-PL1,LOC_남측제1방어선,E02949|E02953
R11,derived,occupies,UNIT-FR-ARM-CO1-PL1,LOC_목표A남측,E02951|E02955
R11,derived,occupies,UNIT-FR-ARM-CO1-PL2,LOC_남측제1방어선,E02957|E02961
R11,derived,occupies,UNIT-FR-ARM-CO1-PL2,LOC_목표A남측,E02959|E02963
R11,derived,occupies,UNIT-FR-ARM-CO2-PL1,LOC_남측제1방어선전방,E02641|E02643|E02645|E02647
R11,derived,occupies,UNIT-FR-ARM-CO2-PL2,LOC_남측제1방어선전방,E02649|E02651|E02653|E02655
R11,derived,occupies,UNIT-FR-ARM-CO2-PL3,LOC_남측제1방어선,E02945
R11,derived,occupies,UNIT-FR-ARM-CO2-PL3,LOC_목표A남측,E02947
R11,derived,occupies,UNIT-FR-AT-PL1,LOC_남측제1방어선,E02909|E02913|E02917|E02921|E02925
R11,derived,occupies,UNIT-FR-AT-PL1,LOC_목표A남측,E02911|E02915|E02919|E02923|E02927
R11,derived,occupies,UNIT-FR-AT-PL2,LOC_남측제1방어선,E02885|E02889|E02893|E02897|E02901|E02905
R11,derived,occupies,UNIT-FR-AT-PL2,LOC_목표A남측,E02887|E02891|E02895|E02899|E02903|E02907
R11,derived,occupies,UNIT-FR-INF-CO1-PL1,LOC_남측제1방어선전방,E02609|E02611|E02613|E02615|E02617|E02619|E02621|E02623|E02625|E02627|E02629|E02631|E02633|E02635|E02637|E02639
R11,derived,occupies,UNIT-FR-INF-CO1-PL2,LOC_남측제1방어선,E02805|E02809|E02813|E02817|E02821|E02825|E02829|E02833|E02837|E02841
R11,derived,occupies,UNIT-FR-INF-CO1-PL2,LOC_목표A남측,E02807|E02811|E02815|E02819|E02823|E02827|E02831|E02835|E02839|E02843
R11,derived,occupies,UNIT-FR-INF-CO1-PL3,LOC_남측제1방어선,E02845|E02849|E02853|E02857|E02861|E02865|E02869|E02873|E02877|E02881
R11,derived,occupies,UNIT-FR-INF-CO1-PL3,LOC_목표A남측,E02847|E02851|E02855|E02859|E02863|E02867|E02871|E02875|E02879|E02883
R11,derived,occupies,UNIT-FR-LOG-CO1-PL1,LOC_목표A남측,E02995|E02999
R11,derived,occupies,UNIT-FR-MEC-CO1-PL1,LOC_남측제1방어선,E02981|E02985
R11,derived,occupies,UNIT-FR-MEC-CO1-PL1,LOC_목표A남측,E02983|E02987
R11,derived,occupies,UNIT-FR-MEC-CO1-PL2,LOC_남측제1방어선,E02989|E02993
R11,derived,occupies,UNIT-FR-MEC-CO1-PL3,LOC_남측제1방어선,E02965|E02969
R11,derived,occupies,UNIT-FR-MEC-CO1-PL3,LOC_목표A남측,E02967|E02971
R11,derived,occupies,UNIT-FR-MEC-CO1-PL4,LOC_남측제1방어선,E02973|E02977
R11,derived,occupies,UNIT-FR-MEC-CO1-PL4,LOC_목표A남측,E02975|E02979
R11,derived,occupies,UNIT-FR-REC-PL1,LOC_남측제1방어선,E02929|E02933|E02937|E02941
R11,derived,occupies,UNIT-FR-REC-PL1,LOC_목표A남측,E02931|E02935|E02939|E02943
R12,derived,firesUpon,UNIT-EN-FIRE-CO1-PL1,FR-LN-001,E01311
R12,derived,firesUpon,UNIT-EN-FIRE-CO1-PL2,FR-LN-001,E01223
R12,derived,firesUpon,UNIT-EN-FIRE-CO1-PL2,OBJ-009,E01212
R12,derived,firesUpon,UNIT-EN-FIRE-CO1-PL3,FR-FP-001,E01234
R12,derived,firesUpon,UNIT-EN-FIRE-CO1-PL3,FR-FP-002,E01245
R12,derived,firesUpon,UNIT-EN-FIRE-CO1-PL4,OBJ-009,E01256
R12,derived,firesUpon,UNIT-EN-FIRE-CO1-PL5,FR-FP-001,E01278
R12,derived,firesUpon,UNIT-EN-FIRE-CO1-PL5,FR-LN-001,E01267
R12,derived,firesUpon,UNIT-EN-FIRE-CO1-PL6,FR-FP-002,E01289
R12,derived,firesUpon,UNIT-EN-FIRE-CO1-PL6,OBJ-009,E01300
R12,derived,firesUpon,UNIT-FR-FIRE-CO1-PL1,EN-FP-001,E01135
R12,derived,firesUpon,UNIT-FR-FIRE-CO1-PL1,EN-FP-002,E01146
R12,derived,firesUpon,UNIT-FR-FIRE-CO1-PL2,EN-RT-001,E01157
R12,derived,firesUpon,UNIT-FR-FIRE-CO1-PL2,OBJ-009,E01168
R12,derived,firesUpon,UNIT-FR-FIRE-CO1-PL3,EN-RT-001,E01201
R12,derived,firesUpon,UNIT-FR-FIRE-CO1-PL4,EN-FP-001,E01091
R12,derived,firesUpon,UNIT-FR-FIRE-CO1-PL4,EN-FP-002,E01102
R12,derived,firesUpon,UNIT-FR-FIRE-CO1-PL5,EN-RT-001,E01113
R12,derived,firesUpon,UNIT-FR-FIRE-CO1-PL5,OBJ-009,E01124
R12,derived,firesUpon,UNIT-FR-FIRE-CO1-PL6,EN-FP-001,E01179
R12,derived,firesUpon,UNIT-FR-FIRE-CO1-PL6,EN-FP-002,E01190
