subject,predicate,object,latitude,longitude,timestamp,source,CID
"FRM901001","None","-",21.38680798,-157.73443834,"2026-08-03T22:00:04.058Z","UAV 2",1
"FRT69002","Move to {-5499315.048189, -2250231.003964, 2310734.853397}","-",21.38070785,-157.73248372,"2026-08-03T22:00:04.058Z","UAV 2",1
"FRM113003","Move to {-5499315.048189, -2250231.003964, 2310734.853397}","-",21.38991032,-157.74194303,"2026-08-03T22:00:04.058Z","UAV 2",3
"FRAHS001","Move to {-5499516.453323, -2249726.423604, 2310685.859186}","-",21.38648674,-157.73488636,"2026-08-03T22:00:04.058Z","UAV 2",1
"FRLAV002","Move to {-5499315.048189, -2250231.003964, 2310734.853397}","-",21.38991003,-157.74175359,"2026-08-03T22:00:04.058Z","UAV 2",3
"FRT69003","Move to {-5499315.048189, -2250231.003964, 2310734.853397}","-",21.38105580,-157.73267743,"2026-08-03T22:00:04.058Z","UAV 2",1
"FRT69005","Move to {-5499315.048189, -2250231.003964, 2310734.853397}","-",21.38108246,-157.73261244,"2026-08-03T22:00:04.058Z","UAV 2",1
"FRM109003","Move to {-5499516.453323, -2249726.423604, 2310685.859186}","-",21.38683207,-157.73484206,"2026-08-03T22:00:04.058Z","UAV 2",1
"FRM113001","Move to {-5499315.048189, -2250231.003964, 2310734.853397}","-",21.38989736,-157.74163464,"2026-08-03T22:00:04.058Z","UAV 2",3
"FRM901001","None","-",21.38680798,-157.73443834,"2026-08-03T22:00:04.058Z","UAV 2",1
"FRT69002","Move to {-5499315.048189, -2250231.003964, 2310734.853397}","-",21.38070785,-157.73248372,"2026-08-03T22:00:04.058Z","UAV 2",1
"FRM113003","Move to {-5499315.048189, -2250231.003964, 2310734.853397}","-",21.38991032,-157.74194303,"2026-08-03T22:00:04.058Z","UAV 2",3
"FRAHS001","Move to {-5499516.453323, -2249726.423604, 2310685.859186}","-",21.38648674,-157.73488636,"2026-08-03T22:00:04.058Z","UAV 2",1
"FRLAV002","Move to {-5499315.048189, -2250231.003964, 2310734.853397}","-",21.38991003,-157.74175359,"2026-08-03T22:00:04.058Z","UAV 2",3
"FRT69003","Move to {-5499315.048189, -2250231.003964, 2310734.853397}","-",21.38105580,-157.73267743,"2026-08-03T22:00:04.058Z","UAV 2",1
"FRT69005","Move to {-5499315.048189, -2250231.003964, 2310734.853397}","-",21.38108246,-157.73261244,"2026-08-03T22:00:04.058Z","UAV 2",1
"FRM109003","Move to {-5499516.453323, -2249726.423604, 2310685.859186}","-",21.38683207,-157.73484206,"2026-08-03T22:00:04.058Z","UAV 2",1
"FRM113001","Move to {-5499315.048189, -2250231.003964, 2310734.853397}","-",21.38989736,-157.74163464,"2026-08-03T22:00:04.058Z","UAV 2",3
"FRM901001","None","-",21.38680798,-157.73443834,"2026-08-03T22:00:06.146Z","UAV 2",1
"FRT69002","Move to {-5499315.048189, -2250231.003964, 2310734.853397}","-",21.38070977,-157.73268246,"2026-08-03T22:00:06.146Z","UAV 2",1
"FRM113003","Move to {-5499315.048189, -2250231.003964, 2310734.853397}","-",21.38991754,-157.74194303,"2026-08-03T22:00:06.146Z","UAV 2",3
"FRAHS001","Move to {-5499516.453323, -2249726.423604, 2310685.859186}","-",21.38641482,-157.73508599,"2026-08-03T22:00:06.146Z","UAV 2",1
"FRLAV002","Move to {-5499315.048189, -2250231.003964, 2310734.853397}","-",21.38991719,-157.74174917,"2026-08-03T22:00:06.146Z","UAV 2",3
"FRT69003","Move to {-5499315.048189, -2250231.003964, 2310734.853397}","-",21.38105271,-157.73287615,"2026-08-03T22:00:06.146Z","UAV 2",1
"FRT69005","Move to {-5499315.048189, -2250231.003964, 2310734.853397}","-",21.38107901,-157.73281116,"2026-08-03T22:00:06.146Z","UAV 2",1
"FRM109003","Move to {-5499516.453323, -2249726.423604, 2310685.859186}","-",21.38675678,-157.73504027,"2026-08-03T22:00:06.146Z","UAV 2",1
"FRM113001","Move to {-5499315.048189, -2250231.003964, 2310734.853397}","-",21.38990379,-157.74163464,"2026-08-03T22:00:06.146Z","UAV 2",3
"FRM109001","Move to {-5499516.453323, -2249726.423604, 2310685.859186}","-",21.38645378,-157.73464664,"2026-08-03T22:00:06.146Z","UAV 2",1
"FRT69002","Move to {-5499315.048189, -2250231.003964, 2310734.853397}","-",21.38071168,-157.73287982,"2026-08-03T22:00:08.202Z","UAV 2",1
"FRT69003","Move to {-5499315.048189, -2250231.003964, 2310734.853397}","-",21.38104965,-157.73307350,"2026-08-03T22:00:08.202Z","UAV 2",1
"FRT69005","Move to {-5499315.048189, -2250231.003964, 2310734.853397}","-",21.38107557,-157.73300850,"2026-08-03T22:00:08.202Z","UAV 2",1
"FRT80001","Move to {-5499315.048189, -2250231.003964, 2310734.853397}","-",21.37578327,-157.75254648,"2026-08-03T22:00:08.202Z","UAV 2",1
"FRT80002","Move to {-5499315.048189, -2250231.003964, 2310734.853397}","-",21.37562428,-157.75292311,"2026-08-03T22:00:08.202Z","UAV 2",1
"FRTRK1001","Move to {-5498755.048693, -2250824.434840, 2311307.787782}","-",21.38840282,-157.74987870,"2026-08-03T22:00:08.202Z","UAV 2",3
"FRTRK2002","Move to {-5498755.048693, -2250824.434840, 2311307.787782}","-",21.38823980,-157.75005339,"2026-08-03T22:00:08.202Z","UAV 2",3
"FRT80004","Move to {-5499315.048189, -2250231.003964, 2310734.853397}","-",21.37554673,-157.75263545,"2026-08-03T22:00:08.202Z","UAV 2",1
"FRT69002","Move to {-5499315.048189, -2250231.003964, 2310734.853397}","-",21.38071168,-157.73287982,"2026-08-03T22:00:08.202Z","UAV 2",1
"FRT69003","Move to {-5499315.048189, -2250231.003964, 2310734.853397}","-",21.38104965,-157.73307350,"2026-08-03T22:00:08.202Z","UAV 2",1
"FRT69005","Move to {-5499315.048189, -2250231.003964, 2310734.853397}","-",21.38107557,-157.73300850,"2026-08-03T22:00:08.202Z","UAV 2",1
"FRT80001","Move to {-5499315.048189, -2250231.003964, 2310734.853397}","-",21.37578327,-157.75254648,"2026-08-03T22:00:08.202Z","UAV 2",1
"FRT80002","Move to {-5499315.048189, -2250231.003964, 2310734.853397}","-",21.37562428,-157.75292311,"2026-08-03T22:00:08.202Z","UAV 2",1
"FRTRK1001","Move to {-5498755.048693, -2250824.434840, 2311307.787782}","-",21.38840282,-157.74987870,"2026-08-03T22:00:08.202Z","UAV 2",3
"FRTRK2002","Move to {-5498755.048693, -2250824.434840, 2311307.787782}","-",21.38823980,-157.75005339,"2026-08-03T22:00:08.202Z","UAV 2",3
"FRT80004","Move to {-5499315.048189, -2250231.003964, 2310734.853397}","-",21.37554673,-157.75263545,"2026-08-03T22:00:08.202Z","UAV 2",1
"FRT80001","Move to {-5499315.048189, -2250231.003964, 2310734.853397}","-",21.37590284,-157.75240154,"2026-08-03T22:00:10.289Z","UAV 2",1
"FRT80002","Move to {-5499315.048189, -2250231.003964, 2310734.853397}","-",21.37574458,-157.75277303,"2026-08-03T22:00:10.289Z","UAV 2",1
"FRTRK1001","Move to {-5498755.048693, -2250824.434840, 2311307.787782}","-",21.38836925,-157.74967446,"2026-08-03T22:00:10.289Z","UAV 2",3
"FRTRK2002","Move to {-5498755.048693, -2250824.434840, 2311307.787782}","-",21.38820881,-157.74984243,"2026-08-03T22:00:10.289Z","UAV 2",3
"FRTRK1002","Move to {-5498755.048693, -2250824.434840, 2311307.787782}","-",21.38828274,-157.74992168,"2026-08-03T22:00:10.289Z","UAV 2",3
"FRT80001","Move to {-5499315.048189, -2250231.003964, 2310734.853397}","-",21.37602767,-157.75225021,"2026-08-03T22:00:12.372Z","UAV 2",1
"FRT80002","Move to {-5499315.048189, -2250231.003964, 2310734.853397}","-",21.37586818,-157.75261884,"2026-08-03T22:00:12.372Z","UAV 2",1
"FRTRK1001","Move to {-5498755.048693, -2250824.434840, 2311307.787782}","-",21.38833705,-157.74947854,"2026-08-03T22:00:12.372Z","UAV 2",3
"FRTRK2002","Move to {-5498755.048693, -2250824.434840, 2311307.787782}","-",21.38818077,-157.74965150,"2026-08-03T22:00:12.372Z","UAV 2",3
"FRTRK1002","Move to {-5498755.048693, -2250824.434840, 2311307.787782}","-",21.38825663,-157.74975061,"2026-08-03T22:00:12.372Z","UAV 2",3
"FRT80004","Move to {-5499315.048189, -2250231.003964, 2310734.853397}","-",21.37579833,-157.75233984,"2026-08-03T22:00:12.372Z","UAV 2",1
"M933HE 1","None","-",21.37515734,-157.73781182,"2026-08-03T22:00:12.372Z","UAV 2",1
"M933HE 2","None","-",21.37533669,-157.73708895,"2026-08-03T22:00:12.372Z","UAV 2",1
"FRT80001","Move to {-5499315.048189, -2250231.003964, 2310734.853397}","-",21.37602767,-157.75225021,"2026-08-03T22:00:12.372Z","UAV 2",1
"FRT80002","Move to {-5499315.048189, -2250231.003964, 2310734.853397}","-",21.37586818,-157.75261884,"2026-08-03T22:00:12.372Z","UAV 2",1
"FRTRK1001","Move to {-5498755.048693, -2250824.434840, 2311307.787782}","-",21.38833705,-157.74947854,"2026-08-03T22:00:12.372Z","UAV 2",3
"FRTRK2002","Move to {-5498755.048693, -2250824.434840, 2311307.787782}","-",21.38818077,-157.74965150,"2026-08-03T22:00:12.372Z","UAV 2",3
"FRTRK1002","Move to {-5498755.048693, -2250824.434840, 2311307.787782}","-",21.38825663,-157.74975061,"2026-08-03T22:00:12.372Z","UAV 2",3
"FRT80004","Move to {-5499315.048189, -2250231.003964, 2310734.853397}","-",21.37579833,-157.75233984,"2026-08-03T22:00:12.372Z","UAV 2",1
"M933HE 1","None","-",21.37515734,-157.73781182,"2026-08-03T22:00:12.372Z","UAV 2",1
"M933HE 2","None","-",21.37533669,-157.73708895,"2026-08-03T22:00:12.372Z","UAV 2",1
"FRT80001","Move to {-5499315.048189, -2250231.003964, 2310734.853397}","-",21.37615257,-157.75209879,"2026-08-03T22:00:14.476Z","UAV 2",2
"FRT80002","Move to {-5499315.048189, -2250231.003964, 2310734.853397}","-",21.37599134,-157.75246520,"2026-08-03T22:00:14.476Z","UAV 2",2
"FRTRK1001","Move to {-5498755.048693, -2250824.434840, 2311307.787782}","-",21.38830360,-157.74927498,"2026-08-03T22:00:14.476Z","UAV 2",3
"FRTRK2002","Move to {-5498755.048693, -2250824.434840, 2311307.787782}","-",21.38815071,-157.74944688,"2026-08-03T22:00:14.476Z","UAV 2",3
"FRTRK1002","Move to {-5498755.048693, -2250824.434840, 2311307.787782}","-",21.38822627,-157.74955167,"2026-08-03T22:00:14.476Z","UAV 2",3
"FRT80004","Move to {-5499315.048189, -2250231.003964, 2310734.853397}","-",21.37592598,-157.75218987,"2026-08-03T22:00:14.476Z","UAV 2",1
"FRT80001","Move to {-5499315.048189, -2250231.003964, 2310734.853397}","-",21.37627575,-157.75194946,"2026-08-03T22:00:16.544Z","UAV 2",2
"FRT80002","Move to {-5499315.048189, -2250231.003964, 2310734.853397}","-",21.37611290,-157.75231355,"2026-08-03T22:00:16.544Z","UAV 2",2
"FRTRK1001","Move to {-5498755.048693, -2250824.434840, 2311307.787782}","-",21.38827150,-157.74907965,"2026-08-03T22:00:16.544Z","UAV 2",3
"FRTRK2002","Move to {-5498755.048693, -2250824.434840, 2311307.787782}","-",21.38812745,-157.74928854,"2026-08-03T22:00:16.544Z","UAV 2",3
"FRTRK1002","Move to {-5498755.048693, -2250824.434840, 2311307.787782}","-",21.38819748,-157.74936303,"2026-08-03T22:00:16.544Z","UAV 2",3
"FRT80004","Move to {-5499315.048189, -2250231.003964, 2310734.853397}","-",21.37605141,-157.75204249,"2026-08-03T22:00:16.544Z","UAV 2",1
"FRTRK2001","Move to {-5498755.048693, -2250824.434840, 2311307.787782}","-",21.38819544,-157.74912731,"2026-08-03T22:00:16.544Z","UAV 2",3
"FRT80001","Move to {-5499315.048189, -2250231.003964, 2310734.853397}","-",21.37627575,-157.75194946,"2026-08-03T22:00:16.544Z","UAV 2",2
"FRT80002","Move to {-5499315.048189, -2250231.003964, 2310734.853397}","-",21.37611290,-157.75231355,"2026-08-03T22:00:16.544Z","UAV 2",2
"FRTRK1001","Move to {-5498755.048693, -2250824.434840, 2311307.787782}","-",21.38827150,-157.74907965,"2026-08-03T22:00:16.544Z","UAV 2",3
"FRTRK2002","Move to {-5498755.048693, -2250824.434840, 2311307.787782}","-",21.38812745,-157.74928854,"2026-08-03T22:00:16.544Z","UAV 2",3
"FRTRK1002","Move to {-5498755.048693, -2250824.434840, 2311307.787782}","-",21.38819748,-157.74936303,"2026-08-03T22:00:16.544Z","UAV 2",3
"FRT80004","Move to {-5499315.048189, -2250231.003964, 2310734.853397}","-",21.37605141,-157.75204249,"2026-08-03T22:00:16.544Z","UAV 2",1
"FRTRK2001","Move to {-5498755.048693, -2250824.434840, 2311307.787782}","-",21.38819544,-157.74912731,"2026-08-03T22:00:16.544Z","UAV 2",3
"FRT80001","Move to {-5499315.048189, -2250231.003964, 2310734.853397}","-",21.37639936,-157.75179961,"2026-08-03T22:00:18.607Z","UAV 2",2
"FRT80002","Move to {-5499315.048189, -2250231.003964, 2310734.853397}","-",21.37623394,-157.75216256,"2026-08-03T22:00:18.607Z","UAV 2",2
"FRTRK1001","Move to {-5498755.048693, -2250824.434840, 2311307.787782}","-",21.38823895,-157.74888156,"2026-08-03T22:00:18.607Z","UAV 2",3
"FRTRK2002","Move to {-5498755.048693, -2250824.434840, 2311307.787782}","-",21.38809806,-157.74908844,"2026-08-03T22:00:18.607Z","UAV 2",3
"FRTRK1002","Move to {-5498755.048693, -2250824.434840, 2311307.787782}","-",21.38816899,-157.74917637,"2026-08-03T22:00:18.607Z","UAV 2",3
"FRT80004","Move to {-5499315.048189, -2250231.003964, 2310734.853397}","-",21.37617620,-157.75189587,"2026-08-03T22:00:18.607Z","UAV 2",2
"FRTRK2001","Move to {-5498755.048693, -2250824.434840, 2311307.787782}","-",21.38816429,-157.74892760,"2026-08-03T22:00:18.607Z","UAV 2",3
"FRT80001","Move to {-5499315.048189, -2250231.003964, 2310734.853397}","-",21.37639936,-157.75179961,"2026-08-03T22:00:18.607Z","UAV 2",2
"FRT80002","Move to {-5499315.048189, -2250231.003964, 2310734.853397}","-",21.37623394,-157.75216256,"2026-08-03T22:00:18.607Z","UAV 2",2
"FRTRK1001","Move to {-5498755.048693, -2250824.434840, 2311307.787782}","-",21.38823895,-157.74888156,"2026-08-03T22:00:18.607Z","UAV 2",3
"FRTRK2002","Move to {-5498755.048693, -2250824.434840, 2311307.787782}","-",21.38809806,-157.74908844,"2026-08-03T22:00:18.607Z","UAV 2",3
"FRTRK1002","Move to {-5498755.048693, -2250824.434840, 2311307.787782}","-",21.38816899,-157.74917637,"2026-08-03T22:00:18.607Z","UAV 2",3
"FRT80004","Move to {-5499315.048189, -2250231.003964, 2310734.853397}","-",21.37617620,-157.75189587,"2026-08-03T22:00:18.607Z","UAV 2",2
"FRTRK2001","Move to {-5498755.048693, -2250824.434840, 2311307.787782}","-",21.38816429,-157.74892760,"2026-08-03T22:00:18.607Z","UAV 2",3
"FRT80001","Move to {-5499315.048189, -2250231.003964, 2310734.853397}","-",21.37652184,-157.75165114,"2026-08-03T22:00:20.664Z","UAV 2",2
"FRT80002","Move to {-5499315.048189, -2250231.003964, 2310734.853397}","-",21.37635419,-157.75201255,"2026-08-03T22:00:20.664Z","UAV 2",2
"FRTRK1001","Move to {-5498755.048693, -2250824.434840, 2311307.787782}","-",21.38820730,-157.74868900,"2026-08-03T22:00:20.664Z","UAV 2",3
"FRTRK2002","Move to {-5498755.048693, -2250824.434840, 2311307.787782}","-",21.38806888,-157.74888978,"2026-08-03T22:00:20.664Z","UAV 2",3
"FRTRK1002","Move to {-5498755.048693, -2250824.434840, 2311307.787782}","-",21.38813680,-157.74896548,"2026-08-03T22:00:20.664Z","UAV 2",3
"FRT80004","Move to {-5499315.048189, -2250231.003964, 2310734.853397}","-",21.37630142,-157.75174875,"2026-08-03T22:00:20.664Z","UAV 2",2
"FRTRK2001","Move to {-5498755.048693, -2250824.434840, 2311307.787782}","-",21.38813421,-157.74873479,"2026-08-03T22:00:20.664Z","UAV 2",3
"FRT80001","Move to {-5499315.048189, -2250231.003964, 2310734.853397}","-",21.37652184,-157.75165114,"2026-08-03T22:00:20.664Z","UAV 2",2
"FRT80002","Move to {-5499315.048189, -2250231.003964, 2310734.853397}","-",21.37635419,-157.75201255,"2026-08-03T22:00:20.664Z","UAV 2",2
"FRTRK1001","Move to {-5498755.048693, -2250824.434840, 2311307.787782}","-",21.38820730,-157.74868900,"2026-08-03T22:00:20.664Z","UAV 2",3
"FRTRK2002","Move to {-5498755.048693, -2250824.434840, 2311307.787782}","-",21.38806888,-157.74888978,"2026-08-03T22:00:20.664Z","UAV 2",3
"FRTRK1002","Move to {-5498755.048693, -2250824.434840, 2311307.787782}","-",21.38813680,-157.74896548,"2026-08-03T22:00:20.664Z","UAV 2",3
"FRT80004","Move to {-5499315.048189, -2250231.003964, 2310734.853397}","-",21.37630142,-157.75174875,"2026-08-03T22:00:20.664Z","UAV 2",2
"FRTRK2001","Move to {-5498755.048693, -2250824.434840, 2311307.787782}","-",21.38813421,-157.74873479,"2026-08-03T22:00:20.664Z","UAV 2",3
"FRT80001","Move to {-5499315.048189, -2250231.003964, 2310734.853397}","-",21.37664467,-157.75150223,"2026-08-03T22:00:22.716Z","UAV 2",3
"FRT80002","Move to {-5499315.048189, -2250231.003964, 2310734.853397}","-",21.37647541,-157.75186131,"2026-08-03T22:00:22.716Z","UAV 2",3
"FRT80004","Move to {-5499315.048189, -2250231.003964, 2310734.853397}","-",21.37642600,-157.75160238,"2026-08-03T22:00:22.716Z","UAV 2",3
"FRT80001","Move to {-5499315.048189, -2250231.003964, 2310734.853397}","-",21.37676619,-157.75135491,"2026-08-03T22:00:24.750Z","UAV 2",3
"FRT80002","Move to {-5499315.048189, -2250231.003964, 2310734.853397}","-",21.37659422,-157.75171310,"2026-08-03T22:00:24.750Z","UAV 2",3
"FRT80004","Move to {-5499315.048189, -2250231.003964, 2310734.853397}","-",21.37654932,-157.75145748,"2026-08-03T22:00:24.750Z","UAV 2",3
"FRT80001","Move to {-5499315.048189, -2250231.003964, 2310734.853397}","-",21.37676619,-157.75135491,"2026-08-03T22:00:24.750Z","UAV 2",3
"FRT80002","Move to {-5499315.048189, -2250231.003964, 2310734.853397}","-",21.37659422,-157.75171310,"2026-08-03T22:00:24.750Z","UAV 2",3
"FRT80004","Move to {-5499315.048189, -2250231.003964, 2310734.853397}","-",21.37654932,-157.75145748,"2026-08-03T22:00:24.750Z","UAV 2",3
"FRT80001","Move to {-5499315.048189, -2250231.003964, 2310734.853397}","-",21.37687619,-157.75122157,"2026-08-03T22:00:26.596Z","UAV 2",3
"FRT80002","Move to {-5499315.048189, -2250231.003964, 2310734.853397}","-",21.37670276,-157.75157770,"2026-08-03T22:00:26.596Z","UAV 2",3
"FRT80004","Move to {-5499315.048189, -2250231.003964, 2310734.853397}","-",21.37666153,-157.75132565,"2026-08-03T22:00:26.596Z","UAV 2",3
"FRT80001","Move to {-5499315.048189, -2250231.003964, 2310734.853397}","-",21.37687619,-157.75122157,"2026-08-03T22:00:26.596Z","UAV 2",3
"FRT80002","Move to {-5499315.048189, -2250231.003964, 2310734.853397}","-",21.37670276,-157.75157770,"2026-08-03T22:00:26.596Z","UAV 2",3
"FRT80004","Move to {-5499315.048189, -2250231.003964, 2310734.853397}","-",21.37666153,-157.75132565,"2026-08-03T22:00:26.596Z","UAV 2",3
"FRT80001","Move to {-5499315.048189, -2250231.003964, 2310734.853397}","-",21.37699984,-157.75107167,"2026-08-03T22:00:28.666Z","UAV 2",3
"FRT80002","Move to {-5499315.048189, -2250231.003964, 2310734.853397}","-",21.37682451,-157.75142581,"2026-08-03T22:00:28.666Z","UAV 2",3
"FRT80004","Move to {-5499315.048189, -2250231.003964, 2310734.853397}","-",21.37678716,-157.75117805,"2026-08-03T22:00:28.666Z","UAV 2",3
"FRT80001","Move to {-5499315.048189, -2250231.003964, 2310734.853397}","-",21.37699984,-157.75107167,"2026-08-03T22:00:28.666Z","UAV 2",3
"FRT80002","Move to {-5499315.048189, -2250231.003964, 2310734.853397}","-",21.37682451,-157.75142581,"2026-08-03T22:00:28.666Z","UAV 2",3
"FRT80004","Move to {-5499315.048189, -2250231.003964, 2310734.853397}","-",21.37678716,-157.75117805,"2026-08-03T22:00:28.666Z","UAV 2",3
"FRT80001","Move to {-5499315.048189, -2250231.003964, 2310734.853397}","-",21.37712421,-157.75092089,"2026-08-03T22:00:30.749Z","UAV 2",3
"FRT80002","Move to {-5499315.048189, -2250231.003964, 2310734.853397}","-",21.37694667,-157.75127341,"2026-08-03T22:00:30.749Z","UAV 2",3
"FRT80004","Move to {-5499315.048189, -2250231.003964, 2310734.853397}","-",21.37691383,-157.75102922,"2026-08-03T22:00:30.749Z","UAV 2",3
"FRT80001","Move to {-5499315.048189, -2250231.003964, 2310734.853397}","-",21.37712421,-157.75092089,"2026-08-03T22:00:30.749Z","UAV 2",3
"FRT80002","Move to {-5499315.048189, -2250231.003964, 2310734.853397}","-",21.37694667,-157.75127341,"2026-08-03T22:00:30.749Z","UAV 2",3
"FRT80004","Move to {-5499315.048189, -2250231.003964, 2310734.853397}","-",21.37691383,-157.75102922,"2026-08-03T22:00:30.749Z","UAV 2",3
"FRT80001","Move to {-5499315.048189, -2250231.003964, 2310734.853397}","-",21.37712421,-157.75092089,"2026-08-03T22:00:30.749Z","UAV 2",3
"FRT80002","Move to {-5499315.048189, -2250231.003964, 2310734.853397}","-",21.37694667,-157.75127341,"2026-08-03T22:00:30.749Z","UAV 2",3
"FRT80004","Move to {-5499315.048189, -2250231.003964, 2310734.853397}","-",21.37691383,-157.75102922,"2026-08-03T22:00:30.749Z","UAV 2",3
"FRT80001","Move to {-5499315.048189, -2250231.003964, 2310734.853397}","-",21.37723905,-157.75078168,"2026-08-03T22:00:32.674Z","UAV 2",3
"FRT80002","Move to {-5499315.048189, -2250231.003964, 2310734.853397}","-",21.37705986,-157.75113221,"2026-08-03T22:00:32.674Z","UAV 2",3
"FRT80004","Move to {-5499315.048189, -2250231.003964, 2310734.853397}","-",21.37703068,-157.75089192,"2026-08-03T22:00:32.674Z","UAV 2",3
"FRT80001","Move to {-5499315.048189, -2250231.003964, 2310734.853397}","-",21.37723905,-157.75078168,"2026-08-03T22:00:32.674Z","UAV 2",3
"FRT80002","Move to {-5499315.048189, -2250231.003964, 2310734.853397}","-",21.37705986,-157.75113221,"2026-08-03T22:00:32.674Z","UAV 2",3
"FRT80004","Move to {-5499315.048189, -2250231.003964, 2310734.853397}","-",21.37703068,-157.75089192,"2026-08-03T22:00:32.674Z","UAV 2",3
"FRT80001","Move to {-5499315.048189, -2250231.003964, 2310734.853397}","-",21.37736239,-157.75063215,"2026-08-03T22:00:34.740Z","UAV 2",4
"FRT80002","Move to {-5499315.048189, -2250231.003964, 2310734.853397}","-",21.37718116,-157.75098089,"2026-08-03T22:00:34.740Z","UAV 2",4
"FRT80004","Move to {-5499315.048189, -2250231.003964, 2310734.853397}","-",21.37715618,-157.75074447,"2026-08-03T22:00:34.740Z","UAV 2",4
"FRT80001","Move to {-5499315.048189, -2250231.003964, 2310734.853397}","-",21.37736239,-157.75063215,"2026-08-03T22:00:34.740Z","UAV 2",4
"FRT80002","Move to {-5499315.048189, -2250231.003964, 2310734.853397}","-",21.37718116,-157.75098089,"2026-08-03T22:00:34.740Z","UAV 2",4
"FRT80004","Move to {-5499315.048189, -2250231.003964, 2310734.853397}","-",21.37715618,-157.75074447,"2026-08-03T22:00:34.740Z","UAV 2",4
"FRT80001","Move to {-5499315.048189, -2250231.003964, 2310734.853397}","-",21.37748048,-157.75048899,"2026-08-03T22:00:36.720Z","UAV 2",4
"FRT80002","Move to {-5499315.048189, -2250231.003964, 2310734.853397}","-",21.37729734,-157.75083594,"2026-08-03T22:00:36.720Z","UAV 2",4
"FRT80004","Move to {-5499315.048189, -2250231.003964, 2310734.853397}","-",21.37727644,-157.75060317,"2026-08-03T22:00:36.720Z","UAV 2",4
"M933HE 3","None","-",21.37217195,-157.74133306,"2026-08-03T22:00:36.720Z","UAV 2",2
"FRT80001","Move to {-5499315.048189, -2250231.003964, 2310734.853397}","-",21.37748048,-157.75048899,"2026-08-03T22:00:36.720Z","UAV 2",4
"FRT80002","Move to {-5499315.048189, -2250231.003964, 2310734.853397}","-",21.37729734,-157.75083594,"2026-08-03T22:00:36.720Z","UAV 2",4
"FRT80004","Move to {-5499315.048189, -2250231.003964, 2310734.853397}","-",21.37727644,-157.75060317,"2026-08-03T22:00:36.720Z","UAV 2",4
"M933HE 3","None","-",21.37217195,-157.74133306,"2026-08-03T22:00:36.720Z","UAV 2",2
"FRT80001","Move to {-5499315.048189, -2250231.003964, 2310734.853397}","-",21.37760723,-157.75033533,"2026-08-03T22:00:38.843Z","UAV 2",4
"FRT80002","Move to {-5499315.048189, -2250231.003964, 2310734.853397}","-",21.37742202,-157.75068040,"2026-08-03T22:00:38.843Z","UAV 2",4
"FRT80004","Move to {-5499315.048189, -2250231.003964, 2310734.853397}","-",21.37740530,-157.75045178,"2026-08-03T22:00:38.843Z","UAV 2",4
"M933HE 3","None","-",21.37069761,-157.74164639,"2026-08-03T22:00:38.843Z","UAV 2",3
"FRT80001","Move to {-5499315.048189, -2250231.003964, 2310734.853397}","-",21.37760723,-157.75033533,"2026-08-03T22:00:38.843Z","UAV 2",4
"FRT80002","Move to {-5499315.048189, -2250231.003964, 2310734.853397}","-",21.37742202,-157.75068040,"2026-08-03T22:00:38.843Z","UAV 2",4
"FRT80004","Move to {-5499315.048189, -2250231.003964, 2310734.853397}","-",21.37740530,-157.75045178,"2026-08-03T22:00:38.843Z","UAV 2",4
"M933HE 3","None","-",21.37069761,-157.74164639,"2026-08-03T22:00:38.843Z","UAV 2",3
"FRT80001","Move to {-5499315.048189, -2250231.003964, 2310734.853397}","-",21.37760723,-157.75033533,"2026-08-03T22:00:38.843Z","UAV 2",4
"FRT80002","Move to {-5499315.048189, -2250231.003964, 2310734.853397}","-",21.37742202,-157.75068040,"2026-08-03T22:00:38.843Z","UAV 2",4
"FRT80004","Move to {-5499315.048189, -2250231.003964, 2310734.853397}","-",21.37740530,-157.75045178,"2026-08-03T22:00:38.843Z","UAV 2",4
"M933HE 3","None","-",21.37069761,-157.74164639,"2026-08-03T22:00:38.843Z","UAV 2",3
"FRT80001","Move to {-5499315.048189, -2250231.003964, 2310734.853397}","-",21.37772838,-157.75018846,"2026-08-03T22:00:40.874Z","UAV 2",4
"FRT80002","Move to {-5499315.048189, -2250231.003964, 2310734.853397}","-",21.37754139,-157.75053148,"2026-08-03T22:00:40.874Z","UAV 2",4
"FRT80004","Move to {-5499315.048189, -2250231.003964, 2310734.853397}","-",21.37752860,-157.75030690,"2026-08-03T22:00:40.874Z","UAV 2",4
"FRT80001","Move to {-5499315.048189, -2250231.003964, 2310734.853397}","-",21.37772838,-157.75018846,"2026-08-03T22:00:40.874Z","UAV 2",4
"FRT80002","Move to {-5499315.048189, -2250231.003964, 2310734.853397}","-",21.37754139,-157.75053148,"2026-08-03T22:00:40.874Z","UAV 2",4
"FRT80004","Move to {-5499315.048189, -2250231.003964, 2310734.853397}","-",21.37752860,-157.75030690,"2026-08-03T22:00:40.874Z","UAV 2",4
"FRT80001","Move to {-5499315.048189, -2250231.003964, 2310734.853397}","-",21.37772838,-157.75018846,"2026-08-03T22:00:40.874Z","UAV 2",4
"FRT80002","Move to {-5499315.048189, -2250231.003964, 2310734.853397}","-",21.37754139,-157.75053148,"2026-08-03T22:00:40.874Z","UAV 2",4
"FRT80004","Move to {-5499315.048189, -2250231.003964, 2310734.853397}","-",21.37752860,-157.75030690,"2026-08-03T22:00:40.874Z","UAV 2",4
"FRT80001","Move to {-5499315.048189, -2250231.003964, 2310734.853397}","-",21.37785959,-157.75002940,"2026-08-03T22:00:43.073Z","UAV 2",4
"FRT80004","Move to {-5499315.048189, -2250231.003964, 2310734.853397}","-",21.37766214,-157.75015001,"2026-08-03T22:00:43.073Z","UAV 2",4
"FRT80001","Move to {-5499315.048189, -2250231.003964, 2310734.853397}","-",21.37785959,-157.75002940,"2026-08-03T22:00:43.073Z","UAV 2",4
"FRT80004","Move to {-5499315.048189, -2250231.003964, 2310734.853397}","-",21.37766214,-157.75015001,"2026-08-03T22:00:43.073Z","UAV 2",4
"ENM1A2003","Move to {-5499107.729384, -2250754.164082, 2310538.606898}","-",21.37851983,-157.74123987,"2026-08-03T22:01:01.488Z","UAV 2",3
"ENCAESAR002","Move to {-5499444.816370, -2250654.663336, 2309957.213850}","-",21.37481369,-157.73828287,"2026-08-03T22:01:01.488Z","UAV 2",3
"ENT72002","Move to {-5499107.729384, -2250754.164082, 2310538.606898}","-",21.37678583,-157.74116565,"2026-08-03T22:01:01.488Z","UAV 2",3
"ENT72005","Move to {-5499107.729384, -2250754.164082, 2310538.606898}","-",21.37680859,-157.74125769,"2026-08-03T22:01:01.488Z","UAV 2",3
"ENGAZ001","Move to {-5499460.953457, -2250814.454542, 2309743.262342}","-",21.37220873,-157.73836615,"2026-08-03T22:01:01.488Z","UAV 2",3
"ENBTR60003","Move to {-5499107.729384, -2250754.164082, 2310538.606898}","-",21.37436174,-157.74084649,"2026-08-03T22:01:01.488Z","UAV 2",3
"ENM1A2002","Move to {-5499107.729384, -2250754.164082, 2310538.606898}","-",21.37875688,-157.74114916,"2026-08-03T22:01:01.488Z","UAV 2",3
"ENBTR80001","Move to {-5499107.729384, -2250754.164082, 2310538.606898}","-",21.37413384,-157.74070458,"2026-08-03T22:01:01.488Z","UAV 2",3
"ENT72004","Move to {-5499107.729384, -2250754.164082, 2310538.606898}","-",21.37702984,-157.74116903,"2026-08-03T22:01:01.488Z","UAV 2",3
"ENM35002","Move to {-5499460.953457, -2250814.454542, 2309743.262342}","-",21.37217388,-157.73840045,"2026-08-03T22:01:01.488Z","UAV 2",3
"ENBTR80003","Move to {-5499107.729384, -2250754.164082, 2310538.606898}","-",21.37404980,-157.74067799,"2026-08-03T22:01:01.488Z","UAV 2",3
"ENM35001","Move to {-5499460.953457, -2250814.454542, 2309743.262342}","-",21.37202198,-157.73871161,"2026-08-03T22:01:01.488Z","UAV 2",3
"ENT72006","Move to {-5499107.729384, -2250754.164082, 2310538.606898}","-",21.37694611,-157.74122314,"2026-08-03T22:01:01.488Z","UAV 2",3
"ENBTR60002","Move to {-5499107.729384, -2250754.164082, 2310538.606898}","-",21.37424104,-157.74085321,"2026-08-03T22:01:01.488Z","UAV 2",3
"ENMORT001","None","-",21.37454920,-157.73726779,"2026-08-03T22:01:01.488Z","UAV 2",3
"ENMORT002","None","-",21.37448557,-157.73696566,"2026-08-03T22:01:01.488Z","UAV 2",3
"ENCAESAR001","Move to {-5499460.953457, -2250814.454542, 2309743.262342}","-",21.37294121,-157.73943032,"2026-08-03T22:01:01.488Z","UAV 2",3
"ENMORT003","FFE-On-Location ""Location={-5498573.025370, -2251262.832114, 2311309.431241}""  Name of Weapons to Fire: Indirect-Fire-Gun:m9333he. Number-Of-Rounds: 1. Height-Above-Terrain: 0","-",21.37448817,-157.73726715,"2026-08-03T22:01:01.488Z","UAV 2",3
"ENBTR60004","Move to {-5499107.729384, -2250754.164082, 2310538.606898}","-",21.37409783,-157.74078474,"2026-08-03T22:01:01.488Z","UAV 2",3
"ENM1A2003","Move to {-5499107.729384, -2250754.164082, 2310538.606898}","-",21.37851983,-157.74123987,"2026-08-03T22:01:01.488Z","UAV 2",3
"ENCAESAR002","Move to {-5499444.816370, -2250654.663336, 2309957.213850}","-",21.37481369,-157.73828287,"2026-08-03T22:01:01.488Z","UAV 2",3
"ENT72002","Move to {-5499107.729384, -2250754.164082, 2310538.606898}","-",21.37678583,-157.74116565,"2026-08-03T22:01:01.488Z","UAV 2",3
"ENT72005","Move to {-5499107.729384, -2250754.164082, 2310538.606898}","-",21.37680859,-157.74125769,"2026-08-03T22:01:01.488Z","UAV 2",3
"ENGAZ001","Move to {-5499460.953457, -2250814.454542, 2309743.262342}","-",21.37220873,-157.73836615,"2026-08-03T22:01:01.488Z","UAV 2",3
"ENBTR60003","Move to {-5499107.729384, -2250754.164082, 2310538.606898}","-",21.37436174,-157.74084649,"2026-08-03T22:01:01.488Z","UAV 2",3
"ENM1A2002","Move to {-5499107.729384, -2250754.164082, 2310538.606898}","-",21.37875688,-157.74114916,"2026-08-03T22:01:01.488Z","UAV 2",3
"ENBTR80001","Move to {-5499107.729384, -2250754.164082, 2310538.606898}","-",21.37413384,-157.74070458,"2026-08-03T22:01:01.488Z","UAV 2",3
"ENT72004","Move to {-5499107.729384, -2250754.164082, 2310538.606898}","-",21.37702984,-157.74116903,"2026-08-03T22:01:01.488Z","UAV 2",3
"ENM35002","Move to {-5499460.953457, -2250814.454542, 2309743.262342}","-",21.37217388,-157.73840045,"2026-08-03T22:01:01.488Z","UAV 2",3
"ENBTR80003","Move to {-5499107.729384, -2250754.164082, 2310538.606898}","-",21.37404980,-157.74067799,"2026-08-03T22:01:01.488Z","UAV 2",3
"ENM35001","Move to {-5499460.953457, -2250814.454542, 2309743.262342}","-",21.37202198,-157.73871161,"2026-08-03T22:01:01.488Z","UAV 2",3
"ENT72006","Move to {-5499107.729384, -2250754.164082, 2310538.606898}","-",21.37694611,-157.74122314,"2026-08-03T22:01:01.488Z","UAV 2",3
"ENBTR60002","Move to {-5499107.729384, -2250754.164082, 2310538.606898}","-",21.37424104,-157.74085321,"2026-08-03T22:01:01.488Z","UAV 2",3
"ENMORT001","None","-",21.37454920,-157.73726779,"2026-08-03T22:01:01.488Z","UAV 2",3
"ENMORT002","None","-",21.37448557,-157.73696566,"2026-08-03T22:01:01.488Z","UAV 2",3
"ENCAESAR001","Move to {-5499460.953457, -2250814.454542, 2309743.262342}","-",21.37294121,-157.73943032,"2026-08-03T22:01:01.488Z","UAV 2",3
"ENMORT003","FFE-On-Location ""Location={-5498573.025370, -2251262.832114, 2311309.431241}""  Name of Weapons to Fire: Indirect-Fire-Gun:m9333he. Number-Of-Rounds: 1. Height-Above-Terrain: 0","-",21.37448817,-157.73726715,"2026-08-03T22:01:01.488Z","UAV 2",3
"ENBTR60004","Move to {-5499107.729384, -2250754.164082, 2310538.606898}","-",21.37409783,-157.74078474,"2026-08-03T22:01:01.488Z","UAV 2",3
"ENM1A2003","Move to {-5499107.729384, -2250754.164082, 2310538.606898}","-",21.37851983,-157.74123987,"2026-08-03T22:01:01.488Z","UAV 2",3
"ENCAESAR002","Move to {-5499444.816370, -2250654.663336, 2309957.213850}","-",21.37481369,-157.73828287,"2026-08-03T22:01:01.488Z","UAV 2",3
"ENT72002","Move to {-5499107.729384, -2250754.164082, 2310538.606898}","-",21.37678583,-157.74116565,"2026-08-03T22:01:01.488Z","UAV 2",3
"ENT72005","Move to {-5499107.729384, -2250754.164082, 2310538.606898}","-",21.37680859,-157.74125769,"2026-08-03T22:01:01.488Z","UAV 2",3
"ENGAZ001","Move to {-5499460.953457, -2250814.454542, 2309743.262342}","-",21.37220873,-157.73836615,"2026-08-03T22:01:01.488Z","UAV 2",3
"ENBTR60003","Move to {-5499107.729384, -2250754.164082, 2310538.606898}","-",21.37436174,-157.74084649,"2026-08-03T22:01:01.488Z","UAV 2",3
"ENM1A2002","Move to {-5499107.729384, -2250754.164082, 2310538.606898}","-",21.37875688,-157.74114916,"2026-08-03T22:01:01.488Z","UAV 2",3
"ENBTR80001","Move to {-5499107.729384, -2250754.164082, 2310538.606898}","-",21.37413384,-157.74070458,"2026-08-03T22:01:01.488Z","UAV 2",3
"ENT72004","Move to {-5499107.729384, -2250754.164082, 2310538.606898}","-",21.37702984,-157.74116903,"2026-08-03T22:01:01.488Z","UAV 2",3
"ENM35002","Move to {-5499460.953457, -2250814.454542, 2309743.262342}","-",21.37217388,-157.73840045,"2026-08-03T22:01:01.488Z","UAV 2",3
"ENBTR80003","Move to {-5499107.729384, -2250754.164082, 2310538.606898}","-",21.37404980,-157.74067799,"2026-08-03T22:01:01.488Z","UAV 2",3
"ENM35001","Move to {-5499460.953457, -2250814.454542, 2309743.262342}","-",21.37202198,-157.73871161,"2026-08-03T22:01:01.488Z","UAV 2",3
"ENT72006","Move to {-5499107.729384, -2250754.164082, 2310538.606898}","-",21.37694611,-157.74122314,"2026-08-03T22:01:01.488Z","UAV 2",3
"ENBTR60002","Move to {-5499107.729384, -2250754.164082, 2310538.606898}","-",21.37424104,-157.74085321,"2026-08-03T22:01:01.488Z","UAV 2",3
"ENMORT001","None","-",21.37454920,-157.73726779,"2026-08-03T22:01:01.488Z","UAV 2",3
"ENMORT002","None","-",21.37448557,-157.73696566,"2026-08-03T22:01:01.488Z","UAV 2",3
"ENCAESAR001","Move to {-5499460.953457, -2250814.454542, 2309743.262342}","-",21.37294121,-157.73943032,"2026-08-03T22:01:01.488Z","UAV 2",3
"ENMORT003","FFE-On-Location ""Location={-5498573.025370, -2251262.832114, 2311309.431241}""  Name of Weapons to Fire: Indirect-Fire-Gun:m9333he. Number-Of-Rounds: 1. Height-Above-Terrain: 0","-",21.37448817,-157.73726715,"2026-08-03T22:01:01.488Z","UAV 2",3
"ENBTR60004","Move to {-5499107.729384, -2250754.164082, 2310538.606898}","-",21.37409783,-157.74078474,"2026-08-03T22:01:01.488Z","UAV 2",3
"ENM1A2003","Move to {-5499107.729384, -2250754.164082, 2310538.606898}","-",21.37851983,-157.74123987,"2026-08-03T22:01:01.488Z","UAV 2",3
"ENCAESAR002","Move to {-5499444.816370, -2250654.663336, 2309957.213850}","-",21.37481369,-157.73828287,"2026-08-03T22:01:01.488Z","UAV 2",3
"ENT72002","Move to {-5499107.729384, -2250754.164082, 2310538.606898}","-",21.37678583,-157.74116565,"2026-08-03T22:01:01.488Z","UAV 2",3
"ENT72005","Move to {-5499107.729384, -2250754.164082, 2310538.606898}","-",21.37680859,-157.74125769,"2026-08-03T22:01:01.488Z","UAV 2",3
"ENGAZ001","Move to {-5499460.953457, -2250814.454542, 2309743.262342}","-",21.37220873,-157.73836615,"2026-08-03T22:01:01.488Z","UAV 2",3
"ENBTR60003","Move to {-5499107.729384, -2250754.164082, 2310538.606898}","-",21.37436174,-157.74084649,"2026-08-03T22:01:01.488Z","UAV 2",3
"ENM1A2002","Move to {-5499107.729384, -2250754.164082, 2310538.606898}","-",21.37875688,-157.74114916,"2026-08-03T22:01:01.488Z","UAV 2",3
"ENBTR80001","Move to {-5499107.729384, -2250754.164082, 2310538.606898}","-",21.37413384,-157.74070458,"2026-08-03T22:01:01.488Z","UAV 2",3
"ENT72004","Move to {-5499107.729384, -2250754.164082, 2310538.606898}","-",21.37702984,-157.74116903,"2026-08-03T22:01:01.488Z","UAV 2",3
"ENM35002","Move to {-5499460.953457, -2250814.454542, 2309743.262342}","-",21.37217388,-157.73840045,"2026-08-03T22:01:01.488Z","UAV 2",3
"ENBTR80003","Move to {-5499107.729384, -2250754.164082, 2310538.606898}","-",21.37404980,-157.74067799,"2026-08-03T22:01:01.488Z","UAV 2",3
"ENM35001","Move to {-5499460.953457, -2250814.454542, 2309743.262342}","-",21.37202198,-157.73871161,"2026-08-03T22:01:01.488Z","UAV 2",3
"ENT72006","Move to {-5499107.729384, -2250754.164082, 2310538.606898}","-",21.37694611,-157.74122314,"2026-08-03T22:01:01.488Z","UAV 2",3
"ENBTR60002","Move to {-5499107.729384, -2250754.164082, 2310538.606898}","-",21.37424104,-157.74085321,"2026-08-03T22:01:01.488Z","UAV 2",3
"ENMORT001","None","-",21.37454920,-157.73726779,"2026-08-03T22:01:01.488Z","UAV 2",3
"ENMORT002","None","-",21.37448557,-157.73696566,"2026-08-03T22:01:01.488Z","UAV 2",3
"ENCAESAR001","Move to {-5499460.953457, -2250814.454542, 2309743.262342}","-",21.37294121,-157.73943032,"2026-08-03T22:01:01.488Z","UAV 2",3
"ENMORT003","FFE-On-Location ""Location={-5498573.025370, -2251262.832114, 2311309.431241}""  Name of Weapons to Fire: Indirect-Fire-Gun:m9333he. Number-Of-Rounds: 1. Height-Above-Terrain: 0","-",21.37448817,-157.73726715,"2026-08-03T22:01:01.488Z","UAV 2",3
"ENBTR60004","Move to {-5499107.729384, -2250754.164082, 2310538.606898}","-",21.37409783,-157.74078474,"2026-08-03T22:01:01.488Z","UAV 2",3
"ENM1A2003","Move to {-5499107.729384, -2250754.164082, 2310538.606898}","-",21.37869626,-157.74117157,"2026-08-03T22:01:03.566Z","UAV 2",3
"ENCAESAR002","Move to {-5499444.816370, -2250654.663336, 2309957.213850}","-",21.37481230,-157.73828753,"2026-08-03T22:01:03.566Z","UAV 2",3
"ENT72002","Move to {-5499107.729384, -2250754.164082, 2310538.606898}","-",21.37697309,-157.74115170,"2026-08-03T22:01:03.566Z","UAV 2",3
"ENT72005","Move to {-5499107.729384, -2250754.164082, 2310538.606898}","-",21.37699536,-157.74123636,"2026-08-03T22:01:03.566Z","UAV 2",3
"ENGAZ001","Move to {-5499460.953457, -2250814.454542, 2309743.262342}","-",21.37215844,-157.73855933,"2026-08-03T22:01:03.566Z","UAV 2",3
"ENBTR60003","Move to {-5499107.729384, -2250754.164082, 2310538.606898}","-",21.37454912,-157.74085200,"2026-08-03T22:01:03.566Z","UAV 2",3
"ENBTR80001","Move to {-5499107.729384, -2250754.164082, 2310538.606898}","-",21.37432121,-157.74071512,"2026-08-03T22:01:03.566Z","UAV 2",3
"ENT72004","Move to {-5499107.729384, -2250754.164082, 2310538.606898}","-",21.37721702,-157.74115319,"2026-08-03T22:01:03.566Z","UAV 2",3
"ENM35002","Move to {-5499460.953457, -2250814.454542, 2309743.262342}","-",21.37212506,-157.73859377,"2026-08-03T22:01:03.566Z","UAV 2",3
"ENBTR80003","Move to {-5499107.729384, -2250754.164082, 2310538.606898}","-",21.37423730,-157.74068934,"2026-08-03T22:01:03.566Z","UAV 2",3
"ENM35001","Move to {-5499460.953457, -2250814.454542, 2309743.262342}","-",21.37197751,-157.73890636,"2026-08-03T22:01:03.566Z","UAV 2",3
"ENT72006","Move to {-5499107.729384, -2250754.164082, 2310538.606898}","-",21.37713299,-157.74120338,"2026-08-03T22:01:03.566Z","UAV 2",3
"ENBTR60002","Move to {-5499107.729384, -2250754.164082, 2310538.606898}","-",21.37442764,-157.74085831,"2026-08-03T22:01:03.566Z","UAV 2",3
"ENMORT001","None","-",21.37454920,-157.73726779,"2026-08-03T22:01:03.566Z","UAV 2",3
"ENMORT002","None","-",21.37448557,-157.73696566,"2026-08-03T22:01:03.566Z","UAV 2",3
"ENCAESAR001","Move to {-5499460.953457, -2250814.454542, 2309743.262342}","-",21.37282426,-157.73959801,"2026-08-03T22:01:03.566Z","UAV 2",3
"ENMORT003","FFE-On-Location ""Location={-5498573.025370, -2251262.832114, 2311309.431241}""  Name of Weapons to Fire: Indirect-Fire-Gun:m9333he. Number-Of-Rounds: 1. Height-Above-Terrain: 0","-",21.37448817,-157.73726715,"2026-08-03T22:01:03.566Z","UAV 2",3
"ENBTR60004","Move to {-5499107.729384, -2250754.164082, 2310538.606898}","-",21.37429248,-157.74079253,"2026-08-03T22:01:03.566Z","UAV 2",3
"ENGAZ002","Move to {-5499460.953457, -2250814.454542, 2309743.262342}","-",21.37214520,-157.73889032,"2026-08-03T22:01:03.566Z","UAV 2",3
"ENCAESAR003","Move to {-5499460.953457, -2250814.454542, 2309743.262342}","-",21.37282280,-157.73952244,"2026-08-03T22:01:03.566Z","UAV 2",3
"ENM1A2003","Move to {-5499107.729384, -2250754.164082, 2310538.606898}","-",21.37869626,-157.74117157,"2026-08-03T22:01:03.566Z","UAV 2",3
"ENCAESAR002","Move to {-5499444.816370, -2250654.663336, 2309957.213850}","-",21.37481230,-157.73828753,"2026-08-03T22:01:03.566Z","UAV 2",3
"ENT72002","Move to {-5499107.729384, -2250754.164082, 2310538.606898}","-",21.37697309,-157.74115170,"2026-08-03T22:01:03.566Z","UAV 2",3
"ENT72005","Move to {-5499107.729384, -2250754.164082, 2310538.606898}","-",21.37699536,-157.74123636,"2026-08-03T22:01:03.566Z","UAV 2",3
"ENGAZ001","Move to {-5499460.953457, -2250814.454542, 2309743.262342}","-",21.37215844,-157.73855933,"2026-08-03T22:01:03.566Z","UAV 2",3
"ENBTR60003","Move to {-5499107.729384, -2250754.164082, 2310538.606898}","-",21.37454912,-157.74085200,"2026-08-03T22:01:03.566Z","UAV 2",3
"ENBTR80001","Move to {-5499107.729384, -2250754.164082, 2310538.606898}","-",21.37432121,-157.74071512,"2026-08-03T22:01:03.566Z","UAV 2",3
"ENT72004","Move to {-5499107.729384, -2250754.164082, 2310538.606898}","-",21.37721702,-157.74115319,"2026-08-03T22:01:03.566Z","UAV 2",3
"ENM35002","Move to {-5499460.953457, -2250814.454542, 2309743.262342}","-",21.37212506,-157.73859377,"2026-08-03T22:01:03.566Z","UAV 2",3
"ENBTR80003","Move to {-5499107.729384, -2250754.164082, 2310538.606898}","-",21.37423730,-157.74068934,"2026-08-03T22:01:03.566Z","UAV 2",3
"ENM35001","Move to {-5499460.953457, -2250814.454542, 2309743.262342}","-",21.37197751,-157.73890636,"2026-08-03T22:01:03.566Z","UAV 2",3
"ENT72006","Move to {-5499107.729384, -2250754.164082, 2310538.606898}","-",21.37713299,-157.74120338,"2026-08-03T22:01:03.566Z","UAV 2",3
"ENBTR60002","Move to {-5499107.729384, -2250754.164082, 2310538.606898}","-",21.37442764,-157.74085831,"2026-08-03T22:01:03.566Z","UAV 2",3
"ENMORT001","None","-",21.37454920,-157.73726779,"2026-08-03T22:01:03.566Z","UAV 2",3
"ENMORT002","None","-",21.37448557,-157.73696566,"2026-08-03T22:01:03.566Z","UAV 2",3
"ENCAESAR001","Move to {-5499460.953457, -2250814.454542, 2309743.262342}","-",21.37282426,-157.73959801,"2026-08-03T22:01:03.566Z","UAV 2",3
"ENMORT003","FFE-On-Location ""Location={-5498573.025370, -2251262.832114, 2311309.431241}""  Name of Weapons to Fire: Indirect-Fire-Gun:m9333he. Number-Of-Rounds: 1. Height-Above-Terrain: 0","-",21.37448817,-157.73726715,"2026-08-03T22:01:03.566Z","UAV 2",3
"ENBTR60004","Move to {-5499107.729384, -2250754.164082, 2310538.606898}","-",21.37429248,-157.74079253,"2026-08-03T22:01:03.566Z","UAV 2",3
"ENGAZ002","Move to {-5499460.953457, -2250814.454542, 2309743.262342}","-",21.37214520,-157.73889032,"2026-08-03T22:01:03.566Z","UAV 2",3
"ENCAESAR003","Move to {-5499460.953457, -2250814.454542, 2309743.262342}","-",21.37282280,-157.73952244,"2026-08-03T22:01:03.566Z","UAV 2",3
"ENM1A2003","Move to {-5499107.729384, -2250754.164082, 2310538.606898}","-",21.37869626,-157.74117157,"2026-08-03T22:01:03.566Z","UAV 2",3
"ENCAESAR002","Move to {-5499444.816370, -2250654.663336, 2309957.213850}","-",21.37481230,-157.73828753,"2026-08-03T22:01:03.566Z","UAV 2",3
"ENT72002","Move to {-5499107.729384, -2250754.164082, 2310538.606898}","-",21.37697309,-157.74115170,"2026-08-03T22:01:03.566Z","UAV 2",3
"ENT72005","Move to {-5499107.729384, -2250754.164082, 2310538.606898}","-",21.37699536,-157.74123636,"2026-08-03T22:01:03.566Z","UAV 2",3
"ENGAZ001","Move to {-5499460.953457, -2250814.454542, 2309743.262342}","-",21.37215844,-157.73855933,"2026-08-03T22:01:03.566Z","UAV 2",3
"ENBTR60003","Move to {-5499107.729384, -2250754.164082, 2310538.606898}","-",21.37454912,-157.74085200,"2026-08-03T22:01:03.566Z","UAV 2",3
"ENBTR80001","Move to {-5499107.729384, -2250754.164082, 2310538.606898}","-",21.37432121,-157.74071512,"2026-08-03T22:01:03.566Z","UAV 2",3
"ENT72004","Move to {-5499107.729384, -2250754.164082, 2310538.606898}","-",21.37721702,-157.74115319,"2026-08-03T22:01:03.566Z","UAV 2",3
"ENM35002","Move to {-5499460.953457, -2250814.454542, 2309743.262342}","-",21.37212506,-157.73859377,"2026-08-03T22:01:03.566Z","UAV 2",3
"ENBTR80003","Move to {-5499107.729384, -2250754.164082, 2310538.606898}","-",21.37423730,-157.74068934,"2026-08-03T22:01:03.566Z","UAV 2",3
"ENM35001","Move to {-5499460.953457, -2250814.454542, 2309743.262342}","-",21.37197751,-157.73890636,"2026-08-03T22:01:03.566Z","UAV 2",3
"ENT72006","Move to {-5499107.729384, -2250754.164082, 2310538.606898}","-",21.37713299,-157.74120338,"2026-08-03T22:01:03.566Z","UAV 2",3
"ENBTR60002","Move to {-5499107.729384, -2250754.164082, 2310538.606898}","-",21.37442764,-157.74085831,"2026-08-03T22:01:03.566Z","UAV 2",3
"ENMORT001","None","-",21.37454920,-157.73726779,"2026-08-03T22:01:03.566Z","UAV 2",3
"ENMORT002","None","-",21.37448557,-157.73696566,"2026-08-03T22:01:03.566Z","UAV 2",3
"ENCAESAR001","Move to {-5499460.953457, -2250814.454542, 2309743.262342}","-",21.37282426,-157.73959801,"2026-08-03T22:01:03.566Z","UAV 2",3
"ENMORT003","FFE-On-Location ""Location={-5498573.025370, -2251262.832114, 2311309.431241}""  Name of Weapons to Fire: Indirect-Fire-Gun:m9333he. Number-Of-Rounds: 1. Height-Above-Terrain: 0","-",21.37448817,-157.73726715,"2026-08-03T22:01:03.566Z","UAV 2",3
"ENBTR60004","Move to {-5499107.729384, -2250754.164082, 2310538.606898}","-",21.37429248,-157.74079253,"2026-08-03T22:01:03.566Z","UAV 2",3
"ENGAZ002","Move to {-5499460.953457, -2250814.454542, 2309743.262342}","-",21.37214520,-157.73889032,"2026-08-03T22:01:03.566Z","UAV 2",3
"ENCAESAR003","Move to {-5499460.953457, -2250814.454542, 2309743.262342}","-",21.37282280,-157.73952244,"2026-08-03T22:01:03.566Z","UAV 2",3
"ENM1A2003","Move to {-5499107.729384, -2250754.164082, 2310538.606898}","-",21.37869626,-157.74117157,"2026-08-03T22:01:03.566Z","UAV 2",3
"ENCAESAR002","Move to {-5499444.816370, -2250654.663336, 2309957.213850}","-",21.37481230,-157.73828753,"2026-08-03T22:01:03.566Z","UAV 2",3
"ENT72002","Move to {-5499107.729384, -2250754.164082, 2310538.606898}","-",21.37697309,-157.74115170,"2026-08-03T22:01:03.566Z","UAV 2",3
"ENT72005","Move to {-5499107.729384, -2250754.164082, 2310538.606898}","-",21.37699536,-157.74123636,"2026-08-03T22:01:03.566Z","UAV 2",3
"ENGAZ001","Move to {-5499460.953457, -2250814.454542, 2309743.262342}","-",21.37215844,-157.73855933,"2026-08-03T22:01:03.566Z","UAV 2",3
"ENBTR60003","Move to {-5499107.729384, -2250754.164082, 2310538.606898}","-",21.37454912,-157.74085200,"2026-08-03T22:01:03.566Z","UAV 2",3
"ENBTR80001","Move to {-5499107.729384, -2250754.164082, 2310538.606898}","-",21.37432121,-157.74071512,"2026-08-03T22:01:03.566Z","UAV 2",3
"ENT72004","Move to {-5499107.729384, -2250754.164082, 2310538.606898}","-",21.37721702,-157.74115319,"2026-08-03T22:01:03.566Z","UAV 2",3
"ENM35002","Move to {-5499460.953457, -2250814.454542, 2309743.262342}","-",21.37212506,-157.73859377,"2026-08-03T22:01:03.566Z","UAV 2",3
"ENBTR80003","Move to {-5499107.729384, -2250754.164082, 2310538.606898}","-",21.37423730,-157.74068934,"2026-08-03T22:01:03.566Z","UAV 2",3
"ENM35001","Move to {-5499460.953457, -2250814.454542, 2309743.262342}","-",21.37197751,-157.73890636,"2026-08-03T22:01:03.566Z","UAV 2",3
"ENT72006","Move to {-5499107.729384, -2250754.164082, 2310538.606898}","-",21.37713299,-157.74120338,"2026-08-03T22:01:03.566Z","UAV 2",3
"ENBTR60002","Move to {-5499107.729384, -2250754.164082, 2310538.606898}","-",21.37442764,-157.74085831,"2026-08-03T22:01:03.566Z","UAV 2",3
"ENMORT001","None","-",21.37454920,-157.73726779,"2026-08-03T22:01:03.566Z","UAV 2",3
"ENMORT002","None","-",21.37448557,-157.73696566,"2026-08-03T22:01:03.566Z","UAV 2",3
"ENCAESAR001","Move to {-5499460.953457, -2250814.454542, 2309743.262342}","-",21.37282426,-157.73959801,"2026-08-03T22:01:03.566Z","UAV 2",3
"ENMORT003","FFE-On-Location ""Location={-5498573.025370, -2251262.832114, 2311309.431241}""  Name of Weapons to Fire: Indirect-Fire-Gun:m9333he. Number-Of-Rounds: 1. Height-Above-Terrain: 0","-",21.37448817,-157.73726715,"2026-08-03T22:01:03.566Z","UAV 2",3
"ENBTR60004","Move to {-5499107.729384, -2250754.164082, 2310538.606898}","-",21.37429248,-157.74079253,"2026-08-03T22:01:03.566Z","UAV 2",3
"ENGAZ002","Move to {-5499460.953457, -2250814.454542, 2309743.262342}","-",21.37214520,-157.73889032,"2026-08-03T22:01:03.566Z","UAV 2",3
"ENCAESAR003","Move to {-5499460.953457, -2250814.454542, 2309743.262342}","-",21.37282280,-157.73952244,"2026-08-03T22:01:03.566Z","UAV 2",3
"ENCAESAR002","Move to {-5499444.816370, -2250654.663336, 2309957.213850}","-",21.37481093,-157.73829216,"2026-08-03T22:01:05.666Z","UAV 2",3
"ENT72002","Move to {-5499107.729384, -2250754.164082, 2310538.606898}","-",21.37716242,-157.74113759,"2026-08-03T22:01:05.666Z","UAV 2",3
"ENT72005","Move to {-5499107.729384, -2250754.164082, 2310538.606898}","-",21.37718402,-157.74121482,"2026-08-03T22:01:05.666Z","UAV 2",3
"ENGAZ001","Move to {-5499460.953457, -2250814.454542, 2309743.262342}","-",21.37210764,-157.73875448,"2026-08-03T22:01:05.666Z","UAV 2",3
"ENBTR60003","Move to {-5499107.729384, -2250754.164082, 2310538.606898}","-",21.37473883,-157.74085758,"2026-08-03T22:01:05.666Z","UAV 2",3
"ENBTR80001","Move to {-5499107.729384, -2250754.164082, 2310538.606898}","-",21.37451051,-157.74072577,"2026-08-03T22:01:05.666Z","UAV 2",3
"ENT72004","Move to {-5499107.729384, -2250754.164082, 2310538.606898}","-",21.37740615,-157.74113719,"2026-08-03T22:01:05.666Z","UAV 2",3
"ENM35002","Move to {-5499460.953457, -2250814.454542, 2309743.262342}","-",21.37207566,-157.73878935,"2026-08-03T22:01:05.666Z","UAV 2",3
"ENBTR80003","Move to {-5499107.729384, -2250754.164082, 2310538.606898}","-",21.37442613,-157.74070077,"2026-08-03T22:01:05.666Z","UAV 2",3
"ENT72006","Move to {-5499107.729384, -2250754.164082, 2310538.606898}","-",21.37732188,-157.74118340,"2026-08-03T22:01:05.666Z","UAV 2",3
"ENBTR60002","Move to {-5499107.729384, -2250754.164082, 2310538.606898}","-",21.37461725,-157.74086349,"2026-08-03T22:01:05.666Z","UAV 2",3
"ENMORT001","None","-",21.37454920,-157.73726779,"2026-08-03T22:01:05.666Z","UAV 2",3
"ENMORT002","None","-",21.37448557,-157.73696566,"2026-08-03T22:01:05.666Z","UAV 2",3
"ENCAESAR001","Move to {-5499460.953457, -2250814.454542, 2309743.262342}","-",21.37271169,-157.73975942,"2026-08-03T22:01:05.666Z","UAV 2",3
"ENMORT003","FFE-On-Location ""Location={-5498573.025370, -2251262.832114, 2311309.431241}""  Name of Weapons to Fire: Indirect-Fire-Gun:m9333he. Number-Of-Rounds: 1. Height-Above-Terrain: 0","-",21.37448817,-157.73726715,"2026-08-03T22:01:05.666Z","UAV 2",3
"ENBTR60004","Move to {-5499107.729384, -2250754.164082, 2310538.606898}","-",21.37448076,-157.74080007,"2026-08-03T22:01:05.666Z","UAV 2",3
"ENGAZ002","Move to {-5499460.953457, -2250814.454542, 2309743.262342}","-",21.37208984,-157.73908397,"2026-08-03T22:01:05.666Z","UAV 2",3
"ENCAESAR003","Move to {-5499460.953457, -2250814.454542, 2309743.262342}","-",21.37271209,-157.73968694,"2026-08-03T22:01:05.666Z","UAV 2",3
"ENCAESAR002","Move to {-5499444.816370, -2250654.663336, 2309957.213850}","-",21.37481093,-157.73829216,"2026-08-03T22:01:05.666Z","UAV 2",3
"ENT72002","Move to {-5499107.729384, -2250754.164082, 2310538.606898}","-",21.37716242,-157.74113759,"2026-08-03T22:01:05.666Z","UAV 2",3
"ENT72005","Move to {-5499107.729384, -2250754.164082, 2310538.606898}","-",21.37718402,-157.74121482,"2026-08-03T22:01:05.666Z","UAV 2",3
"ENGAZ001","Move to {-5499460.953457, -2250814.454542, 2309743.262342}","-",21.37210764,-157.73875448,"2026-08-03T22:01:05.666Z","UAV 2",3
"ENBTR60003","Move to {-5499107.729384, -2250754.164082, 2310538.606898}","-",21.37473883,-157.74085758,"2026-08-03T22:01:05.666Z","UAV 2",3
"ENBTR80001","Move to {-5499107.729384, -2250754.164082, 2310538.606898}","-",21.37451051,-157.74072577,"2026-08-03T22:01:05.666Z","UAV 2",3
"ENT72004","Move to {-5499107.729384, -2250754.164082, 2310538.606898}","-",21.37740615,-157.74113719,"2026-08-03T22:01:05.666Z","UAV 2",3
"ENM35002","Move to {-5499460.953457, -2250814.454542, 2309743.262342}","-",21.37207566,-157.73878935,"2026-08-03T22:01:05.666Z","UAV 2",3
"ENBTR80003","Move to {-5499107.729384, -2250754.164082, 2310538.606898}","-",21.37442613,-157.74070077,"2026-08-03T22:01:05.666Z","UAV 2",3
"ENT72006","Move to {-5499107.729384, -2250754.164082, 2310538.606898}","-",21.37732188,-157.74118340,"2026-08-03T22:01:05.666Z","UAV 2",3
"ENBTR60002","Move to {-5499107.729384, -2250754.164082, 2310538.606898}","-",21.37461725,-157.74086349,"2026-08-03T22:01:05.666Z","UAV 2",3
"ENMORT001","None","-",21.37454920,-157.73726779,"2026-08-03T22:01:05.666Z","UAV 2",3
"ENMORT002","None","-",21.37448557,-157.73696566,"2026-08-03T22:01:05.666Z","UAV 2",3
"ENCAESAR001","Move to {-5499460.953457, -2250814.454542, 2309743.262342}","-",21.37271169,-157.73975942,"2026-08-03T22:01:05.666Z","UAV 2",3
"ENMORT003","FFE-On-Location ""Location={-5498573.025370, -2251262.832114, 2311309.431241}""  Name of Weapons to Fire: Indirect-Fire-Gun:m9333he. Number-Of-Rounds: 1. Height-Above-Terrain: 0","-",21.37448817,-157.73726715,"2026-08-03T22:01:05.666Z","UAV 2",3
"ENBTR60004","Move to {-5499107.729384, -2250754.164082, 2310538.606898}","-",21.37448076,-157.74080007,"2026-08-03T22:01:05.666Z","UAV 2",3
"ENGAZ002","Move to {-5499460.953457, -2250814.454542, 2309743.262342}","-",21.37208984,-157.73908397,"2026-08-03T22:01:05.666Z","UAV 2",3
"ENCAESAR003","Move to {-5499460.953457, -2250814.454542, 2309743.262342}","-",21.37271209,-157.73968694,"2026-08-03T22:01:05.666Z","UAV 2",3
"ENCAESAR002","Move to {-5499444.816370, -2250654.663336, 2309957.213850}","-",21.37481093,-157.73829216,"2026-08-03T22:01:05.666Z","UAV 2",3
"ENT72002","Move to {-5499107.729384, -2250754.164082, 2310538.606898}","-",21.37716242,-157.74113759,"2026-08-03T22:01:05.666Z","UAV 2",3
"ENT72005","Move to {-5499107.729384, -2250754.164082, 2310538.606898}","-",21.37718402,-157.74121482,"2026-08-03T22:01:05.666Z","UAV 2",3
"ENGAZ001","Move to {-5499460.953457, -2250814.454542, 2309743.262342}","-",21.37210764,-157.73875448,"2026-08-03T22:01:05.666Z","UAV 2",3
"ENBTR60003","Move to {-5499107.729384, -2250754.164082, 2310538.606898}","-",21.37473883,-157.74085758,"2026-08-03T22:01:05.666Z","UAV 2",3
"ENBTR80001","Move to {-5499107.729384, -2250754.164082, 2310538.606898}","-",21.37451051,-157.74072577,"2026-08-03T22:01:05.666Z","UAV 2",3
"ENT72004","Move to {-5499107.729384, -2250754.164082, 2310538.606898}","-",21.37740615,-157.74113719,"2026-08-03T22:01:05.666Z","UAV 2",3
"ENM35002","Move to {-5499460.953457, -2250814.454542, 2309743.262342}","-",21.37207566,-157.73878935,"2026-08-03T22:01:05.666Z","UAV 2",3
"ENBTR80003","Move to {-5499107.729384, -2250754.164082, 2310538.606898}","-",21.37442613,-157.74070077,"2026-08-03T22:01:05.666Z","UAV 2",3
"ENT72006","Move to {-5499107.729384, -2250754.164082, 2310538.606898}","-",21.37732188,-157.74118340,"2026-08-03T22:01:05.666Z","UAV 2",3
"ENBTR60002","Move to {-5499107.729384, -2250754.164082, 2310538.606898}","-",21.37461725,-157.74086349,"2026-08-03T22:01:05.666Z","UAV 2",3
"ENMORT001","None","-",21.37454920,-157.73726779,"2026-08-03T22:01:05.666Z","UAV 2",3
"ENMORT002","None","-",21.37448557,-157.73696566,"2026-08-03T22:01:05.666Z","UAV 2",3
"ENCAESAR001","Move to {-5499460.953457, -2250814.454542, 2309743.262342}","-",21.37271169,-157.73975942,"2026-08-03T22:01:05.666Z","UAV 2",3
"ENMORT003","FFE-On-Location ""Location={-5498573.025370, -2251262.832114, 2311309.431241}""  Name of Weapons to Fire: Indirect-Fire-Gun:m9333he. Number-Of-Rounds: 1. Height-Above-Terrain: 0","-",21.37448817,-157.73726715,"2026-08-03T22:01:05.666Z","UAV 2",3
"ENBTR60004","Move to {-5499107.729384, -2250754.164082, 2310538.606898}","-",21.37448076,-157.74080007,"2026-08-03T22:01:05.666Z","UAV 2",3
"ENGAZ002","Move to {-5499460.953457, -2250814.454542, 2309743.262342}","-",21.37208984,-157.73908397,"2026-08-03T22:01:05.666Z","UAV 2",3
"ENCAESAR003","Move to {-5499460.953457, -2250814.454542, 2309743.262342}","-",21.37271209,-157.73968694,"2026-08-03T22:01:05.666Z","UAV 2",3
"ENCAESAR002","Move to {-5499444.816370, -2250654.663336, 2309957.213850}","-",21.37480964,-157.73829649,"2026-08-03T22:01:07.668Z","UAV 2",3
"ENGAZ001","Move to {-5499460.953457, -2250814.454542, 2309743.262342}","-",21.37205921,-157.73894050,"2026-08-03T22:01:07.668Z","UAV 2",3
"ENBTR60003","Move to {-5499107.729384, -2250754.164082, 2310538.606898}","-",21.37491961,-157.74086290,"2026-08-03T22:01:07.668Z","UAV 2",3
"ENBTR80001","Move to {-5499107.729384, -2250754.164082, 2310538.606898}","-",21.37469093,-157.74073592,"2026-08-03T22:01:07.668Z","UAV 2",3
"ENM35002","Move to {-5499460.953457, -2250814.454542, 2309743.262342}","-",21.37202858,-157.73897577,"2026-08-03T22:01:07.668Z","UAV 2",3
"ENBTR80003","Move to {-5499107.729384, -2250754.164082, 2310538.606898}","-",21.37460675,-157.74071170,"2026-08-03T22:01:07.668Z","UAV 2",3
"ENBTR60002","Move to {-5499107.729384, -2250754.164082, 2310538.606898}","-",21.37479802,-157.74086843,"2026-08-03T22:01:07.668Z","UAV 2",3
"ENMORT001","None","-",21.37454920,-157.73726779,"2026-08-03T22:01:07.668Z","UAV 2",3
"ENMORT002","None","-",21.37448557,-157.73696566,"2026-08-03T22:01:07.668Z","UAV 2",3
"ENMORT003","FFE-On-Location ""Location={-5498573.025370, -2251262.832114, 2311309.431241}""  Name of Weapons to Fire: Indirect-Fire-Gun:m9333he. Number-Of-Rounds: 1. Height-Above-Terrain: 0","-",21.37448817,-157.73726715,"2026-08-03T22:01:07.668Z","UAV 2",3
"ENBTR60004","Move to {-5499107.729384, -2250754.164082, 2310538.606898}","-",21.37465519,-157.74080706,"2026-08-03T22:01:07.668Z","UAV 2",3
"ENGAZ002","Move to {-5499460.953457, -2250814.454542, 2309743.262342}","-",21.37203702,-157.73926869,"2026-08-03T22:01:07.668Z","UAV 2",3
"ENM35001","Move to {-5499460.953457, -2250814.454542, 2309743.262342}","-",21.37188981,-157.73929037,"2026-08-03T22:01:07.668Z","UAV 2",3
"ENCAESAR002","Move to {-5499444.816370, -2250654.663336, 2309957.213850}","-",21.37480964,-157.73829649,"2026-08-03T22:01:07.668Z","UAV 2",3
"ENGAZ001","Move to {-5499460.953457, -2250814.454542, 2309743.262342}","-",21.37205921,-157.73894050,"2026-08-03T22:01:07.668Z","UAV 2",3
"ENBTR60003","Move to {-5499107.729384, -2250754.164082, 2310538.606898}","-",21.37491961,-157.74086290,"2026-08-03T22:01:07.668Z","UAV 2",3
"ENBTR80001","Move to {-5499107.729384, -2250754.164082, 2310538.606898}","-",21.37469093,-157.74073592,"2026-08-03T22:01:07.668Z","UAV 2",3
"ENM35002","Move to {-5499460.953457, -2250814.454542, 2309743.262342}","-",21.37202858,-157.73897577,"2026-08-03T22:01:07.668Z","UAV 2",3
"ENBTR80003","Move to {-5499107.729384, -2250754.164082, 2310538.606898}","-",21.37460675,-157.74071170,"2026-08-03T22:01:07.668Z","UAV 2",3
"ENBTR60002","Move to {-5499107.729384, -2250754.164082, 2310538.606898}","-",21.37479802,-157.74086843,"2026-08-03T22:01:07.668Z","UAV 2",3
"ENMORT001","None","-",21.37454920,-157.73726779,"2026-08-03T22:01:07.668Z","UAV 2",3
"ENMORT002","None","-",21.37448557,-157.73696566,"2026-08-03T22:01:07.668Z","UAV 2",3
"ENMORT003","FFE-On-Location ""Location={-5498573.025370, -2251262.832114, 2311309.431241}""  Name of Weapons to Fire: Indirect-Fire-Gun:m9333he. Number-Of-Rounds: 1. Height-Above-Terrain: 0","-",21.37448817,-157.73726715,"2026-08-03T22:01:07.668Z","UAV 2",3
"ENBTR60004","Move to {-5499107.729384, -2250754.164082, 2310538.606898}","-",21.37465519,-157.74080706,"2026-08-03T22:01:07.668Z","UAV 2",3
"ENGAZ002","Move to {-5499460.953457, -2250814.454542, 2309743.262342}","-",21.37203702,-157.73926869,"2026-08-03T22:01:07.668Z","UAV 2",3
"ENM35001","Move to {-5499460.953457, -2250814.454542, 2309743.262342}","-",21.37188981,-157.73929037,"2026-08-03T22:01:07.668Z","UAV 2",3
"ENCAESAR002","Move to {-5499444.816370, -2250654.663336, 2309957.213850}","-",21.37480964,-157.73829649,"2026-08-03T22:01:07.668Z","UAV 2",3
"ENGAZ001","Move to {-5499460.953457, -2250814.454542, 2309743.262342}","-",21.37205921,-157.73894050,"2026-08-03T22:01:07.668Z","UAV 2",3
"ENBTR60003","Move to {-5499107.729384, -2250754.164082, 2310538.606898}","-",21.37491961,-157.74086290,"2026-08-03T22:01:07.668Z","UAV 2",3
"ENBTR80001","Move to {-5499107.729384, -2250754.164082, 2310538.606898}","-",21.37469093,-157.74073592,"2026-08-03T22:01:07.668Z","UAV 2",3
"ENM35002","Move to {-5499460.953457, -2250814.454542, 2309743.262342}","-",21.37202858,-157.73897577,"2026-08-03T22:01:07.668Z","UAV 2",3
"ENBTR80003","Move to {-5499107.729384, -2250754.164082, 2310538.606898}","-",21.37460675,-157.74071170,"2026-08-03T22:01:07.668Z","UAV 2",3
"ENBTR60002","Move to {-5499107.729384, -2250754.164082, 2310538.606898}","-",21.37479802,-157.74086843,"2026-08-03T22:01:07.668Z","UAV 2",3
"ENMORT001","None","-",21.37454920,-157.73726779,"2026-08-03T22:01:07.668Z","UAV 2",3
"ENMORT002","None","-",21.37448557,-157.73696566,"2026-08-03T22:01:07.668Z","UAV 2",3
"ENMORT003","FFE-On-Location ""Location={-5498573.025370, -2251262.832114, 2311309.431241}""  Name of Weapons to Fire: Indirect-Fire-Gun:m9333he. Number-Of-Rounds: 1. Height-Above-Terrain: 0","-",21.37448817,-157.73726715,"2026-08-03T22:01:07.668Z","UAV 2",3
"ENBTR60004","Move to {-5499107.729384, -2250754.164082, 2310538.606898}","-",21.37465519,-157.74080706,"2026-08-03T22:01:07.668Z","UAV 2",3
"ENGAZ002","Move to {-5499460.953457, -2250814.454542, 2309743.262342}","-",21.37203702,-157.73926869,"2026-08-03T22:01:07.668Z","UAV 2",3
"ENM35001","Move to {-5499460.953457, -2250814.454542, 2309743.262342}","-",21.37188981,-157.73929037,"2026-08-03T22:01:07.668Z","UAV 2",3
"ENCAESAR002","Move to {-5499444.816370, -2250654.663336, 2309957.213850}","-",21.37480964,-157.73829649,"2026-08-03T22:01:07.668Z","UAV 2",3
"ENGAZ001","Move to {-5499460.953457, -2250814.454542, 2309743.262342}","-",21.37205921,-157.73894050,"2026-08-03T22:01:07.668Z","UAV 2",3
"ENBTR60003","Move to {-5499107.729384, -2250754.164082, 2310538.606898}","-",21.37491961,-157.74086290,"2026-08-03T22:01:07.668Z","UAV 2",3
"ENBTR80001","Move to {-5499107.729384, -2250754.164082, 2310538.606898}","-",21.37469093,-157.74073592,"2026-08-03T22:01:07.668Z","UAV 2",3
"ENM35002","Move to {-5499460.953457, -2250814.454542, 2309743.262342}","-",21.37202858,-157.73897577,"2026-08-03T22:01:07.668Z","UAV 2",3
"ENBTR80003","Move to {-5499107.729384, -2250754.164082, 2310538.606898}","-",21.37460675,-157.74071170,"2026-08-03T22:01:07.668Z","UAV 2",3
"ENBTR60002","Move to {-5499107.729384, -2250754.164082, 2310538.606898}","-",21.37479802,-157.74086843,"2026-08-03T22:01:07.668Z","UAV 2",3
"ENMORT001","None","-",21.37454920,-157.73726779,"2026-08-03T22:01:07.668Z","UAV 2",3
"ENMORT002","None","-",21.37448557,-157.73696566,"2026-08-03T22:01:07.668Z","UAV 2",3
"ENMORT003","FFE-On-Location ""Location={-5498573.025370, -2251262.832114, 2311309.431241}""  Name of Weapons to Fire: Indirect-Fire-Gun:m9333he. Number-Of-Rounds: 1. Height-Above-Terrain: 0","-",21.37448817,-157.73726715,"2026-08-03T22:01:07.668Z","UAV 2",3
"ENBTR60004","Move to {-5499107.729384, -2250754.164082, 2310538.606898}","-",21.37465519,-157.74080706,"2026-08-03T22:01:07.668Z","UAV 2",3
"ENGAZ002","Move to {-5499460.953457, -2250814.454542, 2309743.262342}","-",21.37203702,-157.73926869,"2026-08-03T22:01:07.668Z","UAV 2",3
"ENM35001","Move to {-5499460.953457, -2250814.454542, 2309743.262342}","-",21.37188981,-157.73929037,"2026-08-03T22:01:07.668Z","UAV 2",3
"ENCAESAR002","Move to {-5499444.816370, -2250654.663336, 2309957.213850}","-",21.37480834,-157.73830087,"2026-08-03T22:01:09.704Z","UAV 2",3
"ENBTR60003","Move to {-5499107.729384, -2250754.164082, 2310538.606898}","-",21.37510348,-157.74086830,"2026-08-03T22:01:09.704Z","UAV 2",3
"ENBTR80001","Move to {-5499107.729384, -2250754.164082, 2310538.606898}","-",21.37487468,-157.74074625,"2026-08-03T22:01:09.704Z","UAV 2",3
"ENBTR80003","Move to {-5499107.729384, -2250754.164082, 2310538.606898}","-",21.37479038,-157.74072281,"2026-08-03T22:01:09.704Z","UAV 2",3
"ENBTR60002","Move to {-5499107.729384, -2250754.164082, 2310538.606898}","-",21.37498197,-157.74087345,"2026-08-03T22:01:09.704Z","UAV 2",3
"ENMORT001","None","-",21.37454920,-157.73726779,"2026-08-03T22:01:09.704Z","UAV 2",3
"ENMORT002","None","-",21.37448557,-157.73696566,"2026-08-03T22:01:09.704Z","UAV 2",3
"ENMORT003","FFE-On-Location ""Location={-5498573.025370, -2251262.832114, 2311309.431241}""  Name of Weapons to Fire: Indirect-Fire-Gun:m9333he. Number-Of-Rounds: 1. Height-Above-Terrain: 0","-",21.37448817,-157.73726715,"2026-08-03T22:01:09.704Z","UAV 2",3
"ENBTR60004","Move to {-5499107.729384, -2250754.164082, 2310538.606898}","-",21.37484011,-157.74081446,"2026-08-03T22:01:09.704Z","UAV 2",3
"ENCAESAR002","Move to {-5499444.816370, -2250654.663336, 2309957.213850}","-",21.37480834,-157.73830087,"2026-08-03T22:01:09.704Z","UAV 2",3
"ENBTR60003","Move to {-5499107.729384, -2250754.164082, 2310538.606898}","-",21.37510348,-157.74086830,"2026-08-03T22:01:09.704Z","UAV 2",3
"ENBTR80001","Move to {-5499107.729384, -2250754.164082, 2310538.606898}","-",21.37487468,-157.74074625,"2026-08-03T22:01:09.704Z","UAV 2",3
"ENBTR80003","Move to {-5499107.729384, -2250754.164082, 2310538.606898}","-",21.37479038,-157.74072281,"2026-08-03T22:01:09.704Z","UAV 2",3
"ENBTR60002","Move to {-5499107.729384, -2250754.164082, 2310538.606898}","-",21.37498197,-157.74087345,"2026-08-03T22:01:09.704Z","UAV 2",3
"ENMORT001","None","-",21.37454920,-157.73726779,"2026-08-03T22:01:09.704Z","UAV 2",3
"ENMORT002","None","-",21.37448557,-157.73696566,"2026-08-03T22:01:09.704Z","UAV 2",3
"ENMORT003","FFE-On-Location ""Location={-5498573.025370, -2251262.832114, 2311309.431241}""  Name of Weapons to Fire: Indirect-Fire-Gun:m9333he. Number-Of-Rounds: 1. Height-Above-Terrain: 0","-",21.37448817,-157.73726715,"2026-08-03T22:01:09.704Z","UAV 2",3
"ENBTR60004","Move to {-5499107.729384, -2250754.164082, 2310538.606898}","-",21.37484011,-157.74081446,"2026-08-03T22:01:09.704Z","UAV 2",3
"ENCAESAR002","Move to {-5499444.816370, -2250654.663336, 2309957.213850}","-",21.37480834,-157.73830087,"2026-08-03T22:01:09.704Z","UAV 2",3
"ENBTR60003","Move to {-5499107.729384, -2250754.164082, 2310538.606898}","-",21.37510348,-157.74086830,"2026-08-03T22:01:09.704Z","UAV 2",3
"ENBTR80001","Move to {-5499107.729384, -2250754.164082, 2310538.606898}","-",21.37487468,-157.74074625,"2026-08-03T22:01:09.704Z","UAV 2",3
"ENBTR80003","Move to {-5499107.729384, -2250754.164082, 2310538.606898}","-",21.37479038,-157.74072281,"2026-08-03T22:01:09.704Z","UAV 2",3
"ENBTR60002","Move to {-5499107.729384, -2250754.164082, 2310538.606898}","-",21.37498197,-157.74087345,"2026-08-03T22:01:09.704Z","UAV 2",3
"ENMORT001","None","-",21.37454920,-157.73726779,"2026-08-03T22:01:09.704Z","UAV 2",3
"ENMORT002","None","-",21.37448557,-157.73696566,"2026-08-03T22:01:09.704Z","UAV 2",3
"ENMORT003","FFE-On-Location ""Location={-5498573.025370, -2251262.832114, 2311309.431241}""  Name of Weapons to Fire: Indirect-Fire-Gun:m9333he. Number-Of-Rounds: 1. Height-Above-Terrain: 0","-",21.37448817,-157.73726715,"2026-08-03T22:01:09.704Z","UAV 2",3
"ENBTR60004","Move to {-5499107.729384, -2250754.164082, 2310538.606898}","-",21.37484011,-157.74081446,"2026-08-03T22:01:09.704Z","UAV 2",3
"ENCAESAR002","Move to {-5499444.816370, -2250654.663336, 2309957.213850}","-",21.37480703,-157.73830527,"2026-08-03T22:01:11.762Z","UAV 2",3
"ENMORT001","None","-",21.37454920,-157.73726779,"2026-08-03T22:01:11.762Z","UAV 2",3
"ENMORT002","None","-",21.37448557,-157.73696566,"2026-08-03T22:01:11.762Z","UAV 2",3
"ENMORT003","FFE-On-Location ""Location={-5498573.025370, -2251262.832114, 2311309.431241}""  Name of Weapons to Fire: Indirect-Fire-Gun:m9333he. Number-Of-Rounds: 1. Height-Above-Terrain: 0","-",21.37448817,-157.73726715,"2026-08-03T22:01:11.762Z","UAV 2",3
"ENCAESAR002","Move to {-5499444.816370, -2250654.663336, 2309957.213850}","-",21.37480703,-157.73830527,"2026-08-03T22:01:11.762Z","UAV 2",3
"ENMORT001","None","-",21.37454920,-157.73726779,"2026-08-03T22:01:11.762Z","UAV 2",3
"ENMORT002","None","-",21.37448557,-157.73696566,"2026-08-03T22:01:11.762Z","UAV 2",3
"ENMORT003","FFE-On-Location ""Location={-5498573.025370, -2251262.832114, 2311309.431241}""  Name of Weapons to Fire: Indirect-Fire-Gun:m9333he. Number-Of-Rounds: 1. Height-Above-Terrain: 0","-",21.37448817,-157.73726715,"2026-08-03T22:01:11.762Z","UAV 2",3
"ENCAESAR002","Move to {-5499444.816370, -2250654.663336, 2309957.213850}","-",21.37480703,-157.73830527,"2026-08-03T22:01:11.762Z","UAV 2",3
"ENMORT001","None","-",21.37454920,-157.73726779,"2026-08-03T22:01:11.762Z","UAV 2",3
"ENMORT002","None","-",21.37448557,-157.73696566,"2026-08-03T22:01:11.762Z","UAV 2",3
"ENMORT003","FFE-On-Location ""Location={-5498573.025370, -2251262.832114, 2311309.431241}""  Name of Weapons to Fire: Indirect-Fire-Gun:m9333he. Number-Of-Rounds: 1. Height-Above-Terrain: 0","-",21.37448817,-157.73726715,"2026-08-03T22:01:11.762Z","UAV 2",3
"ENCAESAR002","Move to {-5499444.816370, -2250654.663336, 2309957.213850}","-",21.37480581,-157.73830936,"2026-08-03T22:01:13.688Z","UAV 2",3
"ENMORT001","None","-",21.37454920,-157.73726779,"2026-08-03T22:01:13.688Z","UAV 2",3
"ENMORT002","None","-",21.37448557,-157.73696566,"2026-08-03T22:01:13.688Z","UAV 2",3
"ENMORT003","FFE-On-Location ""Location={-5498573.025370, -2251262.832114, 2311309.431241}""  Name of Weapons to Fire: Indirect-Fire-Gun:m9333he. Number-Of-Rounds: 1. Height-Above-Terrain: 0","-",21.37448817,-157.73726715,"2026-08-03T22:01:13.688Z","UAV 2",3
"ENCAESAR002","Move to {-5499444.816370, -2250654.663336, 2309957.213850}","-",21.37480581,-157.73830936,"2026-08-03T22:01:13.688Z","UAV 2",3
"ENMORT001","None","-",21.37454920,-157.73726779,"2026-08-03T22:01:13.688Z","UAV 2",3
"ENMORT002","None","-",21.37448557,-157.73696566,"2026-08-03T22:01:13.688Z","UAV 2",3
"ENMORT003","FFE-On-Location ""Location={-5498573.025370, -2251262.832114, 2311309.431241}""  Name of Weapons to Fire: Indirect-Fire-Gun:m9333he. Number-Of-Rounds: 1. Height-Above-Terrain: 0","-",21.37448817,-157.73726715,"2026-08-03T22:01:13.688Z","UAV 2",3
"ENCAESAR002","Move to {-5499444.816370, -2250654.663336, 2309957.213850}","-",21.37480581,-157.73830936,"2026-08-03T22:01:13.688Z","UAV 2",3
"ENMORT001","None","-",21.37454920,-157.73726779,"2026-08-03T22:01:13.688Z","UAV 2",3
"ENMORT002","None","-",21.37448557,-157.73696566,"2026-08-03T22:01:13.688Z","UAV 2",3
"ENMORT003","FFE-On-Location ""Location={-5498573.025370, -2251262.832114, 2311309.431241}""  Name of Weapons to Fire: Indirect-Fire-Gun:m9333he. Number-Of-Rounds: 1. Height-Above-Terrain: 0","-",21.37448817,-157.73726715,"2026-08-03T22:01:13.688Z","UAV 2",3
"ENCAESAR002","Move to {-5499444.816370, -2250654.663336, 2309957.213850}","-",21.37480581,-157.73830936,"2026-08-03T22:01:13.688Z","UAV 2",3
"ENMORT001","None","-",21.37454920,-157.73726779,"2026-08-03T22:01:13.688Z","UAV 2",3
"ENMORT002","None","-",21.37448557,-157.73696566,"2026-08-03T22:01:13.688Z","UAV 2",3
"ENMORT003","FFE-On-Location ""Location={-5498573.025370, -2251262.832114, 2311309.431241}""  Name of Weapons to Fire: Indirect-Fire-Gun:m9333he. Number-Of-Rounds: 1. Height-Above-Terrain: 0","-",21.37448817,-157.73726715,"2026-08-03T22:01:13.688Z","UAV 2",3
"ENCAESAR002","Move to {-5499444.816370, -2250654.663336, 2309957.213850}","-",21.37480449,-157.73831378,"2026-08-03T22:01:15.780Z","UAV 2",3
"ENMORT001","None","-",21.37454920,-157.73726779,"2026-08-03T22:01:15.780Z","UAV 2",3
"ENMORT002","None","-",21.37448557,-157.73696566,"2026-08-03T22:01:15.780Z","UAV 2",3
"ENMORT003","FFE-On-Location ""Location={-5498573.025370, -2251262.832114, 2311309.431241}""  Name of Weapons to Fire: Indirect-Fire-Gun:m9333he. Number-Of-Rounds: 1. Height-Above-Terrain: 0","-",21.37448817,-157.73726715,"2026-08-03T22:01:15.780Z","UAV 2",3
"ENCAESAR002","Move to {-5499444.816370, -2250654.663336, 2309957.213850}","-",21.37480449,-157.73831378,"2026-08-03T22:01:15.780Z","UAV 2",3
"ENMORT001","None","-",21.37454920,-157.73726779,"2026-08-03T22:01:15.780Z","UAV 2",3
"ENMORT002","None","-",21.37448557,-157.73696566,"2026-08-03T22:01:15.780Z","UAV 2",3
"ENMORT003","FFE-On-Location ""Location={-5498573.025370, -2251262.832114, 2311309.431241}""  Name of Weapons to Fire: Indirect-Fire-Gun:m9333he. Number-Of-Rounds: 1. Height-Above-Terrain: 0","-",21.37448817,-157.73726715,"2026-08-03T22:01:15.780Z","UAV 2",3
"ENCAESAR002","Move to {-5499444.816370, -2250654.663336, 2309957.213850}","-",21.37480449,-157.73831378,"2026-08-03T22:01:15.780Z","UAV 2",3
"ENMORT001","None","-",21.37454920,-157.73726779,"2026-08-03T22:01:15.780Z","UAV 2",3
"ENMORT002","None","-",21.37448557,-157.73696566,"2026-08-03T22:01:15.780Z","UAV 2",3
"ENMORT003","FFE-On-Location ""Location={-5498573.025370, -2251262.832114, 2311309.431241}""  Name of Weapons to Fire: Indirect-Fire-Gun:m9333he. Number-Of-Rounds: 1. Height-Above-Terrain: 0","-",21.37448817,-157.73726715,"2026-08-03T22:01:15.780Z","UAV 2",3
"ENMORT002","None","-",21.37448557,-157.73696566,"2026-08-03T22:01:17.805Z","UAV 2",3
"ENMORT002","None","-",21.37448557,-157.73696566,"2026-08-03T22:01:17.805Z","UAV 2",3
"ENMORT002","None","-",21.37448557,-157.73696566,"2026-08-03T22:01:17.805Z","UAV 2",3
"ENMORT002","None","-",21.37448557,-157.73696566,"2026-08-03T22:01:17.805Z","UAV 2",3
"FRT69002","Move to {-5499315.048189, -2250231.003964, 2310734.853397}","-",21.38072278,-157.73403064,"2026-08-03T22:01:21.835Z","UAV 2",3
"FRT69002","Move to {-5499315.048189, -2250231.003964, 2310734.853397}","-",21.38072278,-157.73403064,"2026-08-03T22:01:21.835Z","UAV 2",3
"FRT69002","Move to {-5499315.048189, -2250231.003964, 2310734.853397}","-",21.38072278,-157.73403064,"2026-08-03T22:01:21.835Z","UAV 2",3
"FRT69002","Move to {-5499315.048189, -2250231.003964, 2310734.853397}","-",21.38072278,-157.73403064,"2026-08-03T22:01:21.835Z","UAV 2",3
"FRT69002","Move to {-5499315.048189, -2250231.003964, 2310734.853397}","-",21.38072278,-157.73403064,"2026-08-03T22:01:23.858Z","UAV 2",3
"FRT69001","Move to {-5499315.048189, -2250231.003964, 2310734.853397}","-",21.38090613,-157.73399405,"2026-08-03T22:01:23.858Z","UAV 2",3
"FRT69002","Move to {-5499315.048189, -2250231.003964, 2310734.853397}","-",21.38072278,-157.73403064,"2026-08-03T22:01:23.858Z","UAV 2",3
"FRT69001","Move to {-5499315.048189, -2250231.003964, 2310734.853397}","-",21.38090613,-157.73399405,"2026-08-03T22:01:23.858Z","UAV 2",3
"FRT69002","Move to {-5499315.048189, -2250231.003964, 2310734.853397}","-",21.38072278,-157.73403064,"2026-08-03T22:01:23.858Z","UAV 2",3
"FRT69001","Move to {-5499315.048189, -2250231.003964, 2310734.853397}","-",21.38090613,-157.73399405,"2026-08-03T22:01:23.858Z","UAV 2",3
"FRT69002","Move to {-5499315.048189, -2250231.003964, 2310734.853397}","-",21.38072278,-157.73403064,"2026-08-03T22:01:23.858Z","UAV 2",3
"FRT69001","Move to {-5499315.048189, -2250231.003964, 2310734.853397}","-",21.38090613,-157.73399405,"2026-08-03T22:01:23.858Z","UAV 2",3
"FRT69002","Move to {-5499315.048189, -2250231.003964, 2310734.853397}","-",21.38072278,-157.73403064,"2026-08-03T22:01:26.054Z","UAV 2",3
"FRT69001","Move to {-5499315.048189, -2250231.003964, 2310734.853397}","-",21.38090613,-157.73399405,"2026-08-03T22:01:26.054Z","UAV 2",3
"FRT69002","Move to {-5499315.048189, -2250231.003964, 2310734.853397}","-",21.38072278,-157.73403064,"2026-08-03T22:01:26.054Z","UAV 2",3
"FRT69001","Move to {-5499315.048189, -2250231.003964, 2310734.853397}","-",21.38090613,-157.73399405,"2026-08-03T22:01:26.054Z","UAV 2",3
"FRT69002","Move to {-5499315.048189, -2250231.003964, 2310734.853397}","-",21.38072278,-157.73403064,"2026-08-03T22:01:26.054Z","UAV 2",3
"FRT69001","Move to {-5499315.048189, -2250231.003964, 2310734.853397}","-",21.38090613,-157.73399405,"2026-08-03T22:01:26.054Z","UAV 2",3
"FRT69002","Move to {-5499315.048189, -2250231.003964, 2310734.853397}","-",21.38072278,-157.73403064,"2026-08-03T22:01:26.054Z","UAV 2",3
"FRT69001","Move to {-5499315.048189, -2250231.003964, 2310734.853397}","-",21.38090613,-157.73399405,"2026-08-03T22:01:26.054Z","UAV 2",3
"FRT69002","Move to {-5499315.048189, -2250231.003964, 2310734.853397}","-",21.38072278,-157.73403064,"2026-08-03T22:01:28.025Z","UAV 2",3
"FRT69001","Move to {-5499315.048189, -2250231.003964, 2310734.853397}","-",21.38090613,-157.73399405,"2026-08-03T22:01:28.025Z","UAV 2",3
"FRT69002","Move to {-5499315.048189, -2250231.003964, 2310734.853397}","-",21.38072278,-157.73403064,"2026-08-03T22:01:28.025Z","UAV 2",3
"FRT69001","Move to {-5499315.048189, -2250231.003964, 2310734.853397}","-",21.38090613,-157.73399405,"2026-08-03T22:01:28.025Z","UAV 2",3
"FRT69002","Move to {-5499315.048189, -2250231.003964, 2310734.853397}","-",21.38072278,-157.73403064,"2026-08-03T22:01:28.025Z","UAV 2",3
"FRT69001","Move to {-5499315.048189, -2250231.003964, 2310734.853397}","-",21.38090613,-157.73399405,"2026-08-03T22:01:28.025Z","UAV 2",3
"FRT69002","Move to {-5499315.048189, -2250231.003964, 2310734.853397}","-",21.38072278,-157.73403064,"2026-08-03T22:01:28.025Z","UAV 2",3
"FRT69001","Move to {-5499315.048189, -2250231.003964, 2310734.853397}","-",21.38090613,-157.73399405,"2026-08-03T22:01:28.025Z","UAV 2",3
"FRT69002","Move to {-5499315.048189, -2250231.003964, 2310734.853397}","-",21.38072278,-157.73403064,"2026-08-03T22:01:30.029Z","UAV 2",3
"FRT69001","Move to {-5499315.048189, -2250231.003964, 2310734.853397}","-",21.38090613,-157.73399405,"2026-08-03T22:01:30.029Z","UAV 2",3
"FRT69002","Move to {-5499315.048189, -2250231.003964, 2310734.853397}","-",21.38072278,-157.73403064,"2026-08-03T22:01:30.029Z","UAV 2",3
"FRT69001","Move to {-5499315.048189, -2250231.003964, 2310734.853397}","-",21.38090613,-157.73399405,"2026-08-03T22:01:30.029Z","UAV 2",3
"FRT69002","Move to {-5499315.048189, -2250231.003964, 2310734.853397}","-",21.38072278,-157.73403064,"2026-08-03T22:01:30.029Z","UAV 2",3
"FRT69001","Move to {-5499315.048189, -2250231.003964, 2310734.853397}","-",21.38090613,-157.73399405,"2026-08-03T22:01:30.029Z","UAV 2",3
"FRT69002","Move to {-5499315.048189, -2250231.003964, 2310734.853397}","-",21.38072278,-157.73403064,"2026-08-03T22:01:31.995Z","UAV 2",3
"FRT69002","Move to {-5499315.048189, -2250231.003964, 2310734.853397}","-",21.38072278,-157.73403064,"2026-08-03T22:01:31.995Z","UAV 2",3
"FRT69002","Move to {-5499315.048189, -2250231.003964, 2310734.853397}","-",21.38072278,-157.73403064,"2026-08-03T22:01:31.995Z","UAV 2",3
"FRT69002","Move to {-5499315.048189, -2250231.003964, 2310734.853397}","-",21.38072278,-157.73403064,"2026-08-03T22:01:31.995Z","UAV 2",3
"FRM109001","Move to {-5499516.453323, -2249726.423604, 2310685.859186}","-",21.38047062,-157.75158020,"2026-08-03T22:03:18.688Z","UAV 2",1
"FRM109001","Move to {-5499516.453323, -2249726.423604, 2310685.859186}","-",21.38047062,-157.75158020,"2026-08-03T22:03:18.688Z","UAV 2",1
"FRM109001","Move to {-5499516.453323, -2249726.423604, 2310685.859186}","-",21.38047062,-157.75158020,"2026-08-03T22:03:18.688Z","UAV 2",1
"FRM109001","Move to {-5499516.453323, -2249726.423604, 2310685.859186}","-",21.38047062,-157.75158020,"2026-08-03T22:03:18.688Z","UAV 2",1
"FRLAV002","Move to {-5499516.453323, -2249726.423604, 2310685.859186}","-",21.38045654,-157.75149417,"2026-08-03T22:03:20.741Z","UAV 2",1
"FRT80004","None","-",21.38044564,-157.75164742,"2026-08-03T22:03:20.741Z","UAV 2",1
"FRLAV002","Move to {-5499516.453323, -2249726.423604, 2310685.859186}","-",21.38045654,-157.75149417,"2026-08-03T22:03:20.741Z","UAV 2",1
"FRT80004","None","-",21.38044564,-157.75164742,"2026-08-03T22:03:20.741Z","UAV 2",1
"FRLAV002","Move to {-5499516.453323, -2249726.423604, 2310685.859186}","-",21.38045654,-157.75149417,"2026-08-03T22:03:20.741Z","UAV 2",1
"FRT80004","None","-",21.38044564,-157.75164742,"2026-08-03T22:03:20.741Z","UAV 2",1
"FRLAV002","Move to {-5499516.453323, -2249726.423604, 2310685.859186}","-",21.38045364,-157.75153419,"2026-08-03T22:03:22.804Z","UAV 2",3
"FRT80004","None","-",21.38044564,-157.75164742,"2026-08-03T22:03:22.804Z","UAV 2",2
"FRLAV002","Move to {-5499516.453323, -2249726.423604, 2310685.859186}","-",21.38045364,-157.75153419,"2026-08-03T22:03:22.804Z","UAV 2",3
"FRT80004","None","-",21.38044564,-157.75164742,"2026-08-03T22:03:22.804Z","UAV 2",2
"FRLAV002","Move to {-5499516.453323, -2249726.423604, 2310685.859186}","-",21.38045364,-157.75153419,"2026-08-03T22:03:22.804Z","UAV 2",3
"FRT80004","None","-",21.38044564,-157.75164742,"2026-08-03T22:03:22.804Z","UAV 2",2
"FRLAV002","Move to {-5499516.453323, -2249726.423604, 2310685.859186}","-",21.38045097,-157.75157113,"2026-08-03T22:03:24.731Z","UAV 2",3
"FRT80004","None","-",21.38044564,-157.75164742,"2026-08-03T22:03:24.731Z","UAV 2",3
"FRLAV002","Move to {-5499516.453323, -2249726.423604, 2310685.859186}","-",21.38045097,-157.75157113,"2026-08-03T22:03:24.731Z","UAV 2",3
"FRT80004","None","-",21.38044564,-157.75164742,"2026-08-03T22:03:24.731Z","UAV 2",3
"FRLAV002","Move to {-5499516.453323, -2249726.423604, 2310685.859186}","-",21.38045097,-157.75157113,"2026-08-03T22:03:24.731Z","UAV 2",3
"FRT80004","None","-",21.38044564,-157.75164742,"2026-08-03T22:03:24.731Z","UAV 2",3
"FRLAV002","Move to {-5499516.453323, -2249726.423604, 2310685.859186}","-",21.38044814,-157.75160969,"2026-08-03T22:03:26.735Z","UAV 2",3
"FRLAV002","Move to {-5499516.453323, -2249726.423604, 2310685.859186}","-",21.38044814,-157.75160969,"2026-08-03T22:03:26.735Z","UAV 2",3
"FRLAV002","Move to {-5499516.453323, -2249726.423604, 2310685.859186}","-",21.38044814,-157.75160969,"2026-08-03T22:03:26.735Z","UAV 2",3
"FRT80004","None","-",21.38044564,-157.75164742,"2026-08-03T22:03:28.809Z","UAV 2",2
"FRT80004","None","-",21.38044564,-157.75164742,"2026-08-03T22:03:28.809Z","UAV 2",2
"FRT80004","None","-",21.38044564,-157.75164742,"2026-08-03T22:03:28.809Z","UAV 2",2
"FRT80004","None","-",21.38044564,-157.75164742,"2026-08-03T22:03:28.809Z","UAV 2",2
"FRT80004","None","-",21.38044564,-157.75164742,"2026-08-03T22:03:30.876Z","UAV 2",3
"FRT80004","None","-",21.38044564,-157.75164742,"2026-08-03T22:03:30.876Z","UAV 2",3
"FRT80004","None","-",21.38044564,-157.75164742,"2026-08-03T22:03:30.876Z","UAV 2",3
"FRT80004","None","-",21.38044564,-157.75164742,"2026-08-03T22:03:33.068Z","UAV 2",3
"FRT80004","None","-",21.38044564,-157.75164742,"2026-08-03T22:03:33.068Z","UAV 2",3
"FRT80004","None","-",21.38044564,-157.75164742,"2026-08-03T22:03:33.068Z","UAV 2",3
"FRT80004","None","-",21.38044564,-157.75164742,"2026-08-03T22:03:33.068Z","UAV 2",3
"FRT80004","None","-",21.38044564,-157.75164742,"2026-08-03T22:03:34.984Z","UAV 2",3
"FRT80004","None","-",21.38044564,-157.75164742,"2026-08-03T22:03:34.984Z","UAV 2",3
"FRT80004","None","-",21.38044564,-157.75164742,"2026-08-03T22:03:34.984Z","UAV 2",3
"FRT80004","None","-",21.38044564,-157.75164742,"2026-08-03T22:03:34.984Z","UAV 2",3
"FRT80004","None","-",21.38044564,-157.75164742,"2026-08-03T22:03:37.121Z","UAV 2",3
"FRT80004","None","-",21.38044564,-157.75164742,"2026-08-03T22:03:37.121Z","UAV 2",3
"FRT80004","None","-",21.38044564,-157.75164742,"2026-08-03T22:03:37.121Z","UAV 2",3
"FRT80004","None","-",21.38044564,-157.75164742,"2026-08-03T22:03:39.098Z","UAV 2",3
"FRT80004","None","-",21.38044564,-157.75164742,"2026-08-03T22:03:39.098Z","UAV 2",3
"FRT80004","None","-",21.38044564,-157.75164742,"2026-08-03T22:03:39.098Z","UAV 2",3
"FRT80004","None","-",21.38044564,-157.75164742,"2026-08-03T22:03:39.098Z","UAV 2",3
"FRT80004","None","-",21.38044564,-157.75164742,"2026-08-03T22:03:41.178Z","UAV 2",3
"FRT80004","None","-",21.38044564,-157.75164742,"2026-08-03T22:03:41.178Z","UAV 2",3
"FRT80004","None","-",21.38044564,-157.75164742,"2026-08-03T22:03:41.178Z","UAV 2",3
"FRT80004","None","-",21.38044564,-157.75164742,"2026-08-03T22:03:43.245Z","UAV 2",3
"FRT80004","None","-",21.38044564,-157.75164742,"2026-08-03T22:03:43.245Z","UAV 2",3
"FRT80004","None","-",21.38044564,-157.75164742,"2026-08-03T22:03:43.245Z","UAV 2",3
"FRT80004","None","-",21.38044564,-157.75164742,"2026-08-03T22:03:43.245Z","UAV 2",3
"FRT80004","None","-",21.38044564,-157.75164742,"2026-08-03T22:03:45.284Z","UAV 2",3
"FRT80004","None","-",21.38044564,-157.75164742,"2026-08-03T22:03:45.284Z","UAV 2",3
"FRT80004","None","-",21.38044564,-157.75164742,"2026-08-03T22:03:45.284Z","UAV 2",3
"FRT80004","None","-",21.38044564,-157.75164742,"2026-08-03T22:03:45.284Z","UAV 2",3
"FRT80004","None","-",21.38044564,-157.75164742,"2026-08-03T22:03:47.323Z","UAV 2",3
"FRT80004","None","-",21.38044564,-157.75164742,"2026-08-03T22:03:47.323Z","UAV 2",3
"FRT80004","None","-",21.38044564,-157.75164742,"2026-08-03T22:03:47.323Z","UAV 2",3
"FRT80004","None","-",21.38044564,-157.75164742,"2026-08-03T22:03:47.323Z","UAV 2",3
"FRT80004","None","-",21.38044564,-157.75164742,"2026-08-03T22:03:49.428Z","UAV 2",4
"FRT80004","None","-",21.38044564,-157.75164742,"2026-08-03T22:03:49.428Z","UAV 2",4
"FRT80004","None","-",21.38044564,-157.75164742,"2026-08-03T22:03:49.428Z","UAV 2",4
"FRT80004","None","-",21.38044564,-157.75164742,"2026-08-03T22:03:49.428Z","UAV 2",4
"FRT80004","None","-",21.38044564,-157.75164742,"2026-08-03T22:03:51.483Z","UAV 2",4
"FRSNP004","Move to {-5499460.953457, -2250814.454542, 2309743.262342}","-",21.38025851,-157.75333745,"2026-08-03T22:03:51.483Z","UAV 2",1
"FRT80004","None","-",21.38044564,-157.75164742,"2026-08-03T22:03:51.483Z","UAV 2",4
"FRSNP004","Move to {-5499460.953457, -2250814.454542, 2309743.262342}","-",21.38025851,-157.75333745,"2026-08-03T22:03:51.483Z","UAV 2",1
"FRT80004","None","-",21.38044564,-157.75164742,"2026-08-03T22:03:51.483Z","UAV 2",4
"FRSNP004","Move to {-5499460.953457, -2250814.454542, 2309743.262342}","-",21.38025851,-157.75333745,"2026-08-03T22:03:51.483Z","UAV 2",1
"FRT80004","None","-",21.38044564,-157.75164742,"2026-08-03T22:03:51.483Z","UAV 2",4
"FRSNP004","Move to {-5499460.953457, -2250814.454542, 2309743.262342}","-",21.38025851,-157.75333745,"2026-08-03T22:03:51.483Z","UAV 2",1
"FRT80004","None","-",21.38044564,-157.75164742,"2026-08-03T22:03:51.483Z","UAV 2",4
"FRSNP004","Move to {-5499460.953457, -2250814.454542, 2309743.262342}","-",21.38025851,-157.75333745,"2026-08-03T22:03:51.483Z","UAV 2",1
"FRT80004","None","-",21.38044564,-157.75164742,"2026-08-03T22:03:53.519Z","UAV 2",4
"FRT80004","None","-",21.38044564,-157.75164742,"2026-08-03T22:03:53.519Z","UAV 2",4
"FRT80004","None","-",21.38044564,-157.75164742,"2026-08-03T22:03:53.519Z","UAV 2",4
"FRT80004","None","-",21.38044564,-157.75164742,"2026-08-03T22:03:53.519Z","UAV 2",4
"FRT80004","None","-",21.38044564,-157.75164742,"2026-08-03T22:03:55.639Z","UAV 2",4
"FRT80004","None","-",21.38044564,-157.75164742,"2026-08-03T22:03:55.639Z","UAV 2",4
"FRT80004","None","-",21.38044564,-157.75164742,"2026-08-03T22:03:55.639Z","UAV 2",4
"FRT80004","None","-",21.38044564,-157.75164742,"2026-08-03T22:03:55.639Z","UAV 2",4
"ENZPU001","None","-",21.37556659,-157.74448062,"2026-08-03T22:04:18.230Z","UAV 2",2
"ENZPU002","None","-",21.37550423,-157.74438671,"2026-08-03T22:04:18.230Z","UAV 2",2
"ENZPU001","None","-",21.37556659,-157.74448062,"2026-08-03T22:04:18.230Z","UAV 2",2
"ENZPU002","None","-",21.37550423,-157.74438671,"2026-08-03T22:04:18.230Z","UAV 2",2
"ENZPU001","None","-",21.37556659,-157.74448062,"2026-08-03T22:04:18.230Z","UAV 2",2
"ENZPU002","None","-",21.37550423,-157.74438671,"2026-08-03T22:04:18.230Z","UAV 2",2
"ENZPU001","None","-",21.37556659,-157.74448062,"2026-08-03T22:04:18.230Z","UAV 2",2
"ENZPU002","None","-",21.37550423,-157.74438671,"2026-08-03T22:04:18.230Z","UAV 2",2
"ENZPU001","None","-",21.37556659,-157.74448062,"2026-08-03T22:04:20.256Z","UAV 2",3
"ENZPU002","None","-",21.37550423,-157.74438671,"2026-08-03T22:04:20.256Z","UAV 2",3
"ENCAESAR002","Move to {-5499444.816370, -2250654.663336, 2309957.213850}","-",21.37462711,-157.73890990,"2026-08-03T22:04:20.256Z","UAV 2",3
"ENMORT001","None","-",21.37454920,-157.73726779,"2026-08-03T22:04:20.256Z","UAV 2",3
"ENMORT002","None","-",21.37448557,-157.73696566,"2026-08-03T22:04:20.256Z","UAV 2",2
"ENMORT003","FFE-On-Location ""Location={-5498573.025370, -2251262.832114, 2311309.431241}""  Name of Weapons to Fire: Indirect-Fire-Gun:m9333he. Number-Of-Rounds: 1. Height-Above-Terrain: 0","-",21.37448817,-157.73726715,"2026-08-03T22:04:20.256Z","UAV 2",3
"ENZPU001","None","-",21.37556659,-157.74448062,"2026-08-03T22:04:20.256Z","UAV 2",3
"ENZPU002","None","-",21.37550423,-157.74438671,"2026-08-03T22:04:20.256Z","UAV 2",3
"ENCAESAR002","Move to {-5499444.816370, -2250654.663336, 2309957.213850}","-",21.37462711,-157.73890990,"2026-08-03T22:04:20.256Z","UAV 2",3
"ENMORT001","None","-",21.37454920,-157.73726779,"2026-08-03T22:04:20.256Z","UAV 2",3
"ENMORT002","None","-",21.37448557,-157.73696566,"2026-08-03T22:04:20.256Z","UAV 2",2
"ENMORT003","FFE-On-Location ""Location={-5498573.025370, -2251262.832114, 2311309.431241}""  Name of Weapons to Fire: Indirect-Fire-Gun:m9333he. Number-Of-Rounds: 1. Height-Above-Terrain: 0","-",21.37448817,-157.73726715,"2026-08-03T22:04:20.256Z","UAV 2",3
"ENZPU001","None","-",21.37556659,-157.74448062,"2026-08-03T22:04:20.256Z","UAV 2",3
"ENZPU002","None","-",21.37550423,-157.74438671,"2026-08-03T22:04:20.256Z","UAV 2",3
"ENCAESAR002","Move to {-5499444.816370, -2250654.663336, 2309957.213850}","-",21.37462711,-157.73890990,"2026-08-03T22:04:20.256Z","UAV 2",3
"ENMORT001","None","-",21.37454920,-157.73726779,"2026-08-03T22:04:20.256Z","UAV 2",3
"ENMORT002","None","-",21.37448557,-157.73696566,"2026-08-03T22:04:20.256Z","UAV 2",2
"ENMORT003","FFE-On-Location ""Location={-5498573.025370, -2251262.832114, 2311309.431241}""  Name of Weapons to Fire: Indirect-Fire-Gun:m9333he. Number-Of-Rounds: 1. Height-Above-Terrain: 0","-",21.37448817,-157.73726715,"2026-08-03T22:04:20.256Z","UAV 2",3
"ENZPU001","None","-",21.37556659,-157.74448062,"2026-08-03T22:04:20.256Z","UAV 2",3
"ENZPU002","None","-",21.37550423,-157.74438671,"2026-08-03T22:04:20.256Z","UAV 2",3
"ENCAESAR002","Move to {-5499444.816370, -2250654.663336, 2309957.213850}","-",21.37462711,-157.73890990,"2026-08-03T22:04:20.256Z","UAV 2",3
"ENMORT001","None","-",21.37454920,-157.73726779,"2026-08-03T22:04:20.256Z","UAV 2",3
"ENMORT002","None","-",21.37448557,-157.73696566,"2026-08-03T22:04:20.256Z","UAV 2",2
"ENMORT003","FFE-On-Location ""Location={-5498573.025370, -2251262.832114, 2311309.431241}""  Name of Weapons to Fire: Indirect-Fire-Gun:m9333he. Number-Of-Rounds: 1. Height-Above-Terrain: 0","-",21.37448817,-157.73726715,"2026-08-03T22:04:20.256Z","UAV 2",3
"ENZPU001","None","-",21.37556659,-157.74448062,"2026-08-03T22:04:20.256Z","UAV 2",3
"ENZPU002","None","-",21.37550423,-157.74438671,"2026-08-03T22:04:20.256Z","UAV 2",3
"ENCAESAR002","Move to {-5499444.816370, -2250654.663336, 2309957.213850}","-",21.37462711,-157.73890990,"2026-08-03T22:04:20.256Z","UAV 2",3
"ENMORT001","None","-",21.37454920,-157.73726779,"2026-08-03T22:04:20.256Z","UAV 2",3
"ENMORT002","None","-",21.37448557,-157.73696566,"2026-08-03T22:04:20.256Z","UAV 2",2
"ENMORT003","FFE-On-Location ""Location={-5498573.025370, -2251262.832114, 2311309.431241}""  Name of Weapons to Fire: Indirect-Fire-Gun:m9333he. Number-Of-Rounds: 1. Height-Above-Terrain: 0","-",21.37448817,-157.73726715,"2026-08-03T22:04:20.256Z","UAV 2",3
"ENZPU001","None","-",21.37556659,-157.74448062,"2026-08-03T22:04:22.280Z","UAV 2",3
"ENZPU002","None","-",21.37550423,-157.74438671,"2026-08-03T22:04:22.280Z","UAV 2",3
"ENCAESAR002","Move to {-5499444.816370, -2250654.663336, 2309957.213850}","-",21.37462642,-157.73891223,"2026-08-03T22:04:22.280Z","UAV 2",3
"ENMORT001","None","-",21.37454920,-157.73726779,"2026-08-03T22:04:22.280Z","UAV 2",3
"ENMORT002","None","-",21.37448557,-157.73696566,"2026-08-03T22:04:22.280Z","UAV 2",3
"ENMORT003","FFE-On-Location ""Location={-5498573.025370, -2251262.832114, 2311309.431241}""  Name of Weapons to Fire: Indirect-Fire-Gun:m9333he. Number-Of-Rounds: 1. Height-Above-Terrain: 0","-",21.37448817,-157.73726715,"2026-08-03T22:04:22.280Z","UAV 2",3
"ENM35002","Move to {-5499460.953457, -2250814.454542, 2309743.262342}","-",21.37135459,-157.74164382,"2026-08-03T22:04:22.280Z","UAV 2",3
"ENM35001","Move to {-5499460.953457, -2250814.454542, 2309743.262342}","-",21.37136506,-157.74158804,"2026-08-03T22:04:22.280Z","UAV 2",3
"ENZPU001","None","-",21.37556659,-157.74448062,"2026-08-03T22:04:22.280Z","UAV 2",3
"ENZPU002","None","-",21.37550423,-157.74438671,"2026-08-03T22:04:22.280Z","UAV 2",3
"ENCAESAR002","Move to {-5499444.816370, -2250654.663336, 2309957.213850}","-",21.37462642,-157.73891223,"2026-08-03T22:04:22.280Z","UAV 2",3
"ENMORT001","None","-",21.37454920,-157.73726779,"2026-08-03T22:04:22.280Z","UAV 2",3
"ENMORT002","None","-",21.37448557,-157.73696566,"2026-08-03T22:04:22.280Z","UAV 2",3
"ENMORT003","FFE-On-Location ""Location={-5498573.025370, -2251262.832114, 2311309.431241}""  Name of Weapons to Fire: Indirect-Fire-Gun:m9333he. Number-Of-Rounds: 1. Height-Above-Terrain: 0","-",21.37448817,-157.73726715,"2026-08-03T22:04:22.280Z","UAV 2",3
"ENM35002","Move to {-5499460.953457, -2250814.454542, 2309743.262342}","-",21.37135459,-157.74164382,"2026-08-03T22:04:22.280Z","UAV 2",3
"ENM35001","Move to {-5499460.953457, -2250814.454542, 2309743.262342}","-",21.37136506,-157.74158804,"2026-08-03T22:04:22.280Z","UAV 2",3
"ENZPU001","None","-",21.37556659,-157.74448062,"2026-08-03T22:04:22.280Z","UAV 2",3
"ENZPU002","None","-",21.37550423,-157.74438671,"2026-08-03T22:04:22.280Z","UAV 2",3
"ENCAESAR002","Move to {-5499444.816370, -2250654.663336, 2309957.213850}","-",21.37462642,-157.73891223,"2026-08-03T22:04:22.280Z","UAV 2",3
"ENMORT001","None","-",21.37454920,-157.73726779,"2026-08-03T22:04:22.280Z","UAV 2",3
"ENMORT002","None","-",21.37448557,-157.73696566,"2026-08-03T22:04:22.280Z","UAV 2",3
"ENMORT003","FFE-On-Location ""Location={-5498573.025370, -2251262.832114, 2311309.431241}""  Name of Weapons to Fire: Indirect-Fire-Gun:m9333he. Number-Of-Rounds: 1. Height-Above-Terrain: 0","-",21.37448817,-157.73726715,"2026-08-03T22:04:22.280Z","UAV 2",3
"ENM35002","Move to {-5499460.953457, -2250814.454542, 2309743.262342}","-",21.37135459,-157.74164382,"2026-08-03T22:04:22.280Z","UAV 2",3
"ENM35001","Move to {-5499460.953457, -2250814.454542, 2309743.262342}","-",21.37136506,-157.74158804,"2026-08-03T22:04:22.280Z","UAV 2",3
"ENZPU001","None","-",21.37556659,-157.74448062,"2026-08-03T22:04:22.280Z","UAV 2",3
"ENZPU002","None","-",21.37550423,-157.74438671,"2026-08-03T22:04:22.280Z","UAV 2",3
"ENCAESAR002","Move to {-5499444.816370, -2250654.663336, 2309957.213850}","-",21.37462642,-157.73891223,"2026-08-03T22:04:22.280Z","UAV 2",3
"ENMORT001","None","-",21.37454920,-157.73726779,"2026-08-03T22:04:22.280Z","UAV 2",3
"ENMORT002","None","-",21.37448557,-157.73696566,"2026-08-03T22:04:22.280Z","UAV 2",3
"ENMORT003","FFE-On-Location ""Location={-5498573.025370, -2251262.832114, 2311309.431241}""  Name of Weapons to Fire: Indirect-Fire-Gun:m9333he. Number-Of-Rounds: 1. Height-Above-Terrain: 0","-",21.37448817,-157.73726715,"2026-08-03T22:04:22.280Z","UAV 2",3
"ENM35002","Move to {-5499460.953457, -2250814.454542, 2309743.262342}","-",21.37135459,-157.74164382,"2026-08-03T22:04:22.280Z","UAV 2",3
"ENM35001","Move to {-5499460.953457, -2250814.454542, 2309743.262342}","-",21.37136506,-157.74158804,"2026-08-03T22:04:22.280Z","UAV 2",3
"ENZPU001","None","-",21.37556659,-157.74448062,"2026-08-03T22:04:22.280Z","UAV 2",3
"ENZPU002","None","-",21.37550423,-157.74438671,"2026-08-03T22:04:22.280Z","UAV 2",3
"ENCAESAR002","Move to {-5499444.816370, -2250654.663336, 2309957.213850}","-",21.37462642,-157.73891223,"2026-08-03T22:04:22.280Z","UAV 2",3
"ENMORT001","None","-",21.37454920,-157.73726779,"2026-08-03T22:04:22.280Z","UAV 2",3
"ENMORT002","None","-",21.37448557,-157.73696566,"2026-08-03T22:04:22.280Z","UAV 2",3
"ENMORT003","FFE-On-Location ""Location={-5498573.025370, -2251262.832114, 2311309.431241}""  Name of Weapons to Fire: Indirect-Fire-Gun:m9333he. Number-Of-Rounds: 1. Height-Above-Terrain: 0","-",21.37448817,-157.73726715,"2026-08-03T22:04:22.280Z","UAV 2",3
"ENM35002","Move to {-5499460.953457, -2250814.454542, 2309743.262342}","-",21.37135459,-157.74164382,"2026-08-03T22:04:22.280Z","UAV 2",3
"ENM35001","Move to {-5499460.953457, -2250814.454542, 2309743.262342}","-",21.37136506,-157.74158804,"2026-08-03T22:04:22.280Z","UAV 2",3
"ENZPU001","None","-",21.37556659,-157.74448062,"2026-08-03T22:04:24.261Z","UAV 2",3
"ENZPU002","None","-",21.37550423,-157.74438671,"2026-08-03T22:04:24.261Z","UAV 2",3
"ENCAESAR002","Move to {-5499444.816370, -2250654.663336, 2309957.213850}","-",21.37462689,-157.73891065,"2026-08-03T22:04:24.261Z","UAV 2",3
"ENMORT001","None","-",21.37454920,-157.73726779,"2026-08-03T22:04:24.261Z","UAV 2",3
"ENMORT002","None","-",21.37448557,-157.73696566,"2026-08-03T22:04:24.261Z","UAV 2",3
"ENMORT003","FFE-On-Location ""Location={-5498573.025370, -2251262.832114, 2311309.431241}""  Name of Weapons to Fire: Indirect-Fire-Gun:m9333he. Number-Of-Rounds: 1. Height-Above-Terrain: 0","-",21.37448817,-157.73726715,"2026-08-03T22:04:24.261Z","UAV 2",3
"ENM35001","Move to {-5499460.953457, -2250814.454542, 2309743.262342}","-",21.37136948,-157.74156874,"2026-08-03T22:04:24.261Z","UAV 2",3
"ENZPU001","None","-",21.37556659,-157.74448062,"2026-08-03T22:04:24.261Z","UAV 2",3
"ENZPU002","None","-",21.37550423,-157.74438671,"2026-08-03T22:04:24.261Z","UAV 2",3
"ENCAESAR002","Move to {-5499444.816370, -2250654.663336, 2309957.213850}","-",21.37462689,-157.73891065,"2026-08-03T22:04:24.261Z","UAV 2",3
"ENMORT001","None","-",21.37454920,-157.73726779,"2026-08-03T22:04:24.261Z","UAV 2",3
"ENMORT002","None","-",21.37448557,-157.73696566,"2026-08-03T22:04:24.261Z","UAV 2",3
"ENMORT003","FFE-On-Location ""Location={-5498573.025370, -2251262.832114, 2311309.431241}""  Name of Weapons to Fire: Indirect-Fire-Gun:m9333he. Number-Of-Rounds: 1. Height-Above-Terrain: 0","-",21.37448817,-157.73726715,"2026-08-03T22:04:24.261Z","UAV 2",3
"ENM35001","Move to {-5499460.953457, -2250814.454542, 2309743.262342}","-",21.37136948,-157.74156874,"2026-08-03T22:04:24.261Z","UAV 2",3
"ENZPU001","None","-",21.37556659,-157.74448062,"2026-08-03T22:04:24.261Z","UAV 2",3
"ENZPU002","None","-",21.37550423,-157.74438671,"2026-08-03T22:04:24.261Z","UAV 2",3
"ENCAESAR002","Move to {-5499444.816370, -2250654.663336, 2309957.213850}","-",21.37462689,-157.73891065,"2026-08-03T22:04:24.261Z","UAV 2",3
"ENMORT001","None","-",21.37454920,-157.73726779,"2026-08-03T22:04:24.261Z","UAV 2",3
"ENMORT002","None","-",21.37448557,-157.73696566,"2026-08-03T22:04:24.261Z","UAV 2",3
"ENMORT003","FFE-On-Location ""Location={-5498573.025370, -2251262.832114, 2311309.431241}""  Name of Weapons to Fire: Indirect-Fire-Gun:m9333he. Number-Of-Rounds: 1. Height-Above-Terrain: 0","-",21.37448817,-157.73726715,"2026-08-03T22:04:24.261Z","UAV 2",3
"ENM35001","Move to {-5499460.953457, -2250814.454542, 2309743.262342}","-",21.37136948,-157.74156874,"2026-08-03T22:04:24.261Z","UAV 2",3
"ENZPU001","None","-",21.37556659,-157.74448062,"2026-08-03T22:04:24.261Z","UAV 2",3
"ENZPU002","None","-",21.37550423,-157.74438671,"2026-08-03T22:04:24.261Z","UAV 2",3
"ENCAESAR002","Move to {-5499444.816370, -2250654.663336, 2309957.213850}","-",21.37462689,-157.73891065,"2026-08-03T22:04:24.261Z","UAV 2",3
"ENMORT001","None","-",21.37454920,-157.73726779,"2026-08-03T22:04:24.261Z","UAV 2",3
"ENMORT002","None","-",21.37448557,-157.73696566,"2026-08-03T22:04:24.261Z","UAV 2",3
"ENMORT003","FFE-On-Location ""Location={-5498573.025370, -2251262.832114, 2311309.431241}""  Name of Weapons to Fire: Indirect-Fire-Gun:m9333he. Number-Of-Rounds: 1. Height-Above-Terrain: 0","-",21.37448817,-157.73726715,"2026-08-03T22:04:24.261Z","UAV 2",3
"ENM35001","Move to {-5499460.953457, -2250814.454542, 2309743.262342}","-",21.37136948,-157.74156874,"2026-08-03T22:04:24.261Z","UAV 2",3
"ENZPU001","None","-",21.37556659,-157.74448062,"2026-08-03T22:04:24.261Z","UAV 2",3
"ENZPU002","None","-",21.37550423,-157.74438671,"2026-08-03T22:04:24.261Z","UAV 2",3
"ENCAESAR002","Move to {-5499444.816370, -2250654.663336, 2309957.213850}","-",21.37462689,-157.73891065,"2026-08-03T22:04:24.261Z","UAV 2",3
"ENMORT001","None","-",21.37454920,-157.73726779,"2026-08-03T22:04:24.261Z","UAV 2",3
"ENMORT002","None","-",21.37448557,-157.73696566,"2026-08-03T22:04:24.261Z","UAV 2",3
"ENMORT003","FFE-On-Location ""Location={-5498573.025370, -2251262.832114, 2311309.431241}""  Name of Weapons to Fire: Indirect-Fire-Gun:m9333he. Number-Of-Rounds: 1. Height-Above-Terrain: 0","-",21.37448817,-157.73726715,"2026-08-03T22:04:24.261Z","UAV 2",3
"ENM35001","Move to {-5499460.953457, -2250814.454542, 2309743.262342}","-",21.37136948,-157.74156874,"2026-08-03T22:04:24.261Z","UAV 2",3
"ENCAESAR002","Move to {-5499444.816370, -2250654.663336, 2309957.213850}","-",21.37462707,-157.73891004,"2026-08-03T22:04:26.316Z","UAV 2",3
"ENMORT001","None","-",21.37454920,-157.73726779,"2026-08-03T22:04:26.316Z","UAV 2",3
"ENMORT002","None","-",21.37448557,-157.73696566,"2026-08-03T22:04:26.316Z","UAV 2",3
"ENMORT003","FFE-On-Location ""Location={-5498573.025370, -2251262.832114, 2311309.431241}""  Name of Weapons to Fire: Indirect-Fire-Gun:m9333he. Number-Of-Rounds: 1. Height-Above-Terrain: 0","-",21.37448817,-157.73726715,"2026-08-03T22:04:26.316Z","UAV 2",3
"ENCAESAR002","Move to {-5499444.816370, -2250654.663336, 2309957.213850}","-",21.37462707,-157.73891004,"2026-08-03T22:04:26.316Z","UAV 2",3
"ENMORT001","None","-",21.37454920,-157.73726779,"2026-08-03T22:04:26.316Z","UAV 2",3
"ENMORT002","None","-",21.37448557,-157.73696566,"2026-08-03T22:04:26.316Z","UAV 2",3
"ENMORT003","FFE-On-Location ""Location={-5498573.025370, -2251262.832114, 2311309.431241}""  Name of Weapons to Fire: Indirect-Fire-Gun:m9333he. Number-Of-Rounds: 1. Height-Above-Terrain: 0","-",21.37448817,-157.73726715,"2026-08-03T22:04:26.316Z","UAV 2",3
"ENCAESAR002","Move to {-5499444.816370, -2250654.663336, 2309957.213850}","-",21.37462707,-157.73891004,"2026-08-03T22:04:26.316Z","UAV 2",3
"ENMORT001","None","-",21.37454920,-157.73726779,"2026-08-03T22:04:26.316Z","UAV 2",3
"ENMORT002","None","-",21.37448557,-157.73696566,"2026-08-03T22:04:26.316Z","UAV 2",3
"ENMORT003","FFE-On-Location ""Location={-5498573.025370, -2251262.832114, 2311309.431241}""  Name of Weapons to Fire: Indirect-Fire-Gun:m9333he. Number-Of-Rounds: 1. Height-Above-Terrain: 0","-",21.37448817,-157.73726715,"2026-08-03T22:04:26.316Z","UAV 2",3
"ENCAESAR002","Move to {-5499444.816370, -2250654.663336, 2309957.213850}","-",21.37462707,-157.73891004,"2026-08-03T22:04:26.316Z","UAV 2",3
"ENMORT001","None","-",21.37454920,-157.73726779,"2026-08-03T22:04:26.316Z","UAV 2",3
"ENMORT002","None","-",21.37448557,-157.73696566,"2026-08-03T22:04:26.316Z","UAV 2",3
"ENMORT003","FFE-On-Location ""Location={-5498573.025370, -2251262.832114, 2311309.431241}""  Name of Weapons to Fire: Indirect-Fire-Gun:m9333he. Number-Of-Rounds: 1. Height-Above-Terrain: 0","-",21.37448817,-157.73726715,"2026-08-03T22:04:26.316Z","UAV 2",3
"ENCAESAR002","Move to {-5499444.816370, -2250654.663336, 2309957.213850}","-",21.37462655,-157.73891179,"2026-08-03T22:04:28.280Z","UAV 2",3
"ENMORT001","None","-",21.37454920,-157.73726779,"2026-08-03T22:04:28.280Z","UAV 2",3
"ENMORT002","None","-",21.37448557,-157.73696566,"2026-08-03T22:04:28.280Z","UAV 2",3
"ENMORT003","FFE-On-Location ""Location={-5498573.025370, -2251262.832114, 2311309.431241}""  Name of Weapons to Fire: Indirect-Fire-Gun:m9333he. Number-Of-Rounds: 1. Height-Above-Terrain: 0","-",21.37448817,-157.73726715,"2026-08-03T22:04:28.280Z","UAV 2",3
"ENCAESAR002","Move to {-5499444.816370, -2250654.663336, 2309957.213850}","-",21.37462655,-157.73891179,"2026-08-03T22:04:28.280Z","UAV 2",3
"ENMORT001","None","-",21.37454920,-157.73726779,"2026-08-03T22:04:28.280Z","UAV 2",3
"ENMORT002","None","-",21.37448557,-157.73696566,"2026-08-03T22:04:28.280Z","UAV 2",3
"ENMORT003","FFE-On-Location ""Location={-5498573.025370, -2251262.832114, 2311309.431241}""  Name of Weapons to Fire: Indirect-Fire-Gun:m9333he. Number-Of-Rounds: 1. Height-Above-Terrain: 0","-",21.37448817,-157.73726715,"2026-08-03T22:04:28.280Z","UAV 2",3
"ENCAESAR002","Move to {-5499444.816370, -2250654.663336, 2309957.213850}","-",21.37462655,-157.73891179,"2026-08-03T22:04:28.280Z","UAV 2",3
"ENMORT001","None","-",21.37454920,-157.73726779,"2026-08-03T22:04:28.280Z","UAV 2",3
"ENMORT002","None","-",21.37448557,-157.73696566,"2026-08-03T22:04:28.280Z","UAV 2",3
"ENMORT003","FFE-On-Location ""Location={-5498573.025370, -2251262.832114, 2311309.431241}""  Name of Weapons to Fire: Indirect-Fire-Gun:m9333he. Number-Of-Rounds: 1. Height-Above-Terrain: 0","-",21.37448817,-157.73726715,"2026-08-03T22:04:28.280Z","UAV 2",3
"ENCAESAR002","Move to {-5499444.816370, -2250654.663336, 2309957.213850}","-",21.37462655,-157.73891179,"2026-08-03T22:04:28.280Z","UAV 2",3
"ENMORT001","None","-",21.37454920,-157.73726779,"2026-08-03T22:04:28.280Z","UAV 2",3
"ENMORT002","None","-",21.37448557,-157.73696566,"2026-08-03T22:04:28.280Z","UAV 2",3
"ENMORT003","FFE-On-Location ""Location={-5498573.025370, -2251262.832114, 2311309.431241}""  Name of Weapons to Fire: Indirect-Fire-Gun:m9333he. Number-Of-Rounds: 1. Height-Above-Terrain: 0","-",21.37448817,-157.73726715,"2026-08-03T22:04:28.280Z","UAV 2",3
"ENCAESAR002","Move to {-5499444.816370, -2250654.663336, 2309957.213850}","-",21.37462655,-157.73891179,"2026-08-03T22:04:28.280Z","UAV 2",3
"ENMORT001","None","-",21.37454920,-157.73726779,"2026-08-03T22:04:28.280Z","UAV 2",3
"ENMORT002","None","-",21.37448557,-157.73696566,"2026-08-03T22:04:28.280Z","UAV 2",3
"ENMORT003","FFE-On-Location ""Location={-5498573.025370, -2251262.832114, 2311309.431241}""  Name of Weapons to Fire: Indirect-Fire-Gun:m9333he. Number-Of-Rounds: 1. Height-Above-Terrain: 0","-",21.37448817,-157.73726715,"2026-08-03T22:04:28.280Z","UAV 2",3
"ENCAESAR002","Move to {-5499444.816370, -2250654.663336, 2309957.213850}","-",21.37462633,-157.73891254,"2026-08-03T22:04:30.344Z","UAV 2",3
"ENMORT001","None","-",21.37454920,-157.73726779,"2026-08-03T22:04:30.344Z","UAV 2",3
"ENMORT002","None","-",21.37448557,-157.73696566,"2026-08-03T22:04:30.344Z","UAV 2",3
"ENMORT003","FFE-On-Location ""Location={-5498573.025370, -2251262.832114, 2311309.431241}""  Name of Weapons to Fire: Indirect-Fire-Gun:m9333he. Number-Of-Rounds: 1. Height-Above-Terrain: 0","-",21.37448817,-157.73726715,"2026-08-03T22:04:30.344Z","UAV 2",3
"ENCAESAR002","Move to {-5499444.816370, -2250654.663336, 2309957.213850}","-",21.37462633,-157.73891254,"2026-08-03T22:04:30.344Z","UAV 2",3
"ENMORT001","None","-",21.37454920,-157.73726779,"2026-08-03T22:04:30.344Z","UAV 2",3
"ENMORT002","None","-",21.37448557,-157.73696566,"2026-08-03T22:04:30.344Z","UAV 2",3
"ENMORT003","FFE-On-Location ""Location={-5498573.025370, -2251262.832114, 2311309.431241}""  Name of Weapons to Fire: Indirect-Fire-Gun:m9333he. Number-Of-Rounds: 1. Height-Above-Terrain: 0","-",21.37448817,-157.73726715,"2026-08-03T22:04:30.344Z","UAV 2",3
"ENCAESAR002","Move to {-5499444.816370, -2250654.663336, 2309957.213850}","-",21.37462633,-157.73891254,"2026-08-03T22:04:30.344Z","UAV 2",3
"ENMORT001","None","-",21.37454920,-157.73726779,"2026-08-03T22:04:30.344Z","UAV 2",3
"ENMORT002","None","-",21.37448557,-157.73696566,"2026-08-03T22:04:30.344Z","UAV 2",3
"ENMORT003","FFE-On-Location ""Location={-5498573.025370, -2251262.832114, 2311309.431241}""  Name of Weapons to Fire: Indirect-Fire-Gun:m9333he. Number-Of-Rounds: 1. Height-Above-Terrain: 0","-",21.37448817,-157.73726715,"2026-08-03T22:04:30.344Z","UAV 2",3
"ENCAESAR002","Move to {-5499444.816370, -2250654.663336, 2309957.213850}","-",21.37462633,-157.73891254,"2026-08-03T22:04:30.344Z","UAV 2",3
"ENMORT001","None","-",21.37454920,-157.73726779,"2026-08-03T22:04:30.344Z","UAV 2",3
"ENMORT002","None","-",21.37448557,-157.73696566,"2026-08-03T22:04:30.344Z","UAV 2",3
"ENMORT003","FFE-On-Location ""Location={-5498573.025370, -2251262.832114, 2311309.431241}""  Name of Weapons to Fire: Indirect-Fire-Gun:m9333he. Number-Of-Rounds: 1. Height-Above-Terrain: 0","-",21.37448817,-157.73726715,"2026-08-03T22:04:30.344Z","UAV 2",3
"ENCAESAR002","Move to {-5499444.816370, -2250654.663336, 2309957.213850}","-",21.37462633,-157.73891254,"2026-08-03T22:04:30.344Z","UAV 2",3
"ENMORT001","None","-",21.37454920,-157.73726779,"2026-08-03T22:04:30.344Z","UAV 2",3
"ENMORT002","None","-",21.37448557,-157.73696566,"2026-08-03T22:04:30.344Z","UAV 2",3
"ENMORT003","FFE-On-Location ""Location={-5498573.025370, -2251262.832114, 2311309.431241}""  Name of Weapons to Fire: Indirect-Fire-Gun:m9333he. Number-Of-Rounds: 1. Height-Above-Terrain: 0","-",21.37448817,-157.73726715,"2026-08-03T22:04:30.344Z","UAV 2",3
"ENCAESAR002","Move to {-5499444.816370, -2250654.663336, 2309957.213850}","-",21.37462667,-157.73891138,"2026-08-03T22:04:32.503Z","UAV 2",3
"ENMORT001","None","-",21.37454920,-157.73726779,"2026-08-03T22:04:32.503Z","UAV 2",3
"ENMORT002","None","-",21.37448557,-157.73696566,"2026-08-03T22:04:32.503Z","UAV 2",3
"ENMORT003","FFE-On-Location ""Location={-5498573.025370, -2251262.832114, 2311309.431241}""  Name of Weapons to Fire: Indirect-Fire-Gun:m9333he. Number-Of-Rounds: 1. Height-Above-Terrain: 0","-",21.37448817,-157.73726715,"2026-08-03T22:04:32.503Z","UAV 2",3
"ENCAESAR002","Move to {-5499444.816370, -2250654.663336, 2309957.213850}","-",21.37462667,-157.73891138,"2026-08-03T22:04:32.503Z","UAV 2",3
"ENMORT001","None","-",21.37454920,-157.73726779,"2026-08-03T22:04:32.503Z","UAV 2",3
"ENMORT002","None","-",21.37448557,-157.73696566,"2026-08-03T22:04:32.503Z","UAV 2",3
"ENMORT003","FFE-On-Location ""Location={-5498573.025370, -2251262.832114, 2311309.431241}""  Name of Weapons to Fire: Indirect-Fire-Gun:m9333he. Number-Of-Rounds: 1. Height-Above-Terrain: 0","-",21.37448817,-157.73726715,"2026-08-03T22:04:32.503Z","UAV 2",3
"ENCAESAR002","Move to {-5499444.816370, -2250654.663336, 2309957.213850}","-",21.37462667,-157.73891138,"2026-08-03T22:04:32.503Z","UAV 2",3
"ENMORT001","None","-",21.37454920,-157.73726779,"2026-08-03T22:04:32.503Z","UAV 2",3
"ENMORT002","None","-",21.37448557,-157.73696566,"2026-08-03T22:04:32.503Z","UAV 2",3
"ENMORT003","FFE-On-Location ""Location={-5498573.025370, -2251262.832114, 2311309.431241}""  Name of Weapons to Fire: Indirect-Fire-Gun:m9333he. Number-Of-Rounds: 1. Height-Above-Terrain: 0","-",21.37448817,-157.73726715,"2026-08-03T22:04:32.503Z","UAV 2",3
"ENCAESAR002","Move to {-5499444.816370, -2250654.663336, 2309957.213850}","-",21.37462667,-157.73891138,"2026-08-03T22:04:32.503Z","UAV 2",3
"ENMORT001","None","-",21.37454920,-157.73726779,"2026-08-03T22:04:32.503Z","UAV 2",3
"ENMORT002","None","-",21.37448557,-157.73696566,"2026-08-03T22:04:32.503Z","UAV 2",3
"ENMORT003","FFE-On-Location ""Location={-5498573.025370, -2251262.832114, 2311309.431241}""  Name of Weapons to Fire: Indirect-Fire-Gun:m9333he. Number-Of-Rounds: 1. Height-Above-Terrain: 0","-",21.37448817,-157.73726715,"2026-08-03T22:04:32.503Z","UAV 2",3
"ENCAESAR002","Move to {-5499444.816370, -2250654.663336, 2309957.213850}","-",21.37462667,-157.73891138,"2026-08-03T22:04:32.503Z","UAV 2",3
"ENMORT001","None","-",21.37454920,-157.73726779,"2026-08-03T22:04:32.503Z","UAV 2",3
"ENMORT002","None","-",21.37448557,-157.73696566,"2026-08-03T22:04:32.503Z","UAV 2",3
"ENMORT003","FFE-On-Location ""Location={-5498573.025370, -2251262.832114, 2311309.431241}""  Name of Weapons to Fire: Indirect-Fire-Gun:m9333he. Number-Of-Rounds: 1. Height-Above-Terrain: 0","-",21.37448817,-157.73726715,"2026-08-03T22:04:32.503Z","UAV 2",3
"ENCAESAR002","Move to {-5499444.816370, -2250654.663336, 2309957.213850}","-",21.37462610,-157.73891330,"2026-08-03T22:04:34.499Z","UAV 2",3
"ENMORT001","None","-",21.37454920,-157.73726779,"2026-08-03T22:04:34.499Z","UAV 2",3
"ENMORT002","None","-",21.37448557,-157.73696566,"2026-08-03T22:04:34.499Z","UAV 2",3
"ENMORT003","FFE-On-Location ""Location={-5498573.025370, -2251262.832114, 2311309.431241}""  Name of Weapons to Fire: Indirect-Fire-Gun:m9333he. Number-Of-Rounds: 1. Height-Above-Terrain: 0","-",21.37448817,-157.73726715,"2026-08-03T22:04:34.499Z","UAV 2",3
"FRT69002","Move to {-5499315.048189, -2250231.003964, 2310734.853397}","-",21.38072278,-157.73403053,"2026-08-03T22:04:34.499Z","UAV 2",3
"ENCAESAR002","Move to {-5499444.816370, -2250654.663336, 2309957.213850}","-",21.37462610,-157.73891330,"2026-08-03T22:04:34.499Z","UAV 2",3
"ENMORT001","None","-",21.37454920,-157.73726779,"2026-08-03T22:04:34.499Z","UAV 2",3
"ENMORT002","None","-",21.37448557,-157.73696566,"2026-08-03T22:04:34.499Z","UAV 2",3
"ENMORT003","FFE-On-Location ""Location={-5498573.025370, -2251262.832114, 2311309.431241}""  Name of Weapons to Fire: Indirect-Fire-Gun:m9333he. Number-Of-Rounds: 1. Height-Above-Terrain: 0","-",21.37448817,-157.73726715,"2026-08-03T22:04:34.499Z","UAV 2",3
"FRT69002","Move to {-5499315.048189, -2250231.003964, 2310734.853397}","-",21.38072278,-157.73403053,"2026-08-03T22:04:34.499Z","UAV 2",3
"ENCAESAR002","Move to {-5499444.816370, -2250654.663336, 2309957.213850}","-",21.37462610,-157.73891330,"2026-08-03T22:04:34.499Z","UAV 2",3
"ENMORT001","None","-",21.37454920,-157.73726779,"2026-08-03T22:04:34.499Z","UAV 2",3
"ENMORT002","None","-",21.37448557,-157.73696566,"2026-08-03T22:04:34.499Z","UAV 2",3
"ENMORT003","FFE-On-Location ""Location={-5498573.025370, -2251262.832114, 2311309.431241}""  Name of Weapons to Fire: Indirect-Fire-Gun:m9333he. Number-Of-Rounds: 1. Height-Above-Terrain: 0","-",21.37448817,-157.73726715,"2026-08-03T22:04:34.499Z","UAV 2",3
"FRT69002","Move to {-5499315.048189, -2250231.003964, 2310734.853397}","-",21.38072278,-157.73403053,"2026-08-03T22:04:34.499Z","UAV 2",3
"ENCAESAR002","Move to {-5499444.816370, -2250654.663336, 2309957.213850}","-",21.37462610,-157.73891330,"2026-08-03T22:04:34.499Z","UAV 2",3
"ENMORT001","None","-",21.37454920,-157.73726779,"2026-08-03T22:04:34.499Z","UAV 2",3
"ENMORT002","None","-",21.37448557,-157.73696566,"2026-08-03T22:04:34.499Z","UAV 2",3
"ENMORT003","FFE-On-Location ""Location={-5498573.025370, -2251262.832114, 2311309.431241}""  Name of Weapons to Fire: Indirect-Fire-Gun:m9333he. Number-Of-Rounds: 1. Height-Above-Terrain: 0","-",21.37448817,-157.73726715,"2026-08-03T22:04:34.499Z","UAV 2",3
"FRT69002","Move to {-5499315.048189, -2250231.003964, 2310734.853397}","-",21.38072278,-157.73403053,"2026-08-03T22:04:34.499Z","UAV 2",3
"ENCAESAR002","Move to {-5499444.816370, -2250654.663336, 2309957.213850}","-",21.37462610,-157.73891330,"2026-08-03T22:04:34.499Z","UAV 2",3
"ENMORT001","None","-",21.37454920,-157.73726779,"2026-08-03T22:04:34.499Z","UAV 2",3
"ENMORT002","None","-",21.37448557,-157.73696566,"2026-08-03T22:04:34.499Z","UAV 2",3
"ENMORT003","FFE-On-Location ""Location={-5498573.025370, -2251262.832114, 2311309.431241}""  Name of Weapons to Fire: Indirect-Fire-Gun:m9333he. Number-Of-Rounds: 1. Height-Above-Terrain: 0","-",21.37448817,-157.73726715,"2026-08-03T22:04:34.499Z","UAV 2",3
"FRT69002","Move to {-5499315.048189, -2250231.003964, 2310734.853397}","-",21.38072278,-157.73403053,"2026-08-03T22:04:34.499Z","UAV 2",3
"ENMORT001","None","-",21.37454920,-157.73726779,"2026-08-03T22:04:36.592Z","UAV 2",3
"ENMORT002","None","-",21.37448557,-157.73696566,"2026-08-03T22:04:36.592Z","UAV 2",3
"ENMORT003","FFE-On-Location ""Location={-5498573.025370, -2251262.832114, 2311309.431241}""  Name of Weapons to Fire: Indirect-Fire-Gun:m9333he. Number-Of-Rounds: 1. Height-Above-Terrain: 0","-",21.37448817,-157.73726715,"2026-08-03T22:04:36.592Z","UAV 2",3
"FRT69002","Move to {-5499315.048189, -2250231.003964, 2310734.853397}","-",21.38072278,-157.73403053,"2026-08-03T22:04:36.592Z","UAV 2",3
"FRT69001","Move to {-5499315.048189, -2250231.003964, 2310734.853397}","-",21.38090613,-157.73399394,"2026-08-03T22:04:36.592Z","UAV 2",3
"FRT69003","Move to {-5499315.048189, -2250231.003964, 2310734.853397}","-",21.38103505,-157.73401260,"2026-08-03T22:04:36.592Z","UAV 2",3
"ENMORT001","None","-",21.37454920,-157.73726779,"2026-08-03T22:04:36.592Z","UAV 2",3
"ENMORT002","None","-",21.37448557,-157.73696566,"2026-08-03T22:04:36.592Z","UAV 2",3
"ENMORT003","FFE-On-Location ""Location={-5498573.025370, -2251262.832114, 2311309.431241}""  Name of Weapons to Fire: Indirect-Fire-Gun:m9333he. Number-Of-Rounds: 1. Height-Above-Terrain: 0","-",21.37448817,-157.73726715,"2026-08-03T22:04:36.592Z","UAV 2",3
"FRT69002","Move to {-5499315.048189, -2250231.003964, 2310734.853397}","-",21.38072278,-157.73403053,"2026-08-03T22:04:36.592Z","UAV 2",3
"FRT69001","Move to {-5499315.048189, -2250231.003964, 2310734.853397}","-",21.38090613,-157.73399394,"2026-08-03T22:04:36.592Z","UAV 2",3
"FRT69003","Move to {-5499315.048189, -2250231.003964, 2310734.853397}","-",21.38103505,-157.73401260,"2026-08-03T22:04:36.592Z","UAV 2",3
"ENMORT001","None","-",21.37454920,-157.73726779,"2026-08-03T22:04:36.592Z","UAV 2",3
"ENMORT002","None","-",21.37448557,-157.73696566,"2026-08-03T22:04:36.592Z","UAV 2",3
"ENMORT003","FFE-On-Location ""Location={-5498573.025370, -2251262.832114, 2311309.431241}""  Name of Weapons to Fire: Indirect-Fire-Gun:m9333he. Number-Of-Rounds: 1. Height-Above-Terrain: 0","-",21.37448817,-157.73726715,"2026-08-03T22:04:36.592Z","UAV 2",3
"FRT69002","Move to {-5499315.048189, -2250231.003964, 2310734.853397}","-",21.38072278,-157.73403053,"2026-08-03T22:04:36.592Z","UAV 2",3
"FRT69001","Move to {-5499315.048189, -2250231.003964, 2310734.853397}","-",21.38090613,-157.73399394,"2026-08-03T22:04:36.592Z","UAV 2",3
"FRT69003","Move to {-5499315.048189, -2250231.003964, 2310734.853397}","-",21.38103505,-157.73401260,"2026-08-03T22:04:36.592Z","UAV 2",3
"ENMORT001","None","-",21.37454920,-157.73726779,"2026-08-03T22:04:36.592Z","UAV 2",3
"ENMORT002","None","-",21.37448557,-157.73696566,"2026-08-03T22:04:36.592Z","UAV 2",3
"ENMORT003","FFE-On-Location ""Location={-5498573.025370, -2251262.832114, 2311309.431241}""  Name of Weapons to Fire: Indirect-Fire-Gun:m9333he. Number-Of-Rounds: 1. Height-Above-Terrain: 0","-",21.37448817,-157.73726715,"2026-08-03T22:04:36.592Z","UAV 2",3
"FRT69002","Move to {-5499315.048189, -2250231.003964, 2310734.853397}","-",21.38072278,-157.73403053,"2026-08-03T22:04:36.592Z","UAV 2",3
"FRT69001","Move to {-5499315.048189, -2250231.003964, 2310734.853397}","-",21.38090613,-157.73399394,"2026-08-03T22:04:36.592Z","UAV 2",3
"FRT69003","Move to {-5499315.048189, -2250231.003964, 2310734.853397}","-",21.38103505,-157.73401260,"2026-08-03T22:04:36.592Z","UAV 2",3
"ENMORT001","None","-",21.37454920,-157.73726779,"2026-08-03T22:04:36.592Z","UAV 2",3
"ENMORT002","None","-",21.37448557,-157.73696566,"2026-08-03T22:04:36.592Z","UAV 2",3
"ENMORT003","FFE-On-Location ""Location={-5498573.025370, -2251262.832114, 2311309.431241}""  Name of Weapons to Fire: Indirect-Fire-Gun:m9333he. Number-Of-Rounds: 1. Height-Above-Terrain: 0","-",21.37448817,-157.73726715,"2026-08-03T22:04:36.592Z","UAV 2",3
"FRT69002","Move to {-5499315.048189, -2250231.003964, 2310734.853397}","-",21.38072278,-157.73403053,"2026-08-03T22:04:36.592Z","UAV 2",3
"FRT69001","Move to {-5499315.048189, -2250231.003964, 2310734.853397}","-",21.38090613,-157.73399394,"2026-08-03T22:04:36.592Z","UAV 2",3
"FRT69003","Move to {-5499315.048189, -2250231.003964, 2310734.853397}","-",21.38103505,-157.73401260,"2026-08-03T22:04:36.592Z","UAV 2",3
"ENMORT001","None","-",21.37454920,-157.73726779,"2026-08-03T22:04:36.592Z","UAV 2",3
"ENMORT002","None","-",21.37448557,-157.73696566,"2026-08-03T22:04:36.592Z","UAV 2",3
"ENMORT003","FFE-On-Location ""Location={-5498573.025370, -2251262.832114, 2311309.431241}""  Name of Weapons to Fire: Indirect-Fire-Gun:m9333he. Number-Of-Rounds: 1. Height-Above-Terrain: 0","-",21.37448817,-157.73726715,"2026-08-03T22:04:36.592Z","UAV 2",3
"FRT69002","Move to {-5499315.048189, -2250231.003964, 2310734.853397}","-",21.38072278,-157.73403053,"2026-08-03T22:04:36.592Z","UAV 2",3
"FRT69001","Move to {-5499315.048189, -2250231.003964, 2310734.853397}","-",21.38090613,-157.73399394,"2026-08-03T22:04:36.592Z","UAV 2",3
"FRT69003","Move to {-5499315.048189, -2250231.003964, 2310734.853397}","-",21.38103505,-157.73401260,"2026-08-03T22:04:36.592Z","UAV 2",3
"ENMORT001","None","-",21.37454920,-157.73726779,"2026-08-03T22:04:38.658Z","UAV 2",3
"ENMORT002","None","-",21.37448557,-157.73696566,"2026-08-03T22:04:38.658Z","UAV 2",3
"ENMORT003","FFE-On-Location ""Location={-5498573.025370, -2251262.832114, 2311309.431241}""  Name of Weapons to Fire: Indirect-Fire-Gun:m9333he. Number-Of-Rounds: 1. Height-Above-Terrain: 0","-",21.37448817,-157.73726715,"2026-08-03T22:04:38.658Z","UAV 2",3
"FRT69002","Move to {-5499315.048189, -2250231.003964, 2310734.853397}","-",21.38072278,-157.73403052,"2026-08-03T22:04:38.658Z","UAV 2",3
"FRT69001","Move to {-5499315.048189, -2250231.003964, 2310734.853397}","-",21.38090613,-157.73399393,"2026-08-03T22:04:38.658Z","UAV 2",3
"FRT69003","Move to {-5499315.048189, -2250231.003964, 2310734.853397}","-",21.38103505,-157.73401260,"2026-08-03T22:04:38.658Z","UAV 2",3
"ENMORT001","None","-",21.37454920,-157.73726779,"2026-08-03T22:04:38.658Z","UAV 2",3
"ENMORT002","None","-",21.37448557,-157.73696566,"2026-08-03T22:04:38.658Z","UAV 2",3
"ENMORT003","FFE-On-Location ""Location={-5498573.025370, -2251262.832114, 2311309.431241}""  Name of Weapons to Fire: Indirect-Fire-Gun:m9333he. Number-Of-Rounds: 1. Height-Above-Terrain: 0","-",21.37448817,-157.73726715,"2026-08-03T22:04:38.658Z","UAV 2",3
"FRT69002","Move to {-5499315.048189, -2250231.003964, 2310734.853397}","-",21.38072278,-157.73403052,"2026-08-03T22:04:38.658Z","UAV 2",3
"FRT69001","Move to {-5499315.048189, -2250231.003964, 2310734.853397}","-",21.38090613,-157.73399393,"2026-08-03T22:04:38.658Z","UAV 2",3
"FRT69003","Move to {-5499315.048189, -2250231.003964, 2310734.853397}","-",21.38103505,-157.73401260,"2026-08-03T22:04:38.658Z","UAV 2",3
"ENMORT001","None","-",21.37454920,-157.73726779,"2026-08-03T22:04:38.658Z","UAV 2",3
"ENMORT002","None","-",21.37448557,-157.73696566,"2026-08-03T22:04:38.658Z","UAV 2",3
"ENMORT003","FFE-On-Location ""Location={-5498573.025370, -2251262.832114, 2311309.431241}""  Name of Weapons to Fire: Indirect-Fire-Gun:m9333he. Number-Of-Rounds: 1. Height-Above-Terrain: 0","-",21.37448817,-157.73726715,"2026-08-03T22:04:38.658Z","UAV 2",3
"FRT69002","Move to {-5499315.048189, -2250231.003964, 2310734.853397}","-",21.38072278,-157.73403052,"2026-08-03T22:04:38.658Z","UAV 2",3
"FRT69001","Move to {-5499315.048189, -2250231.003964, 2310734.853397}","-",21.38090613,-157.73399393,"2026-08-03T22:04:38.658Z","UAV 2",3
"FRT69003","Move to {-5499315.048189, -2250231.003964, 2310734.853397}","-",21.38103505,-157.73401260,"2026-08-03T22:04:38.658Z","UAV 2",3
"ENMORT001","None","-",21.37454920,-157.73726779,"2026-08-03T22:04:38.658Z","UAV 2",3
"ENMORT002","None","-",21.37448557,-157.73696566,"2026-08-03T22:04:38.658Z","UAV 2",3
"ENMORT003","FFE-On-Location ""Location={-5498573.025370, -2251262.832114, 2311309.431241}""  Name of Weapons to Fire: Indirect-Fire-Gun:m9333he. Number-Of-Rounds: 1. Height-Above-Terrain: 0","-",21.37448817,-157.73726715,"2026-08-03T22:04:38.658Z","UAV 2",3
"FRT69002","Move to {-5499315.048189, -2250231.003964, 2310734.853397}","-",21.38072278,-157.73403052,"2026-08-03T22:04:38.658Z","UAV 2",3
"FRT69001","Move to {-5499315.048189, -2250231.003964, 2310734.853397}","-",21.38090613,-157.73399393,"2026-08-03T22:04:38.658Z","UAV 2",3
"FRT69003","Move to {-5499315.048189, -2250231.003964, 2310734.853397}","-",21.38103505,-157.73401260,"2026-08-03T22:04:38.658Z","UAV 2",3
"ENMORT001","None","-",21.37454920,-157.73726779,"2026-08-03T22:04:38.658Z","UAV 2",3
"ENMORT002","None","-",21.37448557,-157.73696566,"2026-08-03T22:04:38.658Z","UAV 2",3
"ENMORT003","FFE-On-Location ""Location={-5498573.025370, -2251262.832114, 2311309.431241}""  Name of Weapons to Fire: Indirect-Fire-Gun:m9333he. Number-Of-Rounds: 1. Height-Above-Terrain: 0","-",21.37448817,-157.73726715,"2026-08-03T22:04:38.658Z","UAV 2",3
"FRT69002","Move to {-5499315.048189, -2250231.003964, 2310734.853397}","-",21.38072278,-157.73403052,"2026-08-03T22:04:38.658Z","UAV 2",3
"FRT69001","Move to {-5499315.048189, -2250231.003964, 2310734.853397}","-",21.38090613,-157.73399393,"2026-08-03T22:04:38.658Z","UAV 2",3
"FRT69003","Move to {-5499315.048189, -2250231.003964, 2310734.853397}","-",21.38103505,-157.73401260,"2026-08-03T22:04:38.658Z","UAV 2",3
"FRT69002","Move to {-5499315.048189, -2250231.003964, 2310734.853397}","-",21.38072278,-157.73403052,"2026-08-03T22:04:40.717Z","UAV 2",3
"FRT69001","Move to {-5499315.048189, -2250231.003964, 2310734.853397}","-",21.38090613,-157.73399393,"2026-08-03T22:04:40.717Z","UAV 2",3
"FRT69003","Move to {-5499315.048189, -2250231.003964, 2310734.853397}","-",21.38103505,-157.73401260,"2026-08-03T22:04:40.717Z","UAV 2",3
"FRT69002","Move to {-5499315.048189, -2250231.003964, 2310734.853397}","-",21.38072278,-157.73403052,"2026-08-03T22:04:40.717Z","UAV 2",3
"FRT69001","Move to {-5499315.048189, -2250231.003964, 2310734.853397}","-",21.38090613,-157.73399393,"2026-08-03T22:04:40.717Z","UAV 2",3
"FRT69003","Move to {-5499315.048189, -2250231.003964, 2310734.853397}","-",21.38103505,-157.73401260,"2026-08-03T22:04:40.717Z","UAV 2",3
"FRT69002","Move to {-5499315.048189, -2250231.003964, 2310734.853397}","-",21.38072278,-157.73403052,"2026-08-03T22:04:40.717Z","UAV 2",3
"FRT69001","Move to {-5499315.048189, -2250231.003964, 2310734.853397}","-",21.38090613,-157.73399393,"2026-08-03T22:04:40.717Z","UAV 2",3
"FRT69003","Move to {-5499315.048189, -2250231.003964, 2310734.853397}","-",21.38103505,-157.73401260,"2026-08-03T22:04:40.717Z","UAV 2",3
"FRT69002","Move to {-5499315.048189, -2250231.003964, 2310734.853397}","-",21.38072278,-157.73403052,"2026-08-03T22:04:40.717Z","UAV 2",3
"FRT69001","Move to {-5499315.048189, -2250231.003964, 2310734.853397}","-",21.38090613,-157.73399393,"2026-08-03T22:04:40.717Z","UAV 2",3
"FRT69003","Move to {-5499315.048189, -2250231.003964, 2310734.853397}","-",21.38103505,-157.73401260,"2026-08-03T22:04:40.717Z","UAV 2",3
"FRT69002","Move to {-5499315.048189, -2250231.003964, 2310734.853397}","-",21.38072278,-157.73403052,"2026-08-03T22:04:40.717Z","UAV 2",3
"FRT69001","Move to {-5499315.048189, -2250231.003964, 2310734.853397}","-",21.38090613,-157.73399393,"2026-08-03T22:04:40.717Z","UAV 2",3
"FRT69003","Move to {-5499315.048189, -2250231.003964, 2310734.853397}","-",21.38103505,-157.73401260,"2026-08-03T22:04:40.717Z","UAV 2",3
"FRT69002","Move to {-5499315.048189, -2250231.003964, 2310734.853397}","-",21.38072278,-157.73403052,"2026-08-03T22:04:42.818Z","UAV 2",3
"FRT69001","Move to {-5499315.048189, -2250231.003964, 2310734.853397}","-",21.38090613,-157.73399393,"2026-08-03T22:04:42.818Z","UAV 2",3
"FRT69003","Move to {-5499315.048189, -2250231.003964, 2310734.853397}","-",21.38103505,-157.73401260,"2026-08-03T22:04:42.818Z","UAV 2",3
"FRT69002","Move to {-5499315.048189, -2250231.003964, 2310734.853397}","-",21.38072278,-157.73403052,"2026-08-03T22:04:42.818Z","UAV 2",3
"FRT69001","Move to {-5499315.048189, -2250231.003964, 2310734.853397}","-",21.38090613,-157.73399393,"2026-08-03T22:04:42.818Z","UAV 2",3
"FRT69003","Move to {-5499315.048189, -2250231.003964, 2310734.853397}","-",21.38103505,-157.73401260,"2026-08-03T22:04:42.818Z","UAV 2",3
"FRT69002","Move to {-5499315.048189, -2250231.003964, 2310734.853397}","-",21.38072278,-157.73403052,"2026-08-03T22:04:42.818Z","UAV 2",3
"FRT69001","Move to {-5499315.048189, -2250231.003964, 2310734.853397}","-",21.38090613,-157.73399393,"2026-08-03T22:04:42.818Z","UAV 2",3
"FRT69003","Move to {-5499315.048189, -2250231.003964, 2310734.853397}","-",21.38103505,-157.73401260,"2026-08-03T22:04:42.818Z","UAV 2",3
"FRT69002","Move to {-5499315.048189, -2250231.003964, 2310734.853397}","-",21.38072278,-157.73403052,"2026-08-03T22:04:42.818Z","UAV 2",3
"FRT69001","Move to {-5499315.048189, -2250231.003964, 2310734.853397}","-",21.38090613,-157.73399393,"2026-08-03T22:04:42.818Z","UAV 2",3
"FRT69003","Move to {-5499315.048189, -2250231.003964, 2310734.853397}","-",21.38103505,-157.73401260,"2026-08-03T22:04:42.818Z","UAV 2",3
"FRT69002","Move to {-5499315.048189, -2250231.003964, 2310734.853397}","-",21.38072278,-157.73403052,"2026-08-03T22:04:42.818Z","UAV 2",3
"FRT69001","Move to {-5499315.048189, -2250231.003964, 2310734.853397}","-",21.38090613,-157.73399393,"2026-08-03T22:04:42.818Z","UAV 2",3
"FRT69003","Move to {-5499315.048189, -2250231.003964, 2310734.853397}","-",21.38103505,-157.73401260,"2026-08-03T22:04:42.818Z","UAV 2",3
"FRT69002","Move to {-5499315.048189, -2250231.003964, 2310734.853397}","-",21.38072278,-157.73403052,"2026-08-03T22:04:42.818Z","UAV 2",3
"FRT69001","Move to {-5499315.048189, -2250231.003964, 2310734.853397}","-",21.38090613,-157.73399393,"2026-08-03T22:04:42.818Z","UAV 2",3
"FRT69003","Move to {-5499315.048189, -2250231.003964, 2310734.853397}","-",21.38103505,-157.73401260,"2026-08-03T22:04:42.818Z","UAV 2",3
"FRT69002","Move to {-5499315.048189, -2250231.003964, 2310734.853397}","-",21.38072278,-157.73403052,"2026-08-03T22:04:44.885Z","UAV 2",3
"FRT69001","Move to {-5499315.048189, -2250231.003964, 2310734.853397}","-",21.38090613,-157.73399393,"2026-08-03T22:04:44.885Z","UAV 2",3
"FRT69003","Move to {-5499315.048189, -2250231.003964, 2310734.853397}","-",21.38103505,-157.73401260,"2026-08-03T22:04:44.885Z","UAV 2",3
"FRT69002","Move to {-5499315.048189, -2250231.003964, 2310734.853397}","-",21.38072278,-157.73403052,"2026-08-03T22:04:44.885Z","UAV 2",3
"FRT69001","Move to {-5499315.048189, -2250231.003964, 2310734.853397}","-",21.38090613,-157.73399393,"2026-08-03T22:04:44.885Z","UAV 2",3
"FRT69003","Move to {-5499315.048189, -2250231.003964, 2310734.853397}","-",21.38103505,-157.73401260,"2026-08-03T22:04:44.885Z","UAV 2",3
"FRT69002","Move to {-5499315.048189, -2250231.003964, 2310734.853397}","-",21.38072278,-157.73403052,"2026-08-03T22:04:44.885Z","UAV 2",3
"FRT69001","Move to {-5499315.048189, -2250231.003964, 2310734.853397}","-",21.38090613,-157.73399393,"2026-08-03T22:04:44.885Z","UAV 2",3
"FRT69003","Move to {-5499315.048189, -2250231.003964, 2310734.853397}","-",21.38103505,-157.73401260,"2026-08-03T22:04:44.885Z","UAV 2",3
"FRT69002","Move to {-5499315.048189, -2250231.003964, 2310734.853397}","-",21.38072278,-157.73403052,"2026-08-03T22:04:44.885Z","UAV 2",3
"FRT69001","Move to {-5499315.048189, -2250231.003964, 2310734.853397}","-",21.38090613,-157.73399393,"2026-08-03T22:04:44.885Z","UAV 2",3
"FRT69003","Move to {-5499315.048189, -2250231.003964, 2310734.853397}","-",21.38103505,-157.73401260,"2026-08-03T22:04:44.885Z","UAV 2",3
"FRT69002","Move to {-5499315.048189, -2250231.003964, 2310734.853397}","-",21.38072278,-157.73403052,"2026-08-03T22:04:44.885Z","UAV 2",3
"FRT69001","Move to {-5499315.048189, -2250231.003964, 2310734.853397}","-",21.38090613,-157.73399393,"2026-08-03T22:04:44.885Z","UAV 2",3
"FRT69003","Move to {-5499315.048189, -2250231.003964, 2310734.853397}","-",21.38103505,-157.73401260,"2026-08-03T22:04:44.885Z","UAV 2",3
"FRT69002","Move to {-5499315.048189, -2250231.003964, 2310734.853397}","-",21.38072278,-157.73403052,"2026-08-03T22:04:46.929Z","UAV 2",3
"FRT69001","Move to {-5499315.048189, -2250231.003964, 2310734.853397}","-",21.38090613,-157.73399393,"2026-08-03T22:04:46.929Z","UAV 2",3
"FRT69003","Move to {-5499315.048189, -2250231.003964, 2310734.853397}","-",21.38103505,-157.73401259,"2026-08-03T22:04:46.929Z","UAV 2",3
"FRT69002","Move to {-5499315.048189, -2250231.003964, 2310734.853397}","-",21.38072278,-157.73403052,"2026-08-03T22:04:46.929Z","UAV 2",3
"FRT69001","Move to {-5499315.048189, -2250231.003964, 2310734.853397}","-",21.38090613,-157.73399393,"2026-08-03T22:04:46.929Z","UAV 2",3
"FRT69003","Move to {-5499315.048189, -2250231.003964, 2310734.853397}","-",21.38103505,-157.73401259,"2026-08-03T22:04:46.929Z","UAV 2",3
"FRT69002","Move to {-5499315.048189, -2250231.003964, 2310734.853397}","-",21.38072278,-157.73403052,"2026-08-03T22:04:46.929Z","UAV 2",3
"FRT69001","Move to {-5499315.048189, -2250231.003964, 2310734.853397}","-",21.38090613,-157.73399393,"2026-08-03T22:04:46.929Z","UAV 2",3
"FRT69003","Move to {-5499315.048189, -2250231.003964, 2310734.853397}","-",21.38103505,-157.73401259,"2026-08-03T22:04:46.929Z","UAV 2",3
"FRT69002","Move to {-5499315.048189, -2250231.003964, 2310734.853397}","-",21.38072278,-157.73403052,"2026-08-03T22:04:46.929Z","UAV 2",3
"FRT69001","Move to {-5499315.048189, -2250231.003964, 2310734.853397}","-",21.38090613,-157.73399393,"2026-08-03T22:04:46.929Z","UAV 2",3
"FRT69003","Move to {-5499315.048189, -2250231.003964, 2310734.853397}","-",21.38103505,-157.73401259,"2026-08-03T22:04:46.929Z","UAV 2",3
"FRT69002","Move to {-5499315.048189, -2250231.003964, 2310734.853397}","-",21.38072278,-157.73403052,"2026-08-03T22:04:46.929Z","UAV 2",3
"FRT69001","Move to {-5499315.048189, -2250231.003964, 2310734.853397}","-",21.38090613,-157.73399393,"2026-08-03T22:04:46.929Z","UAV 2",3
"FRT69003","Move to {-5499315.048189, -2250231.003964, 2310734.853397}","-",21.38103505,-157.73401259,"2026-08-03T22:04:46.929Z","UAV 2",3
"FRT69002","Move to {-5499315.048189, -2250231.003964, 2310734.853397}","-",21.38072278,-157.73403052,"2026-08-03T22:04:46.929Z","UAV 2",3
"FRT69001","Move to {-5499315.048189, -2250231.003964, 2310734.853397}","-",21.38090613,-157.73399393,"2026-08-03T22:04:46.929Z","UAV 2",3
"FRT69003","Move to {-5499315.048189, -2250231.003964, 2310734.853397}","-",21.38103505,-157.73401259,"2026-08-03T22:04:46.929Z","UAV 2",3
"FRT69002","Move to {-5499315.048189, -2250231.003964, 2310734.853397}","-",21.38072278,-157.73403051,"2026-08-03T22:04:48.999Z","UAV 2",3
"FRT69001","Move to {-5499315.048189, -2250231.003964, 2310734.853397}","-",21.38090613,-157.73399392,"2026-08-03T22:04:48.999Z","UAV 2",3
"FRT69003","Move to {-5499315.048189, -2250231.003964, 2310734.853397}","-",21.38103505,-157.73401259,"2026-08-03T22:04:48.999Z","UAV 2",3
"FRT69002","Move to {-5499315.048189, -2250231.003964, 2310734.853397}","-",21.38072278,-157.73403051,"2026-08-03T22:04:48.999Z","UAV 2",3
"FRT69001","Move to {-5499315.048189, -2250231.003964, 2310734.853397}","-",21.38090613,-157.73399392,"2026-08-03T22:04:48.999Z","UAV 2",3
"FRT69003","Move to {-5499315.048189, -2250231.003964, 2310734.853397}","-",21.38103505,-157.73401259,"2026-08-03T22:04:48.999Z","UAV 2",3
"FRT69002","Move to {-5499315.048189, -2250231.003964, 2310734.853397}","-",21.38072278,-157.73403051,"2026-08-03T22:04:48.999Z","UAV 2",3
"FRT69001","Move to {-5499315.048189, -2250231.003964, 2310734.853397}","-",21.38090613,-157.73399392,"2026-08-03T22:04:48.999Z","UAV 2",3
"FRT69003","Move to {-5499315.048189, -2250231.003964, 2310734.853397}","-",21.38103505,-157.73401259,"2026-08-03T22:04:48.999Z","UAV 2",3
"FRT69002","Move to {-5499315.048189, -2250231.003964, 2310734.853397}","-",21.38072278,-157.73403051,"2026-08-03T22:04:48.999Z","UAV 2",3
"FRT69001","Move to {-5499315.048189, -2250231.003964, 2310734.853397}","-",21.38090613,-157.73399392,"2026-08-03T22:04:48.999Z","UAV 2",3
"FRT69003","Move to {-5499315.048189, -2250231.003964, 2310734.853397}","-",21.38103505,-157.73401259,"2026-08-03T22:04:48.999Z","UAV 2",3
"FRT69002","Move to {-5499315.048189, -2250231.003964, 2310734.853397}","-",21.38072278,-157.73403051,"2026-08-03T22:04:48.999Z","UAV 2",3
"FRT69001","Move to {-5499315.048189, -2250231.003964, 2310734.853397}","-",21.38090613,-157.73399392,"2026-08-03T22:04:48.999Z","UAV 2",3
"FRT69003","Move to {-5499315.048189, -2250231.003964, 2310734.853397}","-",21.38103505,-157.73401259,"2026-08-03T22:04:48.999Z","UAV 2",3
"FRT69002","Move to {-5499315.048189, -2250231.003964, 2310734.853397}","-",21.38072278,-157.73403051,"2026-08-03T22:04:51.074Z","UAV 2",3
"FRT69001","Move to {-5499315.048189, -2250231.003964, 2310734.853397}","-",21.38090613,-157.73399392,"2026-08-03T22:04:51.074Z","UAV 2",3
"FRT69003","Move to {-5499315.048189, -2250231.003964, 2310734.853397}","-",21.38103505,-157.73401259,"2026-08-03T22:04:51.074Z","UAV 2",3
"FRT69002","Move to {-5499315.048189, -2250231.003964, 2310734.853397}","-",21.38072278,-157.73403051,"2026-08-03T22:04:51.074Z","UAV 2",3
"FRT69001","Move to {-5499315.048189, -2250231.003964, 2310734.853397}","-",21.38090613,-157.73399392,"2026-08-03T22:04:51.074Z","UAV 2",3
"FRT69003","Move to {-5499315.048189, -2250231.003964, 2310734.853397}","-",21.38103505,-157.73401259,"2026-08-03T22:04:51.074Z","UAV 2",3
"FRT69002","Move to {-5499315.048189, -2250231.003964, 2310734.853397}","-",21.38072278,-157.73403051,"2026-08-03T22:04:51.074Z","UAV 2",3
"FRT69001","Move to {-5499315.048189, -2250231.003964, 2310734.853397}","-",21.38090613,-157.73399392,"2026-08-03T22:04:51.074Z","UAV 2",3
"FRT69003","Move to {-5499315.048189, -2250231.003964, 2310734.853397}","-",21.38103505,-157.73401259,"2026-08-03T22:04:51.074Z","UAV 2",3
"FRT69002","Move to {-5499315.048189, -2250231.003964, 2310734.853397}","-",21.38072278,-157.73403051,"2026-08-03T22:04:51.074Z","UAV 2",3
"FRT69001","Move to {-5499315.048189, -2250231.003964, 2310734.853397}","-",21.38090613,-157.73399392,"2026-08-03T22:04:51.074Z","UAV 2",3
"FRT69003","Move to {-5499315.048189, -2250231.003964, 2310734.853397}","-",21.38103505,-157.73401259,"2026-08-03T22:04:51.074Z","UAV 2",3
"FRT69002","Move to {-5499315.048189, -2250231.003964, 2310734.853397}","-",21.38072278,-157.73403051,"2026-08-03T22:04:51.074Z","UAV 2",3
"FRT69001","Move to {-5499315.048189, -2250231.003964, 2310734.853397}","-",21.38090613,-157.73399392,"2026-08-03T22:04:51.074Z","UAV 2",3
"FRT69003","Move to {-5499315.048189, -2250231.003964, 2310734.853397}","-",21.38103505,-157.73401259,"2026-08-03T22:04:51.074Z","UAV 2",3
"FRT69002","Move to {-5499315.048189, -2250231.003964, 2310734.853397}","-",21.38072278,-157.73403051,"2026-08-03T22:04:51.074Z","UAV 2",3
"FRT69001","Move to {-5499315.048189, -2250231.003964, 2310734.853397}","-",21.38090613,-157.73399392,"2026-08-03T22:04:51.074Z","UAV 2",3
"FRT69003","Move to {-5499315.048189, -2250231.003964, 2310734.853397}","-",21.38103505,-157.73401259,"2026-08-03T22:04:51.074Z","UAV 2",3
"FRT69002","Move to {-5499315.048189, -2250231.003964, 2310734.853397}","-",21.38072278,-157.73403051,"2026-08-03T22:04:53.078Z","UAV 2",3
"FRT69001","Move to {-5499315.048189, -2250231.003964, 2310734.853397}","-",21.38090613,-157.73399392,"2026-08-03T22:04:53.078Z","UAV 2",3
"FRT69003","Move to {-5499315.048189, -2250231.003964, 2310734.853397}","-",21.38103505,-157.73401259,"2026-08-03T22:04:53.078Z","UAV 2",3
"FRT69002","Move to {-5499315.048189, -2250231.003964, 2310734.853397}","-",21.38072278,-157.73403051,"2026-08-03T22:04:53.078Z","UAV 2",3
"FRT69001","Move to {-5499315.048189, -2250231.003964, 2310734.853397}","-",21.38090613,-157.73399392,"2026-08-03T22:04:53.078Z","UAV 2",3
"FRT69003","Move to {-5499315.048189, -2250231.003964, 2310734.853397}","-",21.38103505,-157.73401259,"2026-08-03T22:04:53.078Z","UAV 2",3
"FRT69002","Move to {-5499315.048189, -2250231.003964, 2310734.853397}","-",21.38072278,-157.73403051,"2026-08-03T22:04:53.078Z","UAV 2",3
"FRT69001","Move to {-5499315.048189, -2250231.003964, 2310734.853397}","-",21.38090613,-157.73399392,"2026-08-03T22:04:53.078Z","UAV 2",3
"FRT69003","Move to {-5499315.048189, -2250231.003964, 2310734.853397}","-",21.38103505,-157.73401259,"2026-08-03T22:04:53.078Z","UAV 2",3
"FRT69002","Move to {-5499315.048189, -2250231.003964, 2310734.853397}","-",21.38072278,-157.73403051,"2026-08-03T22:04:53.078Z","UAV 2",3
"FRT69001","Move to {-5499315.048189, -2250231.003964, 2310734.853397}","-",21.38090613,-157.73399392,"2026-08-03T22:04:53.078Z","UAV 2",3
"FRT69003","Move to {-5499315.048189, -2250231.003964, 2310734.853397}","-",21.38103505,-157.73401259,"2026-08-03T22:04:53.078Z","UAV 2",3
"FRT69002","Move to {-5499315.048189, -2250231.003964, 2310734.853397}","-",21.38072278,-157.73403051,"2026-08-03T22:04:53.078Z","UAV 2",3
"FRT69001","Move to {-5499315.048189, -2250231.003964, 2310734.853397}","-",21.38090613,-157.73399392,"2026-08-03T22:04:53.078Z","UAV 2",3
"FRT69003","Move to {-5499315.048189, -2250231.003964, 2310734.853397}","-",21.38103505,-157.73401259,"2026-08-03T22:04:53.078Z","UAV 2",3
"FRT69002","Move to {-5499315.048189, -2250231.003964, 2310734.853397}","-",21.38072278,-157.73403051,"2026-08-03T22:04:53.078Z","UAV 2",3
"FRT69001","Move to {-5499315.048189, -2250231.003964, 2310734.853397}","-",21.38090613,-157.73399392,"2026-08-03T22:04:53.078Z","UAV 2",3
"FRT69003","Move to {-5499315.048189, -2250231.003964, 2310734.853397}","-",21.38103505,-157.73401259,"2026-08-03T22:04:53.078Z","UAV 2",3
"FRT69002","Move to {-5499315.048189, -2250231.003964, 2310734.853397}","-",21.38072278,-157.73403051,"2026-08-03T22:04:55.184Z","UAV 2",4
"FRT69001","Move to {-5499315.048189, -2250231.003964, 2310734.853397}","-",21.38090613,-157.73399392,"2026-08-03T22:04:55.184Z","UAV 2",3
"FRT69003","Move to {-5499315.048189, -2250231.003964, 2310734.853397}","-",21.38103505,-157.73401259,"2026-08-03T22:04:55.184Z","UAV 2",3
"FRT69002","Move to {-5499315.048189, -2250231.003964, 2310734.853397}","-",21.38072278,-157.73403051,"2026-08-03T22:04:55.184Z","UAV 2",4
"FRT69001","Move to {-5499315.048189, -2250231.003964, 2310734.853397}","-",21.38090613,-157.73399392,"2026-08-03T22:04:55.184Z","UAV 2",3
"FRT69003","Move to {-5499315.048189, -2250231.003964, 2310734.853397}","-",21.38103505,-157.73401259,"2026-08-03T22:04:55.184Z","UAV 2",3
"FRT69002","Move to {-5499315.048189, -2250231.003964, 2310734.853397}","-",21.38072278,-157.73403051,"2026-08-03T22:04:55.184Z","UAV 2",4
"FRT69001","Move to {-5499315.048189, -2250231.003964, 2310734.853397}","-",21.38090613,-157.73399392,"2026-08-03T22:04:55.184Z","UAV 2",3
"FRT69003","Move to {-5499315.048189, -2250231.003964, 2310734.853397}","-",21.38103505,-157.73401259,"2026-08-03T22:04:55.184Z","UAV 2",3
"FRT69002","Move to {-5499315.048189, -2250231.003964, 2310734.853397}","-",21.38072278,-157.73403051,"2026-08-03T22:04:55.184Z","UAV 2",4
"FRT69001","Move to {-5499315.048189, -2250231.003964, 2310734.853397}","-",21.38090613,-157.73399392,"2026-08-03T22:04:55.184Z","UAV 2",3
"FRT69003","Move to {-5499315.048189, -2250231.003964, 2310734.853397}","-",21.38103505,-157.73401259,"2026-08-03T22:04:55.184Z","UAV 2",3
"FRT69002","Move to {-5499315.048189, -2250231.003964, 2310734.853397}","-",21.38072278,-157.73403051,"2026-08-03T22:04:55.184Z","UAV 2",4
"FRT69001","Move to {-5499315.048189, -2250231.003964, 2310734.853397}","-",21.38090613,-157.73399392,"2026-08-03T22:04:55.184Z","UAV 2",3
"FRT69003","Move to {-5499315.048189, -2250231.003964, 2310734.853397}","-",21.38103505,-157.73401259,"2026-08-03T22:04:55.184Z","UAV 2",3
"FRT69002","Move to {-5499315.048189, -2250231.003964, 2310734.853397}","-",21.38072278,-157.73403051,"2026-08-03T22:04:55.184Z","UAV 2",4
"FRT69001","Move to {-5499315.048189, -2250231.003964, 2310734.853397}","-",21.38090613,-157.73399392,"2026-08-03T22:04:55.184Z","UAV 2",3
"FRT69003","Move to {-5499315.048189, -2250231.003964, 2310734.853397}","-",21.38103505,-157.73401259,"2026-08-03T22:04:55.184Z","UAV 2",3
"FRT69002","Move to {-5499315.048189, -2250231.003964, 2310734.853397}","-",21.38072278,-157.73403051,"2026-08-03T22:04:57.236Z","UAV 2",4
"FRT69001","Move to {-5499315.048189, -2250231.003964, 2310734.853397}","-",21.38090613,-157.73399391,"2026-08-03T22:04:57.236Z","UAV 2",4
"FRT69003","Move to {-5499315.048189, -2250231.003964, 2310734.853397}","-",21.38103505,-157.73401258,"2026-08-03T22:04:57.236Z","UAV 2",4
"FRT69002","Move to {-5499315.048189, -2250231.003964, 2310734.853397}","-",21.38072278,-157.73403051,"2026-08-03T22:04:57.236Z","UAV 2",4
"FRT69001","Move to {-5499315.048189, -2250231.003964, 2310734.853397}","-",21.38090613,-157.73399391,"2026-08-03T22:04:57.236Z","UAV 2",4
"FRT69003","Move to {-5499315.048189, -2250231.003964, 2310734.853397}","-",21.38103505,-157.73401258,"2026-08-03T22:04:57.236Z","UAV 2",4
"FRT69002","Move to {-5499315.048189, -2250231.003964, 2310734.853397}","-",21.38072278,-157.73403051,"2026-08-03T22:04:57.236Z","UAV 2",4
"FRT69001","Move to {-5499315.048189, -2250231.003964, 2310734.853397}","-",21.38090613,-157.73399391,"2026-08-03T22:04:57.236Z","UAV 2",4
"FRT69003","Move to {-5499315.048189, -2250231.003964, 2310734.853397}","-",21.38103505,-157.73401258,"2026-08-03T22:04:57.236Z","UAV 2",4
"FRT69002","Move to {-5499315.048189, -2250231.003964, 2310734.853397}","-",21.38072278,-157.73403051,"2026-08-03T22:04:57.236Z","UAV 2",4
"FRT69001","Move to {-5499315.048189, -2250231.003964, 2310734.853397}","-",21.38090613,-157.73399391,"2026-08-03T22:04:57.236Z","UAV 2",4
"FRT69003","Move to {-5499315.048189, -2250231.003964, 2310734.853397}","-",21.38103505,-157.73401258,"2026-08-03T22:04:57.236Z","UAV 2",4
"FRT69002","Move to {-5499315.048189, -2250231.003964, 2310734.853397}","-",21.38072278,-157.73403051,"2026-08-03T22:04:57.236Z","UAV 2",4
"FRT69001","Move to {-5499315.048189, -2250231.003964, 2310734.853397}","-",21.38090613,-157.73399391,"2026-08-03T22:04:57.236Z","UAV 2",4
"FRT69003","Move to {-5499315.048189, -2250231.003964, 2310734.853397}","-",21.38103505,-157.73401258,"2026-08-03T22:04:57.236Z","UAV 2",4
"FRM901001","None","-",21.38680798,-157.73443834,"2026-08-03T22:05:03.312Z","UAV 2",3
"FRM901001","None","-",21.38680798,-157.73443834,"2026-08-03T22:05:03.312Z","UAV 2",3
"FRM901001","None","-",21.38680798,-157.73443834,"2026-08-03T22:05:03.312Z","UAV 2",3
"FRM901001","None","-",21.38680798,-157.73443834,"2026-08-03T22:05:03.312Z","UAV 2",3
"FRM901001","None","-",21.38680798,-157.73443834,"2026-08-03T22:05:03.312Z","UAV 2",3
"FRM901001","None","-",21.38680798,-157.73443834,"2026-08-03T22:05:03.312Z","UAV 2",3
"FRM901001","None","-",21.38680798,-157.73443834,"2026-08-03T22:05:05.412Z","UAV 2",3
"FRM901001","None","-",21.38680798,-157.73443834,"2026-08-03T22:05:05.412Z","UAV 2",3
"FRM901001","None","-",21.38680798,-157.73443834,"2026-08-03T22:05:05.412Z","UAV 2",3
"FRM901001","None","-",21.38680798,-157.73443834,"2026-08-03T22:05:05.412Z","UAV 2",3
"FRM901001","None","-",21.38680798,-157.73443834,"2026-08-03T22:05:05.412Z","UAV 2",3
"FRM901001","None","-",21.38680798,-157.73443834,"2026-08-03T22:05:07.390Z","UAV 2",3
"FRM901001","None","-",21.38680798,-157.73443834,"2026-08-03T22:05:07.390Z","UAV 2",3
"FRM901001","None","-",21.38680798,-157.73443834,"2026-08-03T22:05:07.390Z","UAV 2",3
"FRM901001","None","-",21.38680798,-157.73443834,"2026-08-03T22:05:07.390Z","UAV 2",3
"FRM901001","None","-",21.38680798,-157.73443834,"2026-08-03T22:05:07.390Z","UAV 2",3
"FRM901001","None","-",21.38680798,-157.73443834,"2026-08-03T22:05:09.423Z","UAV 2",3
"FRM901001","None","-",21.38680798,-157.73443834,"2026-08-03T22:05:09.423Z","UAV 2",3
"FRM901001","None","-",21.38680798,-157.73443834,"2026-08-03T22:05:09.423Z","UAV 2",3
"FRM901001","None","-",21.38680798,-157.73443834,"2026-08-03T22:05:09.423Z","UAV 2",3
"FRM901001","None","-",21.38680798,-157.73443834,"2026-08-03T22:05:09.423Z","UAV 2",3
"FRM901001","None","-",21.38680798,-157.73443834,"2026-08-03T22:05:09.423Z","UAV 2",3
"FRM901001","None","-",21.38680798,-157.73443834,"2026-08-03T22:05:11.485Z","UAV 2",3
"FRM901001","None","-",21.38680798,-157.73443834,"2026-08-03T22:05:11.485Z","UAV 2",3
"FRM901001","None","-",21.38680798,-157.73443834,"2026-08-03T22:05:11.485Z","UAV 2",3
"FRM901001","None","-",21.38680798,-157.73443834,"2026-08-03T22:05:11.485Z","UAV 2",3
"FRM901001","None","-",21.38680798,-157.73443834,"2026-08-03T22:05:11.485Z","UAV 2",3
"FRM901001","None","-",21.38680798,-157.73443834,"2026-08-03T22:05:13.589Z","UAV 2",3
"FRM901001","None","-",21.38680798,-157.73443834,"2026-08-03T22:05:13.589Z","UAV 2",3
"FRM901001","None","-",21.38680798,-157.73443834,"2026-08-03T22:05:13.589Z","UAV 2",3
"FRM901001","None","-",21.38680798,-157.73443834,"2026-08-03T22:05:13.589Z","UAV 2",3
"FRM901001","None","-",21.38680798,-157.73443834,"2026-08-03T22:05:13.589Z","UAV 2",3
"FRM901001","None","-",21.38680798,-157.73443834,"2026-08-03T22:05:15.616Z","UAV 2",3
"FRM901001","None","-",21.38680798,-157.73443834,"2026-08-03T22:05:15.616Z","UAV 2",3
"FRM901001","None","-",21.38680798,-157.73443834,"2026-08-03T22:05:15.616Z","UAV 2",3
"FRM901001","None","-",21.38680798,-157.73443834,"2026-08-03T22:05:15.616Z","UAV 2",3
"FRM901001","None","-",21.38680798,-157.73443834,"2026-08-03T22:05:15.616Z","UAV 2",3
"FRM901001","None","-",21.38680798,-157.73443834,"2026-08-03T22:05:17.666Z","UAV 2",3
"FRMORT001","None","-",21.39116652,-157.73700854,"2026-08-03T22:05:17.666Z","UAV 2",3
"FRMORT003","None","-",21.39122072,-157.73728393,"2026-08-03T22:05:17.666Z","UAV 2",3
"FRM901001","None","-",21.38680798,-157.73443834,"2026-08-03T22:05:17.666Z","UAV 2",3
"FRMORT001","None","-",21.39116652,-157.73700854,"2026-08-03T22:05:17.666Z","UAV 2",3
"FRMORT003","None","-",21.39122072,-157.73728393,"2026-08-03T22:05:17.666Z","UAV 2",3
"FRM901001","None","-",21.38680798,-157.73443834,"2026-08-03T22:05:17.666Z","UAV 2",3
"FRMORT001","None","-",21.39116652,-157.73700854,"2026-08-03T22:05:17.666Z","UAV 2",3
"FRMORT003","None","-",21.39122072,-157.73728393,"2026-08-03T22:05:17.666Z","UAV 2",3
"FRM901001","None","-",21.38680798,-157.73443834,"2026-08-03T22:05:17.666Z","UAV 2",3
"FRMORT001","None","-",21.39116652,-157.73700854,"2026-08-03T22:05:17.666Z","UAV 2",3
"FRMORT003","None","-",21.39122072,-157.73728393,"2026-08-03T22:05:17.666Z","UAV 2",3
"FRM901001","None","-",21.38680798,-157.73443834,"2026-08-03T22:05:17.666Z","UAV 2",3
"FRMORT001","None","-",21.39116652,-157.73700854,"2026-08-03T22:05:17.666Z","UAV 2",3
"FRMORT003","None","-",21.39122072,-157.73728393,"2026-08-03T22:05:17.666Z","UAV 2",3
"FRM901001","None","-",21.38680798,-157.73443834,"2026-08-03T22:05:19.708Z","UAV 2",3
"FRMORT001","None","-",21.39116652,-157.73700854,"2026-08-03T22:05:19.708Z","UAV 2",3
"FRMORT003","None","-",21.39122072,-157.73728393,"2026-08-03T22:05:19.708Z","UAV 2",3
"FRM901001","None","-",21.38680798,-157.73443834,"2026-08-03T22:05:19.708Z","UAV 2",3
"FRMORT001","None","-",21.39116652,-157.73700854,"2026-08-03T22:05:19.708Z","UAV 2",3
"FRMORT003","None","-",21.39122072,-157.73728393,"2026-08-03T22:05:19.708Z","UAV 2",3
"FRM901001","None","-",21.38680798,-157.73443834,"2026-08-03T22:05:19.708Z","UAV 2",3
"FRMORT001","None","-",21.39116652,-157.73700854,"2026-08-03T22:05:19.708Z","UAV 2",3
"FRMORT003","None","-",21.39122072,-157.73728393,"2026-08-03T22:05:19.708Z","UAV 2",3
"FRM901001","None","-",21.38680798,-157.73443834,"2026-08-03T22:05:19.708Z","UAV 2",3
"FRMORT001","None","-",21.39116652,-157.73700854,"2026-08-03T22:05:19.708Z","UAV 2",3
"FRMORT003","None","-",21.39122072,-157.73728393,"2026-08-03T22:05:19.708Z","UAV 2",3
"FRM901001","None","-",21.38680798,-157.73443834,"2026-08-03T22:05:19.708Z","UAV 2",3
"FRMORT001","None","-",21.39116652,-157.73700854,"2026-08-03T22:05:19.708Z","UAV 2",3
"FRMORT003","None","-",21.39122072,-157.73728393,"2026-08-03T22:05:19.708Z","UAV 2",3
"FRM901001","None","-",21.38680798,-157.73443834,"2026-08-03T22:05:19.708Z","UAV 2",3
"FRMORT001","None","-",21.39116652,-157.73700854,"2026-08-03T22:05:19.708Z","UAV 2",3
"FRMORT003","None","-",21.39122072,-157.73728393,"2026-08-03T22:05:19.708Z","UAV 2",3
"FRMORT001","None","-",21.39116652,-157.73700854,"2026-08-03T22:05:21.769Z","UAV 2",3
"FRMORT003","None","-",21.39122072,-157.73728393,"2026-08-03T22:05:21.769Z","UAV 2",3
"FRMORT001","None","-",21.39116652,-157.73700854,"2026-08-03T22:05:21.769Z","UAV 2",3
"FRMORT003","None","-",21.39122072,-157.73728393,"2026-08-03T22:05:21.769Z","UAV 2",3
"FRMORT001","None","-",21.39116652,-157.73700854,"2026-08-03T22:05:21.769Z","UAV 2",3
"FRMORT003","None","-",21.39122072,-157.73728393,"2026-08-03T22:05:21.769Z","UAV 2",3
"FRMORT001","None","-",21.39116652,-157.73700854,"2026-08-03T22:05:21.769Z","UAV 2",3
"FRMORT003","None","-",21.39122072,-157.73728393,"2026-08-03T22:05:21.769Z","UAV 2",3
"FRMORT001","None","-",21.39116652,-157.73700854,"2026-08-03T22:05:23.807Z","UAV 2",3
"FRMORT003","None","-",21.39122072,-157.73728393,"2026-08-03T22:05:23.807Z","UAV 2",3
"FRMORT001","None","-",21.39116652,-157.73700854,"2026-08-03T22:05:23.807Z","UAV 2",3
"FRMORT003","None","-",21.39122072,-157.73728393,"2026-08-03T22:05:23.807Z","UAV 2",3
"FRMORT001","None","-",21.39116652,-157.73700854,"2026-08-03T22:05:23.807Z","UAV 2",3
"FRMORT003","None","-",21.39122072,-157.73728393,"2026-08-03T22:05:23.807Z","UAV 2",3
"FRMORT001","None","-",21.39116652,-157.73700854,"2026-08-03T22:05:23.807Z","UAV 2",3
"FRMORT003","None","-",21.39122072,-157.73728393,"2026-08-03T22:05:23.807Z","UAV 2",3
"FRMORT001","None","-",21.39116652,-157.73700854,"2026-08-03T22:05:23.807Z","UAV 2",3
"FRMORT003","None","-",21.39122072,-157.73728393,"2026-08-03T22:05:23.807Z","UAV 2",3
"FRMORT001","None","-",21.39116652,-157.73700854,"2026-08-03T22:05:25.777Z","UAV 2",3
"FRMORT003","None","-",21.39122072,-157.73728393,"2026-08-03T22:05:25.777Z","UAV 2",3
"FRMORT001","None","-",21.39116652,-157.73700854,"2026-08-03T22:05:25.777Z","UAV 2",3
"FRMORT003","None","-",21.39122072,-157.73728393,"2026-08-03T22:05:25.777Z","UAV 2",3
"FRMORT001","None","-",21.39116652,-157.73700854,"2026-08-03T22:05:25.777Z","UAV 2",3
"FRMORT003","None","-",21.39122072,-157.73728393,"2026-08-03T22:05:25.777Z","UAV 2",3
"FRMORT001","None","-",21.39116652,-157.73700854,"2026-08-03T22:05:25.777Z","UAV 2",3
"FRMORT003","None","-",21.39122072,-157.73728393,"2026-08-03T22:05:25.777Z","UAV 2",3
"FRMORT001","None","-",21.39116652,-157.73700854,"2026-08-03T22:05:25.777Z","UAV 2",3
"FRMORT003","None","-",21.39122072,-157.73728393,"2026-08-03T22:05:25.777Z","UAV 2",3
"FRMORT001","None","-",21.39116652,-157.73700854,"2026-08-03T22:05:27.833Z","UAV 2",3
"FRMORT003","None","-",21.39122072,-157.73728393,"2026-08-03T22:05:27.833Z","UAV 2",3
"FRMORT001","None","-",21.39116652,-157.73700854,"2026-08-03T22:05:27.833Z","UAV 2",3
"FRMORT003","None","-",21.39122072,-157.73728393,"2026-08-03T22:05:27.833Z","UAV 2",3
"FRMORT001","None","-",21.39116652,-157.73700854,"2026-08-03T22:05:27.833Z","UAV 2",3
"FRMORT003","None","-",21.39122072,-157.73728393,"2026-08-03T22:05:27.833Z","UAV 2",3
"FRMORT001","None","-",21.39116652,-157.73700854,"2026-08-03T22:05:27.833Z","UAV 2",3
"FRMORT003","None","-",21.39122072,-157.73728393,"2026-08-03T22:05:27.833Z","UAV 2",3
"FRMORT001","None","-",21.39116652,-157.73700854,"2026-08-03T22:05:27.833Z","UAV 2",3
"FRMORT003","None","-",21.39122072,-157.73728393,"2026-08-03T22:05:27.833Z","UAV 2",3
"FRMORT001","None","-",21.39116652,-157.73700854,"2026-08-03T22:05:29.951Z","UAV 2",3
"FRMORT003","None","-",21.39122072,-157.73728393,"2026-08-03T22:05:29.951Z","UAV 2",3
"FRMORT001","None","-",21.39116652,-157.73700854,"2026-08-03T22:05:29.951Z","UAV 2",3
"FRMORT003","None","-",21.39122072,-157.73728393,"2026-08-03T22:05:29.951Z","UAV 2",3
"FRMORT001","None","-",21.39116652,-157.73700854,"2026-08-03T22:05:29.951Z","UAV 2",3
"FRMORT003","None","-",21.39122072,-157.73728393,"2026-08-03T22:05:29.951Z","UAV 2",3
"FRMORT001","None","-",21.39116652,-157.73700854,"2026-08-03T22:05:29.951Z","UAV 2",3
"FRMORT003","None","-",21.39122072,-157.73728393,"2026-08-03T22:05:29.951Z","UAV 2",3
"FRMORT001","None","-",21.39116652,-157.73700854,"2026-08-03T22:05:29.951Z","UAV 2",3
"FRMORT003","None","-",21.39122072,-157.73728393,"2026-08-03T22:05:29.951Z","UAV 2",3
"FRMORT001","None","-",21.39116652,-157.73700854,"2026-08-03T22:05:31.973Z","UAV 2",3
"FRMORT003","None","-",21.39122072,-157.73728393,"2026-08-03T22:05:31.973Z","UAV 2",3
"FRMORT001","None","-",21.39116652,-157.73700854,"2026-08-03T22:05:31.973Z","UAV 2",3
"FRMORT003","None","-",21.39122072,-157.73728393,"2026-08-03T22:05:31.973Z","UAV 2",3
"FRMORT001","None","-",21.39116652,-157.73700854,"2026-08-03T22:05:31.973Z","UAV 2",3
"FRMORT003","None","-",21.39122072,-157.73728393,"2026-08-03T22:05:31.973Z","UAV 2",3
"FRMORT001","None","-",21.39116652,-157.73700854,"2026-08-03T22:05:31.973Z","UAV 2",3
"FRMORT003","None","-",21.39122072,-157.73728393,"2026-08-03T22:05:31.973Z","UAV 2",3
"FRMORT001","None","-",21.39116652,-157.73700854,"2026-08-03T22:05:31.973Z","UAV 2",3
"FRMORT003","None","-",21.39122072,-157.73728393,"2026-08-03T22:05:31.973Z","UAV 2",3
"FRMORT001","None","-",21.39116652,-157.73700854,"2026-08-03T22:05:33.979Z","UAV 2",3
"FRMORT003","None","-",21.39122072,-157.73728393,"2026-08-03T22:05:33.979Z","UAV 2",3
"FRMORT001","None","-",21.39116652,-157.73700854,"2026-08-03T22:05:33.979Z","UAV 2",3
"FRMORT003","None","-",21.39122072,-157.73728393,"2026-08-03T22:05:33.979Z","UAV 2",3
"FRMORT001","None","-",21.39116652,-157.73700854,"2026-08-03T22:05:33.979Z","UAV 2",3
"FRMORT003","None","-",21.39122072,-157.73728393,"2026-08-03T22:05:33.979Z","UAV 2",3
"FRMORT001","None","-",21.39116652,-157.73700854,"2026-08-03T22:05:33.979Z","UAV 2",3
"FRMORT003","None","-",21.39122072,-157.73728393,"2026-08-03T22:05:33.979Z","UAV 2",3
"FRMORT001","None","-",21.39116652,-157.73700854,"2026-08-03T22:05:33.979Z","UAV 2",3
"FRMORT003","None","-",21.39122072,-157.73728393,"2026-08-03T22:05:33.979Z","UAV 2",3
"FRMORT001","None","-",21.39116652,-157.73700854,"2026-08-03T22:05:33.979Z","UAV 2",3
"FRMORT003","None","-",21.39122072,-157.73728393,"2026-08-03T22:05:33.979Z","UAV 2",3
"FRMORT001","None","-",21.39116652,-157.73700854,"2026-08-03T22:05:36.030Z","UAV 2",3
"FRMORT003","None","-",21.39122072,-157.73728393,"2026-08-03T22:05:36.030Z","UAV 2",3
"FRMORT001","None","-",21.39116652,-157.73700854,"2026-08-03T22:05:36.030Z","UAV 2",3
"FRMORT003","None","-",21.39122072,-157.73728393,"2026-08-03T22:05:36.030Z","UAV 2",3
"FRMORT001","None","-",21.39116652,-157.73700854,"2026-08-03T22:05:36.030Z","UAV 2",3
"FRMORT003","None","-",21.39122072,-157.73728393,"2026-08-03T22:05:36.030Z","UAV 2",3
"FRMORT001","None","-",21.39116652,-157.73700854,"2026-08-03T22:05:36.030Z","UAV 2",3
"FRMORT003","None","-",21.39122072,-157.73728393,"2026-08-03T22:05:36.030Z","UAV 2",3
"FRMORT001","None","-",21.39116652,-157.73700854,"2026-08-03T22:05:36.030Z","UAV 2",3
"FRMORT003","None","-",21.39122072,-157.73728393,"2026-08-03T22:05:36.030Z","UAV 2",3
"FRMORT001","None","-",21.39116652,-157.73700854,"2026-08-03T22:05:38.066Z","UAV 2",4
"FRMORT003","None","-",21.39122072,-157.73728393,"2026-08-03T22:05:38.066Z","UAV 2",4
"FRMORT001","None","-",21.39116652,-157.73700854,"2026-08-03T22:05:38.066Z","UAV 2",4
"FRMORT003","None","-",21.39122072,-157.73728393,"2026-08-03T22:05:38.066Z","UAV 2",4
"FRMORT001","None","-",21.39116652,-157.73700854,"2026-08-03T22:05:38.066Z","UAV 2",4
"FRMORT003","None","-",21.39122072,-157.73728393,"2026-08-03T22:05:38.066Z","UAV 2",4
"FRMORT001","None","-",21.39116652,-157.73700854,"2026-08-03T22:05:38.066Z","UAV 2",4
"FRMORT003","None","-",21.39122072,-157.73728393,"2026-08-03T22:05:38.066Z","UAV 2",4
"FRMORT001","None","-",21.39116652,-157.73700854,"2026-08-03T22:05:38.066Z","UAV 2",4
"FRMORT003","None","-",21.39122072,-157.73728393,"2026-08-03T22:05:38.066Z","UAV 2",4
"FRMORT003","None","-",21.39122072,-157.73728393,"2026-08-03T22:05:40.136Z","UAV 2",4
"FRMORT003","None","-",21.39122072,-157.73728393,"2026-08-03T22:05:40.136Z","UAV 2",4
"FRMORT003","None","-",21.39122072,-157.73728393,"2026-08-03T22:05:40.136Z","UAV 2",4
"FRMORT003","None","-",21.39122072,-157.73728393,"2026-08-03T22:05:40.136Z","UAV 2",4
"FRMORT003","None","-",21.39122072,-157.73728393,"2026-08-03T22:05:40.136Z","UAV 2",4
"FRT80004","None","-",21.38044564,-157.75164742,"2026-08-03T22:06:47.909Z","UAV 2",3
"FRT80004","None","-",21.38044564,-157.75164742,"2026-08-03T22:06:47.909Z","UAV 2",3
"FRT80004","None","-",21.38044564,-157.75164742,"2026-08-03T22:06:47.909Z","UAV 2",3
"FRT80004","None","-",21.38044564,-157.75164742,"2026-08-03T22:06:47.909Z","UAV 2",3
"FRT80004","None","-",21.38044564,-157.75164742,"2026-08-03T22:06:47.909Z","UAV 2",3
"FRT80004","None","-",21.38044564,-157.75164742,"2026-08-03T22:06:49.933Z","UAV 2",3
"FRT80004","None","-",21.38044564,-157.75164742,"2026-08-03T22:06:49.933Z","UAV 2",3
"FRT80004","None","-",21.38044564,-157.75164742,"2026-08-03T22:06:49.933Z","UAV 2",3
"FRT80004","None","-",21.38044564,-157.75164742,"2026-08-03T22:06:49.933Z","UAV 2",3
"FRT80004","None","-",21.38044564,-157.75164742,"2026-08-03T22:06:49.933Z","UAV 2",3
"FRT80004","None","-",21.38044564,-157.75164742,"2026-08-03T22:06:51.926Z","UAV 2",3
"FRT80004","None","-",21.38044564,-157.75164742,"2026-08-03T22:06:51.926Z","UAV 2",3
"FRT80004","None","-",21.38044564,-157.75164742,"2026-08-03T22:06:51.926Z","UAV 2",3
"FRT80004","None","-",21.38044564,-157.75164742,"2026-08-03T22:06:51.926Z","UAV 2",3
"FRT80004","None","-",21.38044564,-157.75164742,"2026-08-03T22:06:51.926Z","UAV 2",3
"FRT80004","None","-",21.38044564,-157.75164742,"2026-08-03T22:06:51.926Z","UAV 2",3
"FRT80004","None","-",21.38044564,-157.75164742,"2026-08-03T22:06:53.960Z","UAV 2",3
"FRT80004","None","-",21.38044564,-157.75164742,"2026-08-03T22:06:53.960Z","UAV 2",3
"FRT80004","None","-",21.38044564,-157.75164742,"2026-08-03T22:06:53.960Z","UAV 2",3
"FRT80004","None","-",21.38044564,-157.75164742,"2026-08-03T22:06:53.960Z","UAV 2",3
"FRT80004","None","-",21.38044564,-157.75164742,"2026-08-03T22:06:53.960Z","UAV 2",3
"FRT80004","None","-",21.38044564,-157.75164742,"2026-08-03T22:06:55.971Z","UAV 2",3
"FRT80004","None","-",21.38044564,-157.75164742,"2026-08-03T22:06:55.971Z","UAV 2",3
"FRT80004","None","-",21.38044564,-157.75164742,"2026-08-03T22:06:55.971Z","UAV 2",3
"FRT80004","None","-",21.38044564,-157.75164742,"2026-08-03T22:06:55.971Z","UAV 2",3
"FRT80004","None","-",21.38044564,-157.75164742,"2026-08-03T22:06:55.971Z","UAV 2",3
"FRT80004","None","-",21.38044564,-157.75164742,"2026-08-03T22:06:58.078Z","UAV 2",3
"FRT80004","None","-",21.38044564,-157.75164742,"2026-08-03T22:06:58.078Z","UAV 2",3
"FRT80004","None","-",21.38044564,-157.75164742,"2026-08-03T22:06:58.078Z","UAV 2",3
"FRT80004","None","-",21.38044564,-157.75164742,"2026-08-03T22:06:58.078Z","UAV 2",3
"FRT80004","None","-",21.38044564,-157.75164742,"2026-08-03T22:06:58.078Z","UAV 2",3
"FRT80004","None","-",21.38044564,-157.75164742,"2026-08-03T22:06:58.078Z","UAV 2",3
"FRT80004","None","-",21.38044564,-157.75164742,"2026-08-03T22:07:00.081Z","UAV 2",3
"FRT80004","None","-",21.38044564,-157.75164742,"2026-08-03T22:07:00.081Z","UAV 2",3
"FRT80004","None","-",21.38044564,-157.75164742,"2026-08-03T22:07:00.081Z","UAV 2",3
"FRT80004","None","-",21.38044564,-157.75164742,"2026-08-03T22:07:00.081Z","UAV 2",3
"FRT80004","None","-",21.38044564,-157.75164742,"2026-08-03T22:07:00.081Z","UAV 2",3
"FRT80004","None","-",21.38044564,-157.75164742,"2026-08-03T22:07:02.124Z","UAV 2",3
"FRT80004","None","-",21.38044564,-157.75164742,"2026-08-03T22:07:02.124Z","UAV 2",3
"FRT80004","None","-",21.38044564,-157.75164742,"2026-08-03T22:07:02.124Z","UAV 2",3
"FRT80004","None","-",21.38044564,-157.75164742,"2026-08-03T22:07:02.124Z","UAV 2",3
"FRT80004","None","-",21.38044564,-157.75164742,"2026-08-03T22:07:02.124Z","UAV 2",3
"FRT80004","None","-",21.38044564,-157.75164742,"2026-08-03T22:07:04.578Z","UAV 2",3
