object,event,subject,lat,lon,timestamp,source
"FRM901001","None","-",21.38680798,-157.73443834,"2026-08-03T22:00:00.000Z","UAV 3"
"ENCAESAR002","Move to {-5499444.816370, -2250654.663336, 2309957.213850}","-",21.37575122,-157.73461497,"2026-08-03T22:00:00.000Z","UAV 3"
"ENMORT005","FFE-On-Location ""Location={-5499123.141030, -2250320.406046, 2311025.754248}""  Name of Weapons to Fire: Indirect-Fire-Gun:m9333he. Number-Of-Rounds: 1. Height-Above-Terrain: 0","-",21.37463885,-157.73701809,"2026-08-03T22:00:00.000Z","UAV 3"
"FRT69002","Move to {-5499315.048189, -2250231.003964, 2310734.853397}","-",21.38062375,-157.73220904,"2026-08-03T22:00:00.000Z","UAV 3"
"FRT69001","Move to {-5499315.048189, -2250231.003964, 2310734.853397}","-",21.38083112,-157.73220700,"2026-08-03T22:00:00.000Z","UAV 3"
"ENMORT004","FFE-On-Location ""Location={-5498511.672389, -2250935.799735, 2311770.746054}""  Name of Weapons to Fire: Indirect-Fire-Gun:m9333he. Number-Of-Rounds: 1. Height-Above-Terrain: 0","-",21.37449517,-157.73695548,"2026-08-03T22:00:00.000Z","UAV 3"
"FRMORT002","FFE-On-Location ""Location={-5499132.853573, -2251193.466895, 2310064.199617}""  Name of Weapons to Fire: Indirect-Fire-Gun:m9333he. Number-Of-Rounds: 1. Height-Above-Terrain: 0","-",21.39124517,-157.73722922,"2026-08-03T22:00:00.000Z","UAV 3"
"FRM113003","Move to {-5499315.048189, -2250231.003964, 2310734.853397}","-",21.38989816,-157.74194303,"2026-08-03T22:00:00.000Z","UAV 3"
"ENM35004","Move to {-5499460.953457, -2250814.454542, 2309743.262342}","-",21.37321699,-157.73305944,"2026-08-03T22:00:00.000Z","UAV 3"
"ENGAZ001","Move to {-5499460.953457, -2250814.454542, 2309743.262342}","-",21.37337528,-157.73279257,"2026-08-03T22:00:00.000Z","UAV 3"
"FRAHS001","Move to {-5499516.453323, -2249726.423604, 2310685.859186}","-",21.38646271,-157.73469917,"2026-08-03T22:00:00.000Z","UAV 3"
"FRT69006","Move to {-5499315.048189, -2250231.003964, 2310734.853397}","-",21.38096188,-157.73222439,"2026-08-03T22:00:00.000Z","UAV 3"
"FRMORT001","FFE-On-Location ""Location={-5498976.908217, -2251427.979631, 2310206.739358}""  Name of Weapons to Fire: Indirect-Fire-Gun:m9333he. Number-Of-Rounds: 1. Height-Above-Terrain: 0","-",21.39116652,-157.73700854,"2026-08-03T22:00:00.000Z","UAV 3"
"FRLAV006","Move to {-5499315.048189, -2250231.003964, 2310734.853397}","-",21.38981915,-157.74203079,"2026-08-03T22:00:00.000Z","UAV 3"
"ENCAESAR004","Move to {-5499444.816370, -2250654.663336, 2309957.213850}","-",21.37601276,-157.73451630,"2026-08-03T22:00:00.000Z","UAV 3"
"FRT69003","Move to {-5499315.048189, -2250231.003964, 2310734.853397}","-",21.38097332,-157.73240275,"2026-08-03T22:00:00.000Z","UAV 3"
"FRT69005","Move to {-5499315.048189, -2250231.003964, 2310734.853397}","-",21.38100014,-157.73233777,"2026-08-03T22:00:00.000Z","UAV 3"
"ENGAZ002","Move to {-5499460.953457, -2250814.454542, 2309743.262342}","-",21.37349402,-157.73315589,"2026-08-03T22:00:00.000Z","UAV 3"
"ENM35002","Move to {-5499460.953457, -2250814.454542, 2309743.262342}","-",21.37340544,-157.73283903,"2026-08-03T22:00:00.000Z","UAV 3"
"ENGAZ003","Move to {-5499460.953457, -2250814.454542, 2309743.262342}","-",21.37338431,-157.73326221,"2026-08-03T22:00:00.000Z","UAV 3"
"ENM35001","Move to {-5499460.953457, -2250814.454542, 2309743.262342}","-",21.37314687,-157.73312307,"2026-08-03T22:00:00.000Z","UAV 3"
"FRM113006","Move to {-5499315.048189, -2250231.003964, 2310734.853397}","-",21.38989399,-157.74190826,"2026-08-03T22:00:00.000Z","UAV 3"
"FRMORT004","None","-",21.39105358,-157.73697074,"2026-08-03T22:00:00.000Z","UAV 3"
"FRT69004","Move to {-5499315.048189, -2250231.003964, 2310734.853397}","-",21.38065700,-157.73204394,"2026-08-03T22:00:00.000Z","UAV 3"
"ENMORT001","FFE-On-Location ""Location={-5499123.141030, -2250320.406046, 2311025.754248}""  Name of Weapons to Fire: Indirect-Fire-Gun:m9333he. Number-Of-Rounds: 1. Height-Above-Terrain: 0","-",21.37454920,-157.73726779,"2026-08-03T22:00:00.000Z","UAV 3"
"FRM109003","Move to {-5499516.453323, -2249726.423604, 2310685.859186}","-",21.38680864,-157.73465517,"2026-08-03T22:00:00.000Z","UAV 3"
"FRM109002","Move to {-5499315.048189, -2250231.003964, 2310734.853397}","-",21.38670406,-157.73454745,"2026-08-03T22:00:00.000Z","UAV 3"
"FRT69008","Move to {-5499315.048189, -2250231.003964, 2310734.853397}","-",21.38096961,-157.73244663,"2026-08-03T22:00:00.000Z","UAV 3"
"FRT69009","Move to {-5499315.048189, -2250231.003964, 2310734.853397}","-",21.38066035,-157.73234161,"2026-08-03T22:00:00.000Z","UAV 3"
"FRLAV003","Move to {-5499315.048189, -2250231.003964, 2310734.853397}","-",21.38979255,-157.74180726,"2026-08-03T22:00:00.000Z","UAV 3"
"ENMORT002","FFE-On-Location ""Location={-5498755.048693, -2250824.434840, 2311307.787782}""  Name of Weapons to Fire: Indirect-Fire-Gun:m9333he. Number-Of-Rounds: 1. Height-Above-Terrain: 0","-",21.37448557,-157.73696566,"2026-08-03T22:00:00.000Z","UAV 3"
"ENGAZ004","Move to {-5499460.953457, -2250814.454542, 2309743.262342}","-",21.37336764,-157.73318922,"2026-08-03T22:00:00.000Z","UAV 3"
"FRMORT003","FFE-On-Location ""Location={-5499460.953457, -2250814.454542, 2309743.262342}""  Name of Weapons to Fire: Indirect-Fire-Gun:m9333he. Number-Of-Rounds: 1. Height-Above-Terrain: 0","-",21.39122072,-157.73728393,"2026-08-03T22:00:00.000Z","UAV 3"
"FRM113001","Move to {-5499315.048189, -2250231.003964, 2310734.853397}","-",21.38988667,-157.74163464,"2026-08-03T22:00:00.000Z","UAV 3"
"FRM109001","Move to {-5499516.453323, -2249726.423604, 2310685.859186}","-",21.38650020,-157.73425927,"2026-08-03T22:00:00.000Z","UAV 3"
"FRM113004","Move to {-5499315.048189, -2250231.003964, 2310734.853397}","-",21.38974152,-157.74196667,"2026-08-03T22:00:00.000Z","UAV 3"
"ENMORT003","FFE-On-Location ""Location={-5498573.025370, -2251262.832114, 2311309.431241}""  Name of Weapons to Fire: Indirect-Fire-Gun:m9333he. Number-Of-Rounds: 1. Height-Above-Terrain: 0","-",21.37448817,-157.73726715,"2026-08-03T22:00:00.000Z","UAV 3"
"FRAHS002","Move to {-5499315.048189, -2250231.003964, 2310734.853397}","-",21.38655078,-157.73465933,"2026-08-03T22:00:00.000Z","UAV 3"
"FRT69010","Move to {-5499315.048189, -2250231.003964, 2310734.853397}","-",21.38075758,-157.73208913,"2026-08-03T22:00:00.000Z","UAV 3"
"FRM109004","Move to {-5499315.048189, -2250231.003964, 2310734.853397}","-",21.38683655,-157.73430863,"2026-08-03T22:00:00.000Z","UAV 3"
"FRLAV004","Move to {-5499315.048189, -2250231.003964, 2310734.853397}","-",21.38969449,-157.74169810,"2026-08-03T22:00:00.000Z","UAV 3"
"FRM901001","None","-",21.38680798,-157.73443834,"2026-08-03T22:00:00.000Z","UAV 3"
"ENCAESAR002","Move to {-5499444.816370, -2250654.663336, 2309957.213850}","-",21.37575122,-157.73461497,"2026-08-03T22:00:00.000Z","UAV 3"
"ENMORT005","FFE-On-Location ""Location={-5499123.141030, -2250320.406046, 2311025.754248}""  Name of Weapons to Fire: Indirect-Fire-Gun:m9333he. Number-Of-Rounds: 1. Height-Above-Terrain: 0","-",21.37463885,-157.73701809,"2026-08-03T22:00:00.000Z","UAV 3"
"FRT69002","Move to {-5499315.048189, -2250231.003964, 2310734.853397}","-",21.38062375,-157.73220904,"2026-08-03T22:00:00.000Z","UAV 3"
"FRT69001","Move to {-5499315.048189, -2250231.003964, 2310734.853397}","-",21.38083112,-157.73220700,"2026-08-03T22:00:00.000Z","UAV 3"
"ENMORT004","FFE-On-Location ""Location={-5498511.672389, -2250935.799735, 2311770.746054}""  Name of Weapons to Fire: Indirect-Fire-Gun:m9333he. Number-Of-Rounds: 1. Height-Above-Terrain: 0","-",21.37449517,-157.73695548,"2026-08-03T22:00:00.000Z","UAV 3"
"FRMORT002","FFE-On-Location ""Location={-5499132.853573, -2251193.466895, 2310064.199617}""  Name of Weapons to Fire: Indirect-Fire-Gun:m9333he. Number-Of-Rounds: 1. Height-Above-Terrain: 0","-",21.39124517,-157.73722922,"2026-08-03T22:00:00.000Z","UAV 3"
"FRM113003","Move to {-5499315.048189, -2250231.003964, 2310734.853397}","-",21.38989816,-157.74194303,"2026-08-03T22:00:00.000Z","UAV 3"
"ENM35004","Move to {-5499460.953457, -2250814.454542, 2309743.262342}","-",21.37321699,-157.73305944,"2026-08-03T22:00:00.000Z","UAV 3"
"ENGAZ001","Move to {-5499460.953457, -2250814.454542, 2309743.262342}","-",21.37337528,-157.73279257,"2026-08-03T22:00:00.000Z","UAV 3"
"FRAHS001","Move to {-5499516.453323, -2249726.423604, 2310685.859186}","-",21.38646271,-157.73469917,"2026-08-03T22:00:00.000Z","UAV 3"
"FRT69006","Move to {-5499315.048189, -2250231.003964, 2310734.853397}","-",21.38096188,-157.73222439,"2026-08-03T22:00:00.000Z","UAV 3"
"FRMORT001","FFE-On-Location ""Location={-5498976.908217, -2251427.979631, 2310206.739358}""  Name of Weapons to Fire: Indirect-Fire-Gun:m9333he. Number-Of-Rounds: 1. Height-Above-Terrain: 0","-",21.39116652,-157.73700854,"2026-08-03T22:00:00.000Z","UAV 3"
"FRLAV006","Move to {-5499315.048189, -2250231.003964, 2310734.853397}","-",21.38981915,-157.74203079,"2026-08-03T22:00:00.000Z","UAV 3"
"ENCAESAR004","Move to {-5499444.816370, -2250654.663336, 2309957.213850}","-",21.37601276,-157.73451630,"2026-08-03T22:00:00.000Z","UAV 3"
"FRT69003","Move to {-5499315.048189, -2250231.003964, 2310734.853397}","-",21.38097332,-157.73240275,"2026-08-03T22:00:00.000Z","UAV 3"
"FRT69005","Move to {-5499315.048189, -2250231.003964, 2310734.853397}","-",21.38100014,-157.73233777,"2026-08-03T22:00:00.000Z","UAV 3"
"ENGAZ002","Move to {-5499460.953457, -2250814.454542, 2309743.262342}","-",21.37349402,-157.73315589,"2026-08-03T22:00:00.000Z","UAV 3"
"ENM35002","Move to {-5499460.953457, -2250814.454542, 2309743.262342}","-",21.37340544,-157.73283903,"2026-08-03T22:00:00.000Z","UAV 3"
"ENGAZ003","Move to {-5499460.953457, -2250814.454542, 2309743.262342}","-",21.37338431,-157.73326221,"2026-08-03T22:00:00.000Z","UAV 3"
"ENM35001","Move to {-5499460.953457, -2250814.454542, 2309743.262342}","-",21.37314687,-157.73312307,"2026-08-03T22:00:00.000Z","UAV 3"
"FRM113006","Move to {-5499315.048189, -2250231.003964, 2310734.853397}","-",21.38989399,-157.74190826,"2026-08-03T22:00:00.000Z","UAV 3"
"FRMORT004","None","-",21.39105358,-157.73697074,"2026-08-03T22:00:00.000Z","UAV 3"
"FRT69004","Move to {-5499315.048189, -2250231.003964, 2310734.853397}","-",21.38065700,-157.73204394,"2026-08-03T22:00:00.000Z","UAV 3"
"ENMORT001","FFE-On-Location ""Location={-5499123.141030, -2250320.406046, 2311025.754248}""  Name of Weapons to Fire: Indirect-Fire-Gun:m9333he. Number-Of-Rounds: 1. Height-Above-Terrain: 0","-",21.37454920,-157.73726779,"2026-08-03T22:00:00.000Z","UAV 3"
"FRM109003","Move to {-5499516.453323, -2249726.423604, 2310685.859186}","-",21.38680864,-157.73465517,"2026-08-03T22:00:00.000Z","UAV 3"
"FRM109002","Move to {-5499315.048189, -2250231.003964, 2310734.853397}","-",21.38670406,-157.73454745,"2026-08-03T22:00:00.000Z","UAV 3"
"FRT69008","Move to {-5499315.048189, -2250231.003964, 2310734.853397}","-",21.38096961,-157.73244663,"2026-08-03T22:00:00.000Z","UAV 3"
"FRT69009","Move to {-5499315.048189, -2250231.003964, 2310734.853397}","-",21.38066035,-157.73234161,"2026-08-03T22:00:00.000Z","UAV 3"
"FRLAV003","Move to {-5499315.048189, -2250231.003964, 2310734.853397}","-",21.38979255,-157.74180726,"2026-08-03T22:00:00.000Z","UAV 3"
"ENMORT002","FFE-On-Location ""Location={-5498755.048693, -2250824.434840, 2311307.787782}""  Name of Weapons to Fire: Indirect-Fire-Gun:m9333he. Number-Of-Rounds: 1. Height-Above-Terrain: 0","-",21.37448557,-157.73696566,"2026-08-03T22:00:00.000Z","UAV 3"
"ENGAZ004","Move to {-5499460.953457, -2250814.454542, 2309743.262342}","-",21.37336764,-157.73318922,"2026-08-03T22:00:00.000Z","UAV 3"
"FRMORT003","FFE-On-Location ""Location={-5499460.953457, -2250814.454542, 2309743.262342}""  Name of Weapons to Fire: Indirect-Fire-Gun:m9333he. Number-Of-Rounds: 1. Height-Above-Terrain: 0","-",21.39122072,-157.73728393,"2026-08-03T22:00:00.000Z","UAV 3"
"FRM113001","Move to {-5499315.048189, -2250231.003964, 2310734.853397}","-",21.38988667,-157.74163464,"2026-08-03T22:00:00.000Z","UAV 3"
"FRM109001","Move to {-5499516.453323, -2249726.423604, 2310685.859186}","-",21.38650020,-157.73425927,"2026-08-03T22:00:00.000Z","UAV 3"
"FRM113004","Move to {-5499315.048189, -2250231.003964, 2310734.853397}","-",21.38974152,-157.74196667,"2026-08-03T22:00:00.000Z","UAV 3"
"ENMORT003","FFE-On-Location ""Location={-5498573.025370, -2251262.832114, 2311309.431241}""  Name of Weapons to Fire: Indirect-Fire-Gun:m9333he. Number-Of-Rounds: 1. Height-Above-Terrain: 0","-",21.37448817,-157.73726715,"2026-08-03T22:00:00.000Z","UAV 3"
"FRAHS002","Move to {-5499315.048189, -2250231.003964, 2310734.853397}","-",21.38655078,-157.73465933,"2026-08-03T22:00:00.000Z","UAV 3"
"FRT69010","Move to {-5499315.048189, -2250231.003964, 2310734.853397}","-",21.38075758,-157.73208913,"2026-08-03T22:00:00.000Z","UAV 3"
"FRM109004","Move to {-5499315.048189, -2250231.003964, 2310734.853397}","-",21.38683655,-157.73430863,"2026-08-03T22:00:00.000Z","UAV 3"
"FRLAV004","Move to {-5499315.048189, -2250231.003964, 2310734.853397}","-",21.38969449,-157.74169810,"2026-08-03T22:00:00.000Z","UAV 3"
"FRM901001","None","-",21.38680798,-157.73443834,"2026-08-03T22:00:00.000Z","UAV 3"
"ENCAESAR002","Move to {-5499444.816370, -2250654.663336, 2309957.213850}","-",21.37575122,-157.73461497,"2026-08-03T22:00:00.000Z","UAV 3"
"FRT69002","Move to {-5499315.048189, -2250231.003964, 2310734.853397}","-",21.38062387,-157.73220904,"2026-08-03T22:00:00.000Z","UAV 3"
"FRT69001","Move to {-5499315.048189, -2250231.003964, 2310734.853397}","-",21.38083124,-157.73220700,"2026-08-03T22:00:00.000Z","UAV 3"
"FRMORT002","FFE-On-Location ""Location={-5499132.853573, -2251193.466895, 2310064.199617}""  Name of Weapons to Fire: Indirect-Fire-Gun:m9333he. Number-Of-Rounds: 1. Height-Above-Terrain: 0","-",21.39124517,-157.73722922,"2026-08-03T22:00:00.000Z","UAV 3"
"FRM113003","Move to {-5499315.048189, -2250231.003964, 2310734.853397}","-",21.38989816,-157.74194303,"2026-08-03T22:00:00.000Z","UAV 3"
"FRAHS001","Move to {-5499516.453323, -2249726.423604, 2310685.859186}","-",21.38646271,-157.73469917,"2026-08-03T22:00:00.000Z","UAV 3"
"FRT69006","Move to {-5499315.048189, -2250231.003964, 2310734.853397}","-",21.38096188,-157.73222439,"2026-08-03T22:00:00.000Z","UAV 3"
"FRMORT001","FFE-On-Location ""Location={-5498976.908217, -2251427.979631, 2310206.739358}""  Name of Weapons to Fire: Indirect-Fire-Gun:m9333he. Number-Of-Rounds: 1. Height-Above-Terrain: 0","-",21.39116652,-157.73700854,"2026-08-03T22:00:00.000Z","UAV 3"
"FRLAV006","Move to {-5499315.048189, -2250231.003964, 2310734.853397}","-",21.38981915,-157.74203079,"2026-08-03T22:00:00.000Z","UAV 3"
"ENCAESAR004","Move to {-5499444.816370, -2250654.663336, 2309957.213850}","-",21.37601276,-157.73451630,"2026-08-03T22:00:00.000Z","UAV 3"
"FRT69003","Move to {-5499315.048189, -2250231.003964, 2310734.853397}","-",21.38097332,-157.73240275,"2026-08-03T22:00:00.000Z","UAV 3"
"FRT69005","Move to {-5499315.048189, -2250231.003964, 2310734.853397}","-",21.38100014,-157.73233777,"2026-08-03T22:00:00.000Z","UAV 3"
"FRM113006","Move to {-5499315.048189, -2250231.003964, 2310734.853397}","-",21.38989399,-157.74190826,"2026-08-03T22:00:00.000Z","UAV 3"
"FRMORT004","None","-",21.39105358,-157.73697074,"2026-08-03T22:00:00.000Z","UAV 3"
"FRT69004","Move to {-5499315.048189, -2250231.003964, 2310734.853397}","-",21.38065700,-157.73204394,"2026-08-03T22:00:00.000Z","UAV 3"
"ENCAESAR003","Move to {-5499460.953457, -2250814.454542, 2309743.262342}","-",21.37585208,-157.73459179,"2026-08-03T22:00:00.000Z","UAV 3"
"FRM109003","Move to {-5499516.453323, -2249726.423604, 2310685.859186}","-",21.38680864,-157.73465517,"2026-08-03T22:00:00.000Z","UAV 3"
"FRM109002","Move to {-5499315.048189, -2250231.003964, 2310734.853397}","-",21.38670406,-157.73454745,"2026-08-03T22:00:00.000Z","UAV 3"
"FRT69008","Move to {-5499315.048189, -2250231.003964, 2310734.853397}","-",21.38096961,-157.73244663,"2026-08-03T22:00:00.000Z","UAV 3"
"FRT69009","Move to {-5499315.048189, -2250231.003964, 2310734.853397}","-",21.38066035,-157.73234161,"2026-08-03T22:00:00.000Z","UAV 3"
"FRLAV003","Move to {-5499315.048189, -2250231.003964, 2310734.853397}","-",21.38979255,-157.74180726,"2026-08-03T22:00:00.000Z","UAV 3"
"FRMORT003","FFE-On-Location ""Location={-5499460.953457, -2250814.454542, 2309743.262342}""  Name of Weapons to Fire: Indirect-Fire-Gun:m9333he. Number-Of-Rounds: 1. Height-Above-Terrain: 0","-",21.39122072,-157.73728393,"2026-08-03T22:00:00.000Z","UAV 3"
"FRM113001","Move to {-5499315.048189, -2250231.003964, 2310734.853397}","-",21.38988667,-157.74163464,"2026-08-03T22:00:00.000Z","UAV 3"
"FRM109001","Move to {-5499516.453323, -2249726.423604, 2310685.859186}","-",21.38650020,-157.73425927,"2026-08-03T22:00:00.000Z","UAV 3"
"FRM113004","Move to {-5499315.048189, -2250231.003964, 2310734.853397}","-",21.38974152,-157.74196667,"2026-08-03T22:00:00.000Z","UAV 3"
"FRAHS002","Move to {-5499315.048189, -2250231.003964, 2310734.853397}","-",21.38655078,-157.73465933,"2026-08-03T22:00:00.000Z","UAV 3"
"FRT69010","Move to {-5499315.048189, -2250231.003964, 2310734.853397}","-",21.38075758,-157.73208913,"2026-08-03T22:00:00.000Z","UAV 3"
"FRM109004","Move to {-5499315.048189, -2250231.003964, 2310734.853397}","-",21.38683655,-157.73430863,"2026-08-03T22:00:00.000Z","UAV 3"
"FRLAV004","Move to {-5499315.048189, -2250231.003964, 2310734.853397}","-",21.38969449,-157.74169810,"2026-08-03T22:00:00.000Z","UAV 3"
"FRM901001","None","-",21.38680798,-157.73443834,"2026-08-03T22:00:01.988Z","UAV 3"
"ENCAESAR002","Move to {-5499444.816370, -2250654.663336, 2309957.213850}","-",21.37578961,-157.73463468,"2026-08-03T22:00:01.988Z","UAV 3"
"FRT69002","Move to {-5499315.048189, -2250231.003964, 2310734.853397}","-",21.38069557,-157.73228105,"2026-08-03T22:00:01.988Z","UAV 3"
"FRT69001","Move to {-5499315.048189, -2250231.003964, 2310734.853397}","-",21.38090293,-157.73227901,"2026-08-03T22:00:01.988Z","UAV 3"
"FRMORT002","FFE-On-Location ""Location={-5499132.853573, -2251193.466895, 2310064.199617}""  Name of Weapons to Fire: Indirect-Fire-Gun:m9333he. Number-Of-Rounds: 1. Height-Above-Terrain: 0","-",21.39124517,-157.73722922,"2026-08-03T22:00:01.988Z","UAV 3"
"FRAHS001","Move to {-5499516.453323, -2249726.423604, 2310685.859186}","-",21.38648613,-157.73470656,"2026-08-03T22:00:01.988Z","UAV 3"
"FRT69006","Move to {-5499315.048189, -2250231.003964, 2310734.853397}","-",21.38102588,-157.73228097,"2026-08-03T22:00:01.988Z","UAV 3"
"FRMORT001","FFE-On-Location ""Location={-5498976.908217, -2251427.979631, 2310206.739358}""  Name of Weapons to Fire: Indirect-Fire-Gun:m9333he. Number-Of-Rounds: 1. Height-Above-Terrain: 0","-",21.39116652,-157.73700854,"2026-08-03T22:00:01.988Z","UAV 3"
"ENCAESAR004","Move to {-5499444.816370, -2250654.663336, 2309957.213850}","-",21.37604457,-157.73452974,"2026-08-03T22:00:01.988Z","UAV 3"
"FRT69003","Move to {-5499315.048189, -2250231.003964, 2310734.853397}","-",21.38103732,-157.73245933,"2026-08-03T22:00:01.988Z","UAV 3"
"FRT69005","Move to {-5499315.048189, -2250231.003964, 2310734.853397}","-",21.38106414,-157.73239435,"2026-08-03T22:00:01.988Z","UAV 3"
"FRMORT004","None","-",21.39105358,-157.73697074,"2026-08-03T22:00:01.988Z","UAV 3"
"FRT69004","Move to {-5499315.048189, -2250231.003964, 2310734.853397}","-",21.38072100,-157.73210052,"2026-08-03T22:00:01.988Z","UAV 3"
"ENCAESAR003","Move to {-5499460.953457, -2250814.454542, 2309743.262342}","-",21.37588309,-157.73460455,"2026-08-03T22:00:01.988Z","UAV 3"
"FRM109003","Move to {-5499516.453323, -2249726.423604, 2310685.859186}","-",21.38683202,-157.73466253,"2026-08-03T22:00:01.988Z","UAV 3"
"FRM109002","Move to {-5499315.048189, -2250231.003964, 2310734.853397}","-",21.38672745,-157.73455482,"2026-08-03T22:00:01.988Z","UAV 3"
"FRT69008","Move to {-5499315.048189, -2250231.003964, 2310734.853397}","-",21.38103361,-157.73250321,"2026-08-03T22:00:01.988Z","UAV 3"
"FRT69009","Move to {-5499315.048189, -2250231.003964, 2310734.853397}","-",21.38072435,-157.73239819,"2026-08-03T22:00:01.988Z","UAV 3"
"FRMORT003","FFE-On-Location ""Location={-5499460.953457, -2250814.454542, 2309743.262342}""  Name of Weapons to Fire: Indirect-Fire-Gun:m9333he. Number-Of-Rounds: 1. Height-Above-Terrain: 0","-",21.39122072,-157.73728393,"2026-08-03T22:00:01.988Z","UAV 3"
"FRM109001","Move to {-5499516.453323, -2249726.423604, 2310685.859186}","-",21.38652358,-157.73426663,"2026-08-03T22:00:01.988Z","UAV 3"
"FRAHS002","Move to {-5499315.048189, -2250231.003964, 2310734.853397}","-",21.38657419,-157.73466672,"2026-08-03T22:00:01.988Z","UAV 3"
"FRT69010","Move to {-5499315.048189, -2250231.003964, 2310734.853397}","-",21.38082158,-157.73214571,"2026-08-03T22:00:01.988Z","UAV 3"
"ENM35004","Move to {-5499460.953457, -2250814.454542, 2309743.262342}","-",21.37326070,-157.73308884,"2026-08-03T22:00:01.988Z","UAV 3"
"ENGAZ002","Move to {-5499460.953457, -2250814.454542, 2309743.262342}","-",21.37356027,-157.73320103,"2026-08-03T22:00:01.988Z","UAV 3"
"ENM35002","Move to {-5499460.953457, -2250814.454542, 2309743.262342}","-",21.37345144,-157.73286952,"2026-08-03T22:00:01.988Z","UAV 3"
"ENGAZ003","Move to {-5499460.953457, -2250814.454542, 2309743.262342}","-",21.37344945,-157.73330648,"2026-08-03T22:00:01.988Z","UAV 3"
"ENM35001","Move to {-5499460.953457, -2250814.454542, 2309743.262342}","-",21.37319032,-157.73315236,"2026-08-03T22:00:01.988Z","UAV 3"
"ENGAZ004","Move to {-5499460.953457, -2250814.454542, 2309743.262342}","-",21.37343291,-157.73323357,"2026-08-03T22:00:01.988Z","UAV 3"
"FRM901001","None","-",21.38680798,-157.73443834,"2026-08-03T22:00:01.988Z","UAV 3"
"ENCAESAR002","Move to {-5499444.816370, -2250654.663336, 2309957.213850}","-",21.37578961,-157.73463468,"2026-08-03T22:00:01.988Z","UAV 3"
"FRT69002","Move to {-5499315.048189, -2250231.003964, 2310734.853397}","-",21.38069557,-157.73228105,"2026-08-03T22:00:01.988Z","UAV 3"
"FRT69001","Move to {-5499315.048189, -2250231.003964, 2310734.853397}","-",21.38090293,-157.73227901,"2026-08-03T22:00:01.988Z","UAV 3"
"FRMORT002","FFE-On-Location ""Location={-5499132.853573, -2251193.466895, 2310064.199617}""  Name of Weapons to Fire: Indirect-Fire-Gun:m9333he. Number-Of-Rounds: 1. Height-Above-Terrain: 0","-",21.39124517,-157.73722922,"2026-08-03T22:00:01.988Z","UAV 3"
"FRAHS001","Move to {-5499516.453323, -2249726.423604, 2310685.859186}","-",21.38648613,-157.73470656,"2026-08-03T22:00:01.988Z","UAV 3"
"FRT69006","Move to {-5499315.048189, -2250231.003964, 2310734.853397}","-",21.38102588,-157.73228097,"2026-08-03T22:00:01.988Z","UAV 3"
"FRMORT001","FFE-On-Location ""Location={-5498976.908217, -2251427.979631, 2310206.739358}""  Name of Weapons to Fire: Indirect-Fire-Gun:m9333he. Number-Of-Rounds: 1. Height-Above-Terrain: 0","-",21.39116652,-157.73700854,"2026-08-03T22:00:01.988Z","UAV 3"
"ENCAESAR004","Move to {-5499444.816370, -2250654.663336, 2309957.213850}","-",21.37604457,-157.73452974,"2026-08-03T22:00:01.988Z","UAV 3"
"FRT69003","Move to {-5499315.048189, -2250231.003964, 2310734.853397}","-",21.38103732,-157.73245933,"2026-08-03T22:00:01.988Z","UAV 3"
"FRT69005","Move to {-5499315.048189, -2250231.003964, 2310734.853397}","-",21.38106414,-157.73239435,"2026-08-03T22:00:01.988Z","UAV 3"
"FRMORT004","None","-",21.39105358,-157.73697074,"2026-08-03T22:00:01.988Z","UAV 3"
"FRT69004","Move to {-5499315.048189, -2250231.003964, 2310734.853397}","-",21.38072100,-157.73210052,"2026-08-03T22:00:01.988Z","UAV 3"
"ENCAESAR003","Move to {-5499460.953457, -2250814.454542, 2309743.262342}","-",21.37588309,-157.73460455,"2026-08-03T22:00:01.988Z","UAV 3"
"FRM109003","Move to {-5499516.453323, -2249726.423604, 2310685.859186}","-",21.38683202,-157.73466253,"2026-08-03T22:00:01.988Z","UAV 3"
"FRM109002","Move to {-5499315.048189, -2250231.003964, 2310734.853397}","-",21.38672745,-157.73455482,"2026-08-03T22:00:01.988Z","UAV 3"
"FRT69008","Move to {-5499315.048189, -2250231.003964, 2310734.853397}","-",21.38103361,-157.73250321,"2026-08-03T22:00:01.988Z","UAV 3"
"FRT69009","Move to {-5499315.048189, -2250231.003964, 2310734.853397}","-",21.38072435,-157.73239819,"2026-08-03T22:00:01.988Z","UAV 3"
"FRMORT003","FFE-On-Location ""Location={-5499460.953457, -2250814.454542, 2309743.262342}""  Name of Weapons to Fire: Indirect-Fire-Gun:m9333he. Number-Of-Rounds: 1. Height-Above-Terrain: 0","-",21.39122072,-157.73728393,"2026-08-03T22:00:01.988Z","UAV 3"
"FRM109001","Move to {-5499516.453323, -2249726.423604, 2310685.859186}","-",21.38652358,-157.73426663,"2026-08-03T22:00:01.988Z","UAV 3"
"FRAHS002","Move to {-5499315.048189, -2250231.003964, 2310734.853397}","-",21.38657419,-157.73466672,"2026-08-03T22:00:01.988Z","UAV 3"
"FRT69010","Move to {-5499315.048189, -2250231.003964, 2310734.853397}","-",21.38082158,-157.73214571,"2026-08-03T22:00:01.988Z","UAV 3"
"ENM35004","Move to {-5499460.953457, -2250814.454542, 2309743.262342}","-",21.37326070,-157.73308884,"2026-08-03T22:00:01.988Z","UAV 3"
"ENGAZ002","Move to {-5499460.953457, -2250814.454542, 2309743.262342}","-",21.37356027,-157.73320103,"2026-08-03T22:00:01.988Z","UAV 3"
"ENM35002","Move to {-5499460.953457, -2250814.454542, 2309743.262342}","-",21.37345144,-157.73286952,"2026-08-03T22:00:01.988Z","UAV 3"
"ENGAZ003","Move to {-5499460.953457, -2250814.454542, 2309743.262342}","-",21.37344945,-157.73330648,"2026-08-03T22:00:01.988Z","UAV 3"
"ENM35001","Move to {-5499460.953457, -2250814.454542, 2309743.262342}","-",21.37319032,-157.73315236,"2026-08-03T22:00:01.988Z","UAV 3"
"ENGAZ004","Move to {-5499460.953457, -2250814.454542, 2309743.262342}","-",21.37343291,-157.73323357,"2026-08-03T22:00:01.988Z","UAV 3"
"FRM109004","Move to {-5499315.048189, -2250231.003964, 2310734.853397}","-",21.38383864,-157.74048868,"2026-08-03T22:01:15.334Z","UAV 3"
"FRM109004","Move to {-5499315.048189, -2250231.003964, 2310734.853397}","-",21.38374770,-157.74066851,"2026-08-03T22:01:17.405Z","UAV 3"
"FRAHS001","Move to {-5499516.453323, -2249726.423604, 2310685.859186}","-",21.38415734,-157.74136684,"2026-08-03T22:01:17.405Z","UAV 3"
"FRM109003","Move to {-5499516.453323, -2249726.423604, 2310685.859186}","-",21.38440142,-157.74125566,"2026-08-03T22:01:17.405Z","UAV 3"
"FRM109002","Move to {-5499315.048189, -2250231.003964, 2310734.853397}","-",21.38361745,-157.74091513,"2026-08-03T22:01:17.405Z","UAV 3"
"FRM109001","Move to {-5499516.453323, -2249726.423604, 2310685.859186}","-",21.38422576,-157.74096884,"2026-08-03T22:01:17.405Z","UAV 3"
"FRAHS002","Move to {-5499315.048189, -2250231.003964, 2310734.853397}","-",21.38350169,-157.74105553,"2026-08-03T22:01:17.405Z","UAV 3"
"FRM109004","Move to {-5499315.048189, -2250231.003964, 2310734.853397}","-",21.38374770,-157.74066851,"2026-08-03T22:01:17.405Z","UAV 3"
"FRAHS001","Move to {-5499516.453323, -2249726.423604, 2310685.859186}","-",21.38415734,-157.74136684,"2026-08-03T22:01:17.405Z","UAV 3"
"FRM109003","Move to {-5499516.453323, -2249726.423604, 2310685.859186}","-",21.38440142,-157.74125566,"2026-08-03T22:01:17.405Z","UAV 3"
"FRM109002","Move to {-5499315.048189, -2250231.003964, 2310734.853397}","-",21.38361745,-157.74091513,"2026-08-03T22:01:17.405Z","UAV 3"
"FRM109001","Move to {-5499516.453323, -2249726.423604, 2310685.859186}","-",21.38422576,-157.74096884,"2026-08-03T22:01:17.405Z","UAV 3"
"FRAHS002","Move to {-5499315.048189, -2250231.003964, 2310734.853397}","-",21.38350169,-157.74105553,"2026-08-03T22:01:17.405Z","UAV 3"
"FRM109004","Move to {-5499315.048189, -2250231.003964, 2310734.853397}","-",21.38365416,-157.74085347,"2026-08-03T22:01:19.546Z","UAV 3"
"FRAHS001","Move to {-5499516.453323, -2249726.423604, 2310685.859186}","-",21.38408324,-157.74157222,"2026-08-03T22:01:19.546Z","UAV 3"
"FRM109002","Move to {-5499315.048189, -2250231.003964, 2310734.853397}","-",21.38352540,-157.74109751,"2026-08-03T22:01:19.546Z","UAV 3"
"FRAHS002","Move to {-5499315.048189, -2250231.003964, 2310734.853397}","-",21.38341360,-157.74123302,"2026-08-03T22:01:19.546Z","UAV 3"
"FRM109004","Move to {-5499315.048189, -2250231.003964, 2310734.853397}","-",21.38357143,-157.74101707,"2026-08-03T22:01:21.437Z","UAV 3"
"FRM109002","Move to {-5499315.048189, -2250231.003964, 2310734.853397}","-",21.38344658,-157.74125368,"2026-08-03T22:01:21.437Z","UAV 3"
"FRAHS002","Move to {-5499315.048189, -2250231.003964, 2310734.853397}","-",21.38333594,-157.74138949,"2026-08-03T22:01:21.437Z","UAV 3"
"FRM109004","Move to {-5499315.048189, -2250231.003964, 2310734.853397}","-",21.38357143,-157.74101707,"2026-08-03T22:01:21.437Z","UAV 3"
"FRM109002","Move to {-5499315.048189, -2250231.003964, 2310734.853397}","-",21.38344658,-157.74125368,"2026-08-03T22:01:21.437Z","UAV 3"
"FRAHS002","Move to {-5499315.048189, -2250231.003964, 2310734.853397}","-",21.38333594,-157.74138949,"2026-08-03T22:01:21.437Z","UAV 3"
"ENMORT005","FFE-On-Location ""Location={-5499123.141030, -2250320.406046, 2311025.754248}""  Name of Weapons to Fire: Indirect-Fire-Gun:m9333he. Number-Of-Rounds: 1. Height-Above-Terrain: 0","-",21.37463885,-157.73701809,"2026-08-03T22:00:00.000Z","UAV 3"
"FRT69002","Move to {-5499315.048189, -2250231.003964, 2310734.853397}","-",21.38062354,-157.73220904,"2026-08-03T22:00:00.000Z","UAV 3"
"FRT69001","Move to {-5499315.048189, -2250231.003964, 2310734.853397}","-",21.38083091,-157.73220700,"2026-08-03T22:00:00.000Z","UAV 3"
"ENMORT004","FFE-On-Location ""Location={-5498511.672389, -2250935.799735, 2311770.746054}""  Name of Weapons to Fire: Indirect-Fire-Gun:m9333he. Number-Of-Rounds: 1. Height-Above-Terrain: 0","-",21.37449517,-157.73695548,"2026-08-03T22:00:00.000Z","UAV 3"
"FRMORT002","FFE-On-Location ""Location={-5499132.853573, -2251193.466895, 2310064.199617}""  Name of Weapons to Fire: Indirect-Fire-Gun:m9333he. Number-Of-Rounds: 1. Height-Above-Terrain: 0","-",21.39124517,-157.73722922,"2026-08-03T22:00:00.000Z","UAV 3"
"ENGAZ001","Move to {-5499460.953457, -2250814.454542, 2309743.262342}","-",21.37337528,-157.73279257,"2026-08-03T22:00:00.000Z","UAV 3"
"FRT69006","Move to {-5499315.048189, -2250231.003964, 2310734.853397}","-",21.38096188,-157.73222439,"2026-08-03T22:00:00.000Z","UAV 3"
"FRMORT001","FFE-On-Location ""Location={-5499191.503627, -2251825.311346, 2309314.511859}""  Name of Weapons to Fire: Indirect-Fire-Gun:m9333he. Number-Of-Rounds: 1. Height-Above-Terrain: 0","-",21.39116652,-157.73700854,"2026-08-03T22:00:00.000Z","UAV 3"
"FRT69003","Move to {-5499315.048189, -2250231.003964, 2310734.853397}","-",21.38097332,-157.73240275,"2026-08-03T22:00:00.000Z","UAV 3"
"FRT69005","Move to {-5499315.048189, -2250231.003964, 2310734.853397}","-",21.38100014,-157.73233777,"2026-08-03T22:00:00.000Z","UAV 3"
"ENM35002","Move to {-5499460.953457, -2250814.454542, 2309743.262342}","-",21.37340544,-157.73283903,"2026-08-03T22:00:00.000Z","UAV 3"
"ENGAZ003","Move to {-5499460.953457, -2250814.454542, 2309743.262342}","-",21.37338431,-157.73326221,"2026-08-03T22:00:00.000Z","UAV 3"
"ENM35001","Move to {-5499460.953457, -2250814.454542, 2309743.262342}","-",21.37314687,-157.73312307,"2026-08-03T22:00:00.000Z","UAV 3"
"FRM113006","Move to {-5499315.048189, -2250231.003964, 2310734.853397}","-",21.38989399,-157.74190826,"2026-08-03T22:00:00.000Z","UAV 3"
"FRMORT004","None","-",21.39105358,-157.73697074,"2026-08-03T22:00:00.000Z","UAV 3"
"FRT69004","Move to {-5499315.048189, -2250231.003964, 2310734.853397}","-",21.38065700,-157.73204394,"2026-08-03T22:00:00.000Z","UAV 3"
"ENMORT001","FFE-On-Location ""Location={-5499123.141030, -2250320.406046, 2311025.754248}""  Name of Weapons to Fire: Indirect-Fire-Gun:m9333he. Number-Of-Rounds: 1. Height-Above-Terrain: 0","-",21.37454920,-157.73726779,"2026-08-03T22:00:00.000Z","UAV 3"
"FRT69008","Move to {-5499315.048189, -2250231.003964, 2310734.853397}","-",21.38096961,-157.73244663,"2026-08-03T22:00:00.000Z","UAV 3"
"FRT69009","Move to {-5499315.048189, -2250231.003964, 2310734.853397}","-",21.38066035,-157.73234161,"2026-08-03T22:00:00.000Z","UAV 3"
"FRLAV003","Move to {-5499315.048189, -2250231.003964, 2310734.853397}","-",21.38979255,-157.74180726,"2026-08-03T22:00:00.000Z","UAV 3"
"ENMORT002","FFE-On-Location ""Location={-5498755.048693, -2250824.434840, 2311307.787782}""  Name of Weapons to Fire: Indirect-Fire-Gun:m9333he. Number-Of-Rounds: 1. Height-Above-Terrain: 0","-",21.37448557,-157.73696566,"2026-08-03T22:00:00.000Z","UAV 3"
"ENGAZ004","Move to {-5499460.953457, -2250814.454542, 2309743.262342}","-",21.37336764,-157.73318922,"2026-08-03T22:00:00.000Z","UAV 3"
"FRMORT003","FFE-On-Location ""Location={-5499460.953457, -2250814.454542, 2309743.262342}""  Name of Weapons to Fire: Indirect-Fire-Gun:m9333he. Number-Of-Rounds: 1. Height-Above-Terrain: 0","-",21.39122072,-157.73728393,"2026-08-03T22:00:00.000Z","UAV 3"
"FRM113005","Move to {-5499315.048189, -2250231.003964, 2310734.853397}","-",21.38979774,-157.74205529,"2026-08-03T22:00:00.000Z","UAV 3"
"FRM113001","Move to {-5499315.048189, -2250231.003964, 2310734.853397}","-",21.38988667,-157.74163464,"2026-08-03T22:00:00.000Z","UAV 3"
"FRM113004","Move to {-5499315.048189, -2250231.003964, 2310734.853397}","-",21.38976158,-157.74194084,"2026-08-03T22:00:00.000Z","UAV 3"
"ENMORT003","FFE-On-Location ""Location={-5498358.113175, -2250865.429793, 2312201.552453}""  Name of Weapons to Fire: Indirect-Fire-Gun:m9333he. Number-Of-Rounds: 1. Height-Above-Terrain: 0","-",21.37448817,-157.73726715,"2026-08-03T22:00:00.000Z","UAV 3"
"FRT69010","Move to {-5499315.048189, -2250231.003964, 2310734.853397}","-",21.38075758,-157.73208913,"2026-08-03T22:00:00.000Z","UAV 3"
"FRLAV004","Move to {-5499315.048189, -2250231.003964, 2310734.853397}","-",21.38960746,-157.74166506,"2026-08-03T22:00:00.000Z","UAV 3"
"ENMORT005","FFE-On-Location ""Location={-5499123.141030, -2250320.406046, 2311025.754248}""  Name of Weapons to Fire: Indirect-Fire-Gun:m9333he. Number-Of-Rounds: 1. Height-Above-Terrain: 0","-",21.37463885,-157.73701809,"2026-08-03T22:00:01.886Z","UAV 3"
"ENMORT004","FFE-On-Location ""Location={-5498511.672389, -2250935.799735, 2311770.746054}""  Name of Weapons to Fire: Indirect-Fire-Gun:m9333he. Number-Of-Rounds: 1. Height-Above-Terrain: 0","-",21.37449517,-157.73695548,"2026-08-03T22:00:01.886Z","UAV 3"
"ENMORT001","FFE-On-Location ""Location={-5499123.141030, -2250320.406046, 2311025.754248}""  Name of Weapons to Fire: Indirect-Fire-Gun:m9333he. Number-Of-Rounds: 1. Height-Above-Terrain: 0","-",21.37454920,-157.73726779,"2026-08-03T22:00:01.886Z","UAV 3"
"ENMORT002","FFE-On-Location ""Location={-5498755.048693, -2250824.434840, 2311307.787782}""  Name of Weapons to Fire: Indirect-Fire-Gun:m9333he. Number-Of-Rounds: 1. Height-Above-Terrain: 0","-",21.37448557,-157.73696566,"2026-08-03T22:00:01.886Z","UAV 3"
"ENMORT003","FFE-On-Location ""Location={-5498358.113175, -2250865.429793, 2312201.552453}""  Name of Weapons to Fire: Indirect-Fire-Gun:m9333he. Number-Of-Rounds: 1. Height-Above-Terrain: 0","-",21.37448817,-157.73726715,"2026-08-03T22:00:01.886Z","UAV 3"
"ENMORT005","FFE-On-Location ""Location={-5499123.141030, -2250320.406046, 2311025.754248}""  Name of Weapons to Fire: Indirect-Fire-Gun:m9333he. Number-Of-Rounds: 1. Height-Above-Terrain: 0","-",21.37463885,-157.73701809,"2026-08-03T22:00:01.886Z","UAV 3"
"ENMORT004","FFE-On-Location ""Location={-5498511.672389, -2250935.799735, 2311770.746054}""  Name of Weapons to Fire: Indirect-Fire-Gun:m9333he. Number-Of-Rounds: 1. Height-Above-Terrain: 0","-",21.37449517,-157.73695548,"2026-08-03T22:00:01.886Z","UAV 3"
"ENMORT001","FFE-On-Location ""Location={-5499123.141030, -2250320.406046, 2311025.754248}""  Name of Weapons to Fire: Indirect-Fire-Gun:m9333he. Number-Of-Rounds: 1. Height-Above-Terrain: 0","-",21.37454920,-157.73726779,"2026-08-03T22:00:01.886Z","UAV 3"
"ENMORT002","FFE-On-Location ""Location={-5498755.048693, -2250824.434840, 2311307.787782}""  Name of Weapons to Fire: Indirect-Fire-Gun:m9333he. Number-Of-Rounds: 1. Height-Above-Terrain: 0","-",21.37448557,-157.73696566,"2026-08-03T22:00:01.886Z","UAV 3"
"ENMORT003","FFE-On-Location ""Location={-5498358.113175, -2250865.429793, 2312201.552453}""  Name of Weapons to Fire: Indirect-Fire-Gun:m9333he. Number-Of-Rounds: 1. Height-Above-Terrain: 0","-",21.37448817,-157.73726715,"2026-08-03T22:00:01.886Z","UAV 3"
"ENMORT005","FFE-On-Location ""Location={-5499123.141030, -2250320.406046, 2311025.754248}""  Name of Weapons to Fire: Indirect-Fire-Gun:m9333he. Number-Of-Rounds: 1. Height-Above-Terrain: 0","-",21.37463885,-157.73701809,"2026-08-03T22:00:01.886Z","UAV 3"
"ENMORT004","FFE-On-Location ""Location={-5498511.672389, -2250935.799735, 2311770.746054}""  Name of Weapons to Fire: Indirect-Fire-Gun:m9333he. Number-Of-Rounds: 1. Height-Above-Terrain: 0","-",21.37449517,-157.73695548,"2026-08-03T22:00:01.886Z","UAV 3"
"ENMORT001","FFE-On-Location ""Location={-5499123.141030, -2250320.406046, 2311025.754248}""  Name of Weapons to Fire: Indirect-Fire-Gun:m9333he. Number-Of-Rounds: 1. Height-Above-Terrain: 0","-",21.37454920,-157.73726779,"2026-08-03T22:00:01.886Z","UAV 3"
"ENMORT002","FFE-On-Location ""Location={-5498755.048693, -2250824.434840, 2311307.787782}""  Name of Weapons to Fire: Indirect-Fire-Gun:m9333he. Number-Of-Rounds: 1. Height-Above-Terrain: 0","-",21.37448557,-157.73696566,"2026-08-03T22:00:01.886Z","UAV 3"
"ENMORT003","FFE-On-Location ""Location={-5498358.113175, -2250865.429793, 2312201.552453}""  Name of Weapons to Fire: Indirect-Fire-Gun:m9333he. Number-Of-Rounds: 1. Height-Above-Terrain: 0","-",21.37448817,-157.73726715,"2026-08-03T22:00:01.886Z","UAV 3"
"ENMORT005","FFE-On-Location ""Location={-5499123.141030, -2250320.406046, 2311025.754248}""  Name of Weapons to Fire: Indirect-Fire-Gun:m9333he. Number-Of-Rounds: 1. Height-Above-Terrain: 0","-",21.37463885,-157.73701809,"2026-08-03T22:00:00.000Z","UAV 3"
"FRT69002","Move to {-5499315.048189, -2250231.003964, 2310734.853397}","-",21.38062359,-157.73220904,"2026-08-03T22:00:00.000Z","UAV 3"
"FRT69001","Move to {-5499315.048189, -2250231.003964, 2310734.853397}","-",21.38083096,-157.73220700,"2026-08-03T22:00:00.000Z","UAV 3"
"ENMORT004","FFE-On-Location ""Location={-5498511.672389, -2250935.799735, 2311770.746054}""  Name of Weapons to Fire: Indirect-Fire-Gun:m9333he. Number-Of-Rounds: 1. Height-Above-Terrain: 0","-",21.37449517,-157.73695548,"2026-08-03T22:00:00.000Z","UAV 3"
"FRMORT002","FFE-On-Location ""Location={-5499132.853573, -2251193.466895, 2310064.199617}""  Name of Weapons to Fire: Indirect-Fire-Gun:m9333he. Number-Of-Rounds: 1. Height-Above-Terrain: 0","-",21.39124517,-157.73722922,"2026-08-03T22:00:00.000Z","UAV 3"
"ENM35004","Move to {-5499460.953457, -2250814.454542, 2309743.262342}","-",21.37321699,-157.73305944,"2026-08-03T22:00:00.000Z","UAV 3"
"ENGAZ001","Move to {-5499460.953457, -2250814.454542, 2309743.262342}","-",21.37337528,-157.73279257,"2026-08-03T22:00:00.000Z","UAV 3"
"FRT69006","Move to {-5499315.048189, -2250231.003964, 2310734.853397}","-",21.38096188,-157.73222439,"2026-08-03T22:00:00.000Z","UAV 3"
"FRMORT001","FFE-On-Location ""Location={-5499191.503627, -2251825.311346, 2309314.511859}""  Name of Weapons to Fire: Indirect-Fire-Gun:m9333he. Number-Of-Rounds: 1. Height-Above-Terrain: 0","-",21.39116652,-157.73700854,"2026-08-03T22:00:00.000Z","UAV 3"
"FRT69003","Move to {-5499315.048189, -2250231.003964, 2310734.853397}","-",21.38097332,-157.73240275,"2026-08-03T22:00:00.000Z","UAV 3"
"FRT69005","Move to {-5499315.048189, -2250231.003964, 2310734.853397}","-",21.38100014,-157.73233777,"2026-08-03T22:00:00.000Z","UAV 3"
"ENGAZ002","Move to {-5499460.953457, -2250814.454542, 2309743.262342}","-",21.37349402,-157.73315589,"2026-08-03T22:00:00.000Z","UAV 3"
"ENM35002","Move to {-5499460.953457, -2250814.454542, 2309743.262342}","-",21.37340544,-157.73283903,"2026-08-03T22:00:00.000Z","UAV 3"
"ENGAZ003","Move to {-5499460.953457, -2250814.454542, 2309743.262342}","-",21.37338431,-157.73326221,"2026-08-03T22:00:00.000Z","UAV 3"
"ENM35001","Move to {-5499460.953457, -2250814.454542, 2309743.262342}","-",21.37314687,-157.73312307,"2026-08-03T22:00:00.000Z","UAV 3"
"FRM113006","Move to {-5499315.048189, -2250231.003964, 2310734.853397}","-",21.38989399,-157.74190826,"2026-08-03T22:00:00.000Z","UAV 3"
"FRMORT004","None","-",21.39105358,-157.73697074,"2026-08-03T22:00:00.000Z","UAV 3"
"FRT69004","Move to {-5499315.048189, -2250231.003964, 2310734.853397}","-",21.38065700,-157.73204394,"2026-08-03T22:00:00.000Z","UAV 3"
"ENMORT001","FFE-On-Location ""Location={-5499123.141030, -2250320.406046, 2311025.754248}""  Name of Weapons to Fire: Indirect-Fire-Gun:m9333he. Number-Of-Rounds: 1. Height-Above-Terrain: 0","-",21.37454920,-157.73726779,"2026-08-03T22:00:00.000Z","UAV 3"
"FRT69008","Move to {-5499315.048189, -2250231.003964, 2310734.853397}","-",21.38096961,-157.73244663,"2026-08-03T22:00:00.000Z","UAV 3"
"FRT69009","Move to {-5499315.048189, -2250231.003964, 2310734.853397}","-",21.38066035,-157.73234161,"2026-08-03T22:00:00.000Z","UAV 3"
"FRLAV003","Move to {-5499315.048189, -2250231.003964, 2310734.853397}","-",21.38979255,-157.74180726,"2026-08-03T22:00:00.000Z","UAV 3"
"ENMORT002","FFE-On-Location ""Location={-5498755.048693, -2250824.434840, 2311307.787782}""  Name of Weapons to Fire: Indirect-Fire-Gun:m9333he. Number-Of-Rounds: 1. Height-Above-Terrain: 0","-",21.37448557,-157.73696566,"2026-08-03T22:00:00.000Z","UAV 3"
"ENGAZ004","Move to {-5499460.953457, -2250814.454542, 2309743.262342}","-",21.37336764,-157.73318922,"2026-08-03T22:00:00.000Z","UAV 3"
"FRMORT003","FFE-On-Location ""Location={-5499460.953457, -2250814.454542, 2309743.262342}""  Name of Weapons to Fire: Indirect-Fire-Gun:m9333he. Number-Of-Rounds: 1. Height-Above-Terrain: 0","-",21.39122072,-157.73728393,"2026-08-03T22:00:00.000Z","UAV 3"
"FRM113005","Move to {-5499315.048189, -2250231.003964, 2310734.853397}","-",21.38979774,-157.74205529,"2026-08-03T22:00:00.000Z","UAV 3"
"FRM113001","Move to {-5499315.048189, -2250231.003964, 2310734.853397}","-",21.38988667,-157.74163464,"2026-08-03T22:00:00.000Z","UAV 3"
"FRM113004","Move to {-5499315.048189, -2250231.003964, 2310734.853397}","-",21.38976158,-157.74194084,"2026-08-03T22:00:00.000Z","UAV 3"
"ENMORT003","FFE-On-Location ""Location={-5498358.113175, -2250865.429793, 2312201.552453}""  Name of Weapons to Fire: Indirect-Fire-Gun:m9333he. Number-Of-Rounds: 1. Height-Above-Terrain: 0","-",21.37448817,-157.73726715,"2026-08-03T22:00:00.000Z","UAV 3"
"FRT69010","Move to {-5499315.048189, -2250231.003964, 2310734.853397}","-",21.38075758,-157.73208913,"2026-08-03T22:00:00.000Z","UAV 3"
"FRLAV004","Move to {-5499315.048189, -2250231.003964, 2310734.853397}","-",21.38960746,-157.74166506,"2026-08-03T22:00:00.000Z","UAV 3"
"ENMORT005","FFE-On-Location ""Location={-5499123.141030, -2250320.406046, 2311025.754248}""  Name of Weapons to Fire: Indirect-Fire-Gun:m9333he. Number-Of-Rounds: 1. Height-Above-Terrain: 0","-",21.37463885,-157.73701809,"2026-08-03T22:00:00.000Z","UAV 3"
"FRT69002","Move to {-5499315.048189, -2250231.003964, 2310734.853397}","-",21.38062359,-157.73220904,"2026-08-03T22:00:00.000Z","UAV 3"
"FRT69001","Move to {-5499315.048189, -2250231.003964, 2310734.853397}","-",21.38083096,-157.73220700,"2026-08-03T22:00:00.000Z","UAV 3"
"ENMORT004","FFE-On-Location ""Location={-5498511.672389, -2250935.799735, 2311770.746054}""  Name of Weapons to Fire: Indirect-Fire-Gun:m9333he. Number-Of-Rounds: 1. Height-Above-Terrain: 0","-",21.37449517,-157.73695548,"2026-08-03T22:00:00.000Z","UAV 3"
"FRMORT002","FFE-On-Location ""Location={-5499132.853573, -2251193.466895, 2310064.199617}""  Name of Weapons to Fire: Indirect-Fire-Gun:m9333he. Number-Of-Rounds: 1. Height-Above-Terrain: 0","-",21.39124517,-157.73722922,"2026-08-03T22:00:00.000Z","UAV 3"
"ENM35004","Move to {-5499460.953457, -2250814.454542, 2309743.262342}","-",21.37321699,-157.73305944,"2026-08-03T22:00:00.000Z","UAV 3"
"ENGAZ001","Move to {-5499460.953457, -2250814.454542, 2309743.262342}","-",21.37337528,-157.73279257,"2026-08-03T22:00:00.000Z","UAV 3"
"FRT69006","Move to {-5499315.048189, -2250231.003964, 2310734.853397}","-",21.38096188,-157.73222439,"2026-08-03T22:00:00.000Z","UAV 3"
"FRMORT001","FFE-On-Location ""Location={-5499191.503627, -2251825.311346, 2309314.511859}""  Name of Weapons to Fire: Indirect-Fire-Gun:m9333he. Number-Of-Rounds: 1. Height-Above-Terrain: 0","-",21.39116652,-157.73700854,"2026-08-03T22:00:00.000Z","UAV 3"
"FRT69003","Move to {-5499315.048189, -2250231.003964, 2310734.853397}","-",21.38097332,-157.73240275,"2026-08-03T22:00:00.000Z","UAV 3"
"FRT69005","Move to {-5499315.048189, -2250231.003964, 2310734.853397}","-",21.38100014,-157.73233777,"2026-08-03T22:00:00.000Z","UAV 3"
"ENGAZ002","Move to {-5499460.953457, -2250814.454542, 2309743.262342}","-",21.37349402,-157.73315589,"2026-08-03T22:00:00.000Z","UAV 3"
"ENM35002","Move to {-5499460.953457, -2250814.454542, 2309743.262342}","-",21.37340544,-157.73283903,"2026-08-03T22:00:00.000Z","UAV 3"
"ENGAZ003","Move to {-5499460.953457, -2250814.454542, 2309743.262342}","-",21.37338431,-157.73326221,"2026-08-03T22:00:00.000Z","UAV 3"
"ENM35001","Move to {-5499460.953457, -2250814.454542, 2309743.262342}","-",21.37314687,-157.73312307,"2026-08-03T22:00:00.000Z","UAV 3"
"FRM113006","Move to {-5499315.048189, -2250231.003964, 2310734.853397}","-",21.38989399,-157.74190826,"2026-08-03T22:00:00.000Z","UAV 3"
"FRMORT004","None","-",21.39105358,-157.73697074,"2026-08-03T22:00:00.000Z","UAV 3"
"FRT69004","Move to {-5499315.048189, -2250231.003964, 2310734.853397}","-",21.38065700,-157.73204394,"2026-08-03T22:00:00.000Z","UAV 3"
"ENMORT001","FFE-On-Location ""Location={-5499123.141030, -2250320.406046, 2311025.754248}""  Name of Weapons to Fire: Indirect-Fire-Gun:m9333he. Number-Of-Rounds: 1. Height-Above-Terrain: 0","-",21.37454920,-157.73726779,"2026-08-03T22:00:00.000Z","UAV 3"
"FRT69008","Move to {-5499315.048189, -2250231.003964, 2310734.853397}","-",21.38096961,-157.73244663,"2026-08-03T22:00:00.000Z","UAV 3"
"FRT69009","Move to {-5499315.048189, -2250231.003964, 2310734.853397}","-",21.38066035,-157.73234161,"2026-08-03T22:00:00.000Z","UAV 3"
"FRLAV003","Move to {-5499315.048189, -2250231.003964, 2310734.853397}","-",21.38979255,-157.74180726,"2026-08-03T22:00:00.000Z","UAV 3"
"ENMORT002","FFE-On-Location ""Location={-5498755.048693, -2250824.434840, 2311307.787782}""  Name of Weapons to Fire: Indirect-Fire-Gun:m9333he. Number-Of-Rounds: 1. Height-Above-Terrain: 0","-",21.37448557,-157.73696566,"2026-08-03T22:00:00.000Z","UAV 3"
"ENGAZ004","Move to {-5499460.953457, -2250814.454542, 2309743.262342}","-",21.37336764,-157.73318922,"2026-08-03T22:00:00.000Z","UAV 3"
"FRMORT003","FFE-On-Location ""Location={-5499460.953457, -2250814.454542, 2309743.262342}""  Name of Weapons to Fire: Indirect-Fire-Gun:m9333he. Number-Of-Rounds: 1. Height-Above-Terrain: 0","-",21.39122072,-157.73728393,"2026-08-03T22:00:00.000Z","UAV 3"
"FRM113005","Move to {-5499315.048189, -2250231.003964, 2310734.853397}","-",21.38979774,-157.74205529,"2026-08-03T22:00:00.000Z","UAV 3"
"FRM113001","Move to {-5499315.048189, -2250231.003964, 2310734.853397}","-",21.38988667,-157.74163464,"2026-08-03T22:00:00.000Z","UAV 3"
"FRM113004","Move to {-5499315.048189, -2250231.003964, 2310734.853397}","-",21.38976158,-157.74194084,"2026-08-03T22:00:00.000Z","UAV 3"
"ENMORT003","FFE-On-Location ""Location={-5498358.113175, -2250865.429793, 2312201.552453}""  Name of Weapons to Fire: Indirect-Fire-Gun:m9333he. Number-Of-Rounds: 1. Height-Above-Terrain: 0","-",21.37448817,-157.73726715,"2026-08-03T22:00:00.000Z","UAV 3"
"FRT69010","Move to {-5499315.048189, -2250231.003964, 2310734.853397}","-",21.38075758,-157.73208913,"2026-08-03T22:00:00.000Z","UAV 3"
"FRLAV004","Move to {-5499315.048189, -2250231.003964, 2310734.853397}","-",21.38960746,-157.74166506,"2026-08-03T22:00:00.000Z","UAV 3"
"ENMORT005","FFE-On-Location ""Location={-5499123.141030, -2250320.406046, 2311025.754248}""  Name of Weapons to Fire: Indirect-Fire-Gun:m9333he. Number-Of-Rounds: 1. Height-Above-Terrain: 0","-",21.37463885,-157.73701809,"2026-08-03T22:00:01.908Z","UAV 3"
"ENMORT004","FFE-On-Location ""Location={-5498511.672389, -2250935.799735, 2311770.746054}""  Name of Weapons to Fire: Indirect-Fire-Gun:m9333he. Number-Of-Rounds: 1. Height-Above-Terrain: 0","-",21.37449517,-157.73695548,"2026-08-03T22:00:01.908Z","UAV 3"
"FRMORT002","FFE-On-Location ""Location={-5499132.853573, -2251193.466895, 2310064.199617}""  Name of Weapons to Fire: Indirect-Fire-Gun:m9333he. Number-Of-Rounds: 1. Height-Above-Terrain: 0","-",21.39124517,-157.73722922,"2026-08-03T22:00:01.908Z","UAV 3"
"FRMORT001","FFE-On-Location ""Location={-5499191.503627, -2251825.311346, 2309314.511859}""  Name of Weapons to Fire: Indirect-Fire-Gun:m9333he. Number-Of-Rounds: 1. Height-Above-Terrain: 0","-",21.39116652,-157.73700854,"2026-08-03T22:00:01.908Z","UAV 3"
"FRMORT004","None","-",21.39105358,-157.73697074,"2026-08-03T22:00:01.908Z","UAV 3"
"ENMORT001","FFE-On-Location ""Location={-5499123.141030, -2250320.406046, 2311025.754248}""  Name of Weapons to Fire: Indirect-Fire-Gun:m9333he. Number-Of-Rounds: 1. Height-Above-Terrain: 0","-",21.37454920,-157.73726779,"2026-08-03T22:00:01.908Z","UAV 3"
"ENMORT002","FFE-On-Location ""Location={-5498755.048693, -2250824.434840, 2311307.787782}""  Name of Weapons to Fire: Indirect-Fire-Gun:m9333he. Number-Of-Rounds: 1. Height-Above-Terrain: 0","-",21.37448557,-157.73696566,"2026-08-03T22:00:01.908Z","UAV 3"
"FRMORT003","FFE-On-Location ""Location={-5499460.953457, -2250814.454542, 2309743.262342}""  Name of Weapons to Fire: Indirect-Fire-Gun:m9333he. Number-Of-Rounds: 1. Height-Above-Terrain: 0","-",21.39122072,-157.73728393,"2026-08-03T22:00:01.908Z","UAV 3"
"ENMORT003","FFE-On-Location ""Location={-5498358.113175, -2250865.429793, 2312201.552453}""  Name of Weapons to Fire: Indirect-Fire-Gun:m9333he. Number-Of-Rounds: 1. Height-Above-Terrain: 0","-",21.37448817,-157.73726715,"2026-08-03T22:00:01.908Z","UAV 3"
"FRAHS001","FFE-On-Location ""Location={-5499191.503627, -2251825.311346, 2309314.511859}""  Name of Weapons to Fire: Indirect-Fire-Gun:M107-155mm. Number-Of-Rounds: 1. Height-Above-Terrain: 0","-",21.39511611,-157.73746058,"2026-08-03T22:00:01.908Z","UAV 3"
"FRM109001","FFE-On-Location ""Location={-5499191.503627, -2251825.311346, 2309314.511859}""  Name of Weapons to Fire: Indirect-Fire-Gun:M107-155mm. Number-Of-Rounds: 1. Height-Above-Terrain: 0","-",21.39515360,-157.73702065,"2026-08-03T22:00:01.908Z","UAV 3"
"FRAHS002","FFE-On-Location ""Location={-5499132.853573, -2251193.466895, 2310064.199617}""  Name of Weapons to Fire: Indirect-Fire-Gun:M107-155mm. Number-Of-Rounds: 1. Height-Above-Terrain: 0","-",21.39520418,-157.73742074,"2026-08-03T22:00:01.908Z","UAV 3"
"ENMORT005","FFE-On-Location ""Location={-5499123.141030, -2250320.406046, 2311025.754248}""  Name of Weapons to Fire: Indirect-Fire-Gun:m9333he. Number-Of-Rounds: 1. Height-Above-Terrain: 0","-",21.37463885,-157.73701809,"2026-08-03T22:00:01.908Z","UAV 3"
"ENMORT004","FFE-On-Location ""Location={-5498511.672389, -2250935.799735, 2311770.746054}""  Name of Weapons to Fire: Indirect-Fire-Gun:m9333he. Number-Of-Rounds: 1. Height-Above-Terrain: 0","-",21.37449517,-157.73695548,"2026-08-03T22:00:01.908Z","UAV 3"
"FRMORT002","FFE-On-Location ""Location={-5499132.853573, -2251193.466895, 2310064.199617}""  Name of Weapons to Fire: Indirect-Fire-Gun:m9333he. Number-Of-Rounds: 1. Height-Above-Terrain: 0","-",21.39124517,-157.73722922,"2026-08-03T22:00:01.908Z","UAV 3"
"FRMORT001","FFE-On-Location ""Location={-5499191.503627, -2251825.311346, 2309314.511859}""  Name of Weapons to Fire: Indirect-Fire-Gun:m9333he. Number-Of-Rounds: 1. Height-Above-Terrain: 0","-",21.39116652,-157.73700854,"2026-08-03T22:00:01.908Z","UAV 3"
"FRMORT004","None","-",21.39105358,-157.73697074,"2026-08-03T22:00:01.908Z","UAV 3"
"ENMORT001","FFE-On-Location ""Location={-5499123.141030, -2250320.406046, 2311025.754248}""  Name of Weapons to Fire: Indirect-Fire-Gun:m9333he. Number-Of-Rounds: 1. Height-Above-Terrain: 0","-",21.37454920,-157.73726779,"2026-08-03T22:00:01.908Z","UAV 3"
"ENMORT002","FFE-On-Location ""Location={-5498755.048693, -2250824.434840, 2311307.787782}""  Name of Weapons to Fire: Indirect-Fire-Gun:m9333he. Number-Of-Rounds: 1. Height-Above-Terrain: 0","-",21.37448557,-157.73696566,"2026-08-03T22:00:01.908Z","UAV 3"
"FRMORT003","FFE-On-Location ""Location={-5499460.953457, -2250814.454542, 2309743.262342}""  Name of Weapons to Fire: Indirect-Fire-Gun:m9333he. Number-Of-Rounds: 1. Height-Above-Terrain: 0","-",21.39122072,-157.73728393,"2026-08-03T22:00:01.908Z","UAV 3"
"ENMORT003","FFE-On-Location ""Location={-5498358.113175, -2250865.429793, 2312201.552453}""  Name of Weapons to Fire: Indirect-Fire-Gun:m9333he. Number-Of-Rounds: 1. Height-Above-Terrain: 0","-",21.37448817,-157.73726715,"2026-08-03T22:00:01.908Z","UAV 3"
"FRAHS001","FFE-On-Location ""Location={-5499191.503627, -2251825.311346, 2309314.511859}""  Name of Weapons to Fire: Indirect-Fire-Gun:M107-155mm. Number-Of-Rounds: 1. Height-Above-Terrain: 0","-",21.39511611,-157.73746058,"2026-08-03T22:00:01.908Z","UAV 3"
"FRM109001","FFE-On-Location ""Location={-5499191.503627, -2251825.311346, 2309314.511859}""  Name of Weapons to Fire: Indirect-Fire-Gun:M107-155mm. Number-Of-Rounds: 1. Height-Above-Terrain: 0","-",21.39515360,-157.73702065,"2026-08-03T22:00:01.908Z","UAV 3"
"FRAHS002","FFE-On-Location ""Location={-5499132.853573, -2251193.466895, 2310064.199617}""  Name of Weapons to Fire: Indirect-Fire-Gun:M107-155mm. Number-Of-Rounds: 1. Height-Above-Terrain: 0","-",21.39520418,-157.73742074,"2026-08-03T22:00:01.908Z","UAV 3"
"ENMORT005","FFE-On-Location ""Location={-5499123.141030, -2250320.406046, 2311025.754248}""  Name of Weapons to Fire: Indirect-Fire-Gun:m9333he. Number-Of-Rounds: 1. Height-Above-Terrain: 0","-",21.37463885,-157.73701809,"2026-08-03T22:00:00.000Z","UAV 3"
"FRT69002","Move to {-5499315.048189, -2250231.003964, 2310734.853397}","-",21.38062360,-157.73220904,"2026-08-03T22:00:00.000Z","UAV 3"
"FRT69001","Move to {-5499315.048189, -2250231.003964, 2310734.853397}","-",21.38083097,-157.73220700,"2026-08-03T22:00:00.000Z","UAV 3"
"ENMORT004","FFE-On-Location ""Location={-5498511.672389, -2250935.799735, 2311770.746054}""  Name of Weapons to Fire: Indirect-Fire-Gun:m9333he. Number-Of-Rounds: 1. Height-Above-Terrain: 0","-",21.37449517,-157.73695548,"2026-08-03T22:00:00.000Z","UAV 3"
"FRMORT002","FFE-On-Location ""Location={-5499132.853573, -2251193.466895, 2310064.199617}""  Name of Weapons to Fire: Indirect-Fire-Gun:m9333he. Number-Of-Rounds: 1. Height-Above-Terrain: 0","-",21.39124517,-157.73722922,"2026-08-03T22:00:00.000Z","UAV 3"
"ENM35004","Move to {-5499460.953457, -2250814.454542, 2309743.262342}","-",21.37321699,-157.73305944,"2026-08-03T22:00:00.000Z","UAV 3"
"ENGAZ001","Move to {-5499460.953457, -2250814.454542, 2309743.262342}","-",21.37337528,-157.73279257,"2026-08-03T22:00:00.000Z","UAV 3"
"FRT69006","Move to {-5499315.048189, -2250231.003964, 2310734.853397}","-",21.38096188,-157.73222439,"2026-08-03T22:00:00.000Z","UAV 3"
"FRMORT001","FFE-On-Location ""Location={-5499191.503627, -2251825.311346, 2309314.511859}""  Name of Weapons to Fire: Indirect-Fire-Gun:m9333he. Number-Of-Rounds: 1. Height-Above-Terrain: 0","-",21.39116652,-157.73700854,"2026-08-03T22:00:00.000Z","UAV 3"
"FRT69003","Move to {-5499315.048189, -2250231.003964, 2310734.853397}","-",21.38097332,-157.73240275,"2026-08-03T22:00:00.000Z","UAV 3"
"FRT69005","Move to {-5499315.048189, -2250231.003964, 2310734.853397}","-",21.38100014,-157.73233777,"2026-08-03T22:00:00.000Z","UAV 3"
"ENGAZ002","Move to {-5499460.953457, -2250814.454542, 2309743.262342}","-",21.37349402,-157.73315589,"2026-08-03T22:00:00.000Z","UAV 3"
"ENM35002","Move to {-5499460.953457, -2250814.454542, 2309743.262342}","-",21.37340544,-157.73283903,"2026-08-03T22:00:00.000Z","UAV 3"
"ENGAZ003","Move to {-5499460.953457, -2250814.454542, 2309743.262342}","-",21.37338431,-157.73326221,"2026-08-03T22:00:00.000Z","UAV 3"
"ENM35001","Move to {-5499460.953457, -2250814.454542, 2309743.262342}","-",21.37314687,-157.73312307,"2026-08-03T22:00:00.000Z","UAV 3"
"FRM113006","Move to {-5499315.048189, -2250231.003964, 2310734.853397}","-",21.38989399,-157.74190826,"2026-08-03T22:00:00.000Z","UAV 3"
"FRMORT004","None","-",21.39105358,-157.73697074,"2026-08-03T22:00:00.000Z","UAV 3"
"FRT69004","Move to {-5499315.048189, -2250231.003964, 2310734.853397}","-",21.38065700,-157.73204394,"2026-08-03T22:00:00.000Z","UAV 3"
"ENMORT001","FFE-On-Location ""Location={-5499123.141030, -2250320.406046, 2311025.754248}""  Name of Weapons to Fire: Indirect-Fire-Gun:m9333he. Number-Of-Rounds: 1. Height-Above-Terrain: 0","-",21.37454920,-157.73726779,"2026-08-03T22:00:00.000Z","UAV 3"
"FRT69008","Move to {-5499315.048189, -2250231.003964, 2310734.853397}","-",21.38096961,-157.73244663,"2026-08-03T22:00:00.000Z","UAV 3"
"FRT69009","Move to {-5499315.048189, -2250231.003964, 2310734.853397}","-",21.38066035,-157.73234161,"2026-08-03T22:00:00.000Z","UAV 3"
"FRLAV003","Move to {-5499315.048189, -2250231.003964, 2310734.853397}","-",21.38979255,-157.74180726,"2026-08-03T22:00:00.000Z","UAV 3"
"ENMORT002","FFE-On-Location ""Location={-5498755.048693, -2250824.434840, 2311307.787782}""  Name of Weapons to Fire: Indirect-Fire-Gun:m9333he. Number-Of-Rounds: 1. Height-Above-Terrain: 0","-",21.37448557,-157.73696566,"2026-08-03T22:00:00.000Z","UAV 3"
"ENGAZ004","Move to {-5499460.953457, -2250814.454542, 2309743.262342}","-",21.37336764,-157.73318922,"2026-08-03T22:00:00.000Z","UAV 3"
"FRMORT003","FFE-On-Location ""Location={-5499460.953457, -2250814.454542, 2309743.262342}""  Name of Weapons to Fire: Indirect-Fire-Gun:m9333he. Number-Of-Rounds: 1. Height-Above-Terrain: 0","-",21.39122072,-157.73728393,"2026-08-03T22:00:00.000Z","UAV 3"
"FRM113005","Move to {-5499315.048189, -2250231.003964, 2310734.853397}","-",21.38979774,-157.74205529,"2026-08-03T22:00:00.000Z","UAV 3"
"FRM113001","Move to {-5499315.048189, -2250231.003964, 2310734.853397}","-",21.38988667,-157.74163464,"2026-08-03T22:00:00.000Z","UAV 3"
"FRM113004","Move to {-5499315.048189, -2250231.003964, 2310734.853397}","-",21.38976158,-157.74194084,"2026-08-03T22:00:00.000Z","UAV 3"
"ENMORT003","FFE-On-Location ""Location={-5498358.113175, -2250865.429793, 2312201.552453}""  Name of Weapons to Fire: Indirect-Fire-Gun:m9333he. Number-Of-Rounds: 1. Height-Above-Terrain: 0","-",21.37448817,-157.73726715,"2026-08-03T22:00:00.000Z","UAV 3"
"FRT69010","Move to {-5499315.048189, -2250231.003964, 2310734.853397}","-",21.38075758,-157.73208913,"2026-08-03T22:00:00.000Z","UAV 3"
"FRLAV004","Move to {-5499315.048189, -2250231.003964, 2310734.853397}","-",21.38960746,-157.74166506,"2026-08-03T22:00:00.000Z","UAV 3"
"ENMORT005","FFE-On-Location ""Location={-5499123.141030, -2250320.406046, 2311025.754248}""  Name of Weapons to Fire: Indirect-Fire-Gun:m9333he. Number-Of-Rounds: 1. Height-Above-Terrain: 0","-",21.37463885,-157.73701809,"2026-08-03T22:00:00.000Z","UAV 3"
"FRT69002","Move to {-5499315.048189, -2250231.003964, 2310734.853397}","-",21.38062360,-157.73220904,"2026-08-03T22:00:00.000Z","UAV 3"
"FRT69001","Move to {-5499315.048189, -2250231.003964, 2310734.853397}","-",21.38083097,-157.73220700,"2026-08-03T22:00:00.000Z","UAV 3"
"ENMORT004","FFE-On-Location ""Location={-5498511.672389, -2250935.799735, 2311770.746054}""  Name of Weapons to Fire: Indirect-Fire-Gun:m9333he. Number-Of-Rounds: 1. Height-Above-Terrain: 0","-",21.37449517,-157.73695548,"2026-08-03T22:00:00.000Z","UAV 3"
"FRMORT002","FFE-On-Location ""Location={-5499132.853573, -2251193.466895, 2310064.199617}""  Name of Weapons to Fire: Indirect-Fire-Gun:m9333he. Number-Of-Rounds: 1. Height-Above-Terrain: 0","-",21.39124517,-157.73722922,"2026-08-03T22:00:00.000Z","UAV 3"
"ENM35004","Move to {-5499460.953457, -2250814.454542, 2309743.262342}","-",21.37321699,-157.73305944,"2026-08-03T22:00:00.000Z","UAV 3"
"ENGAZ001","Move to {-5499460.953457, -2250814.454542, 2309743.262342}","-",21.37337528,-157.73279257,"2026-08-03T22:00:00.000Z","UAV 3"
"FRT69006","Move to {-5499315.048189, -2250231.003964, 2310734.853397}","-",21.38096188,-157.73222439,"2026-08-03T22:00:00.000Z","UAV 3"
"FRMORT001","FFE-On-Location ""Location={-5499191.503627, -2251825.311346, 2309314.511859}""  Name of Weapons to Fire: Indirect-Fire-Gun:m9333he. Number-Of-Rounds: 1. Height-Above-Terrain: 0","-",21.39116652,-157.73700854,"2026-08-03T22:00:00.000Z","UAV 3"
"FRT69003","Move to {-5499315.048189, -2250231.003964, 2310734.853397}","-",21.38097332,-157.73240275,"2026-08-03T22:00:00.000Z","UAV 3"
"FRT69005","Move to {-5499315.048189, -2250231.003964, 2310734.853397}","-",21.38100014,-157.73233777,"2026-08-03T22:00:00.000Z","UAV 3"
"ENGAZ002","Move to {-5499460.953457, -2250814.454542, 2309743.262342}","-",21.37349402,-157.73315589,"2026-08-03T22:00:00.000Z","UAV 3"
"ENM35002","Move to {-5499460.953457, -2250814.454542, 2309743.262342}","-",21.37340544,-157.73283903,"2026-08-03T22:00:00.000Z","UAV 3"
"ENGAZ003","Move to {-5499460.953457, -2250814.454542, 2309743.262342}","-",21.37338431,-157.73326221,"2026-08-03T22:00:00.000Z","UAV 3"
"ENM35001","Move to {-5499460.953457, -2250814.454542, 2309743.262342}","-",21.37314687,-157.73312307,"2026-08-03T22:00:00.000Z","UAV 3"
"FRM113006","Move to {-5499315.048189, -2250231.003964, 2310734.853397}","-",21.38989399,-157.74190826,"2026-08-03T22:00:00.000Z","UAV 3"
"FRMORT004","None","-",21.39105358,-157.73697074,"2026-08-03T22:00:00.000Z","UAV 3"
"FRT69004","Move to {-5499315.048189, -2250231.003964, 2310734.853397}","-",21.38065700,-157.73204394,"2026-08-03T22:00:00.000Z","UAV 3"
"ENMORT001","FFE-On-Location ""Location={-5499123.141030, -2250320.406046, 2311025.754248}""  Name of Weapons to Fire: Indirect-Fire-Gun:m9333he. Number-Of-Rounds: 1. Height-Above-Terrain: 0","-",21.37454920,-157.73726779,"2026-08-03T22:00:00.000Z","UAV 3"
"FRT69008","Move to {-5499315.048189, -2250231.003964, 2310734.853397}","-",21.38096961,-157.73244663,"2026-08-03T22:00:00.000Z","UAV 3"
"FRT69009","Move to {-5499315.048189, -2250231.003964, 2310734.853397}","-",21.38066035,-157.73234161,"2026-08-03T22:00:00.000Z","UAV 3"
"FRLAV003","Move to {-5499315.048189, -2250231.003964, 2310734.853397}","-",21.38979255,-157.74180726,"2026-08-03T22:00:00.000Z","UAV 3"
"ENMORT002","FFE-On-Location ""Location={-5498755.048693, -2250824.434840, 2311307.787782}""  Name of Weapons to Fire: Indirect-Fire-Gun:m9333he. Number-Of-Rounds: 1. Height-Above-Terrain: 0","-",21.37448557,-157.73696566,"2026-08-03T22:00:00.000Z","UAV 3"
"ENGAZ004","Move to {-5499460.953457, -2250814.454542, 2309743.262342}","-",21.37336764,-157.73318922,"2026-08-03T22:00:00.000Z","UAV 3"
"FRMORT003","FFE-On-Location ""Location={-5499460.953457, -2250814.454542, 2309743.262342}""  Name of Weapons to Fire: Indirect-Fire-Gun:m9333he. Number-Of-Rounds: 1. Height-Above-Terrain: 0","-",21.39122072,-157.73728393,"2026-08-03T22:00:00.000Z","UAV 3"
"FRM113005","Move to {-5499315.048189, -2250231.003964, 2310734.853397}","-",21.38979774,-157.74205529,"2026-08-03T22:00:00.000Z","UAV 3"
"FRM113001","Move to {-5499315.048189, -2250231.003964, 2310734.853397}","-",21.38988667,-157.74163464,"2026-08-03T22:00:00.000Z","UAV 3"
"FRM113004","Move to {-5499315.048189, -2250231.003964, 2310734.853397}","-",21.38976158,-157.74194084,"2026-08-03T22:00:00.000Z","UAV 3"
"ENMORT003","FFE-On-Location ""Location={-5498358.113175, -2250865.429793, 2312201.552453}""  Name of Weapons to Fire: Indirect-Fire-Gun:m9333he. Number-Of-Rounds: 1. Height-Above-Terrain: 0","-",21.37448817,-157.73726715,"2026-08-03T22:00:00.000Z","UAV 3"
"FRT69010","Move to {-5499315.048189, -2250231.003964, 2310734.853397}","-",21.38075758,-157.73208913,"2026-08-03T22:00:00.000Z","UAV 3"
"FRLAV004","Move to {-5499315.048189, -2250231.003964, 2310734.853397}","-",21.38960746,-157.74166506,"2026-08-03T22:00:00.000Z","UAV 3"
"ENMORT005","FFE-On-Location ""Location={-5499123.141030, -2250320.406046, 2311025.754248}""  Name of Weapons to Fire: Indirect-Fire-Gun:m9333he. Number-Of-Rounds: 1. Height-Above-Terrain: 0","-",21.37463885,-157.73701809,"2026-08-03T22:00:01.985Z","UAV 3"
"ENMORT004","FFE-On-Location ""Location={-5498511.672389, -2250935.799735, 2311770.746054}""  Name of Weapons to Fire: Indirect-Fire-Gun:m9333he. Number-Of-Rounds: 1. Height-Above-Terrain: 0","-",21.37449517,-157.73695548,"2026-08-03T22:00:01.985Z","UAV 3"
"FRMORT002","FFE-On-Location ""Location={-5499132.853573, -2251193.466895, 2310064.199617}""  Name of Weapons to Fire: Indirect-Fire-Gun:m9333he. Number-Of-Rounds: 1. Height-Above-Terrain: 0","-",21.39124517,-157.73722922,"2026-08-03T22:00:01.985Z","UAV 3"
"FRMORT001","FFE-On-Location ""Location={-5499191.503627, -2251825.311346, 2309314.511859}""  Name of Weapons to Fire: Indirect-Fire-Gun:m9333he. Number-Of-Rounds: 1. Height-Above-Terrain: 0","-",21.39116652,-157.73700854,"2026-08-03T22:00:01.985Z","UAV 3"
"FRT69003","Move to {-5499315.048189, -2250231.003964, 2310734.853397}","-",21.38103769,-157.73245825,"2026-08-03T22:00:01.985Z","UAV 3"
"FRT69005","Move to {-5499315.048189, -2250231.003964, 2310734.853397}","-",21.38106452,-157.73239327,"2026-08-03T22:00:01.985Z","UAV 3"
"FRMORT004","None","-",21.39105358,-157.73697074,"2026-08-03T22:00:01.985Z","UAV 3"
"ENMORT001","FFE-On-Location ""Location={-5499123.141030, -2250320.406046, 2311025.754248}""  Name of Weapons to Fire: Indirect-Fire-Gun:m9333he. Number-Of-Rounds: 1. Height-Above-Terrain: 0","-",21.37454920,-157.73726779,"2026-08-03T22:00:01.985Z","UAV 3"
"FRT69008","Move to {-5499315.048189, -2250231.003964, 2310734.853397}","-",21.38103398,-157.73250213,"2026-08-03T22:00:01.985Z","UAV 3"
"ENMORT002","FFE-On-Location ""Location={-5498755.048693, -2250824.434840, 2311307.787782}""  Name of Weapons to Fire: Indirect-Fire-Gun:m9333he. Number-Of-Rounds: 1. Height-Above-Terrain: 0","-",21.37448557,-157.73696566,"2026-08-03T22:00:01.985Z","UAV 3"
"FRMORT003","FFE-On-Location ""Location={-5499460.953457, -2250814.454542, 2309743.262342}""  Name of Weapons to Fire: Indirect-Fire-Gun:m9333he. Number-Of-Rounds: 1. Height-Above-Terrain: 0","-",21.39122072,-157.73728393,"2026-08-03T22:00:01.985Z","UAV 3"
"ENMORT003","FFE-On-Location ""Location={-5498358.113175, -2250865.429793, 2312201.552453}""  Name of Weapons to Fire: Indirect-Fire-Gun:m9333he. Number-Of-Rounds: 1. Height-Above-Terrain: 0","-",21.37448817,-157.73726715,"2026-08-03T22:00:01.985Z","UAV 3"
"FRAHS001","FFE-On-Location ""Location={-5499191.503627, -2251825.311346, 2309314.511859}""  Name of Weapons to Fire: Indirect-Fire-Gun:M107-155mm. Number-Of-Rounds: 1. Height-Above-Terrain: 0","-",21.39511611,-157.73746058,"2026-08-03T22:00:01.985Z","UAV 3"
"FRM109001","FFE-On-Location ""Location={-5499191.503627, -2251825.311346, 2309314.511859}""  Name of Weapons to Fire: Indirect-Fire-Gun:M107-155mm. Number-Of-Rounds: 1. Height-Above-Terrain: 0","-",21.39515360,-157.73702065,"2026-08-03T22:00:01.985Z","UAV 3"
"FRAHS002","FFE-On-Location ""Location={-5499132.853573, -2251193.466895, 2310064.199617}""  Name of Weapons to Fire: Indirect-Fire-Gun:M107-155mm. Number-Of-Rounds: 1. Height-Above-Terrain: 0","-",21.39520418,-157.73742074,"2026-08-03T22:00:01.985Z","UAV 3"
"ENMORT005","FFE-On-Location ""Location={-5499123.141030, -2250320.406046, 2311025.754248}""  Name of Weapons to Fire: Indirect-Fire-Gun:m9333he. Number-Of-Rounds: 1. Height-Above-Terrain: 0","-",21.37463885,-157.73701809,"2026-08-03T22:00:01.985Z","UAV 3"
"ENMORT004","FFE-On-Location ""Location={-5498511.672389, -2250935.799735, 2311770.746054}""  Name of Weapons to Fire: Indirect-Fire-Gun:m9333he. Number-Of-Rounds: 1. Height-Above-Terrain: 0","-",21.37449517,-157.73695548,"2026-08-03T22:00:01.985Z","UAV 3"
"FRMORT002","FFE-On-Location ""Location={-5499132.853573, -2251193.466895, 2310064.199617}""  Name of Weapons to Fire: Indirect-Fire-Gun:m9333he. Number-Of-Rounds: 1. Height-Above-Terrain: 0","-",21.39124517,-157.73722922,"2026-08-03T22:00:01.985Z","UAV 3"
"FRMORT001","FFE-On-Location ""Location={-5499191.503627, -2251825.311346, 2309314.511859}""  Name of Weapons to Fire: Indirect-Fire-Gun:m9333he. Number-Of-Rounds: 1. Height-Above-Terrain: 0","-",21.39116652,-157.73700854,"2026-08-03T22:00:01.985Z","UAV 3"
"FRT69003","Move to {-5499315.048189, -2250231.003964, 2310734.853397}","-",21.38103769,-157.73245825,"2026-08-03T22:00:01.985Z","UAV 3"
"FRT69005","Move to {-5499315.048189, -2250231.003964, 2310734.853397}","-",21.38106452,-157.73239327,"2026-08-03T22:00:01.985Z","UAV 3"
"FRMORT004","None","-",21.39105358,-157.73697074,"2026-08-03T22:00:01.985Z","UAV 3"
"ENMORT001","FFE-On-Location ""Location={-5499123.141030, -2250320.406046, 2311025.754248}""  Name of Weapons to Fire: Indirect-Fire-Gun:m9333he. Number-Of-Rounds: 1. Height-Above-Terrain: 0","-",21.37454920,-157.73726779,"2026-08-03T22:00:01.985Z","UAV 3"
"FRT69008","Move to {-5499315.048189, -2250231.003964, 2310734.853397}","-",21.38103398,-157.73250213,"2026-08-03T22:00:01.985Z","UAV 3"
"ENMORT002","FFE-On-Location ""Location={-5498755.048693, -2250824.434840, 2311307.787782}""  Name of Weapons to Fire: Indirect-Fire-Gun:m9333he. Number-Of-Rounds: 1. Height-Above-Terrain: 0","-",21.37448557,-157.73696566,"2026-08-03T22:00:01.985Z","UAV 3"
"FRMORT003","FFE-On-Location ""Location={-5499460.953457, -2250814.454542, 2309743.262342}""  Name of Weapons to Fire: Indirect-Fire-Gun:m9333he. Number-Of-Rounds: 1. Height-Above-Terrain: 0","-",21.39122072,-157.73728393,"2026-08-03T22:00:01.985Z","UAV 3"
"ENMORT003","FFE-On-Location ""Location={-5498358.113175, -2250865.429793, 2312201.552453}""  Name of Weapons to Fire: Indirect-Fire-Gun:m9333he. Number-Of-Rounds: 1. Height-Above-Terrain: 0","-",21.37448817,-157.73726715,"2026-08-03T22:00:01.985Z","UAV 3"
"FRAHS001","FFE-On-Location ""Location={-5499191.503627, -2251825.311346, 2309314.511859}""  Name of Weapons to Fire: Indirect-Fire-Gun:M107-155mm. Number-Of-Rounds: 1. Height-Above-Terrain: 0","-",21.39511611,-157.73746058,"2026-08-03T22:00:01.985Z","UAV 3"
"FRM109001","FFE-On-Location ""Location={-5499191.503627, -2251825.311346, 2309314.511859}""  Name of Weapons to Fire: Indirect-Fire-Gun:M107-155mm. Number-Of-Rounds: 1. Height-Above-Terrain: 0","-",21.39515360,-157.73702065,"2026-08-03T22:00:01.985Z","UAV 3"
"FRAHS002","FFE-On-Location ""Location={-5499132.853573, -2251193.466895, 2310064.199617}""  Name of Weapons to Fire: Indirect-Fire-Gun:M107-155mm. Number-Of-Rounds: 1. Height-Above-Terrain: 0","-",21.39520418,-157.73742074,"2026-08-03T22:00:01.985Z","UAV 3"
"ENMORT005","FFE-On-Location ""Location={-5499123.141030, -2250320.406046, 2311025.754248}""  Name of Weapons to Fire: Indirect-Fire-Gun:m9333he. Number-Of-Rounds: 1. Height-Above-Terrain: 0","-",21.37463885,-157.73701809,"2026-08-03T22:00:00.000Z","UAV 3"
"FRT69002","Move to {-5499315.048189, -2250231.003964, 2310734.853397}","-",21.38062352,-157.73220904,"2026-08-03T22:00:00.000Z","UAV 3"
"FRT69001","Move to {-5499315.048189, -2250231.003964, 2310734.853397}","-",21.38083089,-157.73220700,"2026-08-03T22:00:00.000Z","UAV 3"
"ENMORT004","FFE-On-Location ""Location={-5498511.672389, -2250935.799735, 2311770.746054}""  Name of Weapons to Fire: Indirect-Fire-Gun:m9333he. Number-Of-Rounds: 1. Height-Above-Terrain: 0","-",21.37449517,-157.73695548,"2026-08-03T22:00:00.000Z","UAV 3"
"FRMORT002","FFE-On-Location ""Location={-5499132.853573, -2251193.466895, 2310064.199617}""  Name of Weapons to Fire: Indirect-Fire-Gun:m9333he. Number-Of-Rounds: 1. Height-Above-Terrain: 0","-",21.39124517,-157.73722922,"2026-08-03T22:00:00.000Z","UAV 3"
"ENM35004","Move to {-5499460.953457, -2250814.454542, 2309743.262342}","-",21.37321699,-157.73305944,"2026-08-03T22:00:00.000Z","UAV 3"
"ENGAZ001","Move to {-5499460.953457, -2250814.454542, 2309743.262342}","-",21.37337528,-157.73279257,"2026-08-03T22:00:00.000Z","UAV 3"
"FRT69006","Move to {-5499315.048189, -2250231.003964, 2310734.853397}","-",21.38096188,-157.73222439,"2026-08-03T22:00:00.000Z","UAV 3"
"FRMORT001","FFE-On-Location ""Location={-5499191.503627, -2251825.311346, 2309314.511859}""  Name of Weapons to Fire: Indirect-Fire-Gun:m9333he. Number-Of-Rounds: 1. Height-Above-Terrain: 0","-",21.39116652,-157.73700854,"2026-08-03T22:00:00.000Z","UAV 3"
"FRT69003","Move to {-5499315.048189, -2250231.003964, 2310734.853397}","-",21.38097332,-157.73240275,"2026-08-03T22:00:00.000Z","UAV 3"
"FRT69005","Move to {-5499315.048189, -2250231.003964, 2310734.853397}","-",21.38100014,-157.73233777,"2026-08-03T22:00:00.000Z","UAV 3"
"ENGAZ002","Move to {-5499460.953457, -2250814.454542, 2309743.262342}","-",21.37349402,-157.73315589,"2026-08-03T22:00:00.000Z","UAV 3"
"ENM35002","Move to {-5499460.953457, -2250814.454542, 2309743.262342}","-",21.37340544,-157.73283903,"2026-08-03T22:00:00.000Z","UAV 3"
"ENGAZ003","Move to {-5499460.953457, -2250814.454542, 2309743.262342}","-",21.37338431,-157.73326221,"2026-08-03T22:00:00.000Z","UAV 3"
"ENM35001","Move to {-5499460.953457, -2250814.454542, 2309743.262342}","-",21.37314687,-157.73312307,"2026-08-03T22:00:00.000Z","UAV 3"
"FRM113006","Move to {-5499315.048189, -2250231.003964, 2310734.853397}","-",21.38989399,-157.74190826,"2026-08-03T22:00:00.000Z","UAV 3"
"FRMORT004","None","-",21.39105358,-157.73697074,"2026-08-03T22:00:00.000Z","UAV 3"
"FRT69004","Move to {-5499315.048189, -2250231.003964, 2310734.853397}","-",21.38065700,-157.73204394,"2026-08-03T22:00:00.000Z","UAV 3"
"ENMORT001","FFE-On-Location ""Location={-5499123.141030, -2250320.406046, 2311025.754248}""  Name of Weapons to Fire: Indirect-Fire-Gun:m9333he. Number-Of-Rounds: 1. Height-Above-Terrain: 0","-",21.37454920,-157.73726779,"2026-08-03T22:00:00.000Z","UAV 3"
"FRT69008","Move to {-5499315.048189, -2250231.003964, 2310734.853397}","-",21.38096961,-157.73244663,"2026-08-03T22:00:00.000Z","UAV 3"
"FRT69009","Move to {-5499315.048189, -2250231.003964, 2310734.853397}","-",21.38066035,-157.73234161,"2026-08-03T22:00:00.000Z","UAV 3"
"FRLAV003","Move to {-5499315.048189, -2250231.003964, 2310734.853397}","-",21.38979255,-157.74180726,"2026-08-03T22:00:00.000Z","UAV 3"
"ENMORT002","FFE-On-Location ""Location={-5498755.048693, -2250824.434840, 2311307.787782}""  Name of Weapons to Fire: Indirect-Fire-Gun:m9333he. Number-Of-Rounds: 1. Height-Above-Terrain: 0","-",21.37448557,-157.73696566,"2026-08-03T22:00:00.000Z","UAV 3"
"ENGAZ004","Move to {-5499460.953457, -2250814.454542, 2309743.262342}","-",21.37336764,-157.73318922,"2026-08-03T22:00:00.000Z","UAV 3"
"FRMORT003","FFE-On-Location ""Location={-5499460.953457, -2250814.454542, 2309743.262342}""  Name of Weapons to Fire: Indirect-Fire-Gun:m9333he. Number-Of-Rounds: 1. Height-Above-Terrain: 0","-",21.39122072,-157.73728393,"2026-08-03T22:00:00.000Z","UAV 3"
"FRM113005","Move to {-5499315.048189, -2250231.003964, 2310734.853397}","-",21.38979774,-157.74205529,"2026-08-03T22:00:00.000Z","UAV 3"
"FRM113001","Move to {-5499315.048189, -2250231.003964, 2310734.853397}","-",21.38988667,-157.74163464,"2026-08-03T22:00:00.000Z","UAV 3"
"FRM113004","Move to {-5499315.048189, -2250231.003964, 2310734.853397}","-",21.38976158,-157.74194084,"2026-08-03T22:00:00.000Z","UAV 3"
"ENMORT003","FFE-On-Location ""Location={-5498358.113175, -2250865.429793, 2312201.552453}""  Name of Weapons to Fire: Indirect-Fire-Gun:m9333he. Number-Of-Rounds: 1. Height-Above-Terrain: 0","-",21.37448817,-157.73726715,"2026-08-03T22:00:00.000Z","UAV 3"
"FRT69010","Move to {-5499315.048189, -2250231.003964, 2310734.853397}","-",21.38075758,-157.73208913,"2026-08-03T22:00:00.000Z","UAV 3"
"FRLAV004","Move to {-5499315.048189, -2250231.003964, 2310734.853397}","-",21.38960746,-157.74166506,"2026-08-03T22:00:00.000Z","UAV 3"
"ENMORT005","FFE-On-Location ""Location={-5499123.141030, -2250320.406046, 2311025.754248}""  Name of Weapons to Fire: Indirect-Fire-Gun:m9333he. Number-Of-Rounds: 1. Height-Above-Terrain: 0","-",21.37463885,-157.73701809,"2026-08-03T22:00:00.000Z","UAV 3"
"FRT69002","Move to {-5499315.048189, -2250231.003964, 2310734.853397}","-",21.38062352,-157.73220904,"2026-08-03T22:00:00.000Z","UAV 3"
"FRT69001","Move to {-5499315.048189, -2250231.003964, 2310734.853397}","-",21.38083089,-157.73220700,"2026-08-03T22:00:00.000Z","UAV 3"
"ENMORT004","FFE-On-Location ""Location={-5498511.672389, -2250935.799735, 2311770.746054}""  Name of Weapons to Fire: Indirect-Fire-Gun:m9333he. Number-Of-Rounds: 1. Height-Above-Terrain: 0","-",21.37449517,-157.73695548,"2026-08-03T22:00:00.000Z","UAV 3"
"FRMORT002","FFE-On-Location ""Location={-5499132.853573, -2251193.466895, 2310064.199617}""  Name of Weapons to Fire: Indirect-Fire-Gun:m9333he. Number-Of-Rounds: 1. Height-Above-Terrain: 0","-",21.39124517,-157.73722922,"2026-08-03T22:00:00.000Z","UAV 3"
"ENM35004","Move to {-5499460.953457, -2250814.454542, 2309743.262342}","-",21.37321699,-157.73305944,"2026-08-03T22:00:00.000Z","UAV 3"
"ENGAZ001","Move to {-5499460.953457, -2250814.454542, 2309743.262342}","-",21.37337528,-157.73279257,"2026-08-03T22:00:00.000Z","UAV 3"
"FRT69006","Move to {-5499315.048189, -2250231.003964, 2310734.853397}","-",21.38096188,-157.73222439,"2026-08-03T22:00:00.000Z","UAV 3"
"FRMORT001","FFE-On-Location ""Location={-5499191.503627, -2251825.311346, 2309314.511859}""  Name of Weapons to Fire: Indirect-Fire-Gun:m9333he. Number-Of-Rounds: 1. Height-Above-Terrain: 0","-",21.39116652,-157.73700854,"2026-08-03T22:00:00.000Z","UAV 3"
"FRT69003","Move to {-5499315.048189, -2250231.003964, 2310734.853397}","-",21.38097332,-157.73240275,"2026-08-03T22:00:00.000Z","UAV 3"
"FRT69005","Move to {-5499315.048189, -2250231.003964, 2310734.853397}","-",21.38100014,-157.73233777,"2026-08-03T22:00:00.000Z","UAV 3"
"ENGAZ002","Move to {-5499460.953457, -2250814.454542, 2309743.262342}","-",21.37349402,-157.73315589,"2026-08-03T22:00:00.000Z","UAV 3"
"ENM35002","Move to {-5499460.953457, -2250814.454542, 2309743.262342}","-",21.37340544,-157.73283903,"2026-08-03T22:00:00.000Z","UAV 3"
"ENGAZ003","Move to {-5499460.953457, -2250814.454542, 2309743.262342}","-",21.37338431,-157.73326221,"2026-08-03T22:00:00.000Z","UAV 3"
"ENM35001","Move to {-5499460.953457, -2250814.454542, 2309743.262342}","-",21.37314687,-157.73312307,"2026-08-03T22:00:00.000Z","UAV 3"
"FRM113006","Move to {-5499315.048189, -2250231.003964, 2310734.853397}","-",21.38989399,-157.74190826,"2026-08-03T22:00:00.000Z","UAV 3"
"FRMORT004","None","-",21.39105358,-157.73697074,"2026-08-03T22:00:00.000Z","UAV 3"
"FRT69004","Move to {-5499315.048189, -2250231.003964, 2310734.853397}","-",21.38065700,-157.73204394,"2026-08-03T22:00:00.000Z","UAV 3"
"ENMORT001","FFE-On-Location ""Location={-5499123.141030, -2250320.406046, 2311025.754248}""  Name of Weapons to Fire: Indirect-Fire-Gun:m9333he. Number-Of-Rounds: 1. Height-Above-Terrain: 0","-",21.37454920,-157.73726779,"2026-08-03T22:00:00.000Z","UAV 3"
"FRT69008","Move to {-5499315.048189, -2250231.003964, 2310734.853397}","-",21.38096961,-157.73244663,"2026-08-03T22:00:00.000Z","UAV 3"
"FRT69009","Move to {-5499315.048189, -2250231.003964, 2310734.853397}","-",21.38066035,-157.73234161,"2026-08-03T22:00:00.000Z","UAV 3"
"FRLAV003","Move to {-5499315.048189, -2250231.003964, 2310734.853397}","-",21.38979255,-157.74180726,"2026-08-03T22:00:00.000Z","UAV 3"
"ENMORT002","FFE-On-Location ""Location={-5498755.048693, -2250824.434840, 2311307.787782}""  Name of Weapons to Fire: Indirect-Fire-Gun:m9333he. Number-Of-Rounds: 1. Height-Above-Terrain: 0","-",21.37448557,-157.73696566,"2026-08-03T22:00:00.000Z","UAV 3"
"ENGAZ004","Move to {-5499460.953457, -2250814.454542, 2309743.262342}","-",21.37336764,-157.73318922,"2026-08-03T22:00:00.000Z","UAV 3"
"FRMORT003","FFE-On-Location ""Location={-5499460.953457, -2250814.454542, 2309743.262342}""  Name of Weapons to Fire: Indirect-Fire-Gun:m9333he. Number-Of-Rounds: 1. Height-Above-Terrain: 0","-",21.39122072,-157.73728393,"2026-08-03T22:00:00.000Z","UAV 3"
"FRM113005","Move to {-5499315.048189, -2250231.003964, 2310734.853397}","-",21.38979774,-157.74205529,"2026-08-03T22:00:00.000Z","UAV 3"
"FRM113001","Move to {-5499315.048189, -2250231.003964, 2310734.853397}","-",21.38988667,-157.74163464,"2026-08-03T22:00:00.000Z","UAV 3"
"FRM113004","Move to {-5499315.048189, -2250231.003964, 2310734.853397}","-",21.38976158,-157.74194084,"2026-08-03T22:00:00.000Z","UAV 3"
"ENMORT003","FFE-On-Location ""Location={-5498358.113175, -2250865.429793, 2312201.552453}""  Name of Weapons to Fire: Indirect-Fire-Gun:m9333he. Number-Of-Rounds: 1. Height-Above-Terrain: 0","-",21.37448817,-157.73726715,"2026-08-03T22:00:00.000Z","UAV 3"
"FRT69010","Move to {-5499315.048189, -2250231.003964, 2310734.853397}","-",21.38075758,-157.73208913,"2026-08-03T22:00:00.000Z","UAV 3"
"FRLAV004","Move to {-5499315.048189, -2250231.003964, 2310734.853397}","-",21.38960746,-157.74166506,"2026-08-03T22:00:00.000Z","UAV 3"
"ENMORT005","FFE-On-Location ""Location={-5499123.141030, -2250320.406046, 2311025.754248}""  Name of Weapons to Fire: Indirect-Fire-Gun:m9333he. Number-Of-Rounds: 1. Height-Above-Terrain: 0","-",21.37463885,-157.73701809,"2026-08-03T22:00:01.990Z","UAV 3"
"ENMORT004","FFE-On-Location ""Location={-5498511.672389, -2250935.799735, 2311770.746054}""  Name of Weapons to Fire: Indirect-Fire-Gun:m9333he. Number-Of-Rounds: 1. Height-Above-Terrain: 0","-",21.37449517,-157.73695548,"2026-08-03T22:00:01.990Z","UAV 3"
"FRMORT002","FFE-On-Location ""Location={-5499132.853573, -2251193.466895, 2310064.199617}""  Name of Weapons to Fire: Indirect-Fire-Gun:m9333he. Number-Of-Rounds: 1. Height-Above-Terrain: 0","-",21.39124517,-157.73722922,"2026-08-03T22:00:01.990Z","UAV 3"
"FRMORT001","FFE-On-Location ""Location={-5499191.503627, -2251825.311346, 2309314.511859}""  Name of Weapons to Fire: Indirect-Fire-Gun:m9333he. Number-Of-Rounds: 1. Height-Above-Terrain: 0","-",21.39116652,-157.73700854,"2026-08-03T22:00:01.990Z","UAV 3"
"FRMORT004","None","-",21.39105358,-157.73697074,"2026-08-03T22:00:01.990Z","UAV 3"
"ENMORT001","FFE-On-Location ""Location={-5499123.141030, -2250320.406046, 2311025.754248}""  Name of Weapons to Fire: Indirect-Fire-Gun:m9333he. Number-Of-Rounds: 1. Height-Above-Terrain: 0","-",21.37454920,-157.73726779,"2026-08-03T22:00:01.990Z","UAV 3"
"ENMORT002","FFE-On-Location ""Location={-5498755.048693, -2250824.434840, 2311307.787782}""  Name of Weapons to Fire: Indirect-Fire-Gun:m9333he. Number-Of-Rounds: 1. Height-Above-Terrain: 0","-",21.37448557,-157.73696566,"2026-08-03T22:00:01.990Z","UAV 3"
"FRMORT003","FFE-On-Location ""Location={-5499460.953457, -2250814.454542, 2309743.262342}""  Name of Weapons to Fire: Indirect-Fire-Gun:m9333he. Number-Of-Rounds: 1. Height-Above-Terrain: 0","-",21.39122072,-157.73728393,"2026-08-03T22:00:01.990Z","UAV 3"
"ENMORT003","FFE-On-Location ""Location={-5498358.113175, -2250865.429793, 2312201.552453}""  Name of Weapons to Fire: Indirect-Fire-Gun:m9333he. Number-Of-Rounds: 1. Height-Above-Terrain: 0","-",21.37448817,-157.73726715,"2026-08-03T22:00:01.990Z","UAV 3"
"FRAHS001","FFE-On-Location ""Location={-5499191.503627, -2251825.311346, 2309314.511859}""  Name of Weapons to Fire: Indirect-Fire-Gun:M107-155mm. Number-Of-Rounds: 1. Height-Above-Terrain: 0","-",21.39511611,-157.73746058,"2026-08-03T22:00:01.990Z","UAV 3"
"FRM109001","FFE-On-Location ""Location={-5499191.503627, -2251825.311346, 2309314.511859}""  Name of Weapons to Fire: Indirect-Fire-Gun:M107-155mm. Number-Of-Rounds: 1. Height-Above-Terrain: 0","-",21.39515360,-157.73702065,"2026-08-03T22:00:01.990Z","UAV 3"
"FRAHS002","FFE-On-Location ""Location={-5499132.853573, -2251193.466895, 2310064.199617}""  Name of Weapons to Fire: Indirect-Fire-Gun:M107-155mm. Number-Of-Rounds: 1. Height-Above-Terrain: 0","-",21.39520418,-157.73742074,"2026-08-03T22:00:01.990Z","UAV 3"
"ENMORT005","FFE-On-Location ""Location={-5499123.141030, -2250320.406046, 2311025.754248}""  Name of Weapons to Fire: Indirect-Fire-Gun:m9333he. Number-Of-Rounds: 1. Height-Above-Terrain: 0","-",21.37463885,-157.73701809,"2026-08-03T22:00:01.990Z","UAV 3"
"ENMORT004","FFE-On-Location ""Location={-5498511.672389, -2250935.799735, 2311770.746054}""  Name of Weapons to Fire: Indirect-Fire-Gun:m9333he. Number-Of-Rounds: 1. Height-Above-Terrain: 0","-",21.37449517,-157.73695548,"2026-08-03T22:00:01.990Z","UAV 3"
"FRMORT002","FFE-On-Location ""Location={-5499132.853573, -2251193.466895, 2310064.199617}""  Name of Weapons to Fire: Indirect-Fire-Gun:m9333he. Number-Of-Rounds: 1. Height-Above-Terrain: 0","-",21.39124517,-157.73722922,"2026-08-03T22:00:01.990Z","UAV 3"
"FRMORT001","FFE-On-Location ""Location={-5499191.503627, -2251825.311346, 2309314.511859}""  Name of Weapons to Fire: Indirect-Fire-Gun:m9333he. Number-Of-Rounds: 1. Height-Above-Terrain: 0","-",21.39116652,-157.73700854,"2026-08-03T22:00:01.990Z","UAV 3"
"FRMORT004","None","-",21.39105358,-157.73697074,"2026-08-03T22:00:01.990Z","UAV 3"
"ENMORT001","FFE-On-Location ""Location={-5499123.141030, -2250320.406046, 2311025.754248}""  Name of Weapons to Fire: Indirect-Fire-Gun:m9333he. Number-Of-Rounds: 1. Height-Above-Terrain: 0","-",21.37454920,-157.73726779,"2026-08-03T22:00:01.990Z","UAV 3"
"ENMORT002","FFE-On-Location ""Location={-5498755.048693, -2250824.434840, 2311307.787782}""  Name of Weapons to Fire: Indirect-Fire-Gun:m9333he. Number-Of-Rounds: 1. Height-Above-Terrain: 0","-",21.37448557,-157.73696566,"2026-08-03T22:00:01.990Z","UAV 3"
"FRMORT003","FFE-On-Location ""Location={-5499460.953457, -2250814.454542, 2309743.262342}""  Name of Weapons to Fire: Indirect-Fire-Gun:m9333he. Number-Of-Rounds: 1. Height-Above-Terrain: 0","-",21.39122072,-157.73728393,"2026-08-03T22:00:01.990Z","UAV 3"
"ENMORT003","FFE-On-Location ""Location={-5498358.113175, -2250865.429793, 2312201.552453}""  Name of Weapons to Fire: Indirect-Fire-Gun:m9333he. Number-Of-Rounds: 1. Height-Above-Terrain: 0","-",21.37448817,-157.73726715,"2026-08-03T22:00:01.990Z","UAV 3"
"FRAHS001","FFE-On-Location ""Location={-5499191.503627, -2251825.311346, 2309314.511859}""  Name of Weapons to Fire: Indirect-Fire-Gun:M107-155mm. Number-Of-Rounds: 1. Height-Above-Terrain: 0","-",21.39511611,-157.73746058,"2026-08-03T22:00:01.990Z","UAV 3"
"FRM109001","FFE-On-Location ""Location={-5499191.503627, -2251825.311346, 2309314.511859}""  Name of Weapons to Fire: Indirect-Fire-Gun:M107-155mm. Number-Of-Rounds: 1. Height-Above-Terrain: 0","-",21.39515360,-157.73702065,"2026-08-03T22:00:01.990Z","UAV 3"
"FRAHS002","FFE-On-Location ""Location={-5499132.853573, -2251193.466895, 2310064.199617}""  Name of Weapons to Fire: Indirect-Fire-Gun:M107-155mm. Number-Of-Rounds: 1. Height-Above-Terrain: 0","-",21.39520418,-157.73742074,"2026-08-03T22:00:01.990Z","UAV 3"
"FRM901001","None","-",21.39546138,-157.73719974,"2026-08-03T22:00:00.000Z","UAV 3"
"ENMORT005","FFE-On-Location ""Location={-5499123.141030, -2250320.406046, 2311025.754248}""  Name of Weapons to Fire: Indirect-Fire-Gun:m9333he. Number-Of-Rounds: 1. Height-Above-Terrain: 0","-",21.37463885,-157.73701809,"2026-08-03T22:00:00.000Z","UAV 3"
"FRT69002","Move to {-5499315.048189, -2250231.003964, 2310734.853397}","-",21.38062352,-157.73220904,"2026-08-03T22:00:00.000Z","UAV 3"
"FRT69001","Move to {-5499315.048189, -2250231.003964, 2310734.853397}","-",21.38083089,-157.73220700,"2026-08-03T22:00:00.000Z","UAV 3"
"ENMORT004","FFE-On-Location ""Location={-5498511.672389, -2250935.799735, 2311770.746054}""  Name of Weapons to Fire: Indirect-Fire-Gun:m9333he. Number-Of-Rounds: 1. Height-Above-Terrain: 0","-",21.37449517,-157.73695548,"2026-08-03T22:00:00.000Z","UAV 3"
"FRMORT002","FFE-On-Location ""Location={-5499132.853573, -2251193.466895, 2310064.199617}""  Name of Weapons to Fire: Indirect-Fire-Gun:m9333he. Number-Of-Rounds: 1. Height-Above-Terrain: 0","-",21.39124517,-157.73722922,"2026-08-03T22:00:00.000Z","UAV 3"
"ENM35004","Move to {-5499460.953457, -2250814.454542, 2309743.262342}","-",21.37321699,-157.73305944,"2026-08-03T22:00:00.000Z","UAV 3"
"ENGAZ001","Move to {-5499460.953457, -2250814.454542, 2309743.262342}","-",21.37337528,-157.73279257,"2026-08-03T22:00:00.000Z","UAV 3"
"FRAHS001","FFE-On-Location ""Location={-5499191.503627, -2251825.311346, 2309314.511859}""  Name of Weapons to Fire: Indirect-Fire-Gun:M107-155mm. Number-Of-Rounds: 1. Height-Above-Terrain: 0","-",21.39511611,-157.73746058,"2026-08-03T22:00:00.000Z","UAV 3"
"FRT69006","Move to {-5499315.048189, -2250231.003964, 2310734.853397}","-",21.38096188,-157.73222439,"2026-08-03T22:00:00.000Z","UAV 3"
"FRMORT001","FFE-On-Location ""Location={-5499191.503627, -2251825.311346, 2309314.511859}""  Name of Weapons to Fire: Indirect-Fire-Gun:m9333he. Number-Of-Rounds: 1. Height-Above-Terrain: 0","-",21.39116652,-157.73700854,"2026-08-03T22:00:00.000Z","UAV 3"
"FRT69003","Move to {-5499315.048189, -2250231.003964, 2310734.853397}","-",21.38097332,-157.73240275,"2026-08-03T22:00:00.000Z","UAV 3"
"FRT69005","Move to {-5499315.048189, -2250231.003964, 2310734.853397}","-",21.38100014,-157.73233777,"2026-08-03T22:00:00.000Z","UAV 3"
"ENGAZ002","Move to {-5499460.953457, -2250814.454542, 2309743.262342}","-",21.37349402,-157.73315589,"2026-08-03T22:00:00.000Z","UAV 3"
"ENM35002","Move to {-5499460.953457, -2250814.454542, 2309743.262342}","-",21.37340544,-157.73283903,"2026-08-03T22:00:00.000Z","UAV 3"
"ENGAZ003","Move to {-5499460.953457, -2250814.454542, 2309743.262342}","-",21.37338431,-157.73326221,"2026-08-03T22:00:00.000Z","UAV 3"
"ENM35001","Move to {-5499460.953457, -2250814.454542, 2309743.262342}","-",21.37314687,-157.73312307,"2026-08-03T22:00:00.000Z","UAV 3"
"FRM113006","Move to {-5499315.048189, -2250231.003964, 2310734.853397}","-",21.38989399,-157.74190826,"2026-08-03T22:00:00.000Z","UAV 3"
"FRMORT004","None","-",21.39105358,-157.73697074,"2026-08-03T22:00:00.000Z","UAV 3"
"FRT69004","Move to {-5499315.048189, -2250231.003964, 2310734.853397}","-",21.38065700,-157.73204394,"2026-08-03T22:00:00.000Z","UAV 3"
"ENMORT001","FFE-On-Location ""Location={-5499123.141030, -2250320.406046, 2311025.754248}""  Name of Weapons to Fire: Indirect-Fire-Gun:m9333he. Number-Of-Rounds: 1. Height-Above-Terrain: 0","-",21.37454920,-157.73726779,"2026-08-03T22:00:00.000Z","UAV 3"
"FRM109003","FFE-On-Location ""Location={-5499460.953457, -2250814.454542, 2309743.262342}""  Name of Weapons to Fire: Indirect-Fire-Gun:M107-155mm. Number-Of-Rounds: 1. Height-Above-Terrain: 0","-",21.39546204,-157.73741658,"2026-08-03T22:00:00.000Z","UAV 3"
"FRM109002","FFE-On-Location ""Location={-5499132.853573, -2251193.466895, 2310064.199617}""  Name of Weapons to Fire: Indirect-Fire-Gun:M107-155mm. Number-Of-Rounds: 1. Height-Above-Terrain: 0","-",21.39535746,-157.73730886,"2026-08-03T22:00:00.000Z","UAV 3"
"FRT69008","Move to {-5499315.048189, -2250231.003964, 2310734.853397}","-",21.38096961,-157.73244663,"2026-08-03T22:00:00.000Z","UAV 3"
"FRT69009","Move to {-5499315.048189, -2250231.003964, 2310734.853397}","-",21.38066035,-157.73234161,"2026-08-03T22:00:00.000Z","UAV 3"
"FRLAV003","Move to {-5499315.048189, -2250231.003964, 2310734.853397}","-",21.38979255,-157.74180726,"2026-08-03T22:00:00.000Z","UAV 3"
"ENMORT002","FFE-On-Location ""Location={-5498755.048693, -2250824.434840, 2311307.787782}""  Name of Weapons to Fire: Indirect-Fire-Gun:m9333he. Number-Of-Rounds: 1. Height-Above-Terrain: 0","-",21.37448557,-157.73696566,"2026-08-03T22:00:00.000Z","UAV 3"
"ENGAZ004","Move to {-5499460.953457, -2250814.454542, 2309743.262342}","-",21.37336764,-157.73318922,"2026-08-03T22:00:00.000Z","UAV 3"
"FRMORT003","FFE-On-Location ""Location={-5499460.953457, -2250814.454542, 2309743.262342}""  Name of Weapons to Fire: Indirect-Fire-Gun:m9333he. Number-Of-Rounds: 1. Height-Above-Terrain: 0","-",21.39122072,-157.73728393,"2026-08-03T22:00:00.000Z","UAV 3"
"FRM113005","Move to {-5499315.048189, -2250231.003964, 2310734.853397}","-",21.38979774,-157.74205529,"2026-08-03T22:00:00.000Z","UAV 3"
"FRM113001","Move to {-5499315.048189, -2250231.003964, 2310734.853397}","-",21.38988667,-157.74163464,"2026-08-03T22:00:00.000Z","UAV 3"
"FRM109001","FFE-On-Location ""Location={-5499191.503627, -2251825.311346, 2309314.511859}""  Name of Weapons to Fire: Indirect-Fire-Gun:M107-155mm. Number-Of-Rounds: 1. Height-Above-Terrain: 0","-",21.39515360,-157.73702065,"2026-08-03T22:00:00.000Z","UAV 3"
"FRM113004","Move to {-5499315.048189, -2250231.003964, 2310734.853397}","-",21.38976158,-157.74194084,"2026-08-03T22:00:00.000Z","UAV 3"
"ENMORT003","FFE-On-Location ""Location={-5498358.113175, -2250865.429793, 2312201.552453}""  Name of Weapons to Fire: Indirect-Fire-Gun:m9333he. Number-Of-Rounds: 1. Height-Above-Terrain: 0","-",21.37448817,-157.73726715,"2026-08-03T22:00:00.000Z","UAV 3"
"FRAHS002","FFE-On-Location ""Location={-5499132.853573, -2251193.466895, 2310064.199617}""  Name of Weapons to Fire: Indirect-Fire-Gun:M107-155mm. Number-Of-Rounds: 1. Height-Above-Terrain: 0","-",21.39520418,-157.73742074,"2026-08-03T22:00:00.000Z","UAV 3"
"FRT69010","Move to {-5499315.048189, -2250231.003964, 2310734.853397}","-",21.38075758,-157.73208913,"2026-08-03T22:00:00.000Z","UAV 3"
"FRM109004","Move to {-5499315.048189, -2250231.003964, 2310734.853397}","-",21.39548995,-157.73707002,"2026-08-03T22:00:00.000Z","UAV 3"
"FRLAV004","Move to {-5499315.048189, -2250231.003964, 2310734.853397}","-",21.38960746,-157.74166506,"2026-08-03T22:00:00.000Z","UAV 3"
"FRM901001","None","-",21.39546138,-157.73719974,"2026-08-03T22:00:01.758Z","UAV 3"
"ENMORT005","FFE-On-Location ""Location={-5499123.141030, -2250320.406046, 2311025.754248}""  Name of Weapons to Fire: Indirect-Fire-Gun:m9333he. Number-Of-Rounds: 1. Height-Above-Terrain: 0","-",21.37463885,-157.73701809,"2026-08-03T22:00:01.758Z","UAV 3"
"FRT69002","Move to {-5499315.048189, -2250231.003964, 2310734.853397}","-",21.38068616,-157.73227350,"2026-08-03T22:00:01.758Z","UAV 3"
"FRT69001","Move to {-5499315.048189, -2250231.003964, 2310734.853397}","-",21.38089353,-157.73227146,"2026-08-03T22:00:01.758Z","UAV 3"
"ENMORT004","FFE-On-Location ""Location={-5498511.672389, -2250935.799735, 2311770.746054}""  Name of Weapons to Fire: Indirect-Fire-Gun:m9333he. Number-Of-Rounds: 1. Height-Above-Terrain: 0","-",21.37449517,-157.73695548,"2026-08-03T22:00:01.758Z","UAV 3"
"FRMORT002","FFE-On-Location ""Location={-5499132.853573, -2251193.466895, 2310064.199617}""  Name of Weapons to Fire: Indirect-Fire-Gun:m9333he. Number-Of-Rounds: 1. Height-Above-Terrain: 0","-",21.39124517,-157.73722922,"2026-08-03T22:00:01.758Z","UAV 3"
"FRAHS001","FFE-On-Location ""Location={-5499191.503627, -2251825.311346, 2309314.511859}""  Name of Weapons to Fire: Indirect-Fire-Gun:M107-155mm. Number-Of-Rounds: 1. Height-Above-Terrain: 0","-",21.39511611,-157.73746058,"2026-08-03T22:00:01.758Z","UAV 3"
"FRMORT001","FFE-On-Location ""Location={-5499191.503627, -2251825.311346, 2309314.511859}""  Name of Weapons to Fire: Indirect-Fire-Gun:m9333he. Number-Of-Rounds: 1. Height-Above-Terrain: 0","-",21.39116652,-157.73700854,"2026-08-03T22:00:01.758Z","UAV 3"
"FRT69003","Move to {-5499315.048189, -2250231.003964, 2310734.853397}","-",21.38102490,-157.73244540,"2026-08-03T22:00:01.758Z","UAV 3"
"FRT69005","Move to {-5499315.048189, -2250231.003964, 2310734.853397}","-",21.38105172,-157.73238041,"2026-08-03T22:00:01.758Z","UAV 3"
"FRMORT004","None","-",21.39105358,-157.73697074,"2026-08-03T22:00:01.758Z","UAV 3"
"FRT69004","Move to {-5499315.048189, -2250231.003964, 2310734.853397}","-",21.38070858,-157.73208658,"2026-08-03T22:00:01.758Z","UAV 3"
"ENMORT001","FFE-On-Location ""Location={-5499123.141030, -2250320.406046, 2311025.754248}""  Name of Weapons to Fire: Indirect-Fire-Gun:m9333he. Number-Of-Rounds: 1. Height-Above-Terrain: 0","-",21.37454920,-157.73726779,"2026-08-03T22:00:01.758Z","UAV 3"
"FRM109003","FFE-On-Location ""Location={-5499460.953457, -2250814.454542, 2309743.262342}""  Name of Weapons to Fire: Indirect-Fire-Gun:M107-155mm. Number-Of-Rounds: 1. Height-Above-Terrain: 0","-",21.39546204,-157.73741658,"2026-08-03T22:00:01.758Z","UAV 3"
"FRM109002","FFE-On-Location ""Location={-5499132.853573, -2251193.466895, 2310064.199617}""  Name of Weapons to Fire: Indirect-Fire-Gun:M107-155mm. Number-Of-Rounds: 1. Height-Above-Terrain: 0","-",21.39535746,-157.73730886,"2026-08-03T22:00:01.758Z","UAV 3"
"FRT69008","Move to {-5499315.048189, -2250231.003964, 2310734.853397}","-",21.38102119,-157.73248928,"2026-08-03T22:00:01.758Z","UAV 3"
"FRT69009","Move to {-5499315.048189, -2250231.003964, 2310734.853397}","-",21.38071193,-157.73238425,"2026-08-03T22:00:01.758Z","UAV 3"
"ENMORT002","FFE-On-Location ""Location={-5498755.048693, -2250824.434840, 2311307.787782}""  Name of Weapons to Fire: Indirect-Fire-Gun:m9333he. Number-Of-Rounds: 1. Height-Above-Terrain: 0","-",21.37448557,-157.73696566,"2026-08-03T22:00:01.758Z","UAV 3"
"FRMORT003","FFE-On-Location ""Location={-5499460.953457, -2250814.454542, 2309743.262342}""  Name of Weapons to Fire: Indirect-Fire-Gun:m9333he. Number-Of-Rounds: 1. Height-Above-Terrain: 0","-",21.39122072,-157.73728393,"2026-08-03T22:00:01.758Z","UAV 3"
"FRM109001","FFE-On-Location ""Location={-5499191.503627, -2251825.311346, 2309314.511859}""  Name of Weapons to Fire: Indirect-Fire-Gun:M107-155mm. Number-Of-Rounds: 1. Height-Above-Terrain: 0","-",21.39515360,-157.73702065,"2026-08-03T22:00:01.758Z","UAV 3"
"ENMORT003","FFE-On-Location ""Location={-5498358.113175, -2250865.429793, 2312201.552453}""  Name of Weapons to Fire: Indirect-Fire-Gun:m9333he. Number-Of-Rounds: 1. Height-Above-Terrain: 0","-",21.37448817,-157.73726715,"2026-08-03T22:00:01.758Z","UAV 3"
"FRAHS002","FFE-On-Location ""Location={-5499132.853573, -2251193.466895, 2310064.199617}""  Name of Weapons to Fire: Indirect-Fire-Gun:M107-155mm. Number-Of-Rounds: 1. Height-Above-Terrain: 0","-",21.39520418,-157.73742074,"2026-08-03T22:00:01.758Z","UAV 3"
"FRT69010","Move to {-5499315.048189, -2250231.003964, 2310734.853397}","-",21.38080916,-157.73213177,"2026-08-03T22:00:01.758Z","UAV 3"
"FRM109004","Move to {-5499315.048189, -2250231.003964, 2310734.853397}","-",21.39552394,-157.73709180,"2026-08-03T22:00:01.758Z","UAV 3"
"FRM901001","None","-",21.39546138,-157.73719974,"2026-08-03T22:00:01.758Z","UAV 3"
"ENMORT005","FFE-On-Location ""Location={-5499123.141030, -2250320.406046, 2311025.754248}""  Name of Weapons to Fire: Indirect-Fire-Gun:m9333he. Number-Of-Rounds: 1. Height-Above-Terrain: 0","-",21.37463885,-157.73701809,"2026-08-03T22:00:01.758Z","UAV 3"
"FRT69002","Move to {-5499315.048189, -2250231.003964, 2310734.853397}","-",21.38068616,-157.73227350,"2026-08-03T22:00:01.758Z","UAV 3"
"FRT69001","Move to {-5499315.048189, -2250231.003964, 2310734.853397}","-",21.38089353,-157.73227146,"2026-08-03T22:00:01.758Z","UAV 3"
"ENMORT004","FFE-On-Location ""Location={-5498511.672389, -2250935.799735, 2311770.746054}""  Name of Weapons to Fire: Indirect-Fire-Gun:m9333he. Number-Of-Rounds: 1. Height-Above-Terrain: 0","-",21.37449517,-157.73695548,"2026-08-03T22:00:01.758Z","UAV 3"
"FRMORT002","FFE-On-Location ""Location={-5499132.853573, -2251193.466895, 2310064.199617}""  Name of Weapons to Fire: Indirect-Fire-Gun:m9333he. Number-Of-Rounds: 1. Height-Above-Terrain: 0","-",21.39124517,-157.73722922,"2026-08-03T22:00:01.758Z","UAV 3"
"FRAHS001","FFE-On-Location ""Location={-5499191.503627, -2251825.311346, 2309314.511859}""  Name of Weapons to Fire: Indirect-Fire-Gun:M107-155mm. Number-Of-Rounds: 1. Height-Above-Terrain: 0","-",21.39511611,-157.73746058,"2026-08-03T22:00:01.758Z","UAV 3"
"FRMORT001","FFE-On-Location ""Location={-5499191.503627, -2251825.311346, 2309314.511859}""  Name of Weapons to Fire: Indirect-Fire-Gun:m9333he. Number-Of-Rounds: 1. Height-Above-Terrain: 0","-",21.39116652,-157.73700854,"2026-08-03T22:00:01.758Z","UAV 3"
"FRT69003","Move to {-5499315.048189, -2250231.003964, 2310734.853397}","-",21.38102490,-157.73244540,"2026-08-03T22:00:01.758Z","UAV 3"
"FRT69005","Move to {-5499315.048189, -2250231.003964, 2310734.853397}","-",21.38105172,-157.73238041,"2026-08-03T22:00:01.758Z","UAV 3"
"FRMORT004","None","-",21.39105358,-157.73697074,"2026-08-03T22:00:01.758Z","UAV 3"
"FRT69004","Move to {-5499315.048189, -2250231.003964, 2310734.853397}","-",21.38070858,-157.73208658,"2026-08-03T22:00:01.758Z","UAV 3"
"ENMORT001","FFE-On-Location ""Location={-5499123.141030, -2250320.406046, 2311025.754248}""  Name of Weapons to Fire: Indirect-Fire-Gun:m9333he. Number-Of-Rounds: 1. Height-Above-Terrain: 0","-",21.37454920,-157.73726779,"2026-08-03T22:00:01.758Z","UAV 3"
"FRM109003","FFE-On-Location ""Location={-5499460.953457, -2250814.454542, 2309743.262342}""  Name of Weapons to Fire: Indirect-Fire-Gun:M107-155mm. Number-Of-Rounds: 1. Height-Above-Terrain: 0","-",21.39546204,-157.73741658,"2026-08-03T22:00:01.758Z","UAV 3"
"FRM109002","FFE-On-Location ""Location={-5499132.853573, -2251193.466895, 2310064.199617}""  Name of Weapons to Fire: Indirect-Fire-Gun:M107-155mm. Number-Of-Rounds: 1. Height-Above-Terrain: 0","-",21.39535746,-157.73730886,"2026-08-03T22:00:01.758Z","UAV 3"
"FRT69008","Move to {-5499315.048189, -2250231.003964, 2310734.853397}","-",21.38102119,-157.73248928,"2026-08-03T22:00:01.758Z","UAV 3"
"FRT69009","Move to {-5499315.048189, -2250231.003964, 2310734.853397}","-",21.38071193,-157.73238425,"2026-08-03T22:00:01.758Z","UAV 3"
"ENMORT002","FFE-On-Location ""Location={-5498755.048693, -2250824.434840, 2311307.787782}""  Name of Weapons to Fire: Indirect-Fire-Gun:m9333he. Number-Of-Rounds: 1. Height-Above-Terrain: 0","-",21.37448557,-157.73696566,"2026-08-03T22:00:01.758Z","UAV 3"
"FRMORT003","FFE-On-Location ""Location={-5499460.953457, -2250814.454542, 2309743.262342}""  Name of Weapons to Fire: Indirect-Fire-Gun:m9333he. Number-Of-Rounds: 1. Height-Above-Terrain: 0","-",21.39122072,-157.73728393,"2026-08-03T22:00:01.758Z","UAV 3"
"FRM109001","FFE-On-Location ""Location={-5499191.503627, -2251825.311346, 2309314.511859}""  Name of Weapons to Fire: Indirect-Fire-Gun:M107-155mm. Number-Of-Rounds: 1. Height-Above-Terrain: 0","-",21.39515360,-157.73702065,"2026-08-03T22:00:01.758Z","UAV 3"
"ENMORT003","FFE-On-Location ""Location={-5498358.113175, -2250865.429793, 2312201.552453}""  Name of Weapons to Fire: Indirect-Fire-Gun:m9333he. Number-Of-Rounds: 1. Height-Above-Terrain: 0","-",21.37448817,-157.73726715,"2026-08-03T22:00:01.758Z","UAV 3"
"FRAHS002","FFE-On-Location ""Location={-5499132.853573, -2251193.466895, 2310064.199617}""  Name of Weapons to Fire: Indirect-Fire-Gun:M107-155mm. Number-Of-Rounds: 1. Height-Above-Terrain: 0","-",21.39520418,-157.73742074,"2026-08-03T22:00:01.758Z","UAV 3"
"FRT69010","Move to {-5499315.048189, -2250231.003964, 2310734.853397}","-",21.38080916,-157.73213177,"2026-08-03T22:00:01.758Z","UAV 3"
"FRM109004","Move to {-5499315.048189, -2250231.003964, 2310734.853397}","-",21.39552394,-157.73709180,"2026-08-03T22:00:01.758Z","UAV 3"
"FRM901001","None","-",21.39546138,-157.73719974,"2026-08-03T22:00:00.000Z","UAV 3"
"ENMORT005","FFE-On-Location ""Location={-5499123.141030, -2250320.406046, 2311025.754248}""  Name of Weapons to Fire: Indirect-Fire-Gun:m9333he. Number-Of-Rounds: 1. Height-Above-Terrain: 0","-",21.37463885,-157.73701809,"2026-08-03T22:00:00.000Z","UAV 3"
"FRT69002","Move to {-5499315.048189, -2250231.003964, 2310734.853397}","-",21.38062353,-157.73220904,"2026-08-03T22:00:00.000Z","UAV 3"
"FRT69001","Move to {-5499315.048189, -2250231.003964, 2310734.853397}","-",21.38083090,-157.73220700,"2026-08-03T22:00:00.000Z","UAV 3"
"ENMORT004","FFE-On-Location ""Location={-5498511.672389, -2250935.799735, 2311770.746054}""  Name of Weapons to Fire: Indirect-Fire-Gun:m9333he. Number-Of-Rounds: 1. Height-Above-Terrain: 0","-",21.37449517,-157.73695548,"2026-08-03T22:00:00.000Z","UAV 3"
"FRMORT002","FFE-On-Location ""Location={-5499132.853573, -2251193.466895, 2310064.199617}""  Name of Weapons to Fire: Indirect-Fire-Gun:m9333he. Number-Of-Rounds: 1. Height-Above-Terrain: 0","-",21.39124517,-157.73722922,"2026-08-03T22:00:00.000Z","UAV 3"
"ENM35004","Move to {-5499460.953457, -2250814.454542, 2309743.262342}","-",21.37321699,-157.73305944,"2026-08-03T22:00:00.000Z","UAV 3"
"ENGAZ001","Move to {-5499460.953457, -2250814.454542, 2309743.262342}","-",21.37337528,-157.73279257,"2026-08-03T22:00:00.000Z","UAV 3"
"FRAHS001","FFE-On-Location ""Location={-5499191.503627, -2251825.311346, 2309314.511859}""  Name of Weapons to Fire: Indirect-Fire-Gun:M107-155mm. Number-Of-Rounds: 1. Height-Above-Terrain: 0","-",21.39511611,-157.73746058,"2026-08-03T22:00:00.000Z","UAV 3"
"FRT69006","Move to {-5499315.048189, -2250231.003964, 2310734.853397}","-",21.38096188,-157.73222439,"2026-08-03T22:00:00.000Z","UAV 3"
"FRMORT001","FFE-On-Location ""Location={-5499191.503627, -2251825.311346, 2309314.511859}""  Name of Weapons to Fire: Indirect-Fire-Gun:m9333he. Number-Of-Rounds: 1. Height-Above-Terrain: 0","-",21.39116652,-157.73700854,"2026-08-03T22:00:00.000Z","UAV 3"
"FRT69003","Move to {-5499315.048189, -2250231.003964, 2310734.853397}","-",21.38097332,-157.73240275,"2026-08-03T22:00:00.000Z","UAV 3"
"FRT69005","Move to {-5499315.048189, -2250231.003964, 2310734.853397}","-",21.38100014,-157.73233777,"2026-08-03T22:00:00.000Z","UAV 3"
"ENGAZ002","Move to {-5499460.953457, -2250814.454542, 2309743.262342}","-",21.37349402,-157.73315589,"2026-08-03T22:00:00.000Z","UAV 3"
"ENM35002","Move to {-5499460.953457, -2250814.454542, 2309743.262342}","-",21.37340544,-157.73283903,"2026-08-03T22:00:00.000Z","UAV 3"
"ENGAZ003","Move to {-5499460.953457, -2250814.454542, 2309743.262342}","-",21.37338431,-157.73326221,"2026-08-03T22:00:00.000Z","UAV 3"
"ENM35001","Move to {-5499460.953457, -2250814.454542, 2309743.262342}","-",21.37314687,-157.73312307,"2026-08-03T22:00:00.000Z","UAV 3"
"FRM113006","Move to {-5499315.048189, -2250231.003964, 2310734.853397}","-",21.38989399,-157.74190826,"2026-08-03T22:00:00.000Z","UAV 3"
"FRMORT004","None","-",21.39105358,-157.73697074,"2026-08-03T22:00:00.000Z","UAV 3"
"FRT69004","Move to {-5499315.048189, -2250231.003964, 2310734.853397}","-",21.38065700,-157.73204394,"2026-08-03T22:00:00.000Z","UAV 3"
"ENMORT001","FFE-On-Location ""Location={-5499123.141030, -2250320.406046, 2311025.754248}""  Name of Weapons to Fire: Indirect-Fire-Gun:m9333he. Number-Of-Rounds: 1. Height-Above-Terrain: 0","-",21.37454920,-157.73726779,"2026-08-03T22:00:00.000Z","UAV 3"
"FRM109003","FFE-On-Location ""Location={-5499460.953457, -2250814.454542, 2309743.262342}""  Name of Weapons to Fire: Indirect-Fire-Gun:M107-155mm. Number-Of-Rounds: 1. Height-Above-Terrain: 0","-",21.39546204,-157.73741658,"2026-08-03T22:00:00.000Z","UAV 3"
"FRM109002","FFE-On-Location ""Location={-5499132.853573, -2251193.466895, 2310064.199617}""  Name of Weapons to Fire: Indirect-Fire-Gun:M107-155mm. Number-Of-Rounds: 1. Height-Above-Terrain: 0","-",21.39535746,-157.73730886,"2026-08-03T22:00:00.000Z","UAV 3"
"FRT69008","Move to {-5499315.048189, -2250231.003964, 2310734.853397}","-",21.38096961,-157.73244663,"2026-08-03T22:00:00.000Z","UAV 3"
"FRT69009","Move to {-5499315.048189, -2250231.003964, 2310734.853397}","-",21.38066035,-157.73234161,"2026-08-03T22:00:00.000Z","UAV 3"
"FRLAV003","Move to {-5499315.048189, -2250231.003964, 2310734.853397}","-",21.38979255,-157.74180726,"2026-08-03T22:00:00.000Z","UAV 3"
"ENMORT002","FFE-On-Location ""Location={-5498755.048693, -2250824.434840, 2311307.787782}""  Name of Weapons to Fire: Indirect-Fire-Gun:m9333he. Number-Of-Rounds: 1. Height-Above-Terrain: 0","-",21.37448557,-157.73696566,"2026-08-03T22:00:00.000Z","UAV 3"
"ENGAZ004","Move to {-5499460.953457, -2250814.454542, 2309743.262342}","-",21.37336764,-157.73318922,"2026-08-03T22:00:00.000Z","UAV 3"
"FRMORT003","FFE-On-Location ""Location={-5499460.953457, -2250814.454542, 2309743.262342}""  Name of Weapons to Fire: Indirect-Fire-Gun:m9333he. Number-Of-Rounds: 1. Height-Above-Terrain: 0","-",21.39122072,-157.73728393,"2026-08-03T22:00:00.000Z","UAV 3"
"FRM113005","Move to {-5499315.048189, -2250231.003964, 2310734.853397}","-",21.38979774,-157.74205529,"2026-08-03T22:00:00.000Z","UAV 3"
"FRM113001","Move to {-5499315.048189, -2250231.003964, 2310734.853397}","-",21.38988667,-157.74163464,"2026-08-03T22:00:00.000Z","UAV 3"
"FRM109001","FFE-On-Location ""Location={-5499191.503627, -2251825.311346, 2309314.511859}""  Name of Weapons to Fire: Indirect-Fire-Gun:M107-155mm. Number-Of-Rounds: 1. Height-Above-Terrain: 0","-",21.39515360,-157.73702065,"2026-08-03T22:00:00.000Z","UAV 3"
"FRM113004","Move to {-5499315.048189, -2250231.003964, 2310734.853397}","-",21.38976158,-157.74194084,"2026-08-03T22:00:00.000Z","UAV 3"
"ENMORT003","FFE-On-Location ""Location={-5498358.113175, -2250865.429793, 2312201.552453}""  Name of Weapons to Fire: Indirect-Fire-Gun:m9333he. Number-Of-Rounds: 1. Height-Above-Terrain: 0","-",21.37448817,-157.73726715,"2026-08-03T22:00:00.000Z","UAV 3"
"FRAHS002","FFE-On-Location ""Location={-5499132.853573, -2251193.466895, 2310064.199617}""  Name of Weapons to Fire: Indirect-Fire-Gun:M107-155mm. Number-Of-Rounds: 1. Height-Above-Terrain: 0","-",21.39520418,-157.73742074,"2026-08-03T22:00:00.000Z","UAV 3"
"FRT69010","Move to {-5499315.048189, -2250231.003964, 2310734.853397}","-",21.38075758,-157.73208913,"2026-08-03T22:00:00.000Z","UAV 3"
"FRM109004","Move to {-5499315.048189, -2250231.003964, 2310734.853397}","-",21.39548995,-157.73707002,"2026-08-03T22:00:00.000Z","UAV 3"
"FRLAV004","Move to {-5499315.048189, -2250231.003964, 2310734.853397}","-",21.38960746,-157.74166506,"2026-08-03T22:00:00.000Z","UAV 3"
"ENMORT005","FFE-On-Location ""Location={-5499123.141030, -2250320.406046, 2311025.754248}""  Name of Weapons to Fire: Indirect-Fire-Gun:m9333he. Number-Of-Rounds: 1. Height-Above-Terrain: 0","-",21.37463885,-157.73701809,"2026-08-03T22:00:01.887Z","UAV 3"
"ENMORT004","FFE-On-Location ""Location={-5498511.672389, -2250935.799735, 2311770.746054}""  Name of Weapons to Fire: Indirect-Fire-Gun:m9333he. Number-Of-Rounds: 1. Height-Above-Terrain: 0","-",21.37449517,-157.73695548,"2026-08-03T22:00:01.887Z","UAV 3"
"ENMORT001","FFE-On-Location ""Location={-5499123.141030, -2250320.406046, 2311025.754248}""  Name of Weapons to Fire: Indirect-Fire-Gun:m9333he. Number-Of-Rounds: 1. Height-Above-Terrain: 0","-",21.37454920,-157.73726779,"2026-08-03T22:00:01.887Z","UAV 3"
"ENMORT002","FFE-On-Location ""Location={-5498755.048693, -2250824.434840, 2311307.787782}""  Name of Weapons to Fire: Indirect-Fire-Gun:m9333he. Number-Of-Rounds: 1. Height-Above-Terrain: 0","-",21.37448557,-157.73696566,"2026-08-03T22:00:01.887Z","UAV 3"
"ENMORT003","FFE-On-Location ""Location={-5498358.113175, -2250865.429793, 2312201.552453}""  Name of Weapons to Fire: Indirect-Fire-Gun:m9333he. Number-Of-Rounds: 1. Height-Above-Terrain: 0","-",21.37448817,-157.73726715,"2026-08-03T22:00:01.887Z","UAV 3"
"FRLAV004","Move to {-5499315.048189, -2250231.003964, 2310734.853397}","-",21.38965016,-157.74155374,"2026-08-03T22:00:01.887Z","UAV 3"
"FRM113002","Move to {-5499315.048189, -2250231.003964, 2310734.853397}","-",21.38982898,-157.74169886,"2026-08-03T22:00:01.887Z","UAV 3"
"ENMORT005","FFE-On-Location ""Location={-5499123.141030, -2250320.406046, 2311025.754248}""  Name of Weapons to Fire: Indirect-Fire-Gun:m9333he. Number-Of-Rounds: 1. Height-Above-Terrain: 0","-",21.37463885,-157.73701809,"2026-08-03T22:00:01.887Z","UAV 3"
"ENMORT004","FFE-On-Location ""Location={-5498511.672389, -2250935.799735, 2311770.746054}""  Name of Weapons to Fire: Indirect-Fire-Gun:m9333he. Number-Of-Rounds: 1. Height-Above-Terrain: 0","-",21.37449517,-157.73695548,"2026-08-03T22:00:01.887Z","UAV 3"
"ENMORT001","FFE-On-Location ""Location={-5499123.141030, -2250320.406046, 2311025.754248}""  Name of Weapons to Fire: Indirect-Fire-Gun:m9333he. Number-Of-Rounds: 1. Height-Above-Terrain: 0","-",21.37454920,-157.73726779,"2026-08-03T22:00:01.887Z","UAV 3"
"ENMORT002","FFE-On-Location ""Location={-5498755.048693, -2250824.434840, 2311307.787782}""  Name of Weapons to Fire: Indirect-Fire-Gun:m9333he. Number-Of-Rounds: 1. Height-Above-Terrain: 0","-",21.37448557,-157.73696566,"2026-08-03T22:00:01.887Z","UAV 3"
"ENMORT003","FFE-On-Location ""Location={-5498358.113175, -2250865.429793, 2312201.552453}""  Name of Weapons to Fire: Indirect-Fire-Gun:m9333he. Number-Of-Rounds: 1. Height-Above-Terrain: 0","-",21.37448817,-157.73726715,"2026-08-03T22:00:01.887Z","UAV 3"
"FRLAV004","Move to {-5499315.048189, -2250231.003964, 2310734.853397}","-",21.38965016,-157.74155374,"2026-08-03T22:00:01.887Z","UAV 3"
"FRM113002","Move to {-5499315.048189, -2250231.003964, 2310734.853397}","-",21.38982898,-157.74169886,"2026-08-03T22:00:01.887Z","UAV 3"
"FRM901001","None","-",21.39546138,-157.73719974,"2026-08-03T22:00:00.000Z","UAV 3"
"ENMORT005","FFE-On-Location ""Location={-5499123.141030, -2250320.406046, 2311025.754248}""  Name of Weapons to Fire: Indirect-Fire-Gun:m9333he. Number-Of-Rounds: 1. Height-Above-Terrain: 0","-",21.37463885,-157.73701809,"2026-08-03T22:00:00.000Z","UAV 3"
"FRT69002","Move to {-5499315.048189, -2250231.003964, 2310734.853397}","-",21.38062352,-157.73220904,"2026-08-03T22:00:00.000Z","UAV 3"
"FRT69001","Move to {-5499315.048189, -2250231.003964, 2310734.853397}","-",21.38083089,-157.73220700,"2026-08-03T22:00:00.000Z","UAV 3"
"ENMORT004","FFE-On-Location ""Location={-5498511.672389, -2250935.799735, 2311770.746054}""  Name of Weapons to Fire: Indirect-Fire-Gun:m9333he. Number-Of-Rounds: 1. Height-Above-Terrain: 0","-",21.37449517,-157.73695548,"2026-08-03T22:00:00.000Z","UAV 3"
"FRMORT002","FFE-On-Location ""Location={-5499132.853573, -2251193.466895, 2310064.199617}""  Name of Weapons to Fire: Indirect-Fire-Gun:m9333he. Number-Of-Rounds: 1. Height-Above-Terrain: 0","-",21.39124517,-157.73722922,"2026-08-03T22:00:00.000Z","UAV 3"
"ENM35004","Move to {-5499460.953457, -2250814.454542, 2309743.262342}","-",21.37321699,-157.73305944,"2026-08-03T22:00:00.000Z","UAV 3"
"ENGAZ001","Move to {-5499460.953457, -2250814.454542, 2309743.262342}","-",21.37337528,-157.73279257,"2026-08-03T22:00:00.000Z","UAV 3"
"FRAHS001","FFE-On-Location ""Location={-5499191.503627, -2251825.311346, 2309314.511859}""  Name of Weapons to Fire: Indirect-Fire-Gun:M107-155mm. Number-Of-Rounds: 1. Height-Above-Terrain: 0","-",21.39511611,-157.73746058,"2026-08-03T22:00:00.000Z","UAV 3"
"FRT69006","Move to {-5499315.048189, -2250231.003964, 2310734.853397}","-",21.38096188,-157.73222439,"2026-08-03T22:00:00.000Z","UAV 3"
"FRMORT001","FFE-On-Location ""Location={-5499191.503627, -2251825.311346, 2309314.511859}""  Name of Weapons to Fire: Indirect-Fire-Gun:m9333he. Number-Of-Rounds: 1. Height-Above-Terrain: 0","-",21.39116652,-157.73700854,"2026-08-03T22:00:00.000Z","UAV 3"
"FRT69003","Move to {-5499315.048189, -2250231.003964, 2310734.853397}","-",21.38097332,-157.73240275,"2026-08-03T22:00:00.000Z","UAV 3"
"FRT69005","Move to {-5499315.048189, -2250231.003964, 2310734.853397}","-",21.38100014,-157.73233777,"2026-08-03T22:00:00.000Z","UAV 3"
"ENGAZ002","Move to {-5499460.953457, -2250814.454542, 2309743.262342}","-",21.37349402,-157.73315589,"2026-08-03T22:00:00.000Z","UAV 3"
"ENM35002","Move to {-5499460.953457, -2250814.454542, 2309743.262342}","-",21.37340544,-157.73283903,"2026-08-03T22:00:00.000Z","UAV 3"
"ENGAZ003","Move to {-5499460.953457, -2250814.454542, 2309743.262342}","-",21.37338431,-157.73326221,"2026-08-03T22:00:00.000Z","UAV 3"
"ENM35001","Move to {-5499460.953457, -2250814.454542, 2309743.262342}","-",21.37314687,-157.73312307,"2026-08-03T22:00:00.000Z","UAV 3"
"FRM113006","Move to {-5499315.048189, -2250231.003964, 2310734.853397}","-",21.38989399,-157.74190826,"2026-08-03T22:00:00.000Z","UAV 3"
"FRMORT004","None","-",21.39105358,-157.73697074,"2026-08-03T22:00:00.000Z","UAV 3"
"FRT69004","Move to {-5499315.048189, -2250231.003964, 2310734.853397}","-",21.38065700,-157.73204394,"2026-08-03T22:00:00.000Z","UAV 3"
"ENMORT001","FFE-On-Location ""Location={-5499123.141030, -2250320.406046, 2311025.754248}""  Name of Weapons to Fire: Indirect-Fire-Gun:m9333he. Number-Of-Rounds: 1. Height-Above-Terrain: 0","-",21.37454920,-157.73726779,"2026-08-03T22:00:00.000Z","UAV 3"
"FRM109003","FFE-On-Location ""Location={-5499460.953457, -2250814.454542, 2309743.262342}""  Name of Weapons to Fire: Indirect-Fire-Gun:M107-155mm. Number-Of-Rounds: 1. Height-Above-Terrain: 0","-",21.39546204,-157.73741658,"2026-08-03T22:00:00.000Z","UAV 3"
"FRM109002","FFE-On-Location ""Location={-5499132.853573, -2251193.466895, 2310064.199617}""  Name of Weapons to Fire: Indirect-Fire-Gun:M107-155mm. Number-Of-Rounds: 1. Height-Above-Terrain: 0","-",21.39535746,-157.73730886,"2026-08-03T22:00:00.000Z","UAV 3"
"FRT69008","Move to {-5499315.048189, -2250231.003964, 2310734.853397}","-",21.38096961,-157.73244663,"2026-08-03T22:00:00.000Z","UAV 3"
"FRT69009","Move to {-5499315.048189, -2250231.003964, 2310734.853397}","-",21.38066035,-157.73234161,"2026-08-03T22:00:00.000Z","UAV 3"
"FRLAV003","Move to {-5499315.048189, -2250231.003964, 2310734.853397}","-",21.38979255,-157.74180726,"2026-08-03T22:00:00.000Z","UAV 3"
"ENMORT002","FFE-On-Location ""Location={-5498755.048693, -2250824.434840, 2311307.787782}""  Name of Weapons to Fire: Indirect-Fire-Gun:m9333he. Number-Of-Rounds: 1. Height-Above-Terrain: 0","-",21.37448557,-157.73696566,"2026-08-03T22:00:00.000Z","UAV 3"
"ENGAZ004","Move to {-5499460.953457, -2250814.454542, 2309743.262342}","-",21.37336764,-157.73318922,"2026-08-03T22:00:00.000Z","UAV 3"
"FRMORT003","FFE-On-Location ""Location={-5499460.953457, -2250814.454542, 2309743.262342}""  Name of Weapons to Fire: Indirect-Fire-Gun:m9333he. Number-Of-Rounds: 1. Height-Above-Terrain: 0","-",21.39122072,-157.73728393,"2026-08-03T22:00:00.000Z","UAV 3"
"FRM113005","Move to {-5499315.048189, -2250231.003964, 2310734.853397}","-",21.38979774,-157.74205529,"2026-08-03T22:00:00.000Z","UAV 3"
"FRM113001","Move to {-5499315.048189, -2250231.003964, 2310734.853397}","-",21.38988667,-157.74163464,"2026-08-03T22:00:00.000Z","UAV 3"
"FRM109001","FFE-On-Location ""Location={-5499191.503627, -2251825.311346, 2309314.511859}""  Name of Weapons to Fire: Indirect-Fire-Gun:M107-155mm. Number-Of-Rounds: 1. Height-Above-Terrain: 0","-",21.39515360,-157.73702065,"2026-08-03T22:00:00.000Z","UAV 3"
"FRM113004","Move to {-5499315.048189, -2250231.003964, 2310734.853397}","-",21.38976158,-157.74194084,"2026-08-03T22:00:00.000Z","UAV 3"
"ENMORT003","FFE-On-Location ""Location={-5498358.113175, -2250865.429793, 2312201.552453}""  Name of Weapons to Fire: Indirect-Fire-Gun:m9333he. Number-Of-Rounds: 1. Height-Above-Terrain: 0","-",21.37448817,-157.73726715,"2026-08-03T22:00:00.000Z","UAV 3"
"FRAHS002","FFE-On-Location ""Location={-5499132.853573, -2251193.466895, 2310064.199617}""  Name of Weapons to Fire: Indirect-Fire-Gun:M107-155mm. Number-Of-Rounds: 1. Height-Above-Terrain: 0","-",21.39520418,-157.73742074,"2026-08-03T22:00:00.000Z","UAV 3"
"FRT69010","Move to {-5499315.048189, -2250231.003964, 2310734.853397}","-",21.38075758,-157.73208913,"2026-08-03T22:00:00.000Z","UAV 3"
"FRM109004","Move to {-5499315.048189, -2250231.003964, 2310734.853397}","-",21.39548995,-157.73707002,"2026-08-03T22:00:00.000Z","UAV 3"
"FRLAV004","Move to {-5499315.048189, -2250231.003964, 2310734.853397}","-",21.38960746,-157.74166506,"2026-08-03T22:00:00.000Z","UAV 3"
"FRM901001","None","-",21.39546138,-157.73719974,"2026-08-03T22:00:01.904Z","UAV 3"
"ENMORT005","FFE-On-Location ""Location={-5499123.141030, -2250320.406046, 2311025.754248}""  Name of Weapons to Fire: Indirect-Fire-Gun:m9333he. Number-Of-Rounds: 1. Height-Above-Terrain: 0","-",21.37463885,-157.73701809,"2026-08-03T22:00:01.904Z","UAV 3"
"FRT69002","Move to {-5499315.048189, -2250231.003964, 2310734.853397}","-",21.38069272,-157.73228181,"2026-08-03T22:00:01.904Z","UAV 3"
"FRT69001","Move to {-5499315.048189, -2250231.003964, 2310734.853397}","-",21.38090009,-157.73227978,"2026-08-03T22:00:01.904Z","UAV 3"
"ENMORT004","FFE-On-Location ""Location={-5498511.672389, -2250935.799735, 2311770.746054}""  Name of Weapons to Fire: Indirect-Fire-Gun:m9333he. Number-Of-Rounds: 1. Height-Above-Terrain: 0","-",21.37449517,-157.73695548,"2026-08-03T22:00:01.904Z","UAV 3"
"FRMORT002","FFE-On-Location ""Location={-5499132.853573, -2251193.466895, 2310064.199617}""  Name of Weapons to Fire: Indirect-Fire-Gun:m9333he. Number-Of-Rounds: 1. Height-Above-Terrain: 0","-",21.39124517,-157.73722922,"2026-08-03T22:00:01.904Z","UAV 3"
"FRAHS001","FFE-On-Location ""Location={-5499191.503627, -2251825.311346, 2309314.511859}""  Name of Weapons to Fire: Indirect-Fire-Gun:M107-155mm. Number-Of-Rounds: 1. Height-Above-Terrain: 0","-",21.39511611,-157.73746058,"2026-08-03T22:00:01.904Z","UAV 3"
"FRMORT001","FFE-On-Location ""Location={-5499191.503627, -2251825.311346, 2309314.511859}""  Name of Weapons to Fire: Indirect-Fire-Gun:m9333he. Number-Of-Rounds: 1. Height-Above-Terrain: 0","-",21.39116652,-157.73700854,"2026-08-03T22:00:01.904Z","UAV 3"
"FRT69003","Move to {-5499315.048189, -2250231.003964, 2310734.853397}","-",21.38103212,-157.73245434,"2026-08-03T22:00:01.904Z","UAV 3"
"FRT69005","Move to {-5499315.048189, -2250231.003964, 2310734.853397}","-",21.38105895,-157.73238935,"2026-08-03T22:00:01.904Z","UAV 3"
"FRM113006","Move to {-5499315.048189, -2250231.003964, 2310734.853397}","-",21.38989839,-157.74190826,"2026-08-03T22:00:01.904Z","UAV 3"
"FRMORT004","None","-",21.39105358,-157.73697074,"2026-08-03T22:00:01.904Z","UAV 3"
"FRT69004","Move to {-5499315.048189, -2250231.003964, 2310734.853397}","-",21.38071581,-157.73209552,"2026-08-03T22:00:01.904Z","UAV 3"
"ENMORT001","FFE-On-Location ""Location={-5499123.141030, -2250320.406046, 2311025.754248}""  Name of Weapons to Fire: Indirect-Fire-Gun:m9333he. Number-Of-Rounds: 1. Height-Above-Terrain: 0","-",21.37454920,-157.73726779,"2026-08-03T22:00:01.904Z","UAV 3"
"FRM109003","FFE-On-Location ""Location={-5499460.953457, -2250814.454542, 2309743.262342}""  Name of Weapons to Fire: Indirect-Fire-Gun:M107-155mm. Number-Of-Rounds: 1. Height-Above-Terrain: 0","-",21.39546204,-157.73741658,"2026-08-03T22:00:01.904Z","UAV 3"
"FRM109002","FFE-On-Location ""Location={-5499132.853573, -2251193.466895, 2310064.199617}""  Name of Weapons to Fire: Indirect-Fire-Gun:M107-155mm. Number-Of-Rounds: 1. Height-Above-Terrain: 0","-",21.39535746,-157.73730886,"2026-08-03T22:00:01.904Z","UAV 3"
"FRT69008","Move to {-5499315.048189, -2250231.003964, 2310734.853397}","-",21.38102841,-157.73249822,"2026-08-03T22:00:01.904Z","UAV 3"
"FRT69009","Move to {-5499315.048189, -2250231.003964, 2310734.853397}","-",21.38071915,-157.73239319,"2026-08-03T22:00:01.904Z","UAV 3"
"FRLAV003","Move to {-5499315.048189, -2250231.003964, 2310734.853397}","-",21.38979682,-157.74180462,"2026-08-03T22:00:01.904Z","UAV 3"
"ENMORT002","FFE-On-Location ""Location={-5498755.048693, -2250824.434840, 2311307.787782}""  Name of Weapons to Fire: Indirect-Fire-Gun:m9333he. Number-Of-Rounds: 1. Height-Above-Terrain: 0","-",21.37448557,-157.73696566,"2026-08-03T22:00:01.904Z","UAV 3"
"FRMORT003","FFE-On-Location ""Location={-5499460.953457, -2250814.454542, 2309743.262342}""  Name of Weapons to Fire: Indirect-Fire-Gun:m9333he. Number-Of-Rounds: 1. Height-Above-Terrain: 0","-",21.39122072,-157.73728393,"2026-08-03T22:00:01.904Z","UAV 3"
"FRM113005","Move to {-5499315.048189, -2250231.003964, 2310734.853397}","-",21.38983381,-157.74207316,"2026-08-03T22:00:01.904Z","UAV 3"
"FRM109001","FFE-On-Location ""Location={-5499191.503627, -2251825.311346, 2309314.511859}""  Name of Weapons to Fire: Indirect-Fire-Gun:M107-155mm. Number-Of-Rounds: 1. Height-Above-Terrain: 0","-",21.39515360,-157.73702065,"2026-08-03T22:00:01.904Z","UAV 3"
"FRM113004","Move to {-5499315.048189, -2250231.003964, 2310734.853397}","-",21.38979927,-157.74196002,"2026-08-03T22:00:01.904Z","UAV 3"
"ENMORT003","FFE-On-Location ""Location={-5498358.113175, -2250865.429793, 2312201.552453}""  Name of Weapons to Fire: Indirect-Fire-Gun:m9333he. Number-Of-Rounds: 1. Height-Above-Terrain: 0","-",21.37448817,-157.73726715,"2026-08-03T22:00:01.904Z","UAV 3"
"FRAHS002","FFE-On-Location ""Location={-5499132.853573, -2251193.466895, 2310064.199617}""  Name of Weapons to Fire: Indirect-Fire-Gun:M107-155mm. Number-Of-Rounds: 1. Height-Above-Terrain: 0","-",21.39520418,-157.73742074,"2026-08-03T22:00:01.904Z","UAV 3"
"FRT69010","Move to {-5499315.048189, -2250231.003964, 2310734.853397}","-",21.38081639,-157.73214071,"2026-08-03T22:00:01.904Z","UAV 3"
"FRM109004","Move to {-5499315.048189, -2250231.003964, 2310734.853397}","-",21.39552753,-157.73709838,"2026-08-03T22:00:01.904Z","UAV 3"
"FRLAV004","Move to {-5499315.048189, -2250231.003964, 2310734.853397}","-",21.38965087,-157.74155180,"2026-08-03T22:00:01.904Z","UAV 3"
"FRM113002","Move to {-5499315.048189, -2250231.003964, 2310734.853397}","-",21.38982901,-157.74169886,"2026-08-03T22:00:01.904Z","UAV 3"
"FRLAV001","Move to {-5499315.048189, -2250231.003964, 2310734.853397}","-",21.38973091,-157.74171762,"2026-08-03T22:00:01.904Z","UAV 3"
"FRM901001","None","-",21.39546138,-157.73719974,"2026-08-03T22:00:01.904Z","UAV 3"
"ENMORT005","FFE-On-Location ""Location={-5499123.141030, -2250320.406046, 2311025.754248}""  Name of Weapons to Fire: Indirect-Fire-Gun:m9333he. Number-Of-Rounds: 1. Height-Above-Terrain: 0","-",21.37463885,-157.73701809,"2026-08-03T22:00:01.904Z","UAV 3"
"FRT69002","Move to {-5499315.048189, -2250231.003964, 2310734.853397}","-",21.38069272,-157.73228181,"2026-08-03T22:00:01.904Z","UAV 3"
"FRT69001","Move to {-5499315.048189, -2250231.003964, 2310734.853397}","-",21.38090009,-157.73227978,"2026-08-03T22:00:01.904Z","UAV 3"
"ENMORT004","FFE-On-Location ""Location={-5498511.672389, -2250935.799735, 2311770.746054}""  Name of Weapons to Fire: Indirect-Fire-Gun:m9333he. Number-Of-Rounds: 1. Height-Above-Terrain: 0","-",21.37449517,-157.73695548,"2026-08-03T22:00:01.904Z","UAV 3"
"FRMORT002","FFE-On-Location ""Location={-5499132.853573, -2251193.466895, 2310064.199617}""  Name of Weapons to Fire: Indirect-Fire-Gun:m9333he. Number-Of-Rounds: 1. Height-Above-Terrain: 0","-",21.39124517,-157.73722922,"2026-08-03T22:00:01.904Z","UAV 3"
"FRAHS001","FFE-On-Location ""Location={-5499191.503627, -2251825.311346, 2309314.511859}""  Name of Weapons to Fire: Indirect-Fire-Gun:M107-155mm. Number-Of-Rounds: 1. Height-Above-Terrain: 0","-",21.39511611,-157.73746058,"2026-08-03T22:00:01.904Z","UAV 3"
"FRMORT001","FFE-On-Location ""Location={-5499191.503627, -2251825.311346, 2309314.511859}""  Name of Weapons to Fire: Indirect-Fire-Gun:m9333he. Number-Of-Rounds: 1. Height-Above-Terrain: 0","-",21.39116652,-157.73700854,"2026-08-03T22:00:01.904Z","UAV 3"
"FRT69003","Move to {-5499315.048189, -2250231.003964, 2310734.853397}","-",21.38103212,-157.73245434,"2026-08-03T22:00:01.904Z","UAV 3"
"FRT69005","Move to {-5499315.048189, -2250231.003964, 2310734.853397}","-",21.38105895,-157.73238935,"2026-08-03T22:00:01.904Z","UAV 3"
"FRM113006","Move to {-5499315.048189, -2250231.003964, 2310734.853397}","-",21.38989839,-157.74190826,"2026-08-03T22:00:01.904Z","UAV 3"
"FRMORT004","None","-",21.39105358,-157.73697074,"2026-08-03T22:00:01.904Z","UAV 3"
"FRT69004","Move to {-5499315.048189, -2250231.003964, 2310734.853397}","-",21.38071581,-157.73209552,"2026-08-03T22:00:01.904Z","UAV 3"
"ENMORT001","FFE-On-Location ""Location={-5499123.141030, -2250320.406046, 2311025.754248}""  Name of Weapons to Fire: Indirect-Fire-Gun:m9333he. Number-Of-Rounds: 1. Height-Above-Terrain: 0","-",21.37454920,-157.73726779,"2026-08-03T22:00:01.904Z","UAV 3"
"FRM109003","FFE-On-Location ""Location={-5499460.953457, -2250814.454542, 2309743.262342}""  Name of Weapons to Fire: Indirect-Fire-Gun:M107-155mm. Number-Of-Rounds: 1. Height-Above-Terrain: 0","-",21.39546204,-157.73741658,"2026-08-03T22:00:01.904Z","UAV 3"
"FRM109002","FFE-On-Location ""Location={-5499132.853573, -2251193.466895, 2310064.199617}""  Name of Weapons to Fire: Indirect-Fire-Gun:M107-155mm. Number-Of-Rounds: 1. Height-Above-Terrain: 0","-",21.39535746,-157.73730886,"2026-08-03T22:00:01.904Z","UAV 3"
"FRT69008","Move to {-5499315.048189, -2250231.003964, 2310734.853397}","-",21.38102841,-157.73249822,"2026-08-03T22:00:01.904Z","UAV 3"
"FRT69009","Move to {-5499315.048189, -2250231.003964, 2310734.853397}","-",21.38071915,-157.73239319,"2026-08-03T22:00:01.904Z","UAV 3"
"FRLAV003","Move to {-5499315.048189, -2250231.003964, 2310734.853397}","-",21.38979682,-157.74180462,"2026-08-03T22:00:01.904Z","UAV 3"
"ENMORT002","FFE-On-Location ""Location={-5498755.048693, -2250824.434840, 2311307.787782}""  Name of Weapons to Fire: Indirect-Fire-Gun:m9333he. Number-Of-Rounds: 1. Height-Above-Terrain: 0","-",21.37448557,-157.73696566,"2026-08-03T22:00:01.904Z","UAV 3"
"FRMORT003","FFE-On-Location ""Location={-5499460.953457, -2250814.454542, 2309743.262342}""  Name of Weapons to Fire: Indirect-Fire-Gun:m9333he. Number-Of-Rounds: 1. Height-Above-Terrain: 0","-",21.39122072,-157.73728393,"2026-08-03T22:00:01.904Z","UAV 3"
"FRM113005","Move to {-5499315.048189, -2250231.003964, 2310734.853397}","-",21.38983381,-157.74207316,"2026-08-03T22:00:01.904Z","UAV 3"
"FRM109001","FFE-On-Location ""Location={-5499191.503627, -2251825.311346, 2309314.511859}""  Name of Weapons to Fire: Indirect-Fire-Gun:M107-155mm. Number-Of-Rounds: 1. Height-Above-Terrain: 0","-",21.39515360,-157.73702065,"2026-08-03T22:00:01.904Z","UAV 3"
"FRM113004","Move to {-5499315.048189, -2250231.003964, 2310734.853397}","-",21.38979927,-157.74196002,"2026-08-03T22:00:01.904Z","UAV 3"
"ENMORT003","FFE-On-Location ""Location={-5498358.113175, -2250865.429793, 2312201.552453}""  Name of Weapons to Fire: Indirect-Fire-Gun:m9333he. Number-Of-Rounds: 1. Height-Above-Terrain: 0","-",21.37448817,-157.73726715,"2026-08-03T22:00:01.904Z","UAV 3"
"FRAHS002","FFE-On-Location ""Location={-5499132.853573, -2251193.466895, 2310064.199617}""  Name of Weapons to Fire: Indirect-Fire-Gun:M107-155mm. Number-Of-Rounds: 1. Height-Above-Terrain: 0","-",21.39520418,-157.73742074,"2026-08-03T22:00:01.904Z","UAV 3"
"FRT69010","Move to {-5499315.048189, -2250231.003964, 2310734.853397}","-",21.38081639,-157.73214071,"2026-08-03T22:00:01.904Z","UAV 3"
"FRM109004","Move to {-5499315.048189, -2250231.003964, 2310734.853397}","-",21.39552753,-157.73709838,"2026-08-03T22:00:01.904Z","UAV 3"
"FRLAV004","Move to {-5499315.048189, -2250231.003964, 2310734.853397}","-",21.38965087,-157.74155180,"2026-08-03T22:00:01.904Z","UAV 3"
"FRM113002","Move to {-5499315.048189, -2250231.003964, 2310734.853397}","-",21.38982901,-157.74169886,"2026-08-03T22:00:01.904Z","UAV 3"
"FRLAV001","Move to {-5499315.048189, -2250231.003964, 2310734.853397}","-",21.38973091,-157.74171762,"2026-08-03T22:00:01.904Z","UAV 3"
"ENINF040","Follow-Entity Entity: ""ENINF001"" Offset: <-0 0 -0 >","-",21.36860548,-157.74038887,"2026-08-03T22:00:03.994Z","UAV 3"
"ENINF010","Follow-Entity Entity: ""ENINF001"" Offset: <-0 0 -0 >","-",21.36865751,-157.74042106,"2026-08-03T22:00:03.994Z","UAV 3"
"ENINF021","Follow-Entity Entity: ""ENINF001"" Offset: <-0 0 -0 >","-",21.36869338,-157.74059827,"2026-08-03T22:00:03.994Z","UAV 3"
"ENSA7011","Follow-Entity Entity: ""ENSA7001"" Offset: <-0 0 -0 >","-",21.36890904,-157.74039159,"2026-08-03T22:00:03.994Z","UAV 3"
"ENINF061","Follow-Entity Entity: ""ENINF001"" Offset: <-0 0 -0 >","-",21.36869589,-157.74055857,"2026-08-03T22:00:03.994Z","UAV 3"
"ENINF002","Follow-Entity Entity: ""ENINF001"" Offset: <-0 0 -0 >","-",21.36890579,-157.74037621,"2026-08-03T22:00:03.994Z","UAV 3"
"ENINF059","Follow-Entity Entity: ""ENINF001"" Offset: <-0 0 -0 >","-",21.36859789,-157.74034221,"2026-08-03T22:00:03.994Z","UAV 3"
"ENINF071","Follow-Entity Entity: ""ENINF001"" Offset: <-0 0 -0 >","-",21.36886130,-157.74034930,"2026-08-03T22:00:03.994Z","UAV 3"
"ENINF072","Follow-Entity Entity: ""ENINF001"" Offset: <-0 0 -0 >","-",21.36886165,-157.74031882,"2026-08-03T22:00:03.994Z","UAV 3"
"ENINF033","Follow-Entity Entity: ""ENINF001"" Offset: <-0 0 -0 >","-",21.36877068,-157.74058969,"2026-08-03T22:00:03.994Z","UAV 3"
"ENINF055","Follow-Entity Entity: ""ENINF001"" Offset: <-0 0 -0 >","-",21.36865252,-157.74038903,"2026-08-03T22:00:03.994Z","UAV 3"
"ENINF084","Follow-Entity Entity: ""ENINF001"" Offset: <-0 0 -0 >","-",21.36878606,-157.74062383,"2026-08-03T22:00:03.994Z","UAV 3"
"ENINF027","Follow-Entity Entity: ""ENINF001"" Offset: <-0 0 -0 >","-",21.36875304,-157.74057915,"2026-08-03T22:00:03.994Z","UAV 3"
"ENINF066","Follow-Entity Entity: ""ENINF001"" Offset: <-0 0 -0 >","-",21.36870813,-157.74059891,"2026-08-03T22:00:03.994Z","UAV 3"
"ENSA7002","Follow-Entity Entity: ""ENSA7001"" Offset: <-0 0 -0 >","-",21.36862537,-157.74033231,"2026-08-03T22:00:03.994Z","UAV 3"
"ENINF003","Follow-Entity Entity: ""ENINF001"" Offset: <-0 0 -0 >","-",21.36892359,-157.74028861,"2026-08-03T22:00:03.994Z","UAV 3"
"ENBTR60006","Move to {-5499107.729384, -2250754.164082, 2310538.606898}","-",21.36928387,-157.74048719,"2026-08-03T22:00:03.994Z","UAV 3"
"ENINF022","Follow-Entity Entity: ""ENINF001"" Offset: <-0 0 -0 >","-",21.36872682,-157.74058961,"2026-08-03T22:00:03.994Z","UAV 3"
"ENINF062","Follow-Entity Entity: ""ENINF001"" Offset: <-0 0 -0 >","-",21.36883020,-157.74029222,"2026-08-03T22:00:03.994Z","UAV 3"
"ENINF015","Follow-Entity Entity: ""ENINF001"" Offset: <-0 0 -0 >","-",21.36884489,-157.74050362,"2026-08-03T22:00:03.994Z","UAV 3"
"ENINF007","Follow-Entity Entity: ""ENINF001"" Offset: <-0 0 -0 >","-",21.36866176,-157.74050681,"2026-08-03T22:00:03.994Z","UAV 3"
"ENBTR80004","Move to {-5499107.729384, -2250754.164082, 2310538.606898}","-",21.36923290,-157.74029665,"2026-08-03T22:00:03.994Z","UAV 3"
"ENBTR60003","Move to {-5499107.729384, -2250754.164082, 2310538.606898}","-",21.36915697,-157.74069347,"2026-08-03T22:00:03.994Z","UAV 3"
"ENINF012","Follow-Entity Entity: ""ENINF001"" Offset: <-0 0 -0 >","-",21.36858304,-157.74062228,"2026-08-03T22:00:03.994Z","UAV 3"
"ENINF018","Follow-Entity Entity: ""ENINF001"" Offset: <-0 0 -0 >","-",21.36873529,-157.74057427,"2026-08-03T22:00:03.994Z","UAV 3"
"ENINF081","Follow-Entity Entity: ""ENINF001"" Offset: <-0 0 -0 >","-",21.36882921,-157.74065746,"2026-08-03T22:00:03.994Z","UAV 3"
"ENINF093","Follow-Entity Entity: ""ENINF001"" Offset: <-0 0 -0 >","-",21.36878837,-157.74047896,"2026-08-03T22:00:03.994Z","UAV 3"
"ENINF053","Follow-Entity Entity: ""ENINF001"" Offset: <-0 0 -0 >","-",21.36869124,-157.74041124,"2026-08-03T22:00:03.994Z","UAV 3"
"ENINF032","Follow-Entity Entity: ""ENINF001"" Offset: <-0 0 -0 >","-",21.36862196,-157.74041647,"2026-08-03T22:00:03.994Z","UAV 3"
"ENINF019","Follow-Entity Entity: ""ENINF001"" Offset: <-0 0 -0 >","-",21.36870695,-157.74057094,"2026-08-03T22:00:03.994Z","UAV 3"
"ENINF078","Follow-Entity Entity: ""ENINF001"" Offset: <-0 0 -0 >","-",21.36873484,-157.74045461,"2026-08-03T22:00:03.994Z","UAV 3"
"ENINF090","Follow-Entity Entity: ""ENINF001"" Offset: <-0 0 -0 >","-",21.36889487,-157.74037360,"2026-08-03T22:00:03.994Z","UAV 3"
"ENINF039","Follow-Entity Entity: ""ENINF001"" Offset: <-0 0 -0 >","-",21.36882560,-157.74051485,"2026-08-03T22:00:03.994Z","UAV 3"
"ENSA7003","Follow-Entity Entity: ""ENSA7001"" Offset: <-0 0 -0 >","-",21.36867255,-157.74048836,"2026-08-03T22:00:03.994Z","UAV 3"
"ENINF099","Follow-Entity Entity: ""ENINF001"" Offset: <-0 0 -0 >","-",21.36876768,-157.74048340,"2026-08-03T22:00:03.994Z","UAV 3"
"ENINF051","Follow-Entity Entity: ""ENINF001"" Offset: <-0 0 -0 >","-",21.36894946,-157.74028724,"2026-08-03T22:00:03.994Z","UAV 3"
"ENINF005","Follow-Entity Entity: ""ENINF001"" Offset: <-0 0 -0 >","-",21.36880323,-157.74029638,"2026-08-03T22:00:03.994Z","UAV 3"
"ENINF025","Follow-Entity Entity: ""ENINF001"" Offset: <-0 0 -0 >","-",21.36878609,-157.74051184,"2026-08-03T22:00:03.994Z","UAV 3"
"ENINF034","Follow-Entity Entity: ""ENINF001"" Offset: <-0 0 -0 >","-",21.36886231,-157.74063392,"2026-08-03T22:00:03.994Z","UAV 3"
"ENINF014","Follow-Entity Entity: ""ENINF001"" Offset: <-0 0 -0 >","-",21.36866751,-157.74041790,"2026-08-03T22:00:03.994Z","UAV 3"
"ENSA7013","Follow-Entity Entity: ""ENSA7001"" Offset: <-0 0 -0 >","-",21.36880248,-157.74053471,"2026-08-03T22:00:03.994Z","UAV 3"
"ENINF070","Follow-Entity Entity: ""ENINF001"" Offset: <-0 0 -0 >","-",21.36863518,-157.74047964,"2026-08-03T22:00:03.994Z","UAV 3"
"ENBTR60002","Move to {-5499107.729384, -2250754.164082, 2310538.606898}","-",21.36905020,-157.74071139,"2026-08-03T22:00:03.994Z","UAV 3"
"ENINF073","Follow-Entity Entity: ""ENINF001"" Offset: <-0 0 -0 >","-",21.36874971,-157.74033693,"2026-08-03T22:00:03.994Z","UAV 3"
"ENSA7006","Follow-Entity Entity: ""ENSA7001"" Offset: <-0 0 -0 >","-",21.36872369,-157.74046993,"2026-08-03T22:00:03.994Z","UAV 3"
"ENBTR60007","Move to {-5499107.729384, -2250754.164082, 2310538.606898}","-",21.36914860,-157.74047128,"2026-08-03T22:00:03.994Z","UAV 3"
"ENINF069","Follow-Entity Entity: ""ENINF001"" Offset: <-0 0 -0 >","-",21.36875744,-157.74039568,"2026-08-03T22:00:03.994Z","UAV 3"
"ENBTR60008","Move to {-5499107.729384, -2250754.164082, 2310538.606898}","-",21.36898821,-157.74032384,"2026-08-03T22:00:03.994Z","UAV 3"
"ENBTR80007","Move to {-5499107.729384, -2250754.164082, 2310538.606898}","-",21.36919388,-157.74041252,"2026-08-03T22:00:03.994Z","UAV 3"
"ENINF097","Follow-Entity Entity: ""ENINF001"" Offset: <-0 0 -0 >","-",21.36862268,-157.74059817,"2026-08-03T22:00:03.994Z","UAV 3"
"ENSA7012","Follow-Entity Entity: ""ENSA7001"" Offset: <-0 0 -0 >","-",21.36865366,-157.74059362,"2026-08-03T22:00:03.994Z","UAV 3"
"ENINF083","Follow-Entity Entity: ""ENINF001"" Offset: <-0 0 -0 >","-",21.36876393,-157.74059952,"2026-08-03T22:00:03.994Z","UAV 3"
"ENINF086","Follow-Entity Entity: ""ENINF001"" Offset: <-0 0 -0 >","-",21.36866534,-157.74045969,"2026-08-03T22:00:03.994Z","UAV 3"
"ENBTR80005","Move to {-5499107.729384, -2250754.164082, 2310538.606898}","-",21.36914113,-157.74058827,"2026-08-03T22:00:03.994Z","UAV 3"
"ENINF087","Follow-Entity Entity: ""ENINF001"" Offset: <-0 0 -0 >","-",21.36864969,-157.74034861,"2026-08-03T22:00:03.994Z","UAV 3"
"ENINF077","Follow-Entity Entity: ""ENINF001"" Offset: <-0 0 -0 >","-",21.36885605,-157.74059353,"2026-08-03T22:00:03.994Z","UAV 3"
"ENINF030","Follow-Entity Entity: ""ENINF001"" Offset: <-0 0 -0 >","-",21.36871161,-157.74039016,"2026-08-03T22:00:03.994Z","UAV 3"
"ENINF068","Follow-Entity Entity: ""ENINF001"" Offset: <-0 0 -0 >","-",21.36879724,-157.74059266,"2026-08-03T22:00:03.994Z","UAV 3"
"ENINF057","Follow-Entity Entity: ""ENINF001"" Offset: <-0 0 -0 >","-",21.36888709,-157.74033995,"2026-08-03T22:00:03.994Z","UAV 3"
"ENINF020","Follow-Entity Entity: ""ENINF001"" Offset: <-0 0 -0 >","-",21.36877085,-157.74033669,"2026-08-03T22:00:03.994Z","UAV 3"
"ENINF054","Follow-Entity Entity: ""ENINF001"" Offset: <-0 0 -0 >","-",21.36860131,-157.74046329,"2026-08-03T22:00:03.994Z","UAV 3"
"ENBTR60004","Move to {-5499107.729384, -2250754.164082, 2310538.606898}","-",21.36891648,-157.74057726,"2026-08-03T22:00:03.994Z","UAV 3"
"ENINF075","Follow-Entity Entity: ""ENINF001"" Offset: <-0 0 -0 >","-",21.36889906,-157.74038132,"2026-08-03T22:00:03.994Z","UAV 3"
"ENINF049","Follow-Entity Entity: ""ENINF001"" Offset: <-0 0 -0 >","-",21.36869714,-157.74046485,"2026-08-03T22:00:03.994Z","UAV 3"
"ENINF009","Follow-Entity Entity: ""ENINF001"" Offset: <-0 0 -0 >","-",21.36861424,-157.74054959,"2026-08-03T22:00:03.994Z","UAV 3"
"ENINF038","Follow-Entity Entity: ""ENINF001"" Offset: <-0 0 -0 >","-",21.36893570,-157.74037075,"2026-08-03T22:00:03.994Z","UAV 3"
"ENINF076","Follow-Entity Entity: ""ENINF001"" Offset: <-0 0 -0 >","-",21.36879068,-157.74028363,"2026-08-03T22:00:03.994Z","UAV 3"
"ENBTR60005","Move to {-5499107.729384, -2250754.164082, 2310538.606898}","-",21.36927565,-157.74070322,"2026-08-03T22:00:03.994Z","UAV 3"
"ENINF040","Follow-Entity Entity: ""ENINF001"" Offset: <-0 0 -0 >","-",21.36860548,-157.74038887,"2026-08-03T22:00:03.994Z","UAV 3"
"ENINF010","Follow-Entity Entity: ""ENINF001"" Offset: <-0 0 -0 >","-",21.36865751,-157.74042106,"2026-08-03T22:00:03.994Z","UAV 3"
"ENINF021","Follow-Entity Entity: ""ENINF001"" Offset: <-0 0 -0 >","-",21.36869338,-157.74059827,"2026-08-03T22:00:03.994Z","UAV 3"
"ENSA7011","Follow-Entity Entity: ""ENSA7001"" Offset: <-0 0 -0 >","-",21.36890904,-157.74039159,"2026-08-03T22:00:03.994Z","UAV 3"
"ENINF061","Follow-Entity Entity: ""ENINF001"" Offset: <-0 0 -0 >","-",21.36869589,-157.74055857,"2026-08-03T22:00:03.994Z","UAV 3"
"ENINF002","Follow-Entity Entity: ""ENINF001"" Offset: <-0 0 -0 >","-",21.36890579,-157.74037621,"2026-08-03T22:00:03.994Z","UAV 3"
"ENINF059","Follow-Entity Entity: ""ENINF001"" Offset: <-0 0 -0 >","-",21.36859789,-157.74034221,"2026-08-03T22:00:03.994Z","UAV 3"
"ENINF071","Follow-Entity Entity: ""ENINF001"" Offset: <-0 0 -0 >","-",21.36886130,-157.74034930,"2026-08-03T22:00:03.994Z","UAV 3"
"ENINF072","Follow-Entity Entity: ""ENINF001"" Offset: <-0 0 -0 >","-",21.36886165,-157.74031882,"2026-08-03T22:00:03.994Z","UAV 3"
"ENINF033","Follow-Entity Entity: ""ENINF001"" Offset: <-0 0 -0 >","-",21.36877068,-157.74058969,"2026-08-03T22:00:03.994Z","UAV 3"
"ENINF055","Follow-Entity Entity: ""ENINF001"" Offset: <-0 0 -0 >","-",21.36865252,-157.74038903,"2026-08-03T22:00:03.994Z","UAV 3"
"ENINF084","Follow-Entity Entity: ""ENINF001"" Offset: <-0 0 -0 >","-",21.36878606,-157.74062383,"2026-08-03T22:00:03.994Z","UAV 3"
"ENINF027","Follow-Entity Entity: ""ENINF001"" Offset: <-0 0 -0 >","-",21.36875304,-157.74057915,"2026-08-03T22:00:03.994Z","UAV 3"
"ENINF066","Follow-Entity Entity: ""ENINF001"" Offset: <-0 0 -0 >","-",21.36870813,-157.74059891,"2026-08-03T22:00:03.994Z","UAV 3"
"ENSA7002","Follow-Entity Entity: ""ENSA7001"" Offset: <-0 0 -0 >","-",21.36862537,-157.74033231,"2026-08-03T22:00:03.994Z","UAV 3"
"ENINF003","Follow-Entity Entity: ""ENINF001"" Offset: <-0 0 -0 >","-",21.36892359,-157.74028861,"2026-08-03T22:00:03.994Z","UAV 3"
"ENBTR60006","Move to {-5499107.729384, -2250754.164082, 2310538.606898}","-",21.36928387,-157.74048719,"2026-08-03T22:00:03.994Z","UAV 3"
"ENINF022","Follow-Entity Entity: ""ENINF001"" Offset: <-0 0 -0 >","-",21.36872682,-157.74058961,"2026-08-03T22:00:03.994Z","UAV 3"
"ENINF062","Follow-Entity Entity: ""ENINF001"" Offset: <-0 0 -0 >","-",21.36883020,-157.74029222,"2026-08-03T22:00:03.994Z","UAV 3"
"ENINF015","Follow-Entity Entity: ""ENINF001"" Offset: <-0 0 -0 >","-",21.36884489,-157.74050362,"2026-08-03T22:00:03.994Z","UAV 3"
"ENINF007","Follow-Entity Entity: ""ENINF001"" Offset: <-0 0 -0 >","-",21.36866176,-157.74050681,"2026-08-03T22:00:03.994Z","UAV 3"
"ENBTR80004","Move to {-5499107.729384, -2250754.164082, 2310538.606898}","-",21.36923290,-157.74029665,"2026-08-03T22:00:03.994Z","UAV 3"
"ENBTR60003","Move to {-5499107.729384, -2250754.164082, 2310538.606898}","-",21.36915697,-157.74069347,"2026-08-03T22:00:03.994Z","UAV 3"
"ENINF012","Follow-Entity Entity: ""ENINF001"" Offset: <-0 0 -0 >","-",21.36858304,-157.74062228,"2026-08-03T22:00:03.994Z","UAV 3"
"ENINF018","Follow-Entity Entity: ""ENINF001"" Offset: <-0 0 -0 >","-",21.36873529,-157.74057427,"2026-08-03T22:00:03.994Z","UAV 3"
"ENINF081","Follow-Entity Entity: ""ENINF001"" Offset: <-0 0 -0 >","-",21.36882921,-157.74065746,"2026-08-03T22:00:03.994Z","UAV 3"
"ENINF093","Follow-Entity Entity: ""ENINF001"" Offset: <-0 0 -0 >","-",21.36878837,-157.74047896,"2026-08-03T22:00:03.994Z","UAV 3"
"ENINF053","Follow-Entity Entity: ""ENINF001"" Offset: <-0 0 -0 >","-",21.36869124,-157.74041124,"2026-08-03T22:00:03.994Z","UAV 3"
"ENINF032","Follow-Entity Entity: ""ENINF001"" Offset: <-0 0 -0 >","-",21.36862196,-157.74041647,"2026-08-03T22:00:03.994Z","UAV 3"
"ENINF019","Follow-Entity Entity: ""ENINF001"" Offset: <-0 0 -0 >","-",21.36870695,-157.74057094,"2026-08-03T22:00:03.994Z","UAV 3"
"ENINF078","Follow-Entity Entity: ""ENINF001"" Offset: <-0 0 -0 >","-",21.36873484,-157.74045461,"2026-08-03T22:00:03.994Z","UAV 3"
"ENINF090","Follow-Entity Entity: ""ENINF001"" Offset: <-0 0 -0 >","-",21.36889487,-157.74037360,"2026-08-03T22:00:03.994Z","UAV 3"
"ENINF039","Follow-Entity Entity: ""ENINF001"" Offset: <-0 0 -0 >","-",21.36882560,-157.74051485,"2026-08-03T22:00:03.994Z","UAV 3"
"ENSA7003","Follow-Entity Entity: ""ENSA7001"" Offset: <-0 0 -0 >","-",21.36867255,-157.74048836,"2026-08-03T22:00:03.994Z","UAV 3"
"ENINF099","Follow-Entity Entity: ""ENINF001"" Offset: <-0 0 -0 >","-",21.36876768,-157.74048340,"2026-08-03T22:00:03.994Z","UAV 3"
"ENINF051","Follow-Entity Entity: ""ENINF001"" Offset: <-0 0 -0 >","-",21.36894946,-157.74028724,"2026-08-03T22:00:03.994Z","UAV 3"
"ENINF005","Follow-Entity Entity: ""ENINF001"" Offset: <-0 0 -0 >","-",21.36880323,-157.74029638,"2026-08-03T22:00:03.994Z","UAV 3"
"ENINF025","Follow-Entity Entity: ""ENINF001"" Offset: <-0 0 -0 >","-",21.36878609,-157.74051184,"2026-08-03T22:00:03.994Z","UAV 3"
"ENINF034","Follow-Entity Entity: ""ENINF001"" Offset: <-0 0 -0 >","-",21.36886231,-157.74063392,"2026-08-03T22:00:03.994Z","UAV 3"
"ENINF014","Follow-Entity Entity: ""ENINF001"" Offset: <-0 0 -0 >","-",21.36866751,-157.74041790,"2026-08-03T22:00:03.994Z","UAV 3"
"ENSA7013","Follow-Entity Entity: ""ENSA7001"" Offset: <-0 0 -0 >","-",21.36880248,-157.74053471,"2026-08-03T22:00:03.994Z","UAV 3"
"ENINF070","Follow-Entity Entity: ""ENINF001"" Offset: <-0 0 -0 >","-",21.36863518,-157.74047964,"2026-08-03T22:00:03.994Z","UAV 3"
"ENBTR60002","Move to {-5499107.729384, -2250754.164082, 2310538.606898}","-",21.36905020,-157.74071139,"2026-08-03T22:00:03.994Z","UAV 3"
"ENINF073","Follow-Entity Entity: ""ENINF001"" Offset: <-0 0 -0 >","-",21.36874971,-157.74033693,"2026-08-03T22:00:03.994Z","UAV 3"
"ENSA7006","Follow-Entity Entity: ""ENSA7001"" Offset: <-0 0 -0 >","-",21.36872369,-157.74046993,"2026-08-03T22:00:03.994Z","UAV 3"
"ENBTR60007","Move to {-5499107.729384, -2250754.164082, 2310538.606898}","-",21.36914860,-157.74047128,"2026-08-03T22:00:03.994Z","UAV 3"
"ENINF069","Follow-Entity Entity: ""ENINF001"" Offset: <-0 0 -0 >","-",21.36875744,-157.74039568,"2026-08-03T22:00:03.994Z","UAV 3"
"ENBTR60008","Move to {-5499107.729384, -2250754.164082, 2310538.606898}","-",21.36898821,-157.74032384,"2026-08-03T22:00:03.994Z","UAV 3"
"ENBTR80007","Move to {-5499107.729384, -2250754.164082, 2310538.606898}","-",21.36919388,-157.74041252,"2026-08-03T22:00:03.994Z","UAV 3"
"ENINF097","Follow-Entity Entity: ""ENINF001"" Offset: <-0 0 -0 >","-",21.36862268,-157.74059817,"2026-08-03T22:00:03.994Z","UAV 3"
"ENSA7012","Follow-Entity Entity: ""ENSA7001"" Offset: <-0 0 -0 >","-",21.36865366,-157.74059362,"2026-08-03T22:00:03.994Z","UAV 3"
"ENINF083","Follow-Entity Entity: ""ENINF001"" Offset: <-0 0 -0 >","-",21.36876393,-157.74059952,"2026-08-03T22:00:03.994Z","UAV 3"
"ENINF086","Follow-Entity Entity: ""ENINF001"" Offset: <-0 0 -0 >","-",21.36866534,-157.74045969,"2026-08-03T22:00:03.994Z","UAV 3"
"ENBTR80005","Move to {-5499107.729384, -2250754.164082, 2310538.606898}","-",21.36914113,-157.74058827,"2026-08-03T22:00:03.994Z","UAV 3"
"ENINF087","Follow-Entity Entity: ""ENINF001"" Offset: <-0 0 -0 >","-",21.36864969,-157.74034861,"2026-08-03T22:00:03.994Z","UAV 3"
"ENINF077","Follow-Entity Entity: ""ENINF001"" Offset: <-0 0 -0 >","-",21.36885605,-157.74059353,"2026-08-03T22:00:03.994Z","UAV 3"
"ENINF030","Follow-Entity Entity: ""ENINF001"" Offset: <-0 0 -0 >","-",21.36871161,-157.74039016,"2026-08-03T22:00:03.994Z","UAV 3"
"ENINF068","Follow-Entity Entity: ""ENINF001"" Offset: <-0 0 -0 >","-",21.36879724,-157.74059266,"2026-08-03T22:00:03.994Z","UAV 3"
"ENINF057","Follow-Entity Entity: ""ENINF001"" Offset: <-0 0 -0 >","-",21.36888709,-157.74033995,"2026-08-03T22:00:03.994Z","UAV 3"
"ENINF020","Follow-Entity Entity: ""ENINF001"" Offset: <-0 0 -0 >","-",21.36877085,-157.74033669,"2026-08-03T22:00:03.994Z","UAV 3"
"ENINF054","Follow-Entity Entity: ""ENINF001"" Offset: <-0 0 -0 >","-",21.36860131,-157.74046329,"2026-08-03T22:00:03.994Z","UAV 3"
"ENBTR60004","Move to {-5499107.729384, -2250754.164082, 2310538.606898}","-",21.36891648,-157.74057726,"2026-08-03T22:00:03.994Z","UAV 3"
"ENINF075","Follow-Entity Entity: ""ENINF001"" Offset: <-0 0 -0 >","-",21.36889906,-157.74038132,"2026-08-03T22:00:03.994Z","UAV 3"
"ENINF049","Follow-Entity Entity: ""ENINF001"" Offset: <-0 0 -0 >","-",21.36869714,-157.74046485,"2026-08-03T22:00:03.994Z","UAV 3"
"ENINF009","Follow-Entity Entity: ""ENINF001"" Offset: <-0 0 -0 >","-",21.36861424,-157.74054959,"2026-08-03T22:00:03.994Z","UAV 3"
"ENINF038","Follow-Entity Entity: ""ENINF001"" Offset: <-0 0 -0 >","-",21.36893570,-157.74037075,"2026-08-03T22:00:03.994Z","UAV 3"
"ENINF076","Follow-Entity Entity: ""ENINF001"" Offset: <-0 0 -0 >","-",21.36879068,-157.74028363,"2026-08-03T22:00:03.994Z","UAV 3"
"ENBTR60005","Move to {-5499107.729384, -2250754.164082, 2310538.606898}","-",21.36927565,-157.74070322,"2026-08-03T22:00:03.994Z","UAV 3"
"FRT69002","Move to {-5499315.048189, -2250231.003964, 2310734.853397}","-",21.38062352,-157.73220904,"2026-08-03T22:00:00.000Z","UAV 3"
"FRT69001","Move to {-5499315.048189, -2250231.003964, 2310734.853397}","-",21.38083088,-157.73220700,"2026-08-03T22:00:00.000Z","UAV 3"
"FRMORT002","FFE-On-Location ""Location={-5499132.853573, -2251193.466895, 2310064.199617}""  Name of Weapons to Fire: Indirect-Fire-Gun:m9333he. Number-Of-Rounds: 1. Height-Above-Terrain: 0","-",21.39124517,-157.73722922,"2026-08-03T22:00:00.000Z","UAV 3"
"FRT69006","Move to {-5499315.048189, -2250231.003964, 2310734.853397}","-",21.38096188,-157.73222439,"2026-08-03T22:00:00.000Z","UAV 3"
"FRT69003","Move to {-5499315.048189, -2250231.003964, 2310734.853397}","-",21.38097332,-157.73240275,"2026-08-03T22:00:00.000Z","UAV 3"
"FRT69005","Move to {-5499315.048189, -2250231.003964, 2310734.853397}","-",21.38100014,-157.73233777,"2026-08-03T22:00:00.000Z","UAV 3"
"FRM113002","Move to {-5499315.048189, -2250231.003964, 2310734.853397}","-",21.38982569,-157.74169886,"2026-08-03T22:00:00.000Z","UAV 3"
"FRLAV008","Move to {-5499315.048189, -2250231.003964, 2310734.853397}","-",21.39000596,-157.74175678,"2026-08-03T22:00:00.000Z","UAV 3"
"FRMORT004","None","-",21.39105358,-157.73697074,"2026-08-03T22:00:00.000Z","UAV 3"
"FRT69004","Move to {-5499315.048189, -2250231.003964, 2310734.853397}","-",21.38065700,-157.73204394,"2026-08-03T22:00:00.000Z","UAV 3"
"FRT69008","Move to {-5499315.048189, -2250231.003964, 2310734.853397}","-",21.38096961,-157.73244663,"2026-08-03T22:00:00.000Z","UAV 3"
"FRT69009","Move to {-5499315.048189, -2250231.003964, 2310734.853397}","-",21.38066035,-157.73234161,"2026-08-03T22:00:00.000Z","UAV 3"
"FRLAV003","Move to {-5499315.048189, -2250231.003964, 2310734.853397}","-",21.38979255,-157.74180726,"2026-08-03T22:00:00.000Z","UAV 3"
"FRMORT003","FFE-On-Location ""Location={-5499460.953457, -2250814.454542, 2309743.262342}""  Name of Weapons to Fire: Indirect-Fire-Gun:m9333he. Number-Of-Rounds: 1. Height-Above-Terrain: 0","-",21.39122072,-157.73728393,"2026-08-03T22:00:00.000Z","UAV 3"
"FRM113005","Move to {-5499315.048189, -2250231.003964, 2310734.853397}","-",21.38979774,-157.74205529,"2026-08-03T22:00:00.000Z","UAV 3"
"FRM113001","Move to {-5499315.048189, -2250231.003964, 2310734.853397}","-",21.38988667,-157.74163464,"2026-08-03T22:00:00.000Z","UAV 3"
"FRM113004","Move to {-5499315.048189, -2250231.003964, 2310734.853397}","-",21.38976158,-157.74194084,"2026-08-03T22:00:00.000Z","UAV 3"
"FRT69010","Move to {-5499315.048189, -2250231.003964, 2310734.853397}","-",21.38075758,-157.73208913,"2026-08-03T22:00:00.000Z","UAV 3"
"FRLAV004","Move to {-5499315.048189, -2250231.003964, 2310734.853397}","-",21.38960746,-157.74166506,"2026-08-03T22:00:00.000Z","UAV 3"
"FRT69009","Move to {-5499315.048189, -2250231.003964, 2310734.853397}","-",21.38071686,-157.73238633,"2026-08-03T22:00:01.827Z","UAV 3"
"FRT69009","Move to {-5499315.048189, -2250231.003964, 2310734.853397}","-",21.38071686,-157.73238633,"2026-08-03T22:00:01.827Z","UAV 3"
"FRZPU003","None","-",21.38640140,-157.73886953,"2026-08-03T22:00:59.530Z","UAV 3"
"FRZPU003","None","-",21.38640140,-157.73886953,"2026-08-03T22:00:59.530Z","UAV 3"
"FRZPU003","None","-",21.38640140,-157.73886953,"2026-08-03T22:01:01.507Z","UAV 3"
"FRINF040","Move to {-5499123.141030, -2250320.406046, 2311025.754248}","-",21.38621220,-157.73965491,"2026-08-03T22:01:03.363Z","UAV 3"
"FRINF052","Move to {-5499787.734679, -2249653.499925, 2310139.926712}","-",21.38604605,-157.73956536,"2026-08-03T22:01:03.363Z","UAV 3"
"FRINF054","Move to {-5499787.734679, -2249653.499925, 2310139.926712}","-",21.38597240,-157.73970943,"2026-08-03T22:01:03.363Z","UAV 3"
"FRINF028","Move to {-5499123.141030, -2250320.406046, 2311025.754248}","-",21.38611879,-157.73979059,"2026-08-03T22:01:03.363Z","UAV 3"
"FRINF009","Move to {-5499123.141030, -2250320.406046, 2311025.754248}","-",21.38614340,-157.73969675,"2026-08-03T22:01:03.363Z","UAV 3"
"FRINF019","Move to {-5499123.141030, -2250320.406046, 2311025.754248}","-",21.38609148,-157.73980720,"2026-08-03T22:01:03.363Z","UAV 3"
"FRINF043","Move to {-5499123.141030, -2250320.406046, 2311025.754248}","-",21.38615104,-157.73978868,"2026-08-03T22:01:03.363Z","UAV 3"
"FRINF060","Move to {-5499787.734679, -2249653.499925, 2310139.926712}","-",21.38597364,-157.73971771,"2026-08-03T22:01:03.363Z","UAV 3"
"FRINF051","Move to {-5499787.734679, -2249653.499925, 2310139.926712}","-",21.38607249,-157.73964217,"2026-08-03T22:01:03.363Z","UAV 3"
"FRINF018","Move to {-5499123.141030, -2250320.406046, 2311025.754248}","-",21.38623016,-157.73971302,"2026-08-03T22:01:03.363Z","UAV 3"
"FRINF047","Move to {-5499123.141030, -2250320.406046, 2311025.754248}","-",21.38614072,-157.73968797,"2026-08-03T22:01:03.363Z","UAV 3"
"FRINF007","Move to {-5499123.141030, -2250320.406046, 2311025.754248}","-",21.38629426,-157.73963645,"2026-08-03T22:01:03.363Z","UAV 3"
"FRT80001","Move to {-5499315.048189, -2250231.003964, 2310734.853397}","-",21.38071924,-157.74656204,"2026-08-03T22:01:29.951Z","UAV 3"
"FRT80002","Move to {-5499315.048189, -2250231.003964, 2310734.853397}","-",21.38042946,-157.74692908,"2026-08-03T22:01:29.951Z","UAV 3"
"FRT80005","Move to {-5499315.048189, -2250231.003964, 2310734.853397}","-",21.38067060,-157.74662479,"2026-08-03T22:01:29.951Z","UAV 3"
"FRT80007","Move to {-5499315.048189, -2250231.003964, 2310734.853397}","-",21.38052992,-157.74676392,"2026-08-03T22:01:29.951Z","UAV 3"
"FRZPU003","None","-",21.38640140,-157.73886953,"2026-08-03T22:04:14.142Z","UAV 3"
"FRZPU003","None","-",21.38640140,-157.73886953,"2026-08-03T22:04:14.142Z","UAV 3"
"FRZPU003","None","-",21.38640140,-157.73886953,"2026-08-03T22:04:14.142Z","UAV 3"
"FRZPU003","None","-",21.38640140,-157.73886953,"2026-08-03T22:04:14.142Z","UAV 3"
"FRZPU003","None","-",21.38640140,-157.73886953,"2026-08-03T22:04:16.229Z","UAV 3"
"FRZPU003","None","-",21.38640140,-157.73886953,"2026-08-03T22:04:16.229Z","UAV 3"
"FRZPU003","None","-",21.38640140,-157.73886953,"2026-08-03T22:04:16.229Z","UAV 3"
"FRZPU003","None","-",21.38640140,-157.73886953,"2026-08-03T22:04:16.229Z","UAV 3"
"FRINF055","Move to {-5499787.734679, -2249653.499925, 2310139.926712}","-",21.38449309,-157.74192893,"2026-08-03T22:04:24.270Z","UAV 3"
"FRINF005","Move to {-5499123.141030, -2250320.406046, 2311025.754248}","-",21.38509332,-157.74224033,"2026-08-03T22:04:24.270Z","UAV 3"
"FRINF012","Move to {-5499123.141030, -2250320.406046, 2311025.754248}","-",21.38515776,-157.74224768,"2026-08-03T22:04:24.270Z","UAV 3"
"FRINF040","Move to {-5499123.141030, -2250320.406046, 2311025.754248}","-",21.38506835,-157.74211019,"2026-08-03T22:04:24.270Z","UAV 3"
"FRINF041","Move to {-5499123.141030, -2250320.406046, 2311025.754248}","-",21.38503245,-157.74229029,"2026-08-03T22:04:24.270Z","UAV 3"
"FRINF042","Move to {-5499123.141030, -2250320.406046, 2311025.754248}","-",21.38505538,-157.74221372,"2026-08-03T22:04:24.270Z","UAV 3"
"FRINF023","Move to {-5499123.141030, -2250320.406046, 2311025.754248}","-",21.38515165,-157.74204974,"2026-08-03T22:04:24.270Z","UAV 3"
"FRINF046","Move to {-5499123.141030, -2250320.406046, 2311025.754248}","-",21.38512238,-157.74217581,"2026-08-03T22:04:24.270Z","UAV 3"
"FRINF021","Move to {-5499123.141030, -2250320.406046, 2311025.754248}","-",21.38503655,-157.74223609,"2026-08-03T22:04:24.270Z","UAV 3"
"FRINF029","Move to {-5499123.141030, -2250320.406046, 2311025.754248}","-",21.38515834,-157.74212223,"2026-08-03T22:04:24.270Z","UAV 3"
"FRINF052","Move to {-5499787.734679, -2249653.499925, 2310139.926712}","-",21.38435532,-157.74168955,"2026-08-03T22:04:24.270Z","UAV 3"
"FRINF039","Move to {-5499123.141030, -2250320.406046, 2311025.754248}","-",21.38514656,-157.74214149,"2026-08-03T22:04:24.270Z","UAV 3"
"FRINF026","Move to {-5499123.141030, -2250320.406046, 2311025.754248}","-",21.38508531,-157.74217619,"2026-08-03T22:04:24.270Z","UAV 3"
"FRINF013","Move to {-5499123.141030, -2250320.406046, 2311025.754248}","-",21.38511138,-157.74219567,"2026-08-03T22:04:24.270Z","UAV 3"
"FRINF054","Move to {-5499787.734679, -2249653.499925, 2310139.926712}","-",21.38427679,-157.74183169,"2026-08-03T22:04:24.270Z","UAV 3"
"FRINF011","Move to {-5499123.141030, -2250320.406046, 2311025.754248}","-",21.38516427,-157.74211475,"2026-08-03T22:04:24.270Z","UAV 3"
"FRINF033","Move to {-5499123.141030, -2250320.406046, 2311025.754248}","-",21.38498375,-157.74229909,"2026-08-03T22:04:24.270Z","UAV 3"
"FRINF028","Move to {-5499123.141030, -2250320.406046, 2311025.754248}","-",21.38498156,-157.74226294,"2026-08-03T22:04:24.270Z","UAV 3"
"FRINF019","Move to {-5499123.141030, -2250320.406046, 2311025.754248}","-",21.38496212,-157.74228316,"2026-08-03T22:04:24.270Z","UAV 3"
"FRINF043","Move to {-5499123.141030, -2250320.406046, 2311025.754248}","-",21.38500251,-157.74225281,"2026-08-03T22:04:24.270Z","UAV 3"
"FRINF006","Move to {-5499123.141030, -2250320.406046, 2311025.754248}","-",21.38519035,-157.74208684,"2026-08-03T22:04:24.270Z","UAV 3"
"FRINF036","Move to {-5499123.141030, -2250320.406046, 2311025.754248}","-",21.38515893,-157.74220159,"2026-08-03T22:04:24.270Z","UAV 3"
"FRINF031","Move to {-5499123.141030, -2250320.406046, 2311025.754248}","-",21.38512142,-157.74224680,"2026-08-03T22:04:24.270Z","UAV 3"
"FRINF053","Move to {-5499787.734679, -2249653.499925, 2310139.926712}","-",21.38451150,-157.74182546,"2026-08-03T22:04:24.270Z","UAV 3"
"FRINF051","Move to {-5499787.734679, -2249653.499925, 2310139.926712}","-",21.38437815,-157.74175388,"2026-08-03T22:04:24.270Z","UAV 3"
"FRINF018","Move to {-5499123.141030, -2250320.406046, 2311025.754248}","-",21.38506752,-157.74216310,"2026-08-03T22:04:24.270Z","UAV 3"
"FRINF030","Move to {-5499123.141030, -2250320.406046, 2311025.754248}","-",21.38511367,-157.74228630,"2026-08-03T22:04:24.270Z","UAV 3"
"FRINF047","Move to {-5499123.141030, -2250320.406046, 2311025.754248}","-",21.38501661,-157.74215774,"2026-08-03T22:04:24.270Z","UAV 3"
"FRINF025","Move to {-5499123.141030, -2250320.406046, 2311025.754248}","-",21.38504570,-157.74231995,"2026-08-03T22:04:24.270Z","UAV 3"
"FRINF007","Move to {-5499123.141030, -2250320.406046, 2311025.754248}","-",21.38512177,-157.74208021,"2026-08-03T22:04:24.270Z","UAV 3"
"FRINF045","Move to {-5499123.141030, -2250320.406046, 2311025.754248}","-",21.38518556,-157.74203646,"2026-08-03T22:04:24.270Z","UAV 3"
"FRINF014","Move to {-5499123.141030, -2250320.406046, 2311025.754248}","-",21.38517249,-157.74209000,"2026-08-03T22:04:24.270Z","UAV 3"
"FRINF055","Move to {-5499787.734679, -2249653.499925, 2310139.926712}","-",21.38449309,-157.74192893,"2026-08-03T22:04:24.270Z","UAV 3"
"FRINF005","Move to {-5499123.141030, -2250320.406046, 2311025.754248}","-",21.38509332,-157.74224033,"2026-08-03T22:04:24.270Z","UAV 3"
"FRINF012","Move to {-5499123.141030, -2250320.406046, 2311025.754248}","-",21.38515776,-157.74224768,"2026-08-03T22:04:24.270Z","UAV 3"
"FRINF040","Move to {-5499123.141030, -2250320.406046, 2311025.754248}","-",21.38506835,-157.74211019,"2026-08-03T22:04:24.270Z","UAV 3"
"FRINF041","Move to {-5499123.141030, -2250320.406046, 2311025.754248}","-",21.38503245,-157.74229029,"2026-08-03T22:04:24.270Z","UAV 3"
"FRINF042","Move to {-5499123.141030, -2250320.406046, 2311025.754248}","-",21.38505538,-157.74221372,"2026-08-03T22:04:24.270Z","UAV 3"
"FRINF023","Move to {-5499123.141030, -2250320.406046, 2311025.754248}","-",21.38515165,-157.74204974,"2026-08-03T22:04:24.270Z","UAV 3"
"FRINF046","Move to {-5499123.141030, -2250320.406046, 2311025.754248}","-",21.38512238,-157.74217581,"2026-08-03T22:04:24.270Z","UAV 3"
"FRINF021","Move to {-5499123.141030, -2250320.406046, 2311025.754248}","-",21.38503655,-157.74223609,"2026-08-03T22:04:24.270Z","UAV 3"
"FRINF029","Move to {-5499123.141030, -2250320.406046, 2311025.754248}","-",21.38515834,-157.74212223,"2026-08-03T22:04:24.270Z","UAV 3"
"FRINF052","Move to {-5499787.734679, -2249653.499925, 2310139.926712}","-",21.38435532,-157.74168955,"2026-08-03T22:04:24.270Z","UAV 3"
"FRINF039","Move to {-5499123.141030, -2250320.406046, 2311025.754248}","-",21.38514656,-157.74214149,"2026-08-03T22:04:24.270Z","UAV 3"
"FRINF026","Move to {-5499123.141030, -2250320.406046, 2311025.754248}","-",21.38508531,-157.74217619,"2026-08-03T22:04:24.270Z","UAV 3"
"FRINF013","Move to {-5499123.141030, -2250320.406046, 2311025.754248}","-",21.38511138,-157.74219567,"2026-08-03T22:04:24.270Z","UAV 3"
"FRINF054","Move to {-5499787.734679, -2249653.499925, 2310139.926712}","-",21.38427679,-157.74183169,"2026-08-03T22:04:24.270Z","UAV 3"
"FRINF011","Move to {-5499123.141030, -2250320.406046, 2311025.754248}","-",21.38516427,-157.74211475,"2026-08-03T22:04:24.270Z","UAV 3"
"FRINF033","Move to {-5499123.141030, -2250320.406046, 2311025.754248}","-",21.38498375,-157.74229909,"2026-08-03T22:04:24.270Z","UAV 3"
"FRINF028","Move to {-5499123.141030, -2250320.406046, 2311025.754248}","-",21.38498156,-157.74226294,"2026-08-03T22:04:24.270Z","UAV 3"
"FRINF019","Move to {-5499123.141030, -2250320.406046, 2311025.754248}","-",21.38496212,-157.74228316,"2026-08-03T22:04:24.270Z","UAV 3"
"FRINF043","Move to {-5499123.141030, -2250320.406046, 2311025.754248}","-",21.38500251,-157.74225281,"2026-08-03T22:04:24.270Z","UAV 3"
"FRINF006","Move to {-5499123.141030, -2250320.406046, 2311025.754248}","-",21.38519035,-157.74208684,"2026-08-03T22:04:24.270Z","UAV 3"
"FRINF036","Move to {-5499123.141030, -2250320.406046, 2311025.754248}","-",21.38515893,-157.74220159,"2026-08-03T22:04:24.270Z","UAV 3"
"FRINF031","Move to {-5499123.141030, -2250320.406046, 2311025.754248}","-",21.38512142,-157.74224680,"2026-08-03T22:04:24.270Z","UAV 3"
"FRINF053","Move to {-5499787.734679, -2249653.499925, 2310139.926712}","-",21.38451150,-157.74182546,"2026-08-03T22:04:24.270Z","UAV 3"
"FRINF051","Move to {-5499787.734679, -2249653.499925, 2310139.926712}","-",21.38437815,-157.74175388,"2026-08-03T22:04:24.270Z","UAV 3"
"FRINF018","Move to {-5499123.141030, -2250320.406046, 2311025.754248}","-",21.38506752,-157.74216310,"2026-08-03T22:04:24.270Z","UAV 3"
"FRINF030","Move to {-5499123.141030, -2250320.406046, 2311025.754248}","-",21.38511367,-157.74228630,"2026-08-03T22:04:24.270Z","UAV 3"
"FRINF047","Move to {-5499123.141030, -2250320.406046, 2311025.754248}","-",21.38501661,-157.74215774,"2026-08-03T22:04:24.270Z","UAV 3"
"FRINF025","Move to {-5499123.141030, -2250320.406046, 2311025.754248}","-",21.38504570,-157.74231995,"2026-08-03T22:04:24.270Z","UAV 3"
"FRINF007","Move to {-5499123.141030, -2250320.406046, 2311025.754248}","-",21.38512177,-157.74208021,"2026-08-03T22:04:24.270Z","UAV 3"
"FRINF045","Move to {-5499123.141030, -2250320.406046, 2311025.754248}","-",21.38518556,-157.74203646,"2026-08-03T22:04:24.270Z","UAV 3"
"FRINF014","Move to {-5499123.141030, -2250320.406046, 2311025.754248}","-",21.38517249,-157.74209000,"2026-08-03T22:04:24.270Z","UAV 3"
"FRINF055","Move to {-5499787.734679, -2249653.499925, 2310139.926712}","-",21.38449309,-157.74192893,"2026-08-03T22:04:24.270Z","UAV 3"
"FRINF005","Move to {-5499123.141030, -2250320.406046, 2311025.754248}","-",21.38509332,-157.74224033,"2026-08-03T22:04:24.270Z","UAV 3"
"FRINF012","Move to {-5499123.141030, -2250320.406046, 2311025.754248}","-",21.38515776,-157.74224768,"2026-08-03T22:04:24.270Z","UAV 3"
"FRINF040","Move to {-5499123.141030, -2250320.406046, 2311025.754248}","-",21.38506835,-157.74211019,"2026-08-03T22:04:24.270Z","UAV 3"
"FRINF041","Move to {-5499123.141030, -2250320.406046, 2311025.754248}","-",21.38503245,-157.74229029,"2026-08-03T22:04:24.270Z","UAV 3"
"FRINF042","Move to {-5499123.141030, -2250320.406046, 2311025.754248}","-",21.38505538,-157.74221372,"2026-08-03T22:04:24.270Z","UAV 3"
"FRINF023","Move to {-5499123.141030, -2250320.406046, 2311025.754248}","-",21.38515165,-157.74204974,"2026-08-03T22:04:24.270Z","UAV 3"
"FRINF046","Move to {-5499123.141030, -2250320.406046, 2311025.754248}","-",21.38512238,-157.74217581,"2026-08-03T22:04:24.270Z","UAV 3"
"FRINF021","Move to {-5499123.141030, -2250320.406046, 2311025.754248}","-",21.38503655,-157.74223609,"2026-08-03T22:04:24.270Z","UAV 3"
"FRINF029","Move to {-5499123.141030, -2250320.406046, 2311025.754248}","-",21.38515834,-157.74212223,"2026-08-03T22:04:24.270Z","UAV 3"
"FRINF052","Move to {-5499787.734679, -2249653.499925, 2310139.926712}","-",21.38435532,-157.74168955,"2026-08-03T22:04:24.270Z","UAV 3"
"FRINF039","Move to {-5499123.141030, -2250320.406046, 2311025.754248}","-",21.38514656,-157.74214149,"2026-08-03T22:04:24.270Z","UAV 3"
"FRINF026","Move to {-5499123.141030, -2250320.406046, 2311025.754248}","-",21.38508531,-157.74217619,"2026-08-03T22:04:24.270Z","UAV 3"
"FRINF013","Move to {-5499123.141030, -2250320.406046, 2311025.754248}","-",21.38511138,-157.74219567,"2026-08-03T22:04:24.270Z","UAV 3"
"FRINF054","Move to {-5499787.734679, -2249653.499925, 2310139.926712}","-",21.38427679,-157.74183169,"2026-08-03T22:04:24.270Z","UAV 3"
"FRINF011","Move to {-5499123.141030, -2250320.406046, 2311025.754248}","-",21.38516427,-157.74211475,"2026-08-03T22:04:24.270Z","UAV 3"
"FRINF033","Move to {-5499123.141030, -2250320.406046, 2311025.754248}","-",21.38498375,-157.74229909,"2026-08-03T22:04:24.270Z","UAV 3"
"FRINF028","Move to {-5499123.141030, -2250320.406046, 2311025.754248}","-",21.38498156,-157.74226294,"2026-08-03T22:04:24.270Z","UAV 3"
"FRINF019","Move to {-5499123.141030, -2250320.406046, 2311025.754248}","-",21.38496212,-157.74228316,"2026-08-03T22:04:24.270Z","UAV 3"
"FRINF043","Move to {-5499123.141030, -2250320.406046, 2311025.754248}","-",21.38500251,-157.74225281,"2026-08-03T22:04:24.270Z","UAV 3"
"FRINF006","Move to {-5499123.141030, -2250320.406046, 2311025.754248}","-",21.38519035,-157.74208684,"2026-08-03T22:04:24.270Z","UAV 3"
"FRINF036","Move to {-5499123.141030, -2250320.406046, 2311025.754248}","-",21.38515893,-157.74220159,"2026-08-03T22:04:24.270Z","UAV 3"
"FRINF031","Move to {-5499123.141030, -2250320.406046, 2311025.754248}","-",21.38512142,-157.74224680,"2026-08-03T22:04:24.270Z","UAV 3"
"FRINF053","Move to {-5499787.734679, -2249653.499925, 2310139.926712}","-",21.38451150,-157.74182546,"2026-08-03T22:04:24.270Z","UAV 3"
"FRINF051","Move to {-5499787.734679, -2249653.499925, 2310139.926712}","-",21.38437815,-157.74175388,"2026-08-03T22:04:24.270Z","UAV 3"
"FRINF018","Move to {-5499123.141030, -2250320.406046, 2311025.754248}","-",21.38506752,-157.74216310,"2026-08-03T22:04:24.270Z","UAV 3"
"FRINF030","Move to {-5499123.141030, -2250320.406046, 2311025.754248}","-",21.38511367,-157.74228630,"2026-08-03T22:04:24.270Z","UAV 3"
"FRINF047","Move to {-5499123.141030, -2250320.406046, 2311025.754248}","-",21.38501661,-157.74215774,"2026-08-03T22:04:24.270Z","UAV 3"
"FRINF025","Move to {-5499123.141030, -2250320.406046, 2311025.754248}","-",21.38504570,-157.74231995,"2026-08-03T22:04:24.270Z","UAV 3"
"FRINF007","Move to {-5499123.141030, -2250320.406046, 2311025.754248}","-",21.38512177,-157.74208021,"2026-08-03T22:04:24.270Z","UAV 3"
"FRINF045","Move to {-5499123.141030, -2250320.406046, 2311025.754248}","-",21.38518556,-157.74203646,"2026-08-03T22:04:24.270Z","UAV 3"
"FRINF014","Move to {-5499123.141030, -2250320.406046, 2311025.754248}","-",21.38517249,-157.74209000,"2026-08-03T22:04:24.270Z","UAV 3"
"FRINF055","Move to {-5499787.734679, -2249653.499925, 2310139.926712}","-",21.38449309,-157.74192893,"2026-08-03T22:04:24.270Z","UAV 3"
"FRINF005","Move to {-5499123.141030, -2250320.406046, 2311025.754248}","-",21.38509332,-157.74224033,"2026-08-03T22:04:24.270Z","UAV 3"
"FRINF012","Move to {-5499123.141030, -2250320.406046, 2311025.754248}","-",21.38515776,-157.74224768,"2026-08-03T22:04:24.270Z","UAV 3"
"FRINF040","Move to {-5499123.141030, -2250320.406046, 2311025.754248}","-",21.38506835,-157.74211019,"2026-08-03T22:04:24.270Z","UAV 3"
"FRINF041","Move to {-5499123.141030, -2250320.406046, 2311025.754248}","-",21.38503245,-157.74229029,"2026-08-03T22:04:24.270Z","UAV 3"
"FRINF042","Move to {-5499123.141030, -2250320.406046, 2311025.754248}","-",21.38505538,-157.74221372,"2026-08-03T22:04:24.270Z","UAV 3"
"FRINF023","Move to {-5499123.141030, -2250320.406046, 2311025.754248}","-",21.38515165,-157.74204974,"2026-08-03T22:04:24.270Z","UAV 3"
"FRINF046","Move to {-5499123.141030, -2250320.406046, 2311025.754248}","-",21.38512238,-157.74217581,"2026-08-03T22:04:24.270Z","UAV 3"
"FRINF021","Move to {-5499123.141030, -2250320.406046, 2311025.754248}","-",21.38503655,-157.74223609,"2026-08-03T22:04:24.270Z","UAV 3"
"FRINF029","Move to {-5499123.141030, -2250320.406046, 2311025.754248}","-",21.38515834,-157.74212223,"2026-08-03T22:04:24.270Z","UAV 3"
"FRINF052","Move to {-5499787.734679, -2249653.499925, 2310139.926712}","-",21.38435532,-157.74168955,"2026-08-03T22:04:24.270Z","UAV 3"
"FRINF039","Move to {-5499123.141030, -2250320.406046, 2311025.754248}","-",21.38514656,-157.74214149,"2026-08-03T22:04:24.270Z","UAV 3"
"FRINF026","Move to {-5499123.141030, -2250320.406046, 2311025.754248}","-",21.38508531,-157.74217619,"2026-08-03T22:04:24.270Z","UAV 3"
"FRINF013","Move to {-5499123.141030, -2250320.406046, 2311025.754248}","-",21.38511138,-157.74219567,"2026-08-03T22:04:24.270Z","UAV 3"
"FRINF054","Move to {-5499787.734679, -2249653.499925, 2310139.926712}","-",21.38427679,-157.74183169,"2026-08-03T22:04:24.270Z","UAV 3"
"FRINF011","Move to {-5499123.141030, -2250320.406046, 2311025.754248}","-",21.38516427,-157.74211475,"2026-08-03T22:04:24.270Z","UAV 3"
"FRINF033","Move to {-5499123.141030, -2250320.406046, 2311025.754248}","-",21.38498375,-157.74229909,"2026-08-03T22:04:24.270Z","UAV 3"
"FRINF028","Move to {-5499123.141030, -2250320.406046, 2311025.754248}","-",21.38498156,-157.74226294,"2026-08-03T22:04:24.270Z","UAV 3"
"FRINF019","Move to {-5499123.141030, -2250320.406046, 2311025.754248}","-",21.38496212,-157.74228316,"2026-08-03T22:04:24.270Z","UAV 3"
"FRINF043","Move to {-5499123.141030, -2250320.406046, 2311025.754248}","-",21.38500251,-157.74225281,"2026-08-03T22:04:24.270Z","UAV 3"
"FRINF006","Move to {-5499123.141030, -2250320.406046, 2311025.754248}","-",21.38519035,-157.74208684,"2026-08-03T22:04:24.270Z","UAV 3"
"FRINF036","Move to {-5499123.141030, -2250320.406046, 2311025.754248}","-",21.38515893,-157.74220159,"2026-08-03T22:04:24.270Z","UAV 3"
"FRINF031","Move to {-5499123.141030, -2250320.406046, 2311025.754248}","-",21.38512142,-157.74224680,"2026-08-03T22:04:24.270Z","UAV 3"
"FRINF053","Move to {-5499787.734679, -2249653.499925, 2310139.926712}","-",21.38451150,-157.74182546,"2026-08-03T22:04:24.270Z","UAV 3"
"FRINF051","Move to {-5499787.734679, -2249653.499925, 2310139.926712}","-",21.38437815,-157.74175388,"2026-08-03T22:04:24.270Z","UAV 3"
"FRINF018","Move to {-5499123.141030, -2250320.406046, 2311025.754248}","-",21.38506752,-157.74216310,"2026-08-03T22:04:24.270Z","UAV 3"
"FRINF030","Move to {-5499123.141030, -2250320.406046, 2311025.754248}","-",21.38511367,-157.74228630,"2026-08-03T22:04:24.270Z","UAV 3"
"FRINF047","Move to {-5499123.141030, -2250320.406046, 2311025.754248}","-",21.38501661,-157.74215774,"2026-08-03T22:04:24.270Z","UAV 3"
"FRINF025","Move to {-5499123.141030, -2250320.406046, 2311025.754248}","-",21.38504570,-157.74231995,"2026-08-03T22:04:24.270Z","UAV 3"
"FRINF007","Move to {-5499123.141030, -2250320.406046, 2311025.754248}","-",21.38512177,-157.74208021,"2026-08-03T22:04:24.270Z","UAV 3"
"FRINF045","Move to {-5499123.141030, -2250320.406046, 2311025.754248}","-",21.38518556,-157.74203646,"2026-08-03T22:04:24.270Z","UAV 3"
"FRINF014","Move to {-5499123.141030, -2250320.406046, 2311025.754248}","-",21.38517249,-157.74209000,"2026-08-03T22:04:24.270Z","UAV 3"
"FRINF055","Move to {-5499787.734679, -2249653.499925, 2310139.926712}","-",21.38447518,-157.74195064,"2026-08-03T22:04:26.327Z","UAV 3"
"FRINF005","Move to {-5499123.141030, -2250320.406046, 2311025.754248}","-",21.38508046,-157.74226615,"2026-08-03T22:04:26.327Z","UAV 3"
"FRINF012","Move to {-5499123.141030, -2250320.406046, 2311025.754248}","-",21.38514458,-157.74227287,"2026-08-03T22:04:26.327Z","UAV 3"
"FRINF040","Move to {-5499123.141030, -2250320.406046, 2311025.754248}","-",21.38505656,-157.74213549,"2026-08-03T22:04:26.327Z","UAV 3"
"FRINF041","Move to {-5499123.141030, -2250320.406046, 2311025.754248}","-",21.38501970,-157.74231663,"2026-08-03T22:04:26.327Z","UAV 3"
"FRINF042","Move to {-5499123.141030, -2250320.406046, 2311025.754248}","-",21.38504282,-157.74223994,"2026-08-03T22:04:26.327Z","UAV 3"
"FRINF023","Move to {-5499123.141030, -2250320.406046, 2311025.754248}","-",21.38513969,-157.74207440,"2026-08-03T22:04:26.327Z","UAV 3"
"FRINF046","Move to {-5499123.141030, -2250320.406046, 2311025.754248}","-",21.38510962,-157.74220149,"2026-08-03T22:04:26.327Z","UAV 3"
"FRINF021","Move to {-5499123.141030, -2250320.406046, 2311025.754248}","-",21.38502404,-157.74226238,"2026-08-03T22:04:26.327Z","UAV 3"
"FRINF029","Move to {-5499123.141030, -2250320.406046, 2311025.754248}","-",21.38514584,-157.74214723,"2026-08-03T22:04:26.327Z","UAV 3"
"FRINF052","Move to {-5499787.734679, -2249653.499925, 2310139.926712}","-",21.38433749,-157.74171195,"2026-08-03T22:04:26.327Z","UAV 3"
"FRINF039","Move to {-5499123.141030, -2250320.406046, 2311025.754248}","-",21.38513382,-157.74216700,"2026-08-03T22:04:26.327Z","UAV 3"
"FRINF026","Move to {-5499123.141030, -2250320.406046, 2311025.754248}","-",21.38507278,-157.74220213,"2026-08-03T22:04:26.327Z","UAV 3"
"FRINF013","Move to {-5499123.141030, -2250320.406046, 2311025.754248}","-",21.38509860,-157.74222141,"2026-08-03T22:04:26.327Z","UAV 3"
"FRINF054","Move to {-5499787.734679, -2249653.499925, 2310139.926712}","-",21.38425910,-157.74185382,"2026-08-03T22:04:26.327Z","UAV 3"
"FRINF011","Move to {-5499123.141030, -2250320.406046, 2311025.754248}","-",21.38515190,-157.74213946,"2026-08-03T22:04:26.327Z","UAV 3"
"FRINF033","Move to {-5499123.141030, -2250320.406046, 2311025.754248}","-",21.38497133,-157.74232568,"2026-08-03T22:04:26.327Z","UAV 3"
"FRINF028","Move to {-5499123.141030, -2250320.406046, 2311025.754248}","-",21.38496935,-157.74228948,"2026-08-03T22:04:26.327Z","UAV 3"
"FRINF019","Move to {-5499123.141030, -2250320.406046, 2311025.754248}","-",21.38494997,-157.74230980,"2026-08-03T22:04:26.327Z","UAV 3"
"FRINF043","Move to {-5499123.141030, -2250320.406046, 2311025.754248}","-",21.38499018,-157.74227924,"2026-08-03T22:04:26.327Z","UAV 3"
"FRINF006","Move to {-5499123.141030, -2250320.406046, 2311025.754248}","-",21.38517805,-157.74211119,"2026-08-03T22:04:26.327Z","UAV 3"
"FRINF036","Move to {-5499123.141030, -2250320.406046, 2311025.754248}","-",21.38514596,-157.74222678,"2026-08-03T22:04:26.327Z","UAV 3"
"FRINF031","Move to {-5499123.141030, -2250320.406046, 2311025.754248}","-",21.38510835,-157.74227244,"2026-08-03T22:04:26.327Z","UAV 3"
"FRINF053","Move to {-5499787.734679, -2249653.499925, 2310139.926712}","-",21.38449360,-157.74184731,"2026-08-03T22:04:26.327Z","UAV 3"
"FRINF051","Move to {-5499787.734679, -2249653.499925, 2310139.926712}","-",21.38436025,-157.74177619,"2026-08-03T22:04:26.327Z","UAV 3"
"FRINF018","Move to {-5499123.141030, -2250320.406046, 2311025.754248}","-",21.38505514,-157.74218919,"2026-08-03T22:04:26.327Z","UAV 3"
"FRINF030","Move to {-5499123.141030, -2250320.406046, 2311025.754248}","-",21.38510039,-157.74231212,"2026-08-03T22:04:26.327Z","UAV 3"
"FRINF047","Move to {-5499123.141030, -2250320.406046, 2311025.754248}","-",21.38500455,-157.74218423,"2026-08-03T22:04:26.327Z","UAV 3"
"FRINF025","Move to {-5499123.141030, -2250320.406046, 2311025.754248}","-",21.38503269,-157.74234626,"2026-08-03T22:04:26.327Z","UAV 3"
"FRINF007","Move to {-5499123.141030, -2250320.406046, 2311025.754248}","-",21.38510984,-157.74210508,"2026-08-03T22:04:26.327Z","UAV 3"
"FRINF045","Move to {-5499123.141030, -2250320.406046, 2311025.754248}","-",21.38517344,-157.74206096,"2026-08-03T22:04:26.327Z","UAV 3"
"FRINF014","Move to {-5499123.141030, -2250320.406046, 2311025.754248}","-",21.38516032,-157.74211438,"2026-08-03T22:04:26.327Z","UAV 3"
"FRINF022","Move to {-5499123.141030, -2250320.406046, 2311025.754248}","-",21.38508720,-157.74239683,"2026-08-03T22:04:26.327Z","UAV 3"
"FRINF038","Move to {-5499123.141030, -2250320.406046, 2311025.754248}","-",21.38503080,-157.74236434,"2026-08-03T22:04:26.327Z","UAV 3"
"FRINF001","Move to {-5499123.141030, -2250320.406046, 2311025.754248}","-",21.38513117,-157.74240926,"2026-08-03T22:04:26.327Z","UAV 3"
"FRINF035","Move to {-5499123.141030, -2250320.406046, 2311025.754248}","-",21.38510159,-157.74238209,"2026-08-03T22:04:26.327Z","UAV 3"
"FRINF003","Move to {-5499123.141030, -2250320.406046, 2311025.754248}","-",21.38505234,-157.74247105,"2026-08-03T22:04:26.327Z","UAV 3"
"FRINF024","Move to {-5499123.141030, -2250320.406046, 2311025.754248}","-",21.38504332,-157.74246392,"2026-08-03T22:04:26.327Z","UAV 3"
"FRINF004","Move to {-5499123.141030, -2250320.406046, 2311025.754248}","-",21.38510857,-157.74242208,"2026-08-03T22:04:26.327Z","UAV 3"
"FRINF055","Move to {-5499787.734679, -2249653.499925, 2310139.926712}","-",21.38447518,-157.74195064,"2026-08-03T22:04:26.327Z","UAV 3"
"FRINF005","Move to {-5499123.141030, -2250320.406046, 2311025.754248}","-",21.38508046,-157.74226615,"2026-08-03T22:04:26.327Z","UAV 3"
"FRINF012","Move to {-5499123.141030, -2250320.406046, 2311025.754248}","-",21.38514458,-157.74227287,"2026-08-03T22:04:26.327Z","UAV 3"
"FRINF040","Move to {-5499123.141030, -2250320.406046, 2311025.754248}","-",21.38505656,-157.74213549,"2026-08-03T22:04:26.327Z","UAV 3"
"FRINF041","Move to {-5499123.141030, -2250320.406046, 2311025.754248}","-",21.38501970,-157.74231663,"2026-08-03T22:04:26.327Z","UAV 3"
"FRINF042","Move to {-5499123.141030, -2250320.406046, 2311025.754248}","-",21.38504282,-157.74223994,"2026-08-03T22:04:26.327Z","UAV 3"
"FRINF023","Move to {-5499123.141030, -2250320.406046, 2311025.754248}","-",21.38513969,-157.74207440,"2026-08-03T22:04:26.327Z","UAV 3"
"FRINF046","Move to {-5499123.141030, -2250320.406046, 2311025.754248}","-",21.38510962,-157.74220149,"2026-08-03T22:04:26.327Z","UAV 3"
"FRINF021","Move to {-5499123.141030, -2250320.406046, 2311025.754248}","-",21.38502404,-157.74226238,"2026-08-03T22:04:26.327Z","UAV 3"
"FRINF029","Move to {-5499123.141030, -2250320.406046, 2311025.754248}","-",21.38514584,-157.74214723,"2026-08-03T22:04:26.327Z","UAV 3"
"FRINF052","Move to {-5499787.734679, -2249653.499925, 2310139.926712}","-",21.38433749,-157.74171195,"2026-08-03T22:04:26.327Z","UAV 3"
"FRINF039","Move to {-5499123.141030, -2250320.406046, 2311025.754248}","-",21.38513382,-157.74216700,"2026-08-03T22:04:26.327Z","UAV 3"
"FRINF026","Move to {-5499123.141030, -2250320.406046, 2311025.754248}","-",21.38507278,-157.74220213,"2026-08-03T22:04:26.327Z","UAV 3"
"FRINF013","Move to {-5499123.141030, -2250320.406046, 2311025.754248}","-",21.38509860,-157.74222141,"2026-08-03T22:04:26.327Z","UAV 3"
"FRINF054","Move to {-5499787.734679, -2249653.499925, 2310139.926712}","-",21.38425910,-157.74185382,"2026-08-03T22:04:26.327Z","UAV 3"
"FRINF011","Move to {-5499123.141030, -2250320.406046, 2311025.754248}","-",21.38515190,-157.74213946,"2026-08-03T22:04:26.327Z","UAV 3"
"FRINF033","Move to {-5499123.141030, -2250320.406046, 2311025.754248}","-",21.38497133,-157.74232568,"2026-08-03T22:04:26.327Z","UAV 3"
"FRINF028","Move to {-5499123.141030, -2250320.406046, 2311025.754248}","-",21.38496935,-157.74228948,"2026-08-03T22:04:26.327Z","UAV 3"
"FRINF019","Move to {-5499123.141030, -2250320.406046, 2311025.754248}","-",21.38494997,-157.74230980,"2026-08-03T22:04:26.327Z","UAV 3"
"FRINF043","Move to {-5499123.141030, -2250320.406046, 2311025.754248}","-",21.38499018,-157.74227924,"2026-08-03T22:04:26.327Z","UAV 3"
"FRINF006","Move to {-5499123.141030, -2250320.406046, 2311025.754248}","-",21.38517805,-157.74211119,"2026-08-03T22:04:26.327Z","UAV 3"
"FRINF036","Move to {-5499123.141030, -2250320.406046, 2311025.754248}","-",21.38514596,-157.74222678,"2026-08-03T22:04:26.327Z","UAV 3"
"FRINF031","Move to {-5499123.141030, -2250320.406046, 2311025.754248}","-",21.38510835,-157.74227244,"2026-08-03T22:04:26.327Z","UAV 3"
"FRINF053","Move to {-5499787.734679, -2249653.499925, 2310139.926712}","-",21.38449360,-157.74184731,"2026-08-03T22:04:26.327Z","UAV 3"
"FRINF051","Move to {-5499787.734679, -2249653.499925, 2310139.926712}","-",21.38436025,-157.74177619,"2026-08-03T22:04:26.327Z","UAV 3"
"FRINF018","Move to {-5499123.141030, -2250320.406046, 2311025.754248}","-",21.38505514,-157.74218919,"2026-08-03T22:04:26.327Z","UAV 3"
"FRINF030","Move to {-5499123.141030, -2250320.406046, 2311025.754248}","-",21.38510039,-157.74231212,"2026-08-03T22:04:26.327Z","UAV 3"
"FRINF047","Move to {-5499123.141030, -2250320.406046, 2311025.754248}","-",21.38500455,-157.74218423,"2026-08-03T22:04:26.327Z","UAV 3"
"FRINF025","Move to {-5499123.141030, -2250320.406046, 2311025.754248}","-",21.38503269,-157.74234626,"2026-08-03T22:04:26.327Z","UAV 3"
"FRINF007","Move to {-5499123.141030, -2250320.406046, 2311025.754248}","-",21.38510984,-157.74210508,"2026-08-03T22:04:26.327Z","UAV 3"
"FRINF045","Move to {-5499123.141030, -2250320.406046, 2311025.754248}","-",21.38517344,-157.74206096,"2026-08-03T22:04:26.327Z","UAV 3"
"FRINF014","Move to {-5499123.141030, -2250320.406046, 2311025.754248}","-",21.38516032,-157.74211438,"2026-08-03T22:04:26.327Z","UAV 3"
"FRINF022","Move to {-5499123.141030, -2250320.406046, 2311025.754248}","-",21.38508720,-157.74239683,"2026-08-03T22:04:26.327Z","UAV 3"
"FRINF038","Move to {-5499123.141030, -2250320.406046, 2311025.754248}","-",21.38503080,-157.74236434,"2026-08-03T22:04:26.327Z","UAV 3"
"FRINF001","Move to {-5499123.141030, -2250320.406046, 2311025.754248}","-",21.38513117,-157.74240926,"2026-08-03T22:04:26.327Z","UAV 3"
"FRINF035","Move to {-5499123.141030, -2250320.406046, 2311025.754248}","-",21.38510159,-157.74238209,"2026-08-03T22:04:26.327Z","UAV 3"
"FRINF003","Move to {-5499123.141030, -2250320.406046, 2311025.754248}","-",21.38505234,-157.74247105,"2026-08-03T22:04:26.327Z","UAV 3"
"FRINF024","Move to {-5499123.141030, -2250320.406046, 2311025.754248}","-",21.38504332,-157.74246392,"2026-08-03T22:04:26.327Z","UAV 3"
"FRINF004","Move to {-5499123.141030, -2250320.406046, 2311025.754248}","-",21.38510857,-157.74242208,"2026-08-03T22:04:26.327Z","UAV 3"
"FRINF055","Move to {-5499787.734679, -2249653.499925, 2310139.926712}","-",21.38447518,-157.74195064,"2026-08-03T22:04:26.327Z","UAV 3"
"FRINF005","Move to {-5499123.141030, -2250320.406046, 2311025.754248}","-",21.38508046,-157.74226615,"2026-08-03T22:04:26.327Z","UAV 3"
"FRINF012","Move to {-5499123.141030, -2250320.406046, 2311025.754248}","-",21.38514458,-157.74227287,"2026-08-03T22:04:26.327Z","UAV 3"
"FRINF040","Move to {-5499123.141030, -2250320.406046, 2311025.754248}","-",21.38505656,-157.74213549,"2026-08-03T22:04:26.327Z","UAV 3"
"FRINF041","Move to {-5499123.141030, -2250320.406046, 2311025.754248}","-",21.38501970,-157.74231663,"2026-08-03T22:04:26.327Z","UAV 3"
"FRINF042","Move to {-5499123.141030, -2250320.406046, 2311025.754248}","-",21.38504282,-157.74223994,"2026-08-03T22:04:26.327Z","UAV 3"
"FRINF023","Move to {-5499123.141030, -2250320.406046, 2311025.754248}","-",21.38513969,-157.74207440,"2026-08-03T22:04:26.327Z","UAV 3"
"FRINF046","Move to {-5499123.141030, -2250320.406046, 2311025.754248}","-",21.38510962,-157.74220149,"2026-08-03T22:04:26.327Z","UAV 3"
"FRINF021","Move to {-5499123.141030, -2250320.406046, 2311025.754248}","-",21.38502404,-157.74226238,"2026-08-03T22:04:26.327Z","UAV 3"
"FRINF029","Move to {-5499123.141030, -2250320.406046, 2311025.754248}","-",21.38514584,-157.74214723,"2026-08-03T22:04:26.327Z","UAV 3"
"FRINF052","Move to {-5499787.734679, -2249653.499925, 2310139.926712}","-",21.38433749,-157.74171195,"2026-08-03T22:04:26.327Z","UAV 3"
"FRINF039","Move to {-5499123.141030, -2250320.406046, 2311025.754248}","-",21.38513382,-157.74216700,"2026-08-03T22:04:26.327Z","UAV 3"
"FRINF026","Move to {-5499123.141030, -2250320.406046, 2311025.754248}","-",21.38507278,-157.74220213,"2026-08-03T22:04:26.327Z","UAV 3"
"FRINF013","Move to {-5499123.141030, -2250320.406046, 2311025.754248}","-",21.38509860,-157.74222141,"2026-08-03T22:04:26.327Z","UAV 3"
"FRINF054","Move to {-5499787.734679, -2249653.499925, 2310139.926712}","-",21.38425910,-157.74185382,"2026-08-03T22:04:26.327Z","UAV 3"
"FRINF011","Move to {-5499123.141030, -2250320.406046, 2311025.754248}","-",21.38515190,-157.74213946,"2026-08-03T22:04:26.327Z","UAV 3"
"FRINF033","Move to {-5499123.141030, -2250320.406046, 2311025.754248}","-",21.38497133,-157.74232568,"2026-08-03T22:04:26.327Z","UAV 3"
"FRINF028","Move to {-5499123.141030, -2250320.406046, 2311025.754248}","-",21.38496935,-157.74228948,"2026-08-03T22:04:26.327Z","UAV 3"
"FRINF019","Move to {-5499123.141030, -2250320.406046, 2311025.754248}","-",21.38494997,-157.74230980,"2026-08-03T22:04:26.327Z","UAV 3"
"FRINF043","Move to {-5499123.141030, -2250320.406046, 2311025.754248}","-",21.38499018,-157.74227924,"2026-08-03T22:04:26.327Z","UAV 3"
"FRINF006","Move to {-5499123.141030, -2250320.406046, 2311025.754248}","-",21.38517805,-157.74211119,"2026-08-03T22:04:26.327Z","UAV 3"
"FRINF036","Move to {-5499123.141030, -2250320.406046, 2311025.754248}","-",21.38514596,-157.74222678,"2026-08-03T22:04:26.327Z","UAV 3"
"FRINF031","Move to {-5499123.141030, -2250320.406046, 2311025.754248}","-",21.38510835,-157.74227244,"2026-08-03T22:04:26.327Z","UAV 3"
"FRINF053","Move to {-5499787.734679, -2249653.499925, 2310139.926712}","-",21.38449360,-157.74184731,"2026-08-03T22:04:26.327Z","UAV 3"
"FRINF051","Move to {-5499787.734679, -2249653.499925, 2310139.926712}","-",21.38436025,-157.74177619,"2026-08-03T22:04:26.327Z","UAV 3"
"FRINF018","Move to {-5499123.141030, -2250320.406046, 2311025.754248}","-",21.38505514,-157.74218919,"2026-08-03T22:04:26.327Z","UAV 3"
"FRINF030","Move to {-5499123.141030, -2250320.406046, 2311025.754248}","-",21.38510039,-157.74231212,"2026-08-03T22:04:26.327Z","UAV 3"
"FRINF047","Move to {-5499123.141030, -2250320.406046, 2311025.754248}","-",21.38500455,-157.74218423,"2026-08-03T22:04:26.327Z","UAV 3"
"FRINF025","Move to {-5499123.141030, -2250320.406046, 2311025.754248}","-",21.38503269,-157.74234626,"2026-08-03T22:04:26.327Z","UAV 3"
"FRINF007","Move to {-5499123.141030, -2250320.406046, 2311025.754248}","-",21.38510984,-157.74210508,"2026-08-03T22:04:26.327Z","UAV 3"
"FRINF045","Move to {-5499123.141030, -2250320.406046, 2311025.754248}","-",21.38517344,-157.74206096,"2026-08-03T22:04:26.327Z","UAV 3"
"FRINF014","Move to {-5499123.141030, -2250320.406046, 2311025.754248}","-",21.38516032,-157.74211438,"2026-08-03T22:04:26.327Z","UAV 3"
"FRINF022","Move to {-5499123.141030, -2250320.406046, 2311025.754248}","-",21.38508720,-157.74239683,"2026-08-03T22:04:26.327Z","UAV 3"
"FRINF038","Move to {-5499123.141030, -2250320.406046, 2311025.754248}","-",21.38503080,-157.74236434,"2026-08-03T22:04:26.327Z","UAV 3"
"FRINF001","Move to {-5499123.141030, -2250320.406046, 2311025.754248}","-",21.38513117,-157.74240926,"2026-08-03T22:04:26.327Z","UAV 3"
"FRINF035","Move to {-5499123.141030, -2250320.406046, 2311025.754248}","-",21.38510159,-157.74238209,"2026-08-03T22:04:26.327Z","UAV 3"
"FRINF003","Move to {-5499123.141030, -2250320.406046, 2311025.754248}","-",21.38505234,-157.74247105,"2026-08-03T22:04:26.327Z","UAV 3"
"FRINF024","Move to {-5499123.141030, -2250320.406046, 2311025.754248}","-",21.38504332,-157.74246392,"2026-08-03T22:04:26.327Z","UAV 3"
"FRINF004","Move to {-5499123.141030, -2250320.406046, 2311025.754248}","-",21.38510857,-157.74242208,"2026-08-03T22:04:26.327Z","UAV 3"
"FRINF055","Move to {-5499787.734679, -2249653.499925, 2310139.926712}","-",21.38447518,-157.74195064,"2026-08-03T22:04:26.327Z","UAV 3"
"FRINF005","Move to {-5499123.141030, -2250320.406046, 2311025.754248}","-",21.38508046,-157.74226615,"2026-08-03T22:04:26.327Z","UAV 3"
"FRINF012","Move to {-5499123.141030, -2250320.406046, 2311025.754248}","-",21.38514458,-157.74227287,"2026-08-03T22:04:26.327Z","UAV 3"
"FRINF040","Move to {-5499123.141030, -2250320.406046, 2311025.754248}","-",21.38505656,-157.74213549,"2026-08-03T22:04:26.327Z","UAV 3"
"FRINF041","Move to {-5499123.141030, -2250320.406046, 2311025.754248}","-",21.38501970,-157.74231663,"2026-08-03T22:04:26.327Z","UAV 3"
"FRINF042","Move to {-5499123.141030, -2250320.406046, 2311025.754248}","-",21.38504282,-157.74223994,"2026-08-03T22:04:26.327Z","UAV 3"
"FRINF023","Move to {-5499123.141030, -2250320.406046, 2311025.754248}","-",21.38513969,-157.74207440,"2026-08-03T22:04:26.327Z","UAV 3"
"FRINF046","Move to {-5499123.141030, -2250320.406046, 2311025.754248}","-",21.38510962,-157.74220149,"2026-08-03T22:04:26.327Z","UAV 3"
"FRINF021","Move to {-5499123.141030, -2250320.406046, 2311025.754248}","-",21.38502404,-157.74226238,"2026-08-03T22:04:26.327Z","UAV 3"
"FRINF029","Move to {-5499123.141030, -2250320.406046, 2311025.754248}","-",21.38514584,-157.74214723,"2026-08-03T22:04:26.327Z","UAV 3"
"FRINF052","Move to {-5499787.734679, -2249653.499925, 2310139.926712}","-",21.38433749,-157.74171195,"2026-08-03T22:04:26.327Z","UAV 3"
"FRINF039","Move to {-5499123.141030, -2250320.406046, 2311025.754248}","-",21.38513382,-157.74216700,"2026-08-03T22:04:26.327Z","UAV 3"
"FRINF026","Move to {-5499123.141030, -2250320.406046, 2311025.754248}","-",21.38507278,-157.74220213,"2026-08-03T22:04:26.327Z","UAV 3"
"FRINF013","Move to {-5499123.141030, -2250320.406046, 2311025.754248}","-",21.38509860,-157.74222141,"2026-08-03T22:04:26.327Z","UAV 3"
"FRINF054","Move to {-5499787.734679, -2249653.499925, 2310139.926712}","-",21.38425910,-157.74185382,"2026-08-03T22:04:26.327Z","UAV 3"
"FRINF011","Move to {-5499123.141030, -2250320.406046, 2311025.754248}","-",21.38515190,-157.74213946,"2026-08-03T22:04:26.327Z","UAV 3"
"FRINF033","Move to {-5499123.141030, -2250320.406046, 2311025.754248}","-",21.38497133,-157.74232568,"2026-08-03T22:04:26.327Z","UAV 3"
"FRINF028","Move to {-5499123.141030, -2250320.406046, 2311025.754248}","-",21.38496935,-157.74228948,"2026-08-03T22:04:26.327Z","UAV 3"
"FRINF019","Move to {-5499123.141030, -2250320.406046, 2311025.754248}","-",21.38494997,-157.74230980,"2026-08-03T22:04:26.327Z","UAV 3"
"FRINF043","Move to {-5499123.141030, -2250320.406046, 2311025.754248}","-",21.38499018,-157.74227924,"2026-08-03T22:04:26.327Z","UAV 3"
"FRINF006","Move to {-5499123.141030, -2250320.406046, 2311025.754248}","-",21.38517805,-157.74211119,"2026-08-03T22:04:26.327Z","UAV 3"
"FRINF036","Move to {-5499123.141030, -2250320.406046, 2311025.754248}","-",21.38514596,-157.74222678,"2026-08-03T22:04:26.327Z","UAV 3"
"FRINF031","Move to {-5499123.141030, -2250320.406046, 2311025.754248}","-",21.38510835,-157.74227244,"2026-08-03T22:04:26.327Z","UAV 3"
"FRINF053","Move to {-5499787.734679, -2249653.499925, 2310139.926712}","-",21.38449360,-157.74184731,"2026-08-03T22:04:26.327Z","UAV 3"
"FRINF051","Move to {-5499787.734679, -2249653.499925, 2310139.926712}","-",21.38436025,-157.74177619,"2026-08-03T22:04:26.327Z","UAV 3"
"FRINF018","Move to {-5499123.141030, -2250320.406046, 2311025.754248}","-",21.38505514,-157.74218919,"2026-08-03T22:04:26.327Z","UAV 3"
"FRINF030","Move to {-5499123.141030, -2250320.406046, 2311025.754248}","-",21.38510039,-157.74231212,"2026-08-03T22:04:26.327Z","UAV 3"
"FRINF047","Move to {-5499123.141030, -2250320.406046, 2311025.754248}","-",21.38500455,-157.74218423,"2026-08-03T22:04:26.327Z","UAV 3"
"FRINF025","Move to {-5499123.141030, -2250320.406046, 2311025.754248}","-",21.38503269,-157.74234626,"2026-08-03T22:04:26.327Z","UAV 3"
"FRINF007","Move to {-5499123.141030, -2250320.406046, 2311025.754248}","-",21.38510984,-157.74210508,"2026-08-03T22:04:26.327Z","UAV 3"
"FRINF045","Move to {-5499123.141030, -2250320.406046, 2311025.754248}","-",21.38517344,-157.74206096,"2026-08-03T22:04:26.327Z","UAV 3"
"FRINF014","Move to {-5499123.141030, -2250320.406046, 2311025.754248}","-",21.38516032,-157.74211438,"2026-08-03T22:04:26.327Z","UAV 3"
"FRINF022","Move to {-5499123.141030, -2250320.406046, 2311025.754248}","-",21.38508720,-157.74239683,"2026-08-03T22:04:26.327Z","UAV 3"
"FRINF038","Move to {-5499123.141030, -2250320.406046, 2311025.754248}","-",21.38503080,-157.74236434,"2026-08-03T22:04:26.327Z","UAV 3"
"FRINF001","Move to {-5499123.141030, -2250320.406046, 2311025.754248}","-",21.38513117,-157.74240926,"2026-08-03T22:04:26.327Z","UAV 3"
"FRINF035","Move to {-5499123.141030, -2250320.406046, 2311025.754248}","-",21.38510159,-157.74238209,"2026-08-03T22:04:26.327Z","UAV 3"
"FRINF003","Move to {-5499123.141030, -2250320.406046, 2311025.754248}","-",21.38505234,-157.74247105,"2026-08-03T22:04:26.327Z","UAV 3"
"FRINF024","Move to {-5499123.141030, -2250320.406046, 2311025.754248}","-",21.38504332,-157.74246392,"2026-08-03T22:04:26.327Z","UAV 3"
"FRINF004","Move to {-5499123.141030, -2250320.406046, 2311025.754248}","-",21.38510857,-157.74242208,"2026-08-03T22:04:26.327Z","UAV 3"
"FRINF055","Move to {-5499787.734679, -2249653.499925, 2310139.926712}","-",21.38445727,-157.74197236,"2026-08-03T22:04:28.443Z","UAV 3"
"FRINF052","Move to {-5499787.734679, -2249653.499925, 2310139.926712}","-",21.38431917,-157.74173497,"2026-08-03T22:04:28.443Z","UAV 3"
"FRINF054","Move to {-5499787.734679, -2249653.499925, 2310139.926712}","-",21.38424090,-157.74187660,"2026-08-03T22:04:28.443Z","UAV 3"
"FRINF053","Move to {-5499787.734679, -2249653.499925, 2310139.926712}","-",21.38447521,-157.74186977,"2026-08-03T22:04:28.443Z","UAV 3"
"FRINF051","Move to {-5499787.734679, -2249653.499925, 2310139.926712}","-",21.38434199,-157.74179895,"2026-08-03T22:04:28.443Z","UAV 3"
"FRINF055","Move to {-5499787.734679, -2249653.499925, 2310139.926712}","-",21.38445727,-157.74197236,"2026-08-03T22:04:28.443Z","UAV 3"
"FRINF052","Move to {-5499787.734679, -2249653.499925, 2310139.926712}","-",21.38431917,-157.74173497,"2026-08-03T22:04:28.443Z","UAV 3"
"FRINF054","Move to {-5499787.734679, -2249653.499925, 2310139.926712}","-",21.38424090,-157.74187660,"2026-08-03T22:04:28.443Z","UAV 3"
"FRINF053","Move to {-5499787.734679, -2249653.499925, 2310139.926712}","-",21.38447521,-157.74186977,"2026-08-03T22:04:28.443Z","UAV 3"
"FRINF051","Move to {-5499787.734679, -2249653.499925, 2310139.926712}","-",21.38434199,-157.74179895,"2026-08-03T22:04:28.443Z","UAV 3"
"FRINF055","Move to {-5499787.734679, -2249653.499925, 2310139.926712}","-",21.38445727,-157.74197236,"2026-08-03T22:04:28.443Z","UAV 3"
"FRINF052","Move to {-5499787.734679, -2249653.499925, 2310139.926712}","-",21.38431917,-157.74173497,"2026-08-03T22:04:28.443Z","UAV 3"
"FRINF054","Move to {-5499787.734679, -2249653.499925, 2310139.926712}","-",21.38424090,-157.74187660,"2026-08-03T22:04:28.443Z","UAV 3"
"FRINF053","Move to {-5499787.734679, -2249653.499925, 2310139.926712}","-",21.38447521,-157.74186977,"2026-08-03T22:04:28.443Z","UAV 3"
"FRINF051","Move to {-5499787.734679, -2249653.499925, 2310139.926712}","-",21.38434199,-157.74179895,"2026-08-03T22:04:28.443Z","UAV 3"
"FRINF052","Move to {-5499787.734679, -2249653.499925, 2310139.926712}","-",21.38430148,-157.74175720,"2026-08-03T22:04:30.488Z","UAV 3"
"FRINF054","Move to {-5499787.734679, -2249653.499925, 2310139.926712}","-",21.38422330,-157.74189864,"2026-08-03T22:04:30.488Z","UAV 3"
"FRINF051","Move to {-5499787.734679, -2249653.499925, 2310139.926712}","-",21.38432443,-157.74182082,"2026-08-03T22:04:30.488Z","UAV 3"
"FRINF060","Move to {-5499787.734679, -2249653.499925, 2310139.926712}","-",21.38422398,-157.74190604,"2026-08-03T22:04:30.488Z","UAV 3"
"FRINF052","Move to {-5499787.734679, -2249653.499925, 2310139.926712}","-",21.38430148,-157.74175720,"2026-08-03T22:04:30.488Z","UAV 3"
"FRINF054","Move to {-5499787.734679, -2249653.499925, 2310139.926712}","-",21.38422330,-157.74189864,"2026-08-03T22:04:30.488Z","UAV 3"
"FRINF051","Move to {-5499787.734679, -2249653.499925, 2310139.926712}","-",21.38432443,-157.74182082,"2026-08-03T22:04:30.488Z","UAV 3"
"FRINF060","Move to {-5499787.734679, -2249653.499925, 2310139.926712}","-",21.38422398,-157.74190604,"2026-08-03T22:04:30.488Z","UAV 3"
"FRINF052","Move to {-5499787.734679, -2249653.499925, 2310139.926712}","-",21.38430148,-157.74175720,"2026-08-03T22:04:30.488Z","UAV 3"
"FRINF054","Move to {-5499787.734679, -2249653.499925, 2310139.926712}","-",21.38422330,-157.74189864,"2026-08-03T22:04:30.488Z","UAV 3"
"FRINF051","Move to {-5499787.734679, -2249653.499925, 2310139.926712}","-",21.38432443,-157.74182082,"2026-08-03T22:04:30.488Z","UAV 3"
"FRINF060","Move to {-5499787.734679, -2249653.499925, 2310139.926712}","-",21.38422398,-157.74190604,"2026-08-03T22:04:30.488Z","UAV 3"
"FRINF052","Move to {-5499787.734679, -2249653.499925, 2310139.926712}","-",21.38430148,-157.74175720,"2026-08-03T22:04:30.488Z","UAV 3"
"FRINF054","Move to {-5499787.734679, -2249653.499925, 2310139.926712}","-",21.38422330,-157.74189864,"2026-08-03T22:04:30.488Z","UAV 3"
"FRINF051","Move to {-5499787.734679, -2249653.499925, 2310139.926712}","-",21.38432443,-157.74182082,"2026-08-03T22:04:30.488Z","UAV 3"
"FRINF060","Move to {-5499787.734679, -2249653.499925, 2310139.926712}","-",21.38422398,-157.74190604,"2026-08-03T22:04:30.488Z","UAV 3"
"FRT69002","Move to {-5499315.048189, -2250231.003964, 2310734.853397}","-",21.38062355,-157.73220904,"2026-08-03T22:00:00.000Z","UAV 3"
"FRT69001","Move to {-5499315.048189, -2250231.003964, 2310734.853397}","-",21.38083091,-157.73220700,"2026-08-03T22:00:00.000Z","UAV 3"
"FRMORT002","FFE-On-Location ""Location={-5499132.853573, -2251193.466895, 2310064.199617}""  Name of Weapons to Fire: Indirect-Fire-Gun:m9333he. Number-Of-Rounds: 1. Height-Above-Terrain: 0","-",21.39124517,-157.73722922,"2026-08-03T22:00:00.000Z","UAV 3"
"FRT69006","Move to {-5499315.048189, -2250231.003964, 2310734.853397}","-",21.38096188,-157.73222439,"2026-08-03T22:00:00.000Z","UAV 3"
"FRT69003","Move to {-5499315.048189, -2250231.003964, 2310734.853397}","-",21.38097332,-157.73240275,"2026-08-03T22:00:00.000Z","UAV 3"
"FRT69005","Move to {-5499315.048189, -2250231.003964, 2310734.853397}","-",21.38100014,-157.73233777,"2026-08-03T22:00:00.000Z","UAV 3"
"FRM113002","Move to {-5499315.048189, -2250231.003964, 2310734.853397}","-",21.38982569,-157.74169886,"2026-08-03T22:00:00.000Z","UAV 3"
"FRLAV008","Move to {-5499315.048189, -2250231.003964, 2310734.853397}","-",21.39000596,-157.74175678,"2026-08-03T22:00:00.000Z","UAV 3"
"FRMORT004","None","-",21.39105358,-157.73697074,"2026-08-03T22:00:00.000Z","UAV 3"
"FRT69004","Move to {-5499315.048189, -2250231.003964, 2310734.853397}","-",21.38065700,-157.73204394,"2026-08-03T22:00:00.000Z","UAV 3"
"FRT69008","Move to {-5499315.048189, -2250231.003964, 2310734.853397}","-",21.38096961,-157.73244663,"2026-08-03T22:00:00.000Z","UAV 3"
"FRT69009","Move to {-5499315.048189, -2250231.003964, 2310734.853397}","-",21.38066035,-157.73234161,"2026-08-03T22:00:00.000Z","UAV 3"
"FRLAV003","Move to {-5499315.048189, -2250231.003964, 2310734.853397}","-",21.38979255,-157.74180726,"2026-08-03T22:00:00.000Z","UAV 3"
"FRMORT003","FFE-On-Location ""Location={-5499460.953457, -2250814.454542, 2309743.262342}""  Name of Weapons to Fire: Indirect-Fire-Gun:m9333he. Number-Of-Rounds: 1. Height-Above-Terrain: 0","-",21.39122072,-157.73728393,"2026-08-03T22:00:00.000Z","UAV 3"
"FRM113005","Move to {-5499315.048189, -2250231.003964, 2310734.853397}","-",21.38979774,-157.74205529,"2026-08-03T22:00:00.000Z","UAV 3"
"FRM113001","Move to {-5499315.048189, -2250231.003964, 2310734.853397}","-",21.38988667,-157.74163464,"2026-08-03T22:00:00.000Z","UAV 3"
"FRM113004","Move to {-5499315.048189, -2250231.003964, 2310734.853397}","-",21.38976158,-157.74194084,"2026-08-03T22:00:00.000Z","UAV 3"
"FRT69010","Move to {-5499315.048189, -2250231.003964, 2310734.853397}","-",21.38075758,-157.73208913,"2026-08-03T22:00:00.000Z","UAV 3"
"FRLAV004","Move to {-5499315.048189, -2250231.003964, 2310734.853397}","-",21.38960746,-157.74166506,"2026-08-03T22:00:00.000Z","UAV 3"
"FRT69009","Move to {-5499315.048189, -2250231.003964, 2310734.853397}","-",21.38072018,-157.73238979,"2026-08-03T22:00:01.888Z","UAV 3"
"FRT69009","Move to {-5499315.048189, -2250231.003964, 2310734.853397}","-",21.38072018,-157.73238979,"2026-08-03T22:00:01.888Z","UAV 3"
"FRT69002","Move to {-5499315.048189, -2250231.003964, 2310734.853397}","-",21.38062365,-157.73220904,"2026-08-03T22:00:00.000Z","UAV 3"
"FRT69001","Move to {-5499315.048189, -2250231.003964, 2310734.853397}","-",21.38083102,-157.73220700,"2026-08-03T22:00:00.000Z","UAV 3"
"FRMORT002","FFE-On-Location ""Location={-5499132.853573, -2251193.466895, 2310064.199617}""  Name of Weapons to Fire: Indirect-Fire-Gun:m9333he. Number-Of-Rounds: 1. Height-Above-Terrain: 0","-",21.39124517,-157.73722922,"2026-08-03T22:00:00.000Z","UAV 3"
"FRT69006","Move to {-5499315.048189, -2250231.003964, 2310734.853397}","-",21.38096188,-157.73222439,"2026-08-03T22:00:00.000Z","UAV 3"
"FRT69003","Move to {-5499315.048189, -2250231.003964, 2310734.853397}","-",21.38097332,-157.73240275,"2026-08-03T22:00:00.000Z","UAV 3"
"FRT69005","Move to {-5499315.048189, -2250231.003964, 2310734.853397}","-",21.38100014,-157.73233777,"2026-08-03T22:00:00.000Z","UAV 3"
"FRM113002","Move to {-5499315.048189, -2250231.003964, 2310734.853397}","-",21.38982569,-157.74169886,"2026-08-03T22:00:00.000Z","UAV 3"
"FRLAV008","Move to {-5499315.048189, -2250231.003964, 2310734.853397}","-",21.39000596,-157.74175678,"2026-08-03T22:00:00.000Z","UAV 3"
"FRMORT004","None","-",21.39105358,-157.73697074,"2026-08-03T22:00:00.000Z","UAV 3"
"FRT69004","Move to {-5499315.048189, -2250231.003964, 2310734.853397}","-",21.38065700,-157.73204394,"2026-08-03T22:00:00.000Z","UAV 3"
"FRT69008","Move to {-5499315.048189, -2250231.003964, 2310734.853397}","-",21.38096961,-157.73244663,"2026-08-03T22:00:00.000Z","UAV 3"
"FRT69009","Move to {-5499315.048189, -2250231.003964, 2310734.853397}","-",21.38066035,-157.73234161,"2026-08-03T22:00:00.000Z","UAV 3"
"FRLAV003","Move to {-5499315.048189, -2250231.003964, 2310734.853397}","-",21.38979255,-157.74180726,"2026-08-03T22:00:00.000Z","UAV 3"
"FRMORT003","FFE-On-Location ""Location={-5499460.953457, -2250814.454542, 2309743.262342}""  Name of Weapons to Fire: Indirect-Fire-Gun:m9333he. Number-Of-Rounds: 1. Height-Above-Terrain: 0","-",21.39122072,-157.73728393,"2026-08-03T22:00:00.000Z","UAV 3"
"FRM113005","Move to {-5499315.048189, -2250231.003964, 2310734.853397}","-",21.38979774,-157.74205529,"2026-08-03T22:00:00.000Z","UAV 3"
"FRM113001","Move to {-5499315.048189, -2250231.003964, 2310734.853397}","-",21.38988667,-157.74163464,"2026-08-03T22:00:00.000Z","UAV 3"
"FRM113004","Move to {-5499315.048189, -2250231.003964, 2310734.853397}","-",21.38976158,-157.74194084,"2026-08-03T22:00:00.000Z","UAV 3"
"FRT69010","Move to {-5499315.048189, -2250231.003964, 2310734.853397}","-",21.38075758,-157.73208913,"2026-08-03T22:00:00.000Z","UAV 3"
"FRLAV004","Move to {-5499315.048189, -2250231.003964, 2310734.853397}","-",21.38960746,-157.74166506,"2026-08-03T22:00:00.000Z","UAV 3"
"FRT69002","Move to {-5499315.048189, -2250231.003964, 2310734.853397}","-",21.38062350,-157.73220904,"2026-08-03T22:00:00.000Z","UAV 3"
"FRT69001","Move to {-5499315.048189, -2250231.003964, 2310734.853397}","-",21.38083086,-157.73220700,"2026-08-03T22:00:00.000Z","UAV 3"
"FRMORT002","FFE-On-Location ""Location={-5499132.853573, -2251193.466895, 2310064.199617}""  Name of Weapons to Fire: Indirect-Fire-Gun:m9333he. Number-Of-Rounds: 1. Height-Above-Terrain: 0","-",21.39124517,-157.73722922,"2026-08-03T22:00:00.000Z","UAV 3"
"FRT69006","Move to {-5499315.048189, -2250231.003964, 2310734.853397}","-",21.38096188,-157.73222439,"2026-08-03T22:00:00.000Z","UAV 3"
"FRT69003","Move to {-5499315.048189, -2250231.003964, 2310734.853397}","-",21.38097332,-157.73240275,"2026-08-03T22:00:00.000Z","UAV 3"
"FRT69005","Move to {-5499315.048189, -2250231.003964, 2310734.853397}","-",21.38100014,-157.73233777,"2026-08-03T22:00:00.000Z","UAV 3"
"FRM113002","Move to {-5499315.048189, -2250231.003964, 2310734.853397}","-",21.38982569,-157.74169886,"2026-08-03T22:00:00.000Z","UAV 3"
"FRLAV008","Move to {-5499315.048189, -2250231.003964, 2310734.853397}","-",21.39000596,-157.74175678,"2026-08-03T22:00:00.000Z","UAV 3"
"FRMORT004","None","-",21.39105358,-157.73697074,"2026-08-03T22:00:00.000Z","UAV 3"
"FRT69004","Move to {-5499315.048189, -2250231.003964, 2310734.853397}","-",21.38065700,-157.73204394,"2026-08-03T22:00:00.000Z","UAV 3"
"FRT69008","Move to {-5499315.048189, -2250231.003964, 2310734.853397}","-",21.38096961,-157.73244663,"2026-08-03T22:00:00.000Z","UAV 3"
"FRT69009","Move to {-5499315.048189, -2250231.003964, 2310734.853397}","-",21.38066035,-157.73234161,"2026-08-03T22:00:00.000Z","UAV 3"
"FRLAV003","Move to {-5499315.048189, -2250231.003964, 2310734.853397}","-",21.38979255,-157.74180726,"2026-08-03T22:00:00.000Z","UAV 3"
"FRMORT003","FFE-On-Location ""Location={-5499460.953457, -2250814.454542, 2309743.262342}""  Name of Weapons to Fire: Indirect-Fire-Gun:m9333he. Number-Of-Rounds: 1. Height-Above-Terrain: 0","-",21.39122072,-157.73728393,"2026-08-03T22:00:00.000Z","UAV 3"
"FRM113005","Move to {-5499315.048189, -2250231.003964, 2310734.853397}","-",21.38979774,-157.74205529,"2026-08-03T22:00:00.000Z","UAV 3"
"FRM113001","Move to {-5499315.048189, -2250231.003964, 2310734.853397}","-",21.38988667,-157.74163464,"2026-08-03T22:00:00.000Z","UAV 3"
"FRM113004","Move to {-5499315.048189, -2250231.003964, 2310734.853397}","-",21.38976158,-157.74194084,"2026-08-03T22:00:00.000Z","UAV 3"
"FRT69010","Move to {-5499315.048189, -2250231.003964, 2310734.853397}","-",21.38075758,-157.73208913,"2026-08-03T22:00:00.000Z","UAV 3"
"FRLAV004","Move to {-5499315.048189, -2250231.003964, 2310734.853397}","-",21.38960746,-157.74166506,"2026-08-03T22:00:00.000Z","UAV 3"
"FRT69002","Move to {-5499315.048189, -2250231.003964, 2310734.853397}","-",21.38062354,-157.73220904,"2026-08-03T22:00:00.000Z","UAV 3"
"FRT69001","Move to {-5499315.048189, -2250231.003964, 2310734.853397}","-",21.38083091,-157.73220700,"2026-08-03T22:00:00.000Z","UAV 3"
"FRMORT002","FFE-On-Location ""Location={-5499132.853573, -2251193.466895, 2310064.199617}""  Name of Weapons to Fire: Indirect-Fire-Gun:m9333he. Number-Of-Rounds: 1. Height-Above-Terrain: 0","-",21.39124517,-157.73722922,"2026-08-03T22:00:00.000Z","UAV 3"
"FRT69006","Move to {-5499315.048189, -2250231.003964, 2310734.853397}","-",21.38096188,-157.73222439,"2026-08-03T22:00:00.000Z","UAV 3"
"FRT69003","Move to {-5499315.048189, -2250231.003964, 2310734.853397}","-",21.38097332,-157.73240275,"2026-08-03T22:00:00.000Z","UAV 3"
"FRT69005","Move to {-5499315.048189, -2250231.003964, 2310734.853397}","-",21.38100014,-157.73233777,"2026-08-03T22:00:00.000Z","UAV 3"
"FRM113002","Move to {-5499315.048189, -2250231.003964, 2310734.853397}","-",21.38982569,-157.74169886,"2026-08-03T22:00:00.000Z","UAV 3"
"FRLAV008","Move to {-5499315.048189, -2250231.003964, 2310734.853397}","-",21.39000596,-157.74175678,"2026-08-03T22:00:00.000Z","UAV 3"
"FRMORT004","None","-",21.39105358,-157.73697074,"2026-08-03T22:00:00.000Z","UAV 3"
"FRT69004","Move to {-5499315.048189, -2250231.003964, 2310734.853397}","-",21.38065700,-157.73204394,"2026-08-03T22:00:00.000Z","UAV 3"
"FRT69008","Move to {-5499315.048189, -2250231.003964, 2310734.853397}","-",21.38096961,-157.73244663,"2026-08-03T22:00:00.000Z","UAV 3"
"FRT69009","Move to {-5499315.048189, -2250231.003964, 2310734.853397}","-",21.38066035,-157.73234161,"2026-08-03T22:00:00.000Z","UAV 3"
"FRLAV003","Move to {-5499315.048189, -2250231.003964, 2310734.853397}","-",21.38979255,-157.74180726,"2026-08-03T22:00:00.000Z","UAV 3"
"FRMORT003","FFE-On-Location ""Location={-5499460.953457, -2250814.454542, 2309743.262342}""  Name of Weapons to Fire: Indirect-Fire-Gun:m9333he. Number-Of-Rounds: 1. Height-Above-Terrain: 0","-",21.39122072,-157.73728393,"2026-08-03T22:00:00.000Z","UAV 3"
"FRM113005","Move to {-5499315.048189, -2250231.003964, 2310734.853397}","-",21.38979774,-157.74205529,"2026-08-03T22:00:00.000Z","UAV 3"
"FRM113001","Move to {-5499315.048189, -2250231.003964, 2310734.853397}","-",21.38988667,-157.74163464,"2026-08-03T22:00:00.000Z","UAV 3"
"FRM113004","Move to {-5499315.048189, -2250231.003964, 2310734.853397}","-",21.38976158,-157.74194084,"2026-08-03T22:00:00.000Z","UAV 3"
"FRT69010","Move to {-5499315.048189, -2250231.003964, 2310734.853397}","-",21.38075758,-157.73208913,"2026-08-03T22:00:00.000Z","UAV 3"
"FRLAV004","Move to {-5499315.048189, -2250231.003964, 2310734.853397}","-",21.38960746,-157.74166506,"2026-08-03T22:00:00.000Z","UAV 3"
"FRT69002","Move to {-5499315.048189, -2250231.003964, 2310734.853397}","-",21.38062354,-157.73220904,"2026-08-03T22:00:00.000Z","UAV 3"
"FRT69001","Move to {-5499315.048189, -2250231.003964, 2310734.853397}","-",21.38083091,-157.73220700,"2026-08-03T22:00:00.000Z","UAV 3"
"FRMORT002","FFE-On-Location ""Location={-5499132.853573, -2251193.466895, 2310064.199617}""  Name of Weapons to Fire: Indirect-Fire-Gun:m9333he. Number-Of-Rounds: 1. Height-Above-Terrain: 0","-",21.39124517,-157.73722922,"2026-08-03T22:00:00.000Z","UAV 3"
"FRT69006","Move to {-5499315.048189, -2250231.003964, 2310734.853397}","-",21.38096188,-157.73222439,"2026-08-03T22:00:00.000Z","UAV 3"
"FRT69003","Move to {-5499315.048189, -2250231.003964, 2310734.853397}","-",21.38097332,-157.73240275,"2026-08-03T22:00:00.000Z","UAV 3"
"FRT69005","Move to {-5499315.048189, -2250231.003964, 2310734.853397}","-",21.38100014,-157.73233777,"2026-08-03T22:00:00.000Z","UAV 3"
"FRM113002","Move to {-5499315.048189, -2250231.003964, 2310734.853397}","-",21.38982569,-157.74169886,"2026-08-03T22:00:00.000Z","UAV 3"
"FRLAV008","Move to {-5499315.048189, -2250231.003964, 2310734.853397}","-",21.39000596,-157.74175678,"2026-08-03T22:00:00.000Z","UAV 3"
"FRMORT004","None","-",21.39105358,-157.73697074,"2026-08-03T22:00:00.000Z","UAV 3"
"FRT69004","Move to {-5499315.048189, -2250231.003964, 2310734.853397}","-",21.38065700,-157.73204394,"2026-08-03T22:00:00.000Z","UAV 3"
"FRT69008","Move to {-5499315.048189, -2250231.003964, 2310734.853397}","-",21.38096961,-157.73244663,"2026-08-03T22:00:00.000Z","UAV 3"
"FRT69009","Move to {-5499315.048189, -2250231.003964, 2310734.853397}","-",21.38066035,-157.73234161,"2026-08-03T22:00:00.000Z","UAV 3"
"FRLAV003","Move to {-5499315.048189, -2250231.003964, 2310734.853397}","-",21.38979255,-157.74180726,"2026-08-03T22:00:00.000Z","UAV 3"
"FRMORT003","FFE-On-Location ""Location={-5499460.953457, -2250814.454542, 2309743.262342}""  Name of Weapons to Fire: Indirect-Fire-Gun:m9333he. Number-Of-Rounds: 1. Height-Above-Terrain: 0","-",21.39122072,-157.73728393,"2026-08-03T22:00:00.000Z","UAV 3"
"FRM113005","Move to {-5499315.048189, -2250231.003964, 2310734.853397}","-",21.38979774,-157.74205529,"2026-08-03T22:00:00.000Z","UAV 3"
"FRM113001","Move to {-5499315.048189, -2250231.003964, 2310734.853397}","-",21.38988667,-157.74163464,"2026-08-03T22:00:00.000Z","UAV 3"
"FRM113004","Move to {-5499315.048189, -2250231.003964, 2310734.853397}","-",21.38976158,-157.74194084,"2026-08-03T22:00:00.000Z","UAV 3"
"FRT69010","Move to {-5499315.048189, -2250231.003964, 2310734.853397}","-",21.38075758,-157.73208913,"2026-08-03T22:00:00.000Z","UAV 3"
"FRLAV004","Move to {-5499315.048189, -2250231.003964, 2310734.853397}","-",21.38960746,-157.74166506,"2026-08-03T22:00:00.000Z","UAV 3"
"FRT69002","Move to {-5499315.048189, -2250231.003964, 2310734.853397}","-",21.38062323,-157.73220904,"2026-08-04T04:08:39.000Z","UAV 3"
"FRT69001","Move to {-5499315.048189, -2250231.003964, 2310734.853397}","-",21.38083060,-157.73220700,"2026-08-04T04:08:39.000Z","UAV 3"
"FRMORT002","FFE-On-Location ""Location={-5499132.853573, -2251193.466895, 2310064.199617}""  Name of Weapons to Fire: Indirect-Fire-Gun:m9333he. Number-Of-Rounds: 1. Height-Above-Terrain: 0","-",21.39124517,-157.73722922,"2026-08-04T04:08:39.000Z","UAV 3"
"FRT69006","Move to {-5499315.048189, -2250231.003964, 2310734.853397}","-",21.38096188,-157.73222439,"2026-08-04T04:08:39.000Z","UAV 3"
"FRT69003","Move to {-5499315.048189, -2250231.003964, 2310734.853397}","-",21.38097332,-157.73240275,"2026-08-04T04:08:39.000Z","UAV 3"
"FRT69005","Move to {-5499315.048189, -2250231.003964, 2310734.853397}","-",21.38100014,-157.73233777,"2026-08-04T04:08:39.000Z","UAV 3"
"FRM113002","Move to {-5499315.048189, -2250231.003964, 2310734.853397}","-",21.38982569,-157.74169886,"2026-08-04T04:08:39.000Z","UAV 3"
"FRLAV008","Move to {-5499315.048189, -2250231.003964, 2310734.853397}","-",21.39000596,-157.74175678,"2026-08-04T04:08:39.000Z","UAV 3"
"FRMORT004","None","-",21.39105358,-157.73697074,"2026-08-04T04:08:39.000Z","UAV 3"
"FRT69004","Move to {-5499315.048189, -2250231.003964, 2310734.853397}","-",21.38065700,-157.73204394,"2026-08-04T04:08:39.000Z","UAV 3"
"FRT69008","Move to {-5499315.048189, -2250231.003964, 2310734.853397}","-",21.38096961,-157.73244663,"2026-08-04T04:08:39.000Z","UAV 3"
"FRT69009","Move to {-5499315.048189, -2250231.003964, 2310734.853397}","-",21.38066035,-157.73234161,"2026-08-04T04:08:39.000Z","UAV 3"
"FRLAV003","Move to {-5499315.048189, -2250231.003964, 2310734.853397}","-",21.38979255,-157.74180726,"2026-08-04T04:08:39.000Z","UAV 3"
"FRMORT003","FFE-On-Location ""Location={-5499460.953457, -2250814.454542, 2309743.262342}""  Name of Weapons to Fire: Indirect-Fire-Gun:m9333he. Number-Of-Rounds: 1. Height-Above-Terrain: 0","-",21.39122072,-157.73728393,"2026-08-04T04:08:39.000Z","UAV 3"
"FRM113005","Move to {-5499315.048189, -2250231.003964, 2310734.853397}","-",21.38979774,-157.74205529,"2026-08-04T04:08:39.000Z","UAV 3"
"FRM113001","Move to {-5499315.048189, -2250231.003964, 2310734.853397}","-",21.38988667,-157.74163464,"2026-08-04T04:08:39.000Z","UAV 3"
"FRM113004","Move to {-5499315.048189, -2250231.003964, 2310734.853397}","-",21.38976158,-157.74194084,"2026-08-04T04:08:39.000Z","UAV 3"
"FRT69010","Move to {-5499315.048189, -2250231.003964, 2310734.853397}","-",21.38075758,-157.73208913,"2026-08-04T04:08:39.000Z","UAV 3"
"FRLAV004","Move to {-5499315.048189, -2250231.003964, 2310734.853397}","-",21.38960746,-157.74166506,"2026-08-04T04:08:39.000Z","UAV 3"
"FRT69002","Move to {-5499315.048189, -2250231.003964, 2310734.853397}","-",21.38062346,-157.73220904,"2026-08-04T04:09:15.000Z","UAV 3"
"FRT69001","Move to {-5499315.048189, -2250231.003964, 2310734.853397}","-",21.38083083,-157.73220700,"2026-08-04T04:09:15.000Z","UAV 3"
"FRMORT002","FFE-On-Location ""Location={-5499132.853573, -2251193.466895, 2310064.199617}""  Name of Weapons to Fire: Indirect-Fire-Gun:m9333he. Number-Of-Rounds: 1. Height-Above-Terrain: 0","-",21.39124517,-157.73722922,"2026-08-04T04:09:15.000Z","UAV 3"
"FRT69006","Move to {-5499315.048189, -2250231.003964, 2310734.853397}","-",21.38096188,-157.73222439,"2026-08-04T04:09:15.000Z","UAV 3"
"FRT69003","Move to {-5499315.048189, -2250231.003964, 2310734.853397}","-",21.38097332,-157.73240275,"2026-08-04T04:09:15.000Z","UAV 3"
"FRT69005","Move to {-5499315.048189, -2250231.003964, 2310734.853397}","-",21.38100014,-157.73233777,"2026-08-04T04:09:15.000Z","UAV 3"
"FRM113002","Move to {-5499315.048189, -2250231.003964, 2310734.853397}","-",21.38982569,-157.74169886,"2026-08-04T04:09:15.000Z","UAV 3"
"FRLAV008","Move to {-5499315.048189, -2250231.003964, 2310734.853397}","-",21.39000596,-157.74175678,"2026-08-04T04:09:15.000Z","UAV 3"
"FRMORT004","None","-",21.39105358,-157.73697074,"2026-08-04T04:09:15.000Z","UAV 3"
"FRT69004","Move to {-5499315.048189, -2250231.003964, 2310734.853397}","-",21.38065700,-157.73204394,"2026-08-04T04:09:15.000Z","UAV 3"
"FRT69008","Move to {-5499315.048189, -2250231.003964, 2310734.853397}","-",21.38096961,-157.73244663,"2026-08-04T04:09:15.000Z","UAV 3"
"FRT69009","Move to {-5499315.048189, -2250231.003964, 2310734.853397}","-",21.38066035,-157.73234161,"2026-08-04T04:09:15.000Z","UAV 3"
"FRLAV003","Move to {-5499315.048189, -2250231.003964, 2310734.853397}","-",21.38979255,-157.74180726,"2026-08-04T04:09:15.000Z","UAV 3"
"FRMORT003","FFE-On-Location ""Location={-5499460.953457, -2250814.454542, 2309743.262342}""  Name of Weapons to Fire: Indirect-Fire-Gun:m9333he. Number-Of-Rounds: 1. Height-Above-Terrain: 0","-",21.39122072,-157.73728393,"2026-08-04T04:09:15.000Z","UAV 3"
"FRM113005","Move to {-5499315.048189, -2250231.003964, 2310734.853397}","-",21.38979774,-157.74205529,"2026-08-04T04:09:15.000Z","UAV 3"
"FRM113001","Move to {-5499315.048189, -2250231.003964, 2310734.853397}","-",21.38988667,-157.74163464,"2026-08-04T04:09:15.000Z","UAV 3"
"FRM113004","Move to {-5499315.048189, -2250231.003964, 2310734.853397}","-",21.38976158,-157.74194084,"2026-08-04T04:09:15.000Z","UAV 3"
"FRT69010","Move to {-5499315.048189, -2250231.003964, 2310734.853397}","-",21.38075758,-157.73208913,"2026-08-04T04:09:15.000Z","UAV 3"
"FRLAV004","Move to {-5499315.048189, -2250231.003964, 2310734.853397}","-",21.38960746,-157.74166506,"2026-08-04T04:09:15.000Z","UAV 3"
"FRT69002","Move to {-5499315.048189, -2250231.003964, 2310734.853397}","-",21.38062350,-157.73220904,"2026-08-04T04:13:00.000Z","UAV 3"
"FRT69001","Move to {-5499315.048189, -2250231.003964, 2310734.853397}","-",21.38083087,-157.73220700,"2026-08-04T04:13:00.000Z","UAV 3"
"FRMORT002","FFE-On-Location ""Location={-5499132.853573, -2251193.466895, 2310064.199617}""  Name of Weapons to Fire: Indirect-Fire-Gun:m9333he. Number-Of-Rounds: 1. Height-Above-Terrain: 0","-",21.39124517,-157.73722922,"2026-08-04T04:13:00.000Z","UAV 3"
"FRT69006","Move to {-5499315.048189, -2250231.003964, 2310734.853397}","-",21.38096188,-157.73222439,"2026-08-04T04:13:00.000Z","UAV 3"
"FRT69003","Move to {-5499315.048189, -2250231.003964, 2310734.853397}","-",21.38097332,-157.73240275,"2026-08-04T04:13:00.000Z","UAV 3"
"FRT69005","Move to {-5499315.048189, -2250231.003964, 2310734.853397}","-",21.38100014,-157.73233777,"2026-08-04T04:13:00.000Z","UAV 3"
"FRM113002","Move to {-5499315.048189, -2250231.003964, 2310734.853397}","-",21.38982569,-157.74169886,"2026-08-04T04:13:00.000Z","UAV 3"
"FRLAV008","Move to {-5499315.048189, -2250231.003964, 2310734.853397}","-",21.39000596,-157.74175678,"2026-08-04T04:13:00.000Z","UAV 3"
"FRMORT004","None","-",21.39105358,-157.73697074,"2026-08-04T04:13:00.000Z","UAV 3"
"FRT69004","Move to {-5499315.048189, -2250231.003964, 2310734.853397}","-",21.38065700,-157.73204394,"2026-08-04T04:13:00.000Z","UAV 3"
"FRT69008","Move to {-5499315.048189, -2250231.003964, 2310734.853397}","-",21.38096961,-157.73244663,"2026-08-04T04:13:00.000Z","UAV 3"
"FRT69009","Move to {-5499315.048189, -2250231.003964, 2310734.853397}","-",21.38066035,-157.73234161,"2026-08-04T04:13:00.000Z","UAV 3"
"FRLAV003","Move to {-5499315.048189, -2250231.003964, 2310734.853397}","-",21.38979255,-157.74180726,"2026-08-04T04:13:00.000Z","UAV 3"
"FRMORT003","FFE-On-Location ""Location={-5499460.953457, -2250814.454542, 2309743.262342}""  Name of Weapons to Fire: Indirect-Fire-Gun:m9333he. Number-Of-Rounds: 1. Height-Above-Terrain: 0","-",21.39122072,-157.73728393,"2026-08-04T04:13:00.000Z","UAV 3"
"FRM113005","Move to {-5499315.048189, -2250231.003964, 2310734.853397}","-",21.38979774,-157.74205529,"2026-08-04T04:13:00.000Z","UAV 3"
"FRM113001","Move to {-5499315.048189, -2250231.003964, 2310734.853397}","-",21.38988667,-157.74163464,"2026-08-04T04:13:00.000Z","UAV 3"
"FRM113004","Move to {-5499315.048189, -2250231.003964, 2310734.853397}","-",21.38976158,-157.74194084,"2026-08-04T04:13:00.000Z","UAV 3"
"FRT69010","Move to {-5499315.048189, -2250231.003964, 2310734.853397}","-",21.38075758,-157.73208913,"2026-08-04T04:13:00.000Z","UAV 3"
"FRLAV004","Move to {-5499315.048189, -2250231.003964, 2310734.853397}","-",21.38960746,-157.74166506,"2026-08-04T04:13:00.000Z","UAV 3"
"FRT69002","Move to {-5499315.048189, -2250231.003964, 2310734.853397}","-",21.38062350,-157.73220904,"2026-08-04T04:13:46.000Z","UAV 3"
"FRT69001","Move to {-5499315.048189, -2250231.003964, 2310734.853397}","-",21.38083087,-157.73220700,"2026-08-04T04:13:46.000Z","UAV 3"
"FRMORT002","FFE-On-Location ""Location={-5499132.853573, -2251193.466895, 2310064.199617}""  Name of Weapons to Fire: Indirect-Fire-Gun:m9333he. Number-Of-Rounds: 1. Height-Above-Terrain: 0","-",21.39124517,-157.73722922,"2026-08-04T04:13:46.000Z","UAV 3"
"FRT69006","Move to {-5499315.048189, -2250231.003964, 2310734.853397}","-",21.38096188,-157.73222439,"2026-08-04T04:13:46.000Z","UAV 3"
"FRT69003","Move to {-5499315.048189, -2250231.003964, 2310734.853397}","-",21.38097332,-157.73240275,"2026-08-04T04:13:46.000Z","UAV 3"
"FRT69005","Move to {-5499315.048189, -2250231.003964, 2310734.853397}","-",21.38100014,-157.73233777,"2026-08-04T04:13:46.000Z","UAV 3"
"FRM113002","Move to {-5499315.048189, -2250231.003964, 2310734.853397}","-",21.38982569,-157.74169886,"2026-08-04T04:13:46.000Z","UAV 3"
"FRLAV008","Move to {-5499315.048189, -2250231.003964, 2310734.853397}","-",21.39000596,-157.74175678,"2026-08-04T04:13:46.000Z","UAV 3"
"FRMORT004","None","-",21.39105358,-157.73697074,"2026-08-04T04:13:46.000Z","UAV 3"
"FRT69004","Move to {-5499315.048189, -2250231.003964, 2310734.853397}","-",21.38065700,-157.73204394,"2026-08-04T04:13:46.000Z","UAV 3"
"FRT69008","Move to {-5499315.048189, -2250231.003964, 2310734.853397}","-",21.38096961,-157.73244663,"2026-08-04T04:13:46.000Z","UAV 3"
"FRT69009","Move to {-5499315.048189, -2250231.003964, 2310734.853397}","-",21.38066035,-157.73234161,"2026-08-04T04:13:46.000Z","UAV 3"
"FRLAV003","Move to {-5499315.048189, -2250231.003964, 2310734.853397}","-",21.38979255,-157.74180726,"2026-08-04T04:13:46.000Z","UAV 3"
"FRMORT003","FFE-On-Location ""Location={-5499460.953457, -2250814.454542, 2309743.262342}""  Name of Weapons to Fire: Indirect-Fire-Gun:m9333he. Number-Of-Rounds: 1. Height-Above-Terrain: 0","-",21.39122072,-157.73728393,"2026-08-04T04:13:46.000Z","UAV 3"
"FRM113005","Move to {-5499315.048189, -2250231.003964, 2310734.853397}","-",21.38979774,-157.74205529,"2026-08-04T04:13:46.000Z","UAV 3"
"FRM113001","Move to {-5499315.048189, -2250231.003964, 2310734.853397}","-",21.38988667,-157.74163464,"2026-08-04T04:13:46.000Z","UAV 3"
"FRM113004","Move to {-5499315.048189, -2250231.003964, 2310734.853397}","-",21.38976158,-157.74194084,"2026-08-04T04:13:46.000Z","UAV 3"
"FRT69010","Move to {-5499315.048189, -2250231.003964, 2310734.853397}","-",21.38075758,-157.73208913,"2026-08-04T04:13:46.000Z","UAV 3"
"FRLAV004","Move to {-5499315.048189, -2250231.003964, 2310734.853397}","-",21.38960746,-157.74166506,"2026-08-04T04:13:46.000Z","UAV 3"
"FRT69002","Move to {-5499315.048189, -2250231.003964, 2310734.853397}","-",21.38062350,-157.73220904,"2026-08-04T04:13:48.000Z","UAV 3"
"FRT69001","Move to {-5499315.048189, -2250231.003964, 2310734.853397}","-",21.38083087,-157.73220700,"2026-08-04T04:13:48.000Z","UAV 3"
"FRMORT002","FFE-On-Location ""Location={-5499132.853573, -2251193.466895, 2310064.199617}""  Name of Weapons to Fire: Indirect-Fire-Gun:m9333he. Number-Of-Rounds: 1. Height-Above-Terrain: 0","-",21.39124517,-157.73722922,"2026-08-04T04:13:48.000Z","UAV 3"
"FRT69006","Move to {-5499315.048189, -2250231.003964, 2310734.853397}","-",21.38096188,-157.73222439,"2026-08-04T04:13:48.000Z","UAV 3"
"FRT69003","Move to {-5499315.048189, -2250231.003964, 2310734.853397}","-",21.38097332,-157.73240275,"2026-08-04T04:13:48.000Z","UAV 3"
"FRT69005","Move to {-5499315.048189, -2250231.003964, 2310734.853397}","-",21.38100014,-157.73233777,"2026-08-04T04:13:48.000Z","UAV 3"
"FRM113002","Move to {-5499315.048189, -2250231.003964, 2310734.853397}","-",21.38982569,-157.74169886,"2026-08-04T04:13:48.000Z","UAV 3"
"FRLAV008","Move to {-5499315.048189, -2250231.003964, 2310734.853397}","-",21.39000596,-157.74175678,"2026-08-04T04:13:48.000Z","UAV 3"
"FRMORT004","None","-",21.39105358,-157.73697074,"2026-08-04T04:13:48.000Z","UAV 3"
"FRT69004","Move to {-5499315.048189, -2250231.003964, 2310734.853397}","-",21.38065700,-157.73204394,"2026-08-04T04:13:48.000Z","UAV 3"
"FRT69008","Move to {-5499315.048189, -2250231.003964, 2310734.853397}","-",21.38096961,-157.73244663,"2026-08-04T04:13:48.000Z","UAV 3"
"FRT69009","Move to {-5499315.048189, -2250231.003964, 2310734.853397}","-",21.38066035,-157.73234161,"2026-08-04T04:13:48.000Z","UAV 3"
"FRLAV003","Move to {-5499315.048189, -2250231.003964, 2310734.853397}","-",21.38979255,-157.74180726,"2026-08-04T04:13:48.000Z","UAV 3"
"FRMORT003","FFE-On-Location ""Location={-5499460.953457, -2250814.454542, 2309743.262342}""  Name of Weapons to Fire: Indirect-Fire-Gun:m9333he. Number-Of-Rounds: 1. Height-Above-Terrain: 0","-",21.39122072,-157.73728393,"2026-08-04T04:13:48.000Z","UAV 3"
"FRM113005","Move to {-5499315.048189, -2250231.003964, 2310734.853397}","-",21.38979774,-157.74205529,"2026-08-04T04:13:48.000Z","UAV 3"
"FRM113001","Move to {-5499315.048189, -2250231.003964, 2310734.853397}","-",21.38988667,-157.74163464,"2026-08-04T04:13:48.000Z","UAV 3"
"FRM113004","Move to {-5499315.048189, -2250231.003964, 2310734.853397}","-",21.38976158,-157.74194084,"2026-08-04T04:13:48.000Z","UAV 3"
"FRT69010","Move to {-5499315.048189, -2250231.003964, 2310734.853397}","-",21.38075758,-157.73208913,"2026-08-04T04:13:48.000Z","UAV 3"
"FRLAV004","Move to {-5499315.048189, -2250231.003964, 2310734.853397}","-",21.38960746,-157.74166506,"2026-08-04T04:13:48.000Z","UAV 3"
"FRT69002","Move to {-5499315.048189, -2250231.003964, 2310734.853397}","-",21.38062348,-157.73220904,"2026-08-04T04:23:36.000Z","UAV 3"
"FRT69001","Move to {-5499315.048189, -2250231.003964, 2310734.853397}","-",21.38083085,-157.73220700,"2026-08-04T04:23:36.000Z","UAV 3"
"FRMORT002","FFE-On-Location ""Location={-5499132.853573, -2251193.466895, 2310064.199617}""  Name of Weapons to Fire: Indirect-Fire-Gun:m9333he. Number-Of-Rounds: 1. Height-Above-Terrain: 0","-",21.39124517,-157.73722922,"2026-08-04T04:23:36.000Z","UAV 3"
"FRT69006","Move to {-5499315.048189, -2250231.003964, 2310734.853397}","-",21.38096188,-157.73222439,"2026-08-04T04:23:36.000Z","UAV 3"
"FRT69003","Move to {-5499315.048189, -2250231.003964, 2310734.853397}","-",21.38097332,-157.73240275,"2026-08-04T04:23:36.000Z","UAV 3"
"FRT69005","Move to {-5499315.048189, -2250231.003964, 2310734.853397}","-",21.38100014,-157.73233777,"2026-08-04T04:23:36.000Z","UAV 3"
"FRM113002","Move to {-5499315.048189, -2250231.003964, 2310734.853397}","-",21.38982569,-157.74169886,"2026-08-04T04:23:36.000Z","UAV 3"
"FRLAV008","Move to {-5499315.048189, -2250231.003964, 2310734.853397}","-",21.39000596,-157.74175678,"2026-08-04T04:23:36.000Z","UAV 3"
"FRMORT004","None","-",21.39105358,-157.73697074,"2026-08-04T04:23:36.000Z","UAV 3"
"FRT69004","Move to {-5499315.048189, -2250231.003964, 2310734.853397}","-",21.38065700,-157.73204394,"2026-08-04T04:23:36.000Z","UAV 3"
"FRT69008","Move to {-5499315.048189, -2250231.003964, 2310734.853397}","-",21.38096961,-157.73244663,"2026-08-04T04:23:36.000Z","UAV 3"
"FRT69009","Move to {-5499315.048189, -2250231.003964, 2310734.853397}","-",21.38066035,-157.73234161,"2026-08-04T04:23:36.000Z","UAV 3"
"FRLAV003","Move to {-5499315.048189, -2250231.003964, 2310734.853397}","-",21.38979255,-157.74180726,"2026-08-04T04:23:36.000Z","UAV 3"
"FRMORT003","FFE-On-Location ""Location={-5499460.953457, -2250814.454542, 2309743.262342}""  Name of Weapons to Fire: Indirect-Fire-Gun:m9333he. Number-Of-Rounds: 1. Height-Above-Terrain: 0","-",21.39122072,-157.73728393,"2026-08-04T04:23:36.000Z","UAV 3"
"FRM113005","Move to {-5499315.048189, -2250231.003964, 2310734.853397}","-",21.38979774,-157.74205529,"2026-08-04T04:23:36.000Z","UAV 3"
"FRM113001","Move to {-5499315.048189, -2250231.003964, 2310734.853397}","-",21.38988667,-157.74163464,"2026-08-04T04:23:36.000Z","UAV 3"
"FRM113004","Move to {-5499315.048189, -2250231.003964, 2310734.853397}","-",21.38976158,-157.74194084,"2026-08-04T04:23:36.000Z","UAV 3"
"FRT69010","Move to {-5499315.048189, -2250231.003964, 2310734.853397}","-",21.38075758,-157.73208913,"2026-08-04T04:23:36.000Z","UAV 3"
"FRLAV004","Move to {-5499315.048189, -2250231.003964, 2310734.853397}","-",21.38960746,-157.74166506,"2026-08-04T04:23:36.000Z","UAV 3"
"FRT69002","Move to {-5499315.048189, -2250231.003964, 2310734.853397}","-",21.38062348,-157.73220904,"2026-08-04T04:23:37.000Z","UAV 3"
"FRT69001","Move to {-5499315.048189, -2250231.003964, 2310734.853397}","-",21.38083085,-157.73220700,"2026-08-04T04:23:37.000Z","UAV 3"
"FRMORT002","FFE-On-Location ""Location={-5499132.853573, -2251193.466895, 2310064.199617}""  Name of Weapons to Fire: Indirect-Fire-Gun:m9333he. Number-Of-Rounds: 1. Height-Above-Terrain: 0","-",21.39124517,-157.73722922,"2026-08-04T04:23:37.000Z","UAV 3"
"FRT69006","Move to {-5499315.048189, -2250231.003964, 2310734.853397}","-",21.38096188,-157.73222439,"2026-08-04T04:23:37.000Z","UAV 3"
"FRT69003","Move to {-5499315.048189, -2250231.003964, 2310734.853397}","-",21.38097332,-157.73240275,"2026-08-04T04:23:37.000Z","UAV 3"
"FRT69005","Move to {-5499315.048189, -2250231.003964, 2310734.853397}","-",21.38100014,-157.73233777,"2026-08-04T04:23:37.000Z","UAV 3"
"FRM113002","Move to {-5499315.048189, -2250231.003964, 2310734.853397}","-",21.38982569,-157.74169886,"2026-08-04T04:23:37.000Z","UAV 3"
"FRLAV008","Move to {-5499315.048189, -2250231.003964, 2310734.853397}","-",21.39000596,-157.74175678,"2026-08-04T04:23:37.000Z","UAV 3"
"FRMORT004","None","-",21.39105358,-157.73697074,"2026-08-04T04:23:37.000Z","UAV 3"
"FRT69004","Move to {-5499315.048189, -2250231.003964, 2310734.853397}","-",21.38065700,-157.73204394,"2026-08-04T04:23:37.000Z","UAV 3"
"FRT69008","Move to {-5499315.048189, -2250231.003964, 2310734.853397}","-",21.38096961,-157.73244663,"2026-08-04T04:23:37.000Z","UAV 3"
"FRT69009","Move to {-5499315.048189, -2250231.003964, 2310734.853397}","-",21.38066035,-157.73234161,"2026-08-04T04:23:37.000Z","UAV 3"
"FRLAV003","Move to {-5499315.048189, -2250231.003964, 2310734.853397}","-",21.38979255,-157.74180726,"2026-08-04T04:23:37.000Z","UAV 3"
"FRMORT003","FFE-On-Location ""Location={-5499460.953457, -2250814.454542, 2309743.262342}""  Name of Weapons to Fire: Indirect-Fire-Gun:m9333he. Number-Of-Rounds: 1. Height-Above-Terrain: 0","-",21.39122072,-157.73728393,"2026-08-04T04:23:37.000Z","UAV 3"
"FRM113005","Move to {-5499315.048189, -2250231.003964, 2310734.853397}","-",21.38979774,-157.74205529,"2026-08-04T04:23:37.000Z","UAV 3"
"FRM113001","Move to {-5499315.048189, -2250231.003964, 2310734.853397}","-",21.38988667,-157.74163464,"2026-08-04T04:23:37.000Z","UAV 3"
"FRM113004","Move to {-5499315.048189, -2250231.003964, 2310734.853397}","-",21.38976158,-157.74194084,"2026-08-04T04:23:37.000Z","UAV 3"
"FRT69010","Move to {-5499315.048189, -2250231.003964, 2310734.853397}","-",21.38075758,-157.73208913,"2026-08-04T04:23:37.000Z","UAV 3"
"FRLAV004","Move to {-5499315.048189, -2250231.003964, 2310734.853397}","-",21.38960746,-157.74166506,"2026-08-04T04:23:37.000Z","UAV 3"
"FRM113002","Move to {-5499315.048189, -2250231.003964, 2310734.853397}","-",21.38982935,-157.74169886,"2026-08-04T04:23:38.000Z","UAV 3"
"FRLAV008","Move to {-5499315.048189, -2250231.003964, 2310734.853397}","-",21.39001150,-157.74175337,"2026-08-04T04:23:38.000Z","UAV 3"
"FRM113005","Move to {-5499315.048189, -2250231.003964, 2310734.853397}","-",21.38982960,-157.74207003,"2026-08-04T04:23:38.000Z","UAV 3"
"FRM113001","Move to {-5499315.048189, -2250231.003964, 2310734.853397}","-",21.38989078,-157.74163464,"2026-08-04T04:23:38.000Z","UAV 3"
"FRM113004","Move to {-5499315.048189, -2250231.003964, 2310734.853397}","-",21.38979340,-157.74195574,"2026-08-04T04:23:38.000Z","UAV 3"
"FRLAV004","Move to {-5499315.048189, -2250231.003964, 2310734.853397}","-",21.38965601,-157.74154092,"2026-08-04T04:23:38.000Z","UAV 3"
"ENM1A2003","Move to {-5499107.729384, -2250754.164082, 2310538.606898}","-",21.37346081,-157.74319821,"2026-08-04T04:23:38.000Z","UAV 3"
"FRTRK2004","Move to {-5498755.048693, -2250824.434840, 2311307.787782}","-",21.38821712,-157.75043475,"2026-08-04T04:23:38.000Z","UAV 3"
"ENT72007","Move to {-5499107.729384, -2250754.164082, 2310538.606898}","-",21.37131035,-157.74183652,"2026-08-04T04:23:38.000Z","UAV 3"
"ENT72003","Move to {-5499107.729384, -2250754.164082, 2310538.606898}","-",21.37155738,-157.74158646,"2026-08-04T04:23:38.000Z","UAV 3"
"ENMORT005","FFE-On-Location ""Location={-5499123.141030, -2250320.406046, 2311025.754248}""  Name of Weapons to Fire: Indirect-Fire-Gun:m9333he. Number-Of-Rounds: 1. Height-Above-Terrain: 0","-",21.37463885,-157.73701809,"2026-08-04T04:23:38.000Z","UAV 3"
"ENM1A2001","Move to {-5499107.729384, -2250754.164082, 2310538.606898}","-",21.37358279,-157.74284646,"2026-08-04T04:23:38.000Z","UAV 3"
"FRT80001","Move to {-5499315.048189, -2250231.003964, 2310734.853397}","-",21.37540620,-157.75300786,"2026-08-04T04:23:38.000Z","UAV 3"
"ENM1A2005","Move to {-5499107.729384, -2250754.164082, 2310538.606898}","-",21.37354147,-157.74288034,"2026-08-04T04:23:38.000Z","UAV 3"
"ENT72002","Move to {-5499107.729384, -2250754.164082, 2310538.606898}","-",21.37142942,-157.74156489,"2026-08-04T04:23:38.000Z","UAV 3"
"ENMORT004","FFE-On-Location ""Location={-5498511.672389, -2250935.799735, 2311770.746054}""  Name of Weapons to Fire: Indirect-Fire-Gun:m9333he. Number-Of-Rounds: 1. Height-Above-Terrain: 0","-",21.37449517,-157.73695548,"2026-08-04T04:23:38.000Z","UAV 3"
"FRTRK1001","Move to {-5498755.048693, -2250824.434840, 2311307.787782}","-",21.38840049,-157.75043488,"2026-08-04T04:23:38.000Z","UAV 3"
"FRM113003","Move to {-5499315.048189, -2250231.003964, 2310734.853397}","-",21.38986138,-157.74197758,"2026-08-04T04:23:38.000Z","UAV 3"
"ENT72005","Move to {-5499107.729384, -2250754.164082, 2310538.606898}","-",21.37143288,-157.74187170,"2026-08-04T04:23:38.000Z","UAV 3"
"ENM35004","Move to {-5499460.953457, -2250814.454542, 2309743.262342}","-",21.37326170,-157.73309037,"2026-08-04T04:23:38.000Z","UAV 3"
"ENGAZ001","Move to {-5499460.953457, -2250814.454542, 2309743.262342}","-",21.37344456,-157.73283959,"2026-08-04T04:23:38.000Z","UAV 3"
"ENT72001","Move to {-5499107.729384, -2250754.164082, 2310538.606898}","-",21.37155270,-157.74169988,"2026-08-04T04:23:38.000Z","UAV 3"
"ENM1A2002","Move to {-5499107.729384, -2250754.164082, 2310538.606898}","-",21.37368277,-157.74312644,"2026-08-04T04:23:38.000Z","UAV 3"
"ENGAZ002","Move to {-5499460.953457, -2250814.454542, 2309743.262342}","-",21.37356198,-157.73320244,"2026-08-04T04:23:38.000Z","UAV 3"
"ENT72009","Move to {-5499107.729384, -2250754.164082, 2310538.606898}","-",21.37123565,-157.74169203,"2026-08-04T04:23:38.000Z","UAV 3"
"ENT72011","Move to {-5499107.729384, -2250754.164082, 2310538.606898}","-",21.37141424,-157.74161578,"2026-08-04T04:23:38.000Z","UAV 3"
"ENT72004","Move to {-5499107.729384, -2250754.164082, 2310538.606898}","-",21.37165299,-157.74162393,"2026-08-04T04:23:38.000Z","UAV 3"
"ENGAZ003","Move to {-5499460.953457, -2250814.454542, 2309743.262342}","-",21.37345080,-157.73330821,"2026-08-04T04:23:38.000Z","UAV 3"
"ENM35001","Move to {-5499460.953457, -2250814.454542, 2309743.262342}","-",21.37319134,-157.73315383,"2026-08-04T04:23:38.000Z","UAV 3"
"ENT72010","Move to {-5499107.729384, -2250754.164082, 2310538.606898}","-",21.37164669,-157.74154471,"2026-08-04T04:23:38.000Z","UAV 3"
"FRTRK1005","Move to {-5498755.048693, -2250824.434840, 2311307.787782}","-",21.38815089,-157.75024417,"2026-08-04T04:23:38.000Z","UAV 3"
"ENT72006","Move to {-5499107.729384, -2250754.164082, 2310538.606898}","-",21.37157741,-157.74179084,"2026-08-04T04:23:38.000Z","UAV 3"
"ENMORT001","FFE-On-Location ""Location={-5499123.141030, -2250320.406046, 2311025.754248}""  Name of Weapons to Fire: Indirect-Fire-Gun:m9333he. Number-Of-Rounds: 1. Height-Above-Terrain: 0","-",21.37454920,-157.73726779,"2026-08-04T04:23:38.000Z","UAV 3"
"FRT80007","Move to {-5499315.048189, -2250231.003964, 2310734.853397}","-",21.37500472,-157.75300300,"2026-08-04T04:23:38.000Z","UAV 3"
"FRLAV001","Move to {-5499315.048189, -2250231.003964, 2310734.853397}","-",21.38973126,-157.74171741,"2026-08-04T04:23:38.000Z","UAV 3"
"ENGAZ004","Move to {-5499460.953457, -2250814.454542, 2309743.262342}","-",21.37343429,-157.73323529,"2026-08-04T04:23:38.000Z","UAV 3"
"FRTRK2003","Move to {-5498755.048693, -2250824.434840, 2311307.787782}","-",21.38805157,-157.75035376,"2026-08-04T04:23:38.000Z","UAV 3"
"ENMORT003","FFE-On-Location ""Location={-5498358.113175, -2250865.429793, 2312201.552453}""  Name of Weapons to Fire: Indirect-Fire-Gun:m9333he. Number-Of-Rounds: 1. Height-Above-Terrain: 0","-",21.37448817,-157.73726715,"2026-08-04T04:23:38.000Z","UAV 3"
"ENM1A2004","Move to {-5499107.729384, -2250754.164082, 2310538.606898}","-",21.37359085,-157.74309316,"2026-08-04T04:23:38.000Z","UAV 3"
"ENM35003","Move to {-5499460.953457, -2250814.454542, 2309743.262342}","-",21.37360372,-157.73318855,"2026-08-04T04:23:38.000Z","UAV 3"
"FRM113002","Move to {-5499315.048189, -2250231.003964, 2310734.853397}","-",21.38982935,-157.74169886,"2026-08-04T04:23:39.000Z","UAV 3"
"FRLAV008","Move to {-5499315.048189, -2250231.003964, 2310734.853397}","-",21.39001150,-157.74175337,"2026-08-04T04:23:39.000Z","UAV 3"
"FRM113005","Move to {-5499315.048189, -2250231.003964, 2310734.853397}","-",21.38982960,-157.74207003,"2026-08-04T04:23:39.000Z","UAV 3"
"FRM113001","Move to {-5499315.048189, -2250231.003964, 2310734.853397}","-",21.38989078,-157.74163464,"2026-08-04T04:23:39.000Z","UAV 3"
"FRM113004","Move to {-5499315.048189, -2250231.003964, 2310734.853397}","-",21.38979340,-157.74195574,"2026-08-04T04:23:39.000Z","UAV 3"
"FRLAV004","Move to {-5499315.048189, -2250231.003964, 2310734.853397}","-",21.38965601,-157.74154092,"2026-08-04T04:23:39.000Z","UAV 3"
"ENM1A2003","Move to {-5499107.729384, -2250754.164082, 2310538.606898}","-",21.37346081,-157.74319821,"2026-08-04T04:23:39.000Z","UAV 3"
"FRTRK2004","Move to {-5498755.048693, -2250824.434840, 2311307.787782}","-",21.38821712,-157.75043475,"2026-08-04T04:23:39.000Z","UAV 3"
"ENT72007","Move to {-5499107.729384, -2250754.164082, 2310538.606898}","-",21.37131035,-157.74183652,"2026-08-04T04:23:39.000Z","UAV 3"
"ENT72003","Move to {-5499107.729384, -2250754.164082, 2310538.606898}","-",21.37155738,-157.74158646,"2026-08-04T04:23:39.000Z","UAV 3"
"ENMORT005","FFE-On-Location ""Location={-5499123.141030, -2250320.406046, 2311025.754248}""  Name of Weapons to Fire: Indirect-Fire-Gun:m9333he. Number-Of-Rounds: 1. Height-Above-Terrain: 0","-",21.37463885,-157.73701809,"2026-08-04T04:23:39.000Z","UAV 3"
"ENM1A2001","Move to {-5499107.729384, -2250754.164082, 2310538.606898}","-",21.37358279,-157.74284646,"2026-08-04T04:23:39.000Z","UAV 3"
"FRT80001","Move to {-5499315.048189, -2250231.003964, 2310734.853397}","-",21.37540620,-157.75300786,"2026-08-04T04:23:39.000Z","UAV 3"
"ENM1A2005","Move to {-5499107.729384, -2250754.164082, 2310538.606898}","-",21.37354147,-157.74288034,"2026-08-04T04:23:39.000Z","UAV 3"
"ENT72002","Move to {-5499107.729384, -2250754.164082, 2310538.606898}","-",21.37142942,-157.74156489,"2026-08-04T04:23:39.000Z","UAV 3"
"ENMORT004","FFE-On-Location ""Location={-5498511.672389, -2250935.799735, 2311770.746054}""  Name of Weapons to Fire: Indirect-Fire-Gun:m9333he. Number-Of-Rounds: 1. Height-Above-Terrain: 0","-",21.37449517,-157.73695548,"2026-08-04T04:23:39.000Z","UAV 3"
"FRTRK1001","Move to {-5498755.048693, -2250824.434840, 2311307.787782}","-",21.38840049,-157.75043488,"2026-08-04T04:23:39.000Z","UAV 3"
"FRM113003","Move to {-5499315.048189, -2250231.003964, 2310734.853397}","-",21.38986138,-157.74197758,"2026-08-04T04:23:39.000Z","UAV 3"
"ENT72005","Move to {-5499107.729384, -2250754.164082, 2310538.606898}","-",21.37143288,-157.74187170,"2026-08-04T04:23:39.000Z","UAV 3"
"ENM35004","Move to {-5499460.953457, -2250814.454542, 2309743.262342}","-",21.37326170,-157.73309037,"2026-08-04T04:23:39.000Z","UAV 3"
"ENGAZ001","Move to {-5499460.953457, -2250814.454542, 2309743.262342}","-",21.37344456,-157.73283959,"2026-08-04T04:23:39.000Z","UAV 3"
"ENT72001","Move to {-5499107.729384, -2250754.164082, 2310538.606898}","-",21.37155270,-157.74169988,"2026-08-04T04:23:39.000Z","UAV 3"
"ENM1A2002","Move to {-5499107.729384, -2250754.164082, 2310538.606898}","-",21.37368277,-157.74312644,"2026-08-04T04:23:39.000Z","UAV 3"
"ENGAZ002","Move to {-5499460.953457, -2250814.454542, 2309743.262342}","-",21.37356198,-157.73320244,"2026-08-04T04:23:39.000Z","UAV 3"
"ENT72009","Move to {-5499107.729384, -2250754.164082, 2310538.606898}","-",21.37123565,-157.74169203,"2026-08-04T04:23:39.000Z","UAV 3"
"ENT72011","Move to {-5499107.729384, -2250754.164082, 2310538.606898}","-",21.37141424,-157.74161578,"2026-08-04T04:23:39.000Z","UAV 3"
"ENT72004","Move to {-5499107.729384, -2250754.164082, 2310538.606898}","-",21.37165299,-157.74162393,"2026-08-04T04:23:39.000Z","UAV 3"
"ENGAZ003","Move to {-5499460.953457, -2250814.454542, 2309743.262342}","-",21.37345080,-157.73330821,"2026-08-04T04:23:39.000Z","UAV 3"
"ENM35001","Move to {-5499460.953457, -2250814.454542, 2309743.262342}","-",21.37319134,-157.73315383,"2026-08-04T04:23:39.000Z","UAV 3"
"ENT72010","Move to {-5499107.729384, -2250754.164082, 2310538.606898}","-",21.37164669,-157.74154471,"2026-08-04T04:23:39.000Z","UAV 3"
"FRTRK1005","Move to {-5498755.048693, -2250824.434840, 2311307.787782}","-",21.38815089,-157.75024417,"2026-08-04T04:23:39.000Z","UAV 3"
"ENT72006","Move to {-5499107.729384, -2250754.164082, 2310538.606898}","-",21.37157741,-157.74179084,"2026-08-04T04:23:39.000Z","UAV 3"
"ENMORT001","FFE-On-Location ""Location={-5499123.141030, -2250320.406046, 2311025.754248}""  Name of Weapons to Fire: Indirect-Fire-Gun:m9333he. Number-Of-Rounds: 1. Height-Above-Terrain: 0","-",21.37454920,-157.73726779,"2026-08-04T04:23:39.000Z","UAV 3"
"FRT80007","Move to {-5499315.048189, -2250231.003964, 2310734.853397}","-",21.37500472,-157.75300300,"2026-08-04T04:23:39.000Z","UAV 3"
"FRLAV001","Move to {-5499315.048189, -2250231.003964, 2310734.853397}","-",21.38973126,-157.74171741,"2026-08-04T04:23:39.000Z","UAV 3"
"ENGAZ004","Move to {-5499460.953457, -2250814.454542, 2309743.262342}","-",21.37343429,-157.73323529,"2026-08-04T04:23:39.000Z","UAV 3"
"FRTRK2003","Move to {-5498755.048693, -2250824.434840, 2311307.787782}","-",21.38805157,-157.75035376,"2026-08-04T04:23:39.000Z","UAV 3"
"ENMORT003","FFE-On-Location ""Location={-5498358.113175, -2250865.429793, 2312201.552453}""  Name of Weapons to Fire: Indirect-Fire-Gun:m9333he. Number-Of-Rounds: 1. Height-Above-Terrain: 0","-",21.37448817,-157.73726715,"2026-08-04T04:23:39.000Z","UAV 3"
"ENM1A2004","Move to {-5499107.729384, -2250754.164082, 2310538.606898}","-",21.37359085,-157.74309316,"2026-08-04T04:23:39.000Z","UAV 3"
"ENM35003","Move to {-5499460.953457, -2250814.454542, 2309743.262342}","-",21.37360372,-157.73318855,"2026-08-04T04:23:39.000Z","UAV 3"
"FRM113002","Move to {-5499315.048189, -2250231.003964, 2310734.853397}","-",21.38983403,-157.74169886,"2026-08-04T04:23:40.000Z","UAV 3"
"FRLAV008","Move to {-5499315.048189, -2250231.003964, 2310734.853397}","-",21.39001872,-157.74174892,"2026-08-04T04:23:40.000Z","UAV 3"
"FRM113005","Move to {-5499315.048189, -2250231.003964, 2310734.853397}","-",21.38983305,-157.74207225,"2026-08-04T04:23:40.000Z","UAV 3"
"FRM113001","Move to {-5499315.048189, -2250231.003964, 2310734.853397}","-",21.38989717,-157.74163464,"2026-08-04T04:23:40.000Z","UAV 3"
"FRM113004","Move to {-5499315.048189, -2250231.003964, 2310734.853397}","-",21.38979628,-157.74195764,"2026-08-04T04:23:40.000Z","UAV 3"
"FRLAV004","Move to {-5499315.048189, -2250231.003964, 2310734.853397}","-",21.38965924,-157.74152413,"2026-08-04T04:23:40.000Z","UAV 3"
"ENM1A2003","Move to {-5499107.729384, -2250754.164082, 2310538.606898}","-",21.37363211,-157.74313190,"2026-08-04T04:23:40.000Z","UAV 3"
"FRTRK2004","Move to {-5498755.048693, -2250824.434840, 2311307.787782}","-",21.38827636,-157.75025967,"2026-08-04T04:23:40.000Z","UAV 3"
"ENT72007","Move to {-5499107.729384, -2250754.164082, 2310538.606898}","-",21.37150027,-157.74181601,"2026-08-04T04:23:40.000Z","UAV 3"
"ENT72003","Move to {-5499107.729384, -2250754.164082, 2310538.606898}","-",21.37173641,-157.74157239,"2026-08-04T04:23:40.000Z","UAV 3"
"ENMORT005","FFE-On-Location ""Location={-5499123.141030, -2250320.406046, 2311025.754248}""  Name of Weapons to Fire: Indirect-Fire-Gun:m9333he. Number-Of-Rounds: 1. Height-Above-Terrain: 0","-",21.37463885,-157.73701809,"2026-08-04T04:23:40.000Z","UAV 3"
"ENM1A2001","Move to {-5499107.729384, -2250754.164082, 2310538.606898}","-",21.37375986,-157.74278757,"2026-08-04T04:23:40.000Z","UAV 3"
"FRT80001","Move to {-5499315.048189, -2250231.003964, 2310734.853397}","-",21.37553114,-157.75285631,"2026-08-04T04:23:40.000Z","UAV 3"
"ENM1A2005","Move to {-5499107.729384, -2250754.164082, 2310538.606898}","-",21.37371727,-157.74282124,"2026-08-04T04:23:40.000Z","UAV 3"
"ENT72002","Move to {-5499107.729384, -2250754.164082, 2310538.606898}","-",21.37160976,-157.74155145,"2026-08-04T04:23:40.000Z","UAV 3"
"ENMORT004","FFE-On-Location ""Location={-5498511.672389, -2250935.799735, 2311770.746054}""  Name of Weapons to Fire: Indirect-Fire-Gun:m9333he. Number-Of-Rounds: 1. Height-Above-Terrain: 0","-",21.37449517,-157.73695548,"2026-08-04T04:23:40.000Z","UAV 3"
"FRTRK1001","Move to {-5498755.048693, -2250824.434840, 2311307.787782}","-",21.38845656,-157.75027976,"2026-08-04T04:23:40.000Z","UAV 3"
"FRM113003","Move to {-5499315.048189, -2250231.003964, 2310734.853397}","-",21.38986821,-157.74197758,"2026-08-04T04:23:40.000Z","UAV 3"
"ENT72005","Move to {-5499107.729384, -2250754.164082, 2310538.606898}","-",21.37162199,-157.74185010,"2026-08-04T04:23:40.000Z","UAV 3"
"ENM35004","Move to {-5499460.953457, -2250814.454542, 2309743.262342}","-",21.37331146,-157.73326262,"2026-08-04T04:23:40.000Z","UAV 3"
"ENGAZ001","Move to {-5499460.953457, -2250814.454542, 2309743.262342}","-",21.37354015,-157.73301106,"2026-08-04T04:23:40.000Z","UAV 3"
"ENT72001","Move to {-5499107.729384, -2250754.164082, 2310538.606898}","-",21.37173874,-157.74168249,"2026-08-04T04:23:40.000Z","UAV 3"
"ENM1A2002","Move to {-5499107.729384, -2250754.164082, 2310538.606898}","-",21.37386163,-157.74305675,"2026-08-04T04:23:40.000Z","UAV 3"
"ENT72009","Move to {-5499107.729384, -2250754.164082, 2310538.606898}","-",21.37144054,-157.74167385,"2026-08-04T04:23:40.000Z","UAV 3"
"ENT72004","Move to {-5499107.729384, -2250754.164082, 2310538.606898}","-",21.37184152,-157.74160798,"2026-08-04T04:23:40.000Z","UAV 3"
"ENM35001","Move to {-5499460.953457, -2250814.454542, 2309743.262342}","-",21.37324065,-157.73332576,"2026-08-04T04:23:40.000Z","UAV 3"
"ENT72010","Move to {-5499107.729384, -2250754.164082, 2310538.606898}","-",21.37183746,-157.74153059,"2026-08-04T04:23:40.000Z","UAV 3"
"FRTRK1005","Move to {-5498755.048693, -2250824.434840, 2311307.787782}","-",21.38819853,-157.75009091,"2026-08-04T04:23:40.000Z","UAV 3"
"ENT72006","Move to {-5499107.729384, -2250754.164082, 2310538.606898}","-",21.37176266,-157.74177125,"2026-08-04T04:23:40.000Z","UAV 3"
"ENMORT001","FFE-On-Location ""Location={-5499123.141030, -2250320.406046, 2311025.754248}""  Name of Weapons to Fire: Indirect-Fire-Gun:m9333he. Number-Of-Rounds: 1. Height-Above-Terrain: 0","-",21.37454920,-157.73726779,"2026-08-04T04:23:40.000Z","UAV 3"
"FRT80007","Move to {-5499315.048189, -2250231.003964, 2310734.853397}","-",21.37513657,-157.75285417,"2026-08-04T04:23:40.000Z","UAV 3"
"FRLAV001","Move to {-5499315.048189, -2250231.003964, 2310734.853397}","-",21.38973785,-157.74171335,"2026-08-04T04:23:40.000Z","UAV 3"
"ENGAZ004","Move to {-5499460.953457, -2250814.454542, 2309743.262342}","-",21.37352730,-157.73340960,"2026-08-04T04:23:40.000Z","UAV 3"
"FRTRK2003","Move to {-5498755.048693, -2250824.434840, 2311307.787782}","-",21.38811316,-157.75018699,"2026-08-04T04:23:40.000Z","UAV 3"
"ENMORT003","FFE-On-Location ""Location={-5498358.113175, -2250865.429793, 2312201.552453}""  Name of Weapons to Fire: Indirect-Fire-Gun:m9333he. Number-Of-Rounds: 1. Height-Above-Terrain: 0","-",21.37448817,-157.73726715,"2026-08-04T04:23:40.000Z","UAV 3"
"ENM1A2004","Move to {-5499107.729384, -2250754.164082, 2310538.606898}","-",21.37376842,-157.74302616,"2026-08-04T04:23:40.000Z","UAV 3"
"ENT72008","Move to {-5499107.729384, -2250754.164082, 2310538.606898}","-",21.37167935,-157.74165391,"2026-08-04T04:23:40.000Z","UAV 3"
"ENBTR60006","Move to {-5499107.729384, -2250754.164082, 2310538.606898}","-",21.36928932,-157.74048746,"2026-08-04T04:23:40.000Z","UAV 3"
"ENBTR80004","Move to {-5499107.729384, -2250754.164082, 2310538.606898}","-",21.36923489,-157.74029677,"2026-08-04T04:23:40.000Z","UAV 3"
"ENBTR60003","Move to {-5499107.729384, -2250754.164082, 2310538.606898}","-",21.36916440,-157.74069369,"2026-08-04T04:23:40.000Z","UAV 3"
"FRLAV006","Move to {-5499315.048189, -2250231.003964, 2310734.853397}","-",21.38987131,-157.74207499,"2026-08-04T04:23:40.000Z","UAV 3"
"ENBTR80001","Move to {-5499107.729384, -2250754.164082, 2310538.606898}","-",21.36893997,-157.74041247,"2026-08-04T04:23:40.000Z","UAV 3"
"ENM35002","Move to {-5499460.953457, -2250814.454542, 2309743.262342}","-",21.37350664,-157.73304601,"2026-08-04T04:23:40.000Z","UAV 3"
"ENBTR80003","Move to {-5499107.729384, -2250754.164082, 2310538.606898}","-",21.36886232,-157.74036409,"2026-08-04T04:23:40.000Z","UAV 3"
"ENBTR60002","Move to {-5499107.729384, -2250754.164082, 2310538.606898}","-",21.36905759,-157.74071160,"2026-08-04T04:23:40.000Z","UAV 3"
"ENBTR60007","Move to {-5499107.729384, -2250754.164082, 2310538.606898}","-",21.36915529,-157.74047161,"2026-08-04T04:23:40.000Z","UAV 3"
"ENBTR60008","Move to {-5499107.729384, -2250754.164082, 2310538.606898}","-",21.36899862,-157.74032450,"2026-08-04T04:23:40.000Z","UAV 3"
"ENBTR80007","Move to {-5499107.729384, -2250754.164082, 2310538.606898}","-",21.36919916,-157.74041280,"2026-08-04T04:23:40.000Z","UAV 3"
"ENBTR80005","Move to {-5499107.729384, -2250754.164082, 2310538.606898}","-",21.36914624,-157.74058847,"2026-08-04T04:23:40.000Z","UAV 3"
"ENBTR60004","Move to {-5499107.729384, -2250754.164082, 2310538.606898}","-",21.36892588,-157.74057764,"2026-08-04T04:23:40.000Z","UAV 3"
"ENBTR60005","Move to {-5499107.729384, -2250754.164082, 2310538.606898}","-",21.36928503,-157.74070349,"2026-08-04T04:23:40.000Z","UAV 3"
"FRM113002","Move to {-5499315.048189, -2250231.003964, 2310734.853397}","-",21.38983403,-157.74169886,"2026-08-04T04:23:41.000Z","UAV 3"
"FRLAV008","Move to {-5499315.048189, -2250231.003964, 2310734.853397}","-",21.39001872,-157.74174892,"2026-08-04T04:23:41.000Z","UAV 3"
"FRM113005","Move to {-5499315.048189, -2250231.003964, 2310734.853397}","-",21.38983305,-157.74207225,"2026-08-04T04:23:41.000Z","UAV 3"
"FRM113001","Move to {-5499315.048189, -2250231.003964, 2310734.853397}","-",21.38989717,-157.74163464,"2026-08-04T04:23:41.000Z","UAV 3"
"FRM113004","Move to {-5499315.048189, -2250231.003964, 2310734.853397}","-",21.38979628,-157.74195764,"2026-08-04T04:23:41.000Z","UAV 3"
"FRLAV004","Move to {-5499315.048189, -2250231.003964, 2310734.853397}","-",21.38965924,-157.74152413,"2026-08-04T04:23:41.000Z","UAV 3"
"ENM1A2003","Move to {-5499107.729384, -2250754.164082, 2310538.606898}","-",21.37363211,-157.74313190,"2026-08-04T04:23:41.000Z","UAV 3"
"FRTRK2004","Move to {-5498755.048693, -2250824.434840, 2311307.787782}","-",21.38827636,-157.75025967,"2026-08-04T04:23:41.000Z","UAV 3"
"ENT72007","Move to {-5499107.729384, -2250754.164082, 2310538.606898}","-",21.37150027,-157.74181601,"2026-08-04T04:23:41.000Z","UAV 3"
"ENT72003","Move to {-5499107.729384, -2250754.164082, 2310538.606898}","-",21.37173641,-157.74157239,"2026-08-04T04:23:41.000Z","UAV 3"
"ENMORT005","FFE-On-Location ""Location={-5499123.141030, -2250320.406046, 2311025.754248}""  Name of Weapons to Fire: Indirect-Fire-Gun:m9333he. Number-Of-Rounds: 1. Height-Above-Terrain: 0","-",21.37463885,-157.73701809,"2026-08-04T04:23:41.000Z","UAV 3"
"ENM1A2001","Move to {-5499107.729384, -2250754.164082, 2310538.606898}","-",21.37375986,-157.74278757,"2026-08-04T04:23:41.000Z","UAV 3"
"FRT80001","Move to {-5499315.048189, -2250231.003964, 2310734.853397}","-",21.37553114,-157.75285631,"2026-08-04T04:23:41.000Z","UAV 3"
"ENM1A2005","Move to {-5499107.729384, -2250754.164082, 2310538.606898}","-",21.37371727,-157.74282124,"2026-08-04T04:23:41.000Z","UAV 3"
"ENT72002","Move to {-5499107.729384, -2250754.164082, 2310538.606898}","-",21.37160976,-157.74155145,"2026-08-04T04:23:41.000Z","UAV 3"
"ENMORT004","FFE-On-Location ""Location={-5498511.672389, -2250935.799735, 2311770.746054}""  Name of Weapons to Fire: Indirect-Fire-Gun:m9333he. Number-Of-Rounds: 1. Height-Above-Terrain: 0","-",21.37449517,-157.73695548,"2026-08-04T04:23:41.000Z","UAV 3"
"FRTRK1001","Move to {-5498755.048693, -2250824.434840, 2311307.787782}","-",21.38845656,-157.75027976,"2026-08-04T04:23:41.000Z","UAV 3"
"FRM113003","Move to {-5499315.048189, -2250231.003964, 2310734.853397}","-",21.38986821,-157.74197758,"2026-08-04T04:23:41.000Z","UAV 3"
"ENT72005","Move to {-5499107.729384, -2250754.164082, 2310538.606898}","-",21.37162199,-157.74185010,"2026-08-04T04:23:41.000Z","UAV 3"
"ENM35004","Move to {-5499460.953457, -2250814.454542, 2309743.262342}","-",21.37331146,-157.73326262,"2026-08-04T04:23:41.000Z","UAV 3"
"ENGAZ001","Move to {-5499460.953457, -2250814.454542, 2309743.262342}","-",21.37354015,-157.73301106,"2026-08-04T04:23:41.000Z","UAV 3"
"ENT72001","Move to {-5499107.729384, -2250754.164082, 2310538.606898}","-",21.37173874,-157.74168249,"2026-08-04T04:23:41.000Z","UAV 3"
"ENM1A2002","Move to {-5499107.729384, -2250754.164082, 2310538.606898}","-",21.37386163,-157.74305675,"2026-08-04T04:23:41.000Z","UAV 3"
"ENT72009","Move to {-5499107.729384, -2250754.164082, 2310538.606898}","-",21.37144054,-157.74167385,"2026-08-04T04:23:41.000Z","UAV 3"
"ENT72004","Move to {-5499107.729384, -2250754.164082, 2310538.606898}","-",21.37184152,-157.74160798,"2026-08-04T04:23:41.000Z","UAV 3"
"ENM35001","Move to {-5499460.953457, -2250814.454542, 2309743.262342}","-",21.37324065,-157.73332576,"2026-08-04T04:23:41.000Z","UAV 3"
"ENT72010","Move to {-5499107.729384, -2250754.164082, 2310538.606898}","-",21.37183746,-157.74153059,"2026-08-04T04:23:41.000Z","UAV 3"
"FRTRK1005","Move to {-5498755.048693, -2250824.434840, 2311307.787782}","-",21.38819853,-157.75009091,"2026-08-04T04:23:41.000Z","UAV 3"
"ENT72006","Move to {-5499107.729384, -2250754.164082, 2310538.606898}","-",21.37176266,-157.74177125,"2026-08-04T04:23:41.000Z","UAV 3"
"ENMORT001","FFE-On-Location ""Location={-5499123.141030, -2250320.406046, 2311025.754248}""  Name of Weapons to Fire: Indirect-Fire-Gun:m9333he. Number-Of-Rounds: 1. Height-Above-Terrain: 0","-",21.37454920,-157.73726779,"2026-08-04T04:23:41.000Z","UAV 3"
"FRT80007","Move to {-5499315.048189, -2250231.003964, 2310734.853397}","-",21.37513657,-157.75285417,"2026-08-04T04:23:41.000Z","UAV 3"
"FRLAV001","Move to {-5499315.048189, -2250231.003964, 2310734.853397}","-",21.38973785,-157.74171335,"2026-08-04T04:23:41.000Z","UAV 3"
"ENGAZ004","Move to {-5499460.953457, -2250814.454542, 2309743.262342}","-",21.37352730,-157.73340960,"2026-08-04T04:23:41.000Z","UAV 3"
"FRTRK2003","Move to {-5498755.048693, -2250824.434840, 2311307.787782}","-",21.38811316,-157.75018699,"2026-08-04T04:23:41.000Z","UAV 3"
"ENMORT003","FFE-On-Location ""Location={-5498358.113175, -2250865.429793, 2312201.552453}""  Name of Weapons to Fire: Indirect-Fire-Gun:m9333he. Number-Of-Rounds: 1. Height-Above-Terrain: 0","-",21.37448817,-157.73726715,"2026-08-04T04:23:41.000Z","UAV 3"
"ENM1A2004","Move to {-5499107.729384, -2250754.164082, 2310538.606898}","-",21.37376842,-157.74302616,"2026-08-04T04:23:41.000Z","UAV 3"
"ENT72008","Move to {-5499107.729384, -2250754.164082, 2310538.606898}","-",21.37167935,-157.74165391,"2026-08-04T04:23:41.000Z","UAV 3"
"ENBTR60006","Move to {-5499107.729384, -2250754.164082, 2310538.606898}","-",21.36928932,-157.74048746,"2026-08-04T04:23:41.000Z","UAV 3"
"ENBTR80004","Move to {-5499107.729384, -2250754.164082, 2310538.606898}","-",21.36923489,-157.74029677,"2026-08-04T04:23:41.000Z","UAV 3"
"ENBTR60003","Move to {-5499107.729384, -2250754.164082, 2310538.606898}","-",21.36916440,-157.74069369,"2026-08-04T04:23:41.000Z","UAV 3"
"FRLAV006","Move to {-5499315.048189, -2250231.003964, 2310734.853397}","-",21.38987131,-157.74207499,"2026-08-04T04:23:41.000Z","UAV 3"
"ENBTR80001","Move to {-5499107.729384, -2250754.164082, 2310538.606898}","-",21.36893997,-157.74041247,"2026-08-04T04:23:41.000Z","UAV 3"
"ENM35002","Move to {-5499460.953457, -2250814.454542, 2309743.262342}","-",21.37350664,-157.73304601,"2026-08-04T04:23:41.000Z","UAV 3"
"ENBTR80003","Move to {-5499107.729384, -2250754.164082, 2310538.606898}","-",21.36886232,-157.74036409,"2026-08-04T04:23:41.000Z","UAV 3"
"ENBTR60002","Move to {-5499107.729384, -2250754.164082, 2310538.606898}","-",21.36905759,-157.74071160,"2026-08-04T04:23:41.000Z","UAV 3"
"ENBTR60007","Move to {-5499107.729384, -2250754.164082, 2310538.606898}","-",21.36915529,-157.74047161,"2026-08-04T04:23:41.000Z","UAV 3"
"ENBTR60008","Move to {-5499107.729384, -2250754.164082, 2310538.606898}","-",21.36899862,-157.74032450,"2026-08-04T04:23:41.000Z","UAV 3"
"ENBTR80007","Move to {-5499107.729384, -2250754.164082, 2310538.606898}","-",21.36919916,-157.74041280,"2026-08-04T04:23:41.000Z","UAV 3"
"ENBTR80005","Move to {-5499107.729384, -2250754.164082, 2310538.606898}","-",21.36914624,-157.74058847,"2026-08-04T04:23:41.000Z","UAV 3"
"ENBTR60004","Move to {-5499107.729384, -2250754.164082, 2310538.606898}","-",21.36892588,-157.74057764,"2026-08-04T04:23:41.000Z","UAV 3"
"ENBTR60005","Move to {-5499107.729384, -2250754.164082, 2310538.606898}","-",21.36928503,-157.74070349,"2026-08-04T04:23:41.000Z","UAV 3"
"FRM113005","Move to {-5499315.048189, -2250231.003964, 2310734.853397}","-",21.38983714,-157.74207489,"2026-08-04T04:23:42.000Z","UAV 3"
"FRM113004","Move to {-5499315.048189, -2250231.003964, 2310734.853397}","-",21.38980437,-157.74196479,"2026-08-04T04:23:42.000Z","UAV 3"
"ENM1A2003","Move to {-5499107.729384, -2250754.164082, 2310538.606898}","-",21.37380812,-157.74306376,"2026-08-04T04:23:42.000Z","UAV 3"
"FRTRK2004","Move to {-5498755.048693, -2250824.434840, 2311307.787782}","-",21.38826320,-157.75006400,"2026-08-04T04:23:42.000Z","UAV 3"
"ENT72007","Move to {-5499107.729384, -2250754.164082, 2310538.606898}","-",21.37168311,-157.74179627,"2026-08-04T04:23:42.000Z","UAV 3"
"ENT72003","Move to {-5499107.729384, -2250754.164082, 2310538.606898}","-",21.37192681,-157.74155742,"2026-08-04T04:23:42.000Z","UAV 3"
"ENMORT005","FFE-On-Location ""Location={-5499123.141030, -2250320.406046, 2311025.754248}""  Name of Weapons to Fire: Indirect-Fire-Gun:m9333he. Number-Of-Rounds: 1. Height-Above-Terrain: 0","-",21.37463885,-157.73701809,"2026-08-04T04:23:42.000Z","UAV 3"
"ENM1A2001","Move to {-5499107.729384, -2250754.164082, 2310538.606898}","-",21.37393360,-157.74272978,"2026-08-04T04:23:42.000Z","UAV 3"
"FRT80001","Move to {-5499315.048189, -2250231.003964, 2310734.853397}","-",21.37565299,-157.75270849,"2026-08-04T04:23:42.000Z","UAV 3"
"ENM1A2005","Move to {-5499107.729384, -2250754.164082, 2310538.606898}","-",21.37389114,-157.74276279,"2026-08-04T04:23:42.000Z","UAV 3"
"ENT72002","Move to {-5499107.729384, -2250754.164082, 2310538.606898}","-",21.37179937,-157.74153732,"2026-08-04T04:23:42.000Z","UAV 3"
"ENMORT004","FFE-On-Location ""Location={-5498511.672389, -2250935.799735, 2311770.746054}""  Name of Weapons to Fire: Indirect-Fire-Gun:m9333he. Number-Of-Rounds: 1. Height-Above-Terrain: 0","-",21.37449517,-157.73695548,"2026-08-04T04:23:42.000Z","UAV 3"
"FRTRK1001","Move to {-5498755.048693, -2250824.434840, 2311307.787782}","-",21.38844354,-157.75006618,"2026-08-04T04:23:42.000Z","UAV 3"
"FRM113003","Move to {-5499315.048189, -2250231.003964, 2310734.853397}","-",21.38987500,-157.74197758,"2026-08-04T04:23:42.000Z","UAV 3"
"ENT72005","Move to {-5499107.729384, -2250754.164082, 2310538.606898}","-",21.37180616,-157.74182907,"2026-08-04T04:23:42.000Z","UAV 3"
"ENM35004","Move to {-5499460.953457, -2250814.454542, 2309743.262342}","-",21.37328692,-157.73345573,"2026-08-04T04:23:42.000Z","UAV 3"
"ENGAZ001","Move to {-5499460.953457, -2250814.454542, 2309743.262342}","-",21.37354667,-157.73320413,"2026-08-04T04:23:42.000Z","UAV 3"
"ENT72001","Move to {-5499107.729384, -2250754.164082, 2310538.606898}","-",21.37192081,-157.74166547,"2026-08-04T04:23:42.000Z","UAV 3"
"ENM1A2002","Move to {-5499107.729384, -2250754.164082, 2310538.606898}","-",21.37403372,-157.74298969,"2026-08-04T04:23:42.000Z","UAV 3"
"ENT72009","Move to {-5499107.729384, -2250754.164082, 2310538.606898}","-",21.37162103,-157.74165783,"2026-08-04T04:23:42.000Z","UAV 3"
"ENT72004","Move to {-5499107.729384, -2250754.164082, 2310538.606898}","-",21.37202317,-157.74159261,"2026-08-04T04:23:42.000Z","UAV 3"
"ENM35001","Move to {-5499460.953457, -2250814.454542, 2309743.262342}","-",21.37321620,-157.73351914,"2026-08-04T04:23:42.000Z","UAV 3"
"ENT72010","Move to {-5499107.729384, -2250754.164082, 2310538.606898}","-",21.37201891,-157.74151717,"2026-08-04T04:23:42.000Z","UAV 3"
"FRTRK1005","Move to {-5498755.048693, -2250824.434840, 2311307.787782}","-",21.38818030,-157.74989260,"2026-08-04T04:23:42.000Z","UAV 3"
"ENT72006","Move to {-5499107.729384, -2250754.164082, 2310538.606898}","-",21.37194855,-157.74175160,"2026-08-04T04:23:42.000Z","UAV 3"
"ENMORT001","FFE-On-Location ""Location={-5499123.141030, -2250320.406046, 2311025.754248}""  Name of Weapons to Fire: Indirect-Fire-Gun:m9333he. Number-Of-Rounds: 1. Height-Above-Terrain: 0","-",21.37454920,-157.73726779,"2026-08-04T04:23:42.000Z","UAV 3"
"FRT80007","Move to {-5499315.048189, -2250231.003964, 2310734.853397}","-",21.37526141,-157.75271326,"2026-08-04T04:23:42.000Z","UAV 3"
"ENGAZ004","Move to {-5499460.953457, -2250814.454542, 2309743.262342}","-",21.37353095,-157.73360215,"2026-08-04T04:23:42.000Z","UAV 3"
"FRTRK2003","Move to {-5498755.048693, -2250824.434840, 2311307.787782}","-",21.38810497,-157.74999229,"2026-08-04T04:23:42.000Z","UAV 3"
"ENMORT003","FFE-On-Location ""Location={-5498358.113175, -2250865.429793, 2312201.552453}""  Name of Weapons to Fire: Indirect-Fire-Gun:m9333he. Number-Of-Rounds: 1. Height-Above-Terrain: 0","-",21.37448817,-157.73726715,"2026-08-04T04:23:42.000Z","UAV 3"
"ENM1A2004","Move to {-5499107.729384, -2250754.164082, 2310538.606898}","-",21.37393852,-157.74296199,"2026-08-04T04:23:42.000Z","UAV 3"
"ENT72008","Move to {-5499107.729384, -2250754.164082, 2310538.606898}","-",21.37186893,-157.74163705,"2026-08-04T04:23:42.000Z","UAV 3"
"ENBTR60006","Move to {-5499107.729384, -2250754.164082, 2310538.606898}","-",21.36946734,-157.74049647,"2026-08-04T04:23:42.000Z","UAV 3"
"ENBTR80004","Move to {-5499107.729384, -2250754.164082, 2310538.606898}","-",21.36941403,-157.74030923,"2026-08-04T04:23:42.000Z","UAV 3"
"ENBTR60003","Move to {-5499107.729384, -2250754.164082, 2310538.606898}","-",21.36934574,-157.74069902,"2026-08-04T04:23:42.000Z","UAV 3"
"FRLAV006","Move to {-5499315.048189, -2250231.003964, 2310734.853397}","-",21.38987809,-157.74207082,"2026-08-04T04:23:42.000Z","UAV 3"
"ENBTR80001","Move to {-5499107.729384, -2250754.164082, 2310538.606898}","-",21.36912726,-157.74042300,"2026-08-04T04:23:42.000Z","UAV 3"
"ENM35002","Move to {-5499460.953457, -2250814.454542, 2309743.262342}","-",21.37348419,-157.73323846,"2026-08-04T04:23:42.000Z","UAV 3"
"ENBTR80003","Move to {-5499107.729384, -2250754.164082, 2310538.606898}","-",21.36904709,-157.74037527,"2026-08-04T04:23:42.000Z","UAV 3"
"ENBTR60002","Move to {-5499107.729384, -2250754.164082, 2310538.606898}","-",21.36923972,-157.74071657,"2026-08-04T04:23:42.000Z","UAV 3"
"ENBTR60007","Move to {-5499107.729384, -2250754.164082, 2310538.606898}","-",21.36933619,-157.74048094,"2026-08-04T04:23:42.000Z","UAV 3"
"ENBTR60008","Move to {-5499107.729384, -2250754.164082, 2310538.606898}","-",21.36918200,-157.74033646,"2026-08-04T04:23:42.000Z","UAV 3"
"ENBTR80007","Move to {-5499107.729384, -2250754.164082, 2310538.606898}","-",21.36937946,-157.74042320,"2026-08-04T04:23:42.000Z","UAV 3"
"ENBTR80005","Move to {-5499107.729384, -2250754.164082, 2310538.606898}","-",21.36932755,-157.74059570,"2026-08-04T04:23:42.000Z","UAV 3"
"ENBTR60004","Move to {-5499107.729384, -2250754.164082, 2310538.606898}","-",21.36911309,-157.74058514,"2026-08-04T04:23:42.000Z","UAV 3"
"ENBTR60005","Move to {-5499107.729384, -2250754.164082, 2310538.606898}","-",21.36946472,-157.74070866,"2026-08-04T04:23:42.000Z","UAV 3"
"ENM35003","Move to {-5499460.953457, -2250814.454542, 2309743.262342}","-",21.37363165,-157.73355428,"2026-08-04T04:23:42.000Z","UAV 3"
"ENM1A2003","Move to {-5499107.729384, -2250754.164082, 2310538.606898}","-",21.37397708,-157.74299836,"2026-08-04T04:23:43.000Z","UAV 3"
"FRTRK2004","Move to {-5498755.048693, -2250824.434840, 2311307.787782}","-",21.38823458,-157.74987172,"2026-08-04T04:23:43.000Z","UAV 3"
"ENT72007","Move to {-5499107.729384, -2250754.164082, 2310538.606898}","-",21.37186281,-157.74177688,"2026-08-04T04:23:43.000Z","UAV 3"
"ENT72003","Move to {-5499107.729384, -2250754.164082, 2310538.606898}","-",21.37210262,-157.74154360,"2026-08-04T04:23:43.000Z","UAV 3"
"ENMORT005","FFE-On-Location ""Location={-5499123.141030, -2250320.406046, 2311025.754248}""  Name of Weapons to Fire: Indirect-Fire-Gun:m9333he. Number-Of-Rounds: 1. Height-Above-Terrain: 0","-",21.37463885,-157.73701809,"2026-08-04T04:23:43.000Z","UAV 3"
"ENM1A2001","Move to {-5499107.729384, -2250754.164082, 2310538.606898}","-",21.37410362,-157.74267323,"2026-08-04T04:23:43.000Z","UAV 3"
"FRT80001","Move to {-5499315.048189, -2250231.003964, 2310734.853397}","-",21.37577420,-157.75256145,"2026-08-04T04:23:43.000Z","UAV 3"
"ENM1A2005","Move to {-5499107.729384, -2250754.164082, 2310538.606898}","-",21.37406347,-157.74270485,"2026-08-04T04:23:43.000Z","UAV 3"
"ENT72002","Move to {-5499107.729384, -2250754.164082, 2310538.606898}","-",21.37197460,-157.74152426,"2026-08-04T04:23:43.000Z","UAV 3"
"ENMORT004","FFE-On-Location ""Location={-5498511.672389, -2250935.799735, 2311770.746054}""  Name of Weapons to Fire: Indirect-Fire-Gun:m9333he. Number-Of-Rounds: 1. Height-Above-Terrain: 0","-",21.37449517,-157.73695548,"2026-08-04T04:23:43.000Z","UAV 3"
"FRTRK1001","Move to {-5498755.048693, -2250824.434840, 2311307.787782}","-",21.38841553,-157.74989668,"2026-08-04T04:23:43.000Z","UAV 3"
"ENT72005","Move to {-5499107.729384, -2250754.164082, 2310538.606898}","-",21.37197804,-157.74180944,"2026-08-04T04:23:43.000Z","UAV 3"
"ENM35004","Move to {-5499460.953457, -2250814.454542, 2309743.262342}","-",21.37324364,-157.73363897,"2026-08-04T04:23:43.000Z","UAV 3"
"ENGAZ001","Move to {-5499460.953457, -2250814.454542, 2309743.262342}","-",21.37350005,-157.73338670,"2026-08-04T04:23:43.000Z","UAV 3"
"ENT72001","Move to {-5499107.729384, -2250754.164082, 2310538.606898}","-",21.37209873,-157.74164885,"2026-08-04T04:23:43.000Z","UAV 3"
"ENM1A2002","Move to {-5499107.729384, -2250754.164082, 2310538.606898}","-",21.37420041,-157.74292473,"2026-08-04T04:23:43.000Z","UAV 3"
"ENT72009","Move to {-5499107.729384, -2250754.164082, 2310538.606898}","-",21.37179402,-157.74164248,"2026-08-04T04:23:43.000Z","UAV 3"
"ENT72004","Move to {-5499107.729384, -2250754.164082, 2310538.606898}","-",21.37220322,-157.74157738,"2026-08-04T04:23:43.000Z","UAV 3"
"ENM35001","Move to {-5499460.953457, -2250814.454542, 2309743.262342}","-",21.37317410,-157.73370265,"2026-08-04T04:23:43.000Z","UAV 3"
"ENT72010","Move to {-5499107.729384, -2250754.164082, 2310538.606898}","-",21.37219929,-157.74150382,"2026-08-04T04:23:43.000Z","UAV 3"
"FRTRK1005","Move to {-5498755.048693, -2250824.434840, 2311307.787782}","-",21.38815381,-157.74970809,"2026-08-04T04:23:43.000Z","UAV 3"
"ENT72006","Move to {-5499107.729384, -2250754.164082, 2310538.606898}","-",21.37212083,-157.74173338,"2026-08-04T04:23:43.000Z","UAV 3"
"ENMORT001","FFE-On-Location ""Location={-5499123.141030, -2250320.406046, 2311025.754248}""  Name of Weapons to Fire: Indirect-Fire-Gun:m9333he. Number-Of-Rounds: 1. Height-Above-Terrain: 0","-",21.37454920,-157.73726779,"2026-08-04T04:23:43.000Z","UAV 3"
"FRT80007","Move to {-5499315.048189, -2250231.003964, 2310734.853397}","-",21.37538422,-157.75257462,"2026-08-04T04:23:43.000Z","UAV 3"
"ENGAZ004","Move to {-5499460.953457, -2250814.454542, 2309743.262342}","-",21.37348246,-157.73378424,"2026-08-04T04:23:43.000Z","UAV 3"
"FRTRK2003","Move to {-5498755.048693, -2250824.434840, 2311307.787782}","-",21.38807970,-157.74980562,"2026-08-04T04:23:43.000Z","UAV 3"
"ENMORT003","FFE-On-Location ""Location={-5498358.113175, -2250865.429793, 2312201.552453}""  Name of Weapons to Fire: Indirect-Fire-Gun:m9333he. Number-Of-Rounds: 1. Height-Above-Terrain: 0","-",21.37448817,-157.73726715,"2026-08-04T04:23:43.000Z","UAV 3"
"ENM1A2004","Move to {-5499107.729384, -2250754.164082, 2310538.606898}","-",21.37410528,-157.74289907,"2026-08-04T04:23:43.000Z","UAV 3"
"ENT72008","Move to {-5499107.729384, -2250754.164082, 2310538.606898}","-",21.37204476,-157.74162142,"2026-08-04T04:23:43.000Z","UAV 3"
"ENBTR60006","Move to {-5499107.729384, -2250754.164082, 2310538.606898}","-",21.36964500,-157.74050547,"2026-08-04T04:23:43.000Z","UAV 3"
"ENBTR80004","Move to {-5499107.729384, -2250754.164082, 2310538.606898}","-",21.36959041,-157.74032150,"2026-08-04T04:23:43.000Z","UAV 3"
"ENBTR60003","Move to {-5499107.729384, -2250754.164082, 2310538.606898}","-",21.36952367,-157.74070425,"2026-08-04T04:23:43.000Z","UAV 3"
"ENBTR80001","Move to {-5499107.729384, -2250754.164082, 2310538.606898}","-",21.36930413,-157.74043295,"2026-08-04T04:23:43.000Z","UAV 3"
"ENM35002","Move to {-5499460.953457, -2250814.454542, 2309743.262342}","-",21.37343797,-157.73342091,"2026-08-04T04:23:43.000Z","UAV 3"
"ENBTR80003","Move to {-5499107.729384, -2250754.164082, 2310538.606898}","-",21.36922505,-157.74038604,"2026-08-04T04:23:43.000Z","UAV 3"
"ENBTR60002","Move to {-5499107.729384, -2250754.164082, 2310538.606898}","-",21.36941713,-157.74072142,"2026-08-04T04:23:43.000Z","UAV 3"
"ENBTR60007","Move to {-5499107.729384, -2250754.164082, 2310538.606898}","-",21.36951388,-157.74049010,"2026-08-04T04:23:43.000Z","UAV 3"
"ENBTR60008","Move to {-5499107.729384, -2250754.164082, 2310538.606898}","-",21.36935940,-157.74034803,"2026-08-04T04:23:43.000Z","UAV 3"
"ENBTR80007","Move to {-5499107.729384, -2250754.164082, 2310538.606898}","-",21.36955597,-157.74043338,"2026-08-04T04:23:43.000Z","UAV 3"
"ENBTR80005","Move to {-5499107.729384, -2250754.164082, 2310538.606898}","-",21.36950427,-157.74060274,"2026-08-04T04:23:43.000Z","UAV 3"
"ENBTR60004","Move to {-5499107.729384, -2250754.164082, 2310538.606898}","-",21.36929281,-157.74059233,"2026-08-04T04:23:43.000Z","UAV 3"
"ENBTR60005","Move to {-5499107.729384, -2250754.164082, 2310538.606898}","-",21.36964023,-157.74071371,"2026-08-04T04:23:43.000Z","UAV 3"
"ENM35003","Move to {-5499460.953457, -2250814.454542, 2309743.262342}","-",21.37358076,-157.73373532,"2026-08-04T04:23:43.000Z","UAV 3"
"FRTRK1003","Move to {-5498755.048693, -2250824.434840, 2311307.787782}","-",21.38826882,-157.74981404,"2026-08-04T04:23:43.000Z","UAV 3"
"FRT80002","Move to {-5499315.048189, -2250231.003964, 2310734.853397}","-",21.37561880,-157.75293425,"2026-08-04T04:23:43.000Z","UAV 3"
"ENM1A2003","Move to {-5499107.729384, -2250754.164082, 2310538.606898}","-",21.37397708,-157.74299836,"2026-08-04T04:23:44.000Z","UAV 3"
"FRTRK2004","Move to {-5498755.048693, -2250824.434840, 2311307.787782}","-",21.38823458,-157.74987172,"2026-08-04T04:23:44.000Z","UAV 3"
"ENT72007","Move to {-5499107.729384, -2250754.164082, 2310538.606898}","-",21.37186281,-157.74177688,"2026-08-04T04:23:44.000Z","UAV 3"
"ENT72003","Move to {-5499107.729384, -2250754.164082, 2310538.606898}","-",21.37210262,-157.74154360,"2026-08-04T04:23:44.000Z","UAV 3"
"ENMORT005","FFE-On-Location ""Location={-5499123.141030, -2250320.406046, 2311025.754248}""  Name of Weapons to Fire: Indirect-Fire-Gun:m9333he. Number-Of-Rounds: 1. Height-Above-Terrain: 0","-",21.37463885,-157.73701809,"2026-08-04T04:23:44.000Z","UAV 3"
"ENM1A2001","Move to {-5499107.729384, -2250754.164082, 2310538.606898}","-",21.37410362,-157.74267323,"2026-08-04T04:23:44.000Z","UAV 3"
"FRT80001","Move to {-5499315.048189, -2250231.003964, 2310734.853397}","-",21.37577420,-157.75256145,"2026-08-04T04:23:44.000Z","UAV 3"
"ENM1A2005","Move to {-5499107.729384, -2250754.164082, 2310538.606898}","-",21.37406347,-157.74270485,"2026-08-04T04:23:44.000Z","UAV 3"
"ENT72002","Move to {-5499107.729384, -2250754.164082, 2310538.606898}","-",21.37197460,-157.74152426,"2026-08-04T04:23:44.000Z","UAV 3"
"ENMORT004","FFE-On-Location ""Location={-5498511.672389, -2250935.799735, 2311770.746054}""  Name of Weapons to Fire: Indirect-Fire-Gun:m9333he. Number-Of-Rounds: 1. Height-Above-Terrain: 0","-",21.37449517,-157.73695548,"2026-08-04T04:23:44.000Z","UAV 3"
"FRTRK1001","Move to {-5498755.048693, -2250824.434840, 2311307.787782}","-",21.38841553,-157.74989668,"2026-08-04T04:23:44.000Z","UAV 3"
"ENT72005","Move to {-5499107.729384, -2250754.164082, 2310538.606898}","-",21.37197804,-157.74180944,"2026-08-04T04:23:44.000Z","UAV 3"
"ENM35004","Move to {-5499460.953457, -2250814.454542, 2309743.262342}","-",21.37324364,-157.73363897,"2026-08-04T04:23:44.000Z","UAV 3"
"ENGAZ001","Move to {-5499460.953457, -2250814.454542, 2309743.262342}","-",21.37350005,-157.73338670,"2026-08-04T04:23:44.000Z","UAV 3"
"ENT72001","Move to {-5499107.729384, -2250754.164082, 2310538.606898}","-",21.37209873,-157.74164885,"2026-08-04T04:23:44.000Z","UAV 3"
"ENM1A2002","Move to {-5499107.729384, -2250754.164082, 2310538.606898}","-",21.37420041,-157.74292473,"2026-08-04T04:23:44.000Z","UAV 3"
"ENT72009","Move to {-5499107.729384, -2250754.164082, 2310538.606898}","-",21.37179402,-157.74164248,"2026-08-04T04:23:44.000Z","UAV 3"
"ENT72004","Move to {-5499107.729384, -2250754.164082, 2310538.606898}","-",21.37220322,-157.74157738,"2026-08-04T04:23:44.000Z","UAV 3"
"ENM35001","Move to {-5499460.953457, -2250814.454542, 2309743.262342}","-",21.37317410,-157.73370265,"2026-08-04T04:23:44.000Z","UAV 3"
"ENT72010","Move to {-5499107.729384, -2250754.164082, 2310538.606898}","-",21.37219929,-157.74150382,"2026-08-04T04:23:44.000Z","UAV 3"
"FRTRK1005","Move to {-5498755.048693, -2250824.434840, 2311307.787782}","-",21.38815381,-157.74970809,"2026-08-04T04:23:44.000Z","UAV 3"
"ENT72006","Move to {-5499107.729384, -2250754.164082, 2310538.606898}","-",21.37212083,-157.74173338,"2026-08-04T04:23:44.000Z","UAV 3"
"ENMORT001","FFE-On-Location ""Location={-5499123.141030, -2250320.406046, 2311025.754248}""  Name of Weapons to Fire: Indirect-Fire-Gun:m9333he. Number-Of-Rounds: 1. Height-Above-Terrain: 0","-",21.37454920,-157.73726779,"2026-08-04T04:23:44.000Z","UAV 3"
"FRT80007","Move to {-5499315.048189, -2250231.003964, 2310734.853397}","-",21.37538422,-157.75257462,"2026-08-04T04:23:44.000Z","UAV 3"
"ENGAZ004","Move to {-5499460.953457, -2250814.454542, 2309743.262342}","-",21.37348246,-157.73378424,"2026-08-04T04:23:44.000Z","UAV 3"
"FRTRK2003","Move to {-5498755.048693, -2250824.434840, 2311307.787782}","-",21.38807970,-157.74980562,"2026-08-04T04:23:44.000Z","UAV 3"
"ENMORT003","FFE-On-Location ""Location={-5498358.113175, -2250865.429793, 2312201.552453}""  Name of Weapons to Fire: Indirect-Fire-Gun:m9333he. Number-Of-Rounds: 1. Height-Above-Terrain: 0","-",21.37448817,-157.73726715,"2026-08-04T04:23:44.000Z","UAV 3"
"ENM1A2004","Move to {-5499107.729384, -2250754.164082, 2310538.606898}","-",21.37410528,-157.74289907,"2026-08-04T04:23:44.000Z","UAV 3"
"ENT72008","Move to {-5499107.729384, -2250754.164082, 2310538.606898}","-",21.37204476,-157.74162142,"2026-08-04T04:23:44.000Z","UAV 3"
"ENBTR60006","Move to {-5499107.729384, -2250754.164082, 2310538.606898}","-",21.36964500,-157.74050547,"2026-08-04T04:23:44.000Z","UAV 3"
"ENBTR80004","Move to {-5499107.729384, -2250754.164082, 2310538.606898}","-",21.36959041,-157.74032150,"2026-08-04T04:23:44.000Z","UAV 3"
"ENBTR60003","Move to {-5499107.729384, -2250754.164082, 2310538.606898}","-",21.36952367,-157.74070425,"2026-08-04T04:23:44.000Z","UAV 3"
"ENBTR80001","Move to {-5499107.729384, -2250754.164082, 2310538.606898}","-",21.36930413,-157.74043295,"2026-08-04T04:23:44.000Z","UAV 3"
"ENM35002","Move to {-5499460.953457, -2250814.454542, 2309743.262342}","-",21.37343797,-157.73342091,"2026-08-04T04:23:44.000Z","UAV 3"
"ENBTR80003","Move to {-5499107.729384, -2250754.164082, 2310538.606898}","-",21.36922505,-157.74038604,"2026-08-04T04:23:44.000Z","UAV 3"
"ENBTR60002","Move to {-5499107.729384, -2250754.164082, 2310538.606898}","-",21.36941713,-157.74072142,"2026-08-04T04:23:44.000Z","UAV 3"
"ENBTR60007","Move to {-5499107.729384, -2250754.164082, 2310538.606898}","-",21.36951388,-157.74049010,"2026-08-04T04:23:44.000Z","UAV 3"
"ENBTR60008","Move to {-5499107.729384, -2250754.164082, 2310538.606898}","-",21.36935940,-157.74034803,"2026-08-04T04:23:44.000Z","UAV 3"
"ENBTR80007","Move to {-5499107.729384, -2250754.164082, 2310538.606898}","-",21.36955597,-157.74043338,"2026-08-04T04:23:44.000Z","UAV 3"
"ENBTR80005","Move to {-5499107.729384, -2250754.164082, 2310538.606898}","-",21.36950427,-157.74060274,"2026-08-04T04:23:44.000Z","UAV 3"
"ENBTR60004","Move to {-5499107.729384, -2250754.164082, 2310538.606898}","-",21.36929281,-157.74059233,"2026-08-04T04:23:44.000Z","UAV 3"
"ENBTR60005","Move to {-5499107.729384, -2250754.164082, 2310538.606898}","-",21.36964023,-157.74071371,"2026-08-04T04:23:44.000Z","UAV 3"
"ENM35003","Move to {-5499460.953457, -2250814.454542, 2309743.262342}","-",21.37358076,-157.73373532,"2026-08-04T04:23:44.000Z","UAV 3"
"FRTRK1003","Move to {-5498755.048693, -2250824.434840, 2311307.787782}","-",21.38826882,-157.74981404,"2026-08-04T04:23:44.000Z","UAV 3"
"FRT80002","Move to {-5499315.048189, -2250231.003964, 2310734.853397}","-",21.37561880,-157.75293425,"2026-08-04T04:23:44.000Z","UAV 3"
"ENM1A2003","Move to {-5499107.729384, -2250754.164082, 2310538.606898}","-",21.37397708,-157.74299836,"2026-08-04T04:23:45.000Z","UAV 3"
"FRTRK2004","Move to {-5498755.048693, -2250824.434840, 2311307.787782}","-",21.38823458,-157.74987172,"2026-08-04T04:23:45.000Z","UAV 3"
"ENT72007","Move to {-5499107.729384, -2250754.164082, 2310538.606898}","-",21.37186281,-157.74177688,"2026-08-04T04:23:45.000Z","UAV 3"
"ENT72003","Move to {-5499107.729384, -2250754.164082, 2310538.606898}","-",21.37210262,-157.74154360,"2026-08-04T04:23:45.000Z","UAV 3"
"ENMORT005","FFE-On-Location ""Location={-5499123.141030, -2250320.406046, 2311025.754248}""  Name of Weapons to Fire: Indirect-Fire-Gun:m9333he. Number-Of-Rounds: 1. Height-Above-Terrain: 0","-",21.37463885,-157.73701809,"2026-08-04T04:23:45.000Z","UAV 3"
"ENM1A2001","Move to {-5499107.729384, -2250754.164082, 2310538.606898}","-",21.37410362,-157.74267323,"2026-08-04T04:23:45.000Z","UAV 3"
"FRT80001","Move to {-5499315.048189, -2250231.003964, 2310734.853397}","-",21.37577420,-157.75256145,"2026-08-04T04:23:45.000Z","UAV 3"
"ENM1A2005","Move to {-5499107.729384, -2250754.164082, 2310538.606898}","-",21.37406347,-157.74270485,"2026-08-04T04:23:45.000Z","UAV 3"
"ENT72002","Move to {-5499107.729384, -2250754.164082, 2310538.606898}","-",21.37197460,-157.74152426,"2026-08-04T04:23:45.000Z","UAV 3"
"ENMORT004","FFE-On-Location ""Location={-5498511.672389, -2250935.799735, 2311770.746054}""  Name of Weapons to Fire: Indirect-Fire-Gun:m9333he. Number-Of-Rounds: 1. Height-Above-Terrain: 0","-",21.37449517,-157.73695548,"2026-08-04T04:23:45.000Z","UAV 3"
"FRTRK1001","Move to {-5498755.048693, -2250824.434840, 2311307.787782}","-",21.38841553,-157.74989668,"2026-08-04T04:23:45.000Z","UAV 3"
"ENT72005","Move to {-5499107.729384, -2250754.164082, 2310538.606898}","-",21.37197804,-157.74180944,"2026-08-04T04:23:45.000Z","UAV 3"
"ENM35004","Move to {-5499460.953457, -2250814.454542, 2309743.262342}","-",21.37324364,-157.73363897,"2026-08-04T04:23:45.000Z","UAV 3"
"ENGAZ001","Move to {-5499460.953457, -2250814.454542, 2309743.262342}","-",21.37350005,-157.73338670,"2026-08-04T04:23:45.000Z","UAV 3"
"ENT72001","Move to {-5499107.729384, -2250754.164082, 2310538.606898}","-",21.37209873,-157.74164885,"2026-08-04T04:23:45.000Z","UAV 3"
"ENM1A2002","Move to {-5499107.729384, -2250754.164082, 2310538.606898}","-",21.37420041,-157.74292473,"2026-08-04T04:23:45.000Z","UAV 3"
"ENT72009","Move to {-5499107.729384, -2250754.164082, 2310538.606898}","-",21.37179402,-157.74164248,"2026-08-04T04:23:45.000Z","UAV 3"
"ENT72004","Move to {-5499107.729384, -2250754.164082, 2310538.606898}","-",21.37220322,-157.74157738,"2026-08-04T04:23:45.000Z","UAV 3"
"ENM35001","Move to {-5499460.953457, -2250814.454542, 2309743.262342}","-",21.37317410,-157.73370265,"2026-08-04T04:23:45.000Z","UAV 3"
"ENT72010","Move to {-5499107.729384, -2250754.164082, 2310538.606898}","-",21.37219929,-157.74150382,"2026-08-04T04:23:45.000Z","UAV 3"
"FRTRK1005","Move to {-5498755.048693, -2250824.434840, 2311307.787782}","-",21.38815381,-157.74970809,"2026-08-04T04:23:45.000Z","UAV 3"
"ENT72006","Move to {-5499107.729384, -2250754.164082, 2310538.606898}","-",21.37212083,-157.74173338,"2026-08-04T04:23:45.000Z","UAV 3"
"ENMORT001","FFE-On-Location ""Location={-5499123.141030, -2250320.406046, 2311025.754248}""  Name of Weapons to Fire: Indirect-Fire-Gun:m9333he. Number-Of-Rounds: 1. Height-Above-Terrain: 0","-",21.37454920,-157.73726779,"2026-08-04T04:23:45.000Z","UAV 3"
"FRT80007","Move to {-5499315.048189, -2250231.003964, 2310734.853397}","-",21.37538422,-157.75257462,"2026-08-04T04:23:45.000Z","UAV 3"
"ENGAZ004","Move to {-5499460.953457, -2250814.454542, 2309743.262342}","-",21.37348246,-157.73378424,"2026-08-04T04:23:45.000Z","UAV 3"
"FRTRK2003","Move to {-5498755.048693, -2250824.434840, 2311307.787782}","-",21.38807970,-157.74980562,"2026-08-04T04:23:45.000Z","UAV 3"
"ENMORT003","FFE-On-Location ""Location={-5498358.113175, -2250865.429793, 2312201.552453}""  Name of Weapons to Fire: Indirect-Fire-Gun:m9333he. Number-Of-Rounds: 1. Height-Above-Terrain: 0","-",21.37448817,-157.73726715,"2026-08-04T04:23:45.000Z","UAV 3"
"ENM1A2004","Move to {-5499107.729384, -2250754.164082, 2310538.606898}","-",21.37410528,-157.74289907,"2026-08-04T04:23:45.000Z","UAV 3"
"ENT72008","Move to {-5499107.729384, -2250754.164082, 2310538.606898}","-",21.37204476,-157.74162142,"2026-08-04T04:23:45.000Z","UAV 3"
"ENBTR60006","Move to {-5499107.729384, -2250754.164082, 2310538.606898}","-",21.36964500,-157.74050547,"2026-08-04T04:23:45.000Z","UAV 3"
"ENBTR80004","Move to {-5499107.729384, -2250754.164082, 2310538.606898}","-",21.36959041,-157.74032150,"2026-08-04T04:23:45.000Z","UAV 3"
"ENBTR60003","Move to {-5499107.729384, -2250754.164082, 2310538.606898}","-",21.36952367,-157.74070425,"2026-08-04T04:23:45.000Z","UAV 3"
"ENBTR80001","Move to {-5499107.729384, -2250754.164082, 2310538.606898}","-",21.36930413,-157.74043295,"2026-08-04T04:23:45.000Z","UAV 3"
"ENM35002","Move to {-5499460.953457, -2250814.454542, 2309743.262342}","-",21.37343797,-157.73342091,"2026-08-04T04:23:45.000Z","UAV 3"
"ENBTR80003","Move to {-5499107.729384, -2250754.164082, 2310538.606898}","-",21.36922505,-157.74038604,"2026-08-04T04:23:45.000Z","UAV 3"
"ENBTR60002","Move to {-5499107.729384, -2250754.164082, 2310538.606898}","-",21.36941713,-157.74072142,"2026-08-04T04:23:45.000Z","UAV 3"
"ENBTR60007","Move to {-5499107.729384, -2250754.164082, 2310538.606898}","-",21.36951388,-157.74049010,"2026-08-04T04:23:45.000Z","UAV 3"
"ENBTR60008","Move to {-5499107.729384, -2250754.164082, 2310538.606898}","-",21.36935940,-157.74034803,"2026-08-04T04:23:45.000Z","UAV 3"
"ENBTR80007","Move to {-5499107.729384, -2250754.164082, 2310538.606898}","-",21.36955597,-157.74043338,"2026-08-04T04:23:45.000Z","UAV 3"
"ENBTR80005","Move to {-5499107.729384, -2250754.164082, 2310538.606898}","-",21.36950427,-157.74060274,"2026-08-04T04:23:45.000Z","UAV 3"
"ENBTR60004","Move to {-5499107.729384, -2250754.164082, 2310538.606898}","-",21.36929281,-157.74059233,"2026-08-04T04:23:45.000Z","UAV 3"
"ENBTR60005","Move to {-5499107.729384, -2250754.164082, 2310538.606898}","-",21.36964023,-157.74071371,"2026-08-04T04:23:45.000Z","UAV 3"
"ENM35003","Move to {-5499460.953457, -2250814.454542, 2309743.262342}","-",21.37358076,-157.73373532,"2026-08-04T04:23:45.000Z","UAV 3"
"FRTRK1003","Move to {-5498755.048693, -2250824.434840, 2311307.787782}","-",21.38826882,-157.74981404,"2026-08-04T04:23:45.000Z","UAV 3"
"FRT80002","Move to {-5499315.048189, -2250231.003964, 2310734.853397}","-",21.37561880,-157.75293425,"2026-08-04T04:23:45.000Z","UAV 3"
"ENM1A2003","Move to {-5499107.729384, -2250754.164082, 2310538.606898}","-",21.37397708,-157.74299836,"2026-08-04T04:23:45.000Z","UAV 3"
"FRTRK2004","Move to {-5498755.048693, -2250824.434840, 2311307.787782}","-",21.38823458,-157.74987172,"2026-08-04T04:23:45.000Z","UAV 3"
"ENT72007","Move to {-5499107.729384, -2250754.164082, 2310538.606898}","-",21.37186281,-157.74177688,"2026-08-04T04:23:45.000Z","UAV 3"
"ENT72003","Move to {-5499107.729384, -2250754.164082, 2310538.606898}","-",21.37210262,-157.74154360,"2026-08-04T04:23:45.000Z","UAV 3"
"ENMORT005","None","-",21.37463885,-157.73701809,"2026-08-04T04:23:45.000Z","UAV 3"
"ENM1A2001","Move to {-5499107.729384, -2250754.164082, 2310538.606898}","-",21.37410362,-157.74267323,"2026-08-04T04:23:45.000Z","UAV 3"
"FRT80001","Move to {-5499315.048189, -2250231.003964, 2310734.853397}","-",21.37577420,-157.75256145,"2026-08-04T04:23:45.000Z","UAV 3"
"ENM1A2005","Move to {-5499107.729384, -2250754.164082, 2310538.606898}","-",21.37406347,-157.74270485,"2026-08-04T04:23:45.000Z","UAV 3"
"ENT72002","Move to {-5499107.729384, -2250754.164082, 2310538.606898}","-",21.37197460,-157.74152426,"2026-08-04T04:23:45.000Z","UAV 3"
"ENMORT004","None","-",21.37449517,-157.73695548,"2026-08-04T04:23:45.000Z","UAV 3"
"FRTRK1001","Move to {-5498755.048693, -2250824.434840, 2311307.787782}","-",21.38841553,-157.74989668,"2026-08-04T04:23:45.000Z","UAV 3"
"ENT72005","Move to {-5499107.729384, -2250754.164082, 2310538.606898}","-",21.37197804,-157.74180944,"2026-08-04T04:23:45.000Z","UAV 3"
"ENM35004","Move to {-5499460.953457, -2250814.454542, 2309743.262342}","-",21.37324364,-157.73363897,"2026-08-04T04:23:45.000Z","UAV 3"
"ENGAZ001","Move to {-5499460.953457, -2250814.454542, 2309743.262342}","-",21.37350005,-157.73338670,"2026-08-04T04:23:45.000Z","UAV 3"
"ENT72001","Move to {-5499107.729384, -2250754.164082, 2310538.606898}","-",21.37209873,-157.74164885,"2026-08-04T04:23:45.000Z","UAV 3"
"ENM1A2002","Move to {-5499107.729384, -2250754.164082, 2310538.606898}","-",21.37420041,-157.74292473,"2026-08-04T04:23:45.000Z","UAV 3"
"ENT72009","Move to {-5499107.729384, -2250754.164082, 2310538.606898}","-",21.37179402,-157.74164248,"2026-08-04T04:23:45.000Z","UAV 3"
"ENT72004","Move to {-5499107.729384, -2250754.164082, 2310538.606898}","-",21.37220322,-157.74157738,"2026-08-04T04:23:45.000Z","UAV 3"
"ENM35001","Move to {-5499460.953457, -2250814.454542, 2309743.262342}","-",21.37317410,-157.73370265,"2026-08-04T04:23:45.000Z","UAV 3"
"ENT72010","Move to {-5499107.729384, -2250754.164082, 2310538.606898}","-",21.37219929,-157.74150382,"2026-08-04T04:23:45.000Z","UAV 3"
"FRTRK1005","Move to {-5498755.048693, -2250824.434840, 2311307.787782}","-",21.38815381,-157.74970809,"2026-08-04T04:23:45.000Z","UAV 3"
"ENT72006","Move to {-5499107.729384, -2250754.164082, 2310538.606898}","-",21.37212083,-157.74173338,"2026-08-04T04:23:45.000Z","UAV 3"
"ENMORT001","None","-",21.37454920,-157.73726779,"2026-08-04T04:23:45.000Z","UAV 3"
"FRT80007","Move to {-5499315.048189, -2250231.003964, 2310734.853397}","-",21.37538422,-157.75257462,"2026-08-04T04:23:45.000Z","UAV 3"
"ENGAZ004","Move to {-5499460.953457, -2250814.454542, 2309743.262342}","-",21.37348246,-157.73378424,"2026-08-04T04:23:45.000Z","UAV 3"
"FRTRK2003","Move to {-5498755.048693, -2250824.434840, 2311307.787782}","-",21.38807970,-157.74980562,"2026-08-04T04:23:45.000Z","UAV 3"
"ENMORT003","None","-",21.37448817,-157.73726715,"2026-08-04T04:23:45.000Z","UAV 3"
"ENM1A2004","Move to {-5499107.729384, -2250754.164082, 2310538.606898}","-",21.37410528,-157.74289907,"2026-08-04T04:23:45.000Z","UAV 3"
"ENT72008","Move to {-5499107.729384, -2250754.164082, 2310538.606898}","-",21.37204476,-157.74162142,"2026-08-04T04:23:45.000Z","UAV 3"
"ENBTR60006","Move to {-5499107.729384, -2250754.164082, 2310538.606898}","-",21.36964500,-157.74050547,"2026-08-04T04:23:45.000Z","UAV 3"
"ENBTR80004","Move to {-5499107.729384, -2250754.164082, 2310538.606898}","-",21.36959041,-157.74032150,"2026-08-04T04:23:45.000Z","UAV 3"
"ENBTR60003","Move to {-5499107.729384, -2250754.164082, 2310538.606898}","-",21.36952367,-157.74070425,"2026-08-04T04:23:45.000Z","UAV 3"
"ENBTR80001","Move to {-5499107.729384, -2250754.164082, 2310538.606898}","-",21.36930413,-157.74043295,"2026-08-04T04:23:45.000Z","UAV 3"
"ENM35002","Move to {-5499460.953457, -2250814.454542, 2309743.262342}","-",21.37343797,-157.73342091,"2026-08-04T04:23:45.000Z","UAV 3"
"ENBTR80003","Move to {-5499107.729384, -2250754.164082, 2310538.606898}","-",21.36922505,-157.74038604,"2026-08-04T04:23:45.000Z","UAV 3"
"ENBTR60002","Move to {-5499107.729384, -2250754.164082, 2310538.606898}","-",21.36941713,-157.74072142,"2026-08-04T04:23:45.000Z","UAV 3"
"ENBTR60007","Move to {-5499107.729384, -2250754.164082, 2310538.606898}","-",21.36951388,-157.74049010,"2026-08-04T04:23:45.000Z","UAV 3"
"ENBTR60008","Move to {-5499107.729384, -2250754.164082, 2310538.606898}","-",21.36935940,-157.74034803,"2026-08-04T04:23:45.000Z","UAV 3"
"ENBTR80007","Move to {-5499107.729384, -2250754.164082, 2310538.606898}","-",21.36955597,-157.74043338,"2026-08-04T04:23:45.000Z","UAV 3"
"ENBTR80005","Move to {-5499107.729384, -2250754.164082, 2310538.606898}","-",21.36950427,-157.74060274,"2026-08-04T04:23:45.000Z","UAV 3"
"ENBTR60004","Move to {-5499107.729384, -2250754.164082, 2310538.606898}","-",21.36929281,-157.74059233,"2026-08-04T04:23:45.000Z","UAV 3"
"ENBTR60005","Move to {-5499107.729384, -2250754.164082, 2310538.606898}","-",21.36964023,-157.74071371,"2026-08-04T04:23:45.000Z","UAV 3"
"ENM35003","Move to {-5499460.953457, -2250814.454542, 2309743.262342}","-",21.37358076,-157.73373532,"2026-08-04T04:23:45.000Z","UAV 3"
"FRTRK1003","Move to {-5498755.048693, -2250824.434840, 2311307.787782}","-",21.38826882,-157.74981404,"2026-08-04T04:23:45.000Z","UAV 3"
"FRT80002","Move to {-5499315.048189, -2250231.003964, 2310734.853397}","-",21.37561880,-157.75293425,"2026-08-04T04:23:45.000Z","UAV 3"
"ENM1A2003","Move to {-5499107.729384, -2250754.164082, 2310538.606898}","-",21.37415434,-157.74292975,"2026-08-04T04:23:46.000Z","UAV 3"
"FRTRK2004","Move to {-5498755.048693, -2250824.434840, 2311307.787782}","-",21.38820524,-157.74967467,"2026-08-04T04:23:46.000Z","UAV 3"
"ENT72007","Move to {-5499107.729384, -2250754.164082, 2310538.606898}","-",21.37204811,-157.74175687,"2026-08-04T04:23:46.000Z","UAV 3"
"ENT72003","Move to {-5499107.729384, -2250754.164082, 2310538.606898}","-",21.37229256,-157.74152867,"2026-08-04T04:23:46.000Z","UAV 3"
"ENMORT005","None","-",21.37463885,-157.73701809,"2026-08-04T04:23:46.000Z","UAV 3"
"ENM1A2001","Move to {-5499107.729384, -2250754.164082, 2310538.606898}","-",21.37427969,-157.74261467,"2026-08-04T04:23:46.000Z","UAV 3"
"FRT80001","Move to {-5499315.048189, -2250231.003964, 2310734.853397}","-",21.37589681,-157.75241272,"2026-08-04T04:23:46.000Z","UAV 3"
"ENM1A2005","Move to {-5499107.729384, -2250754.164082, 2310538.606898}","-",21.37423848,-157.74264602,"2026-08-04T04:23:46.000Z","UAV 3"
"ENT72002","Move to {-5499107.729384, -2250754.164082, 2310538.606898}","-",21.37216276,-157.74151023,"2026-08-04T04:23:46.000Z","UAV 3"
"ENMORT004","None","-",21.37449517,-157.73695548,"2026-08-04T04:23:46.000Z","UAV 3"
"FRTRK1001","Move to {-5498755.048693, -2250824.434840, 2311307.787782}","-",21.38838089,-157.74968707,"2026-08-04T04:23:46.000Z","UAV 3"
"ENT72005","Move to {-5499107.729384, -2250754.164082, 2310538.606898}","-",21.37217600,-157.74178683,"2026-08-04T04:23:46.000Z","UAV 3"
"ENM35004","Move to {-5499460.953457, -2250814.454542, 2309743.262342}","-",21.37319415,-157.73384853,"2026-08-04T04:23:46.000Z","UAV 3"
"ENGAZ001","Move to {-5499460.953457, -2250814.454542, 2309743.262342}","-",21.37344670,-157.73359214,"2026-08-04T04:23:46.000Z","UAV 3"
"ENT72001","Move to {-5499107.729384, -2250754.164082, 2310538.606898}","-",21.37229670,-157.74163034,"2026-08-04T04:23:46.000Z","UAV 3"
"ENM1A2002","Move to {-5499107.729384, -2250754.164082, 2310538.606898}","-",21.37438715,-157.74285196,"2026-08-04T04:23:46.000Z","UAV 3"
"ENT72009","Move to {-5499107.729384, -2250754.164082, 2310538.606898}","-",21.37199365,-157.74162477,"2026-08-04T04:23:46.000Z","UAV 3"
"ENT72004","Move to {-5499107.729384, -2250754.164082, 2310538.606898}","-",21.37240290,-157.74156049,"2026-08-04T04:23:46.000Z","UAV 3"
"ENM35001","Move to {-5499460.953457, -2250814.454542, 2309743.262342}","-",21.37312596,-157.73391250,"2026-08-04T04:23:46.000Z","UAV 3"
"ENT72010","Move to {-5499107.729384, -2250754.164082, 2310538.606898}","-",21.37239681,-157.74148920,"2026-08-04T04:23:46.000Z","UAV 3"
"FRTRK1005","Move to {-5498755.048693, -2250824.434840, 2311307.787782}","-",21.38812371,-157.74949842,"2026-08-04T04:23:46.000Z","UAV 3"
"ENT72006","Move to {-5499107.729384, -2250754.164082, 2310538.606898}","-",21.37232245,-157.74171206,"2026-08-04T04:23:46.000Z","UAV 3"
"ENMORT001","None","-",21.37454920,-157.73726779,"2026-08-04T04:23:46.000Z","UAV 3"
"FRT80007","Move to {-5499315.048189, -2250231.003964, 2310734.853397}","-",21.37551868,-157.75242284,"2026-08-04T04:23:46.000Z","UAV 3"
"ENGAZ004","Move to {-5499460.953457, -2250814.454542, 2309743.262342}","-",21.37342732,-157.73398807,"2026-08-04T04:23:46.000Z","UAV 3"
"FRTRK2003","Move to {-5498755.048693, -2250824.434840, 2311307.787782}","-",21.38805103,-157.74959379,"2026-08-04T04:23:46.000Z","UAV 3"
"ENMORT003","None","-",21.37448817,-157.73726715,"2026-08-04T04:23:46.000Z","UAV 3"
"ENM1A2004","Move to {-5499107.729384, -2250754.164082, 2310538.606898}","-",21.37429232,-157.74282850,"2026-08-04T04:23:46.000Z","UAV 3"
"ENT72008","Move to {-5499107.729384, -2250754.164082, 2310538.606898}","-",21.37223335,-157.74160466,"2026-08-04T04:23:46.000Z","UAV 3"
"ENBTR60006","Move to {-5499107.729384, -2250754.164082, 2310538.606898}","-",21.36984251,-157.74051547,"2026-08-04T04:23:46.000Z","UAV 3"
"ENBTR80004","Move to {-5499107.729384, -2250754.164082, 2310538.606898}","-",21.36978866,-157.74033528,"2026-08-04T04:23:46.000Z","UAV 3"
"ENBTR60003","Move to {-5499107.729384, -2250754.164082, 2310538.606898}","-",21.36972036,-157.74071003,"2026-08-04T04:23:46.000Z","UAV 3"
"ENBTR80001","Move to {-5499107.729384, -2250754.164082, 2310538.606898}","-",21.36950058,-157.74044400,"2026-08-04T04:23:46.000Z","UAV 3"
"ENM35002","Move to {-5499460.953457, -2250814.454542, 2309743.262342}","-",21.37338521,-157.73362917,"2026-08-04T04:23:46.000Z","UAV 3"
"ENBTR80003","Move to {-5499107.729384, -2250754.164082, 2310538.606898}","-",21.36942236,-157.74039798,"2026-08-04T04:23:46.000Z","UAV 3"
"ENBTR60002","Move to {-5499107.729384, -2250754.164082, 2310538.606898}","-",21.36961487,-157.74072682,"2026-08-04T04:23:46.000Z","UAV 3"
"ENBTR60007","Move to {-5499107.729384, -2250754.164082, 2310538.606898}","-",21.36971124,-157.74050027,"2026-08-04T04:23:46.000Z","UAV 3"
"ENBTR60008","Move to {-5499107.729384, -2250754.164082, 2310538.606898}","-",21.36955512,-157.74036079,"2026-08-04T04:23:46.000Z","UAV 3"
"ENBTR80007","Move to {-5499107.729384, -2250754.164082, 2310538.606898}","-",21.36975381,-157.74044479,"2026-08-04T04:23:46.000Z","UAV 3"
"ENBTR80005","Move to {-5499107.729384, -2250754.164082, 2310538.606898}","-",21.36970240,-157.74061063,"2026-08-04T04:23:46.000Z","UAV 3"
"ENBTR60004","Move to {-5499107.729384, -2250754.164082, 2310538.606898}","-",21.36949097,-157.74060027,"2026-08-04T04:23:46.000Z","UAV 3"
"ENBTR60005","Move to {-5499107.729384, -2250754.164082, 2310538.606898}","-",21.36983468,-157.74071930,"2026-08-04T04:23:46.000Z","UAV 3"
"ENM35003","Move to {-5499460.953457, -2250814.454542, 2309743.262342}","-",21.37352280,-157.73394149,"2026-08-04T04:23:46.000Z","UAV 3"
"FRT80002","Move to {-5499315.048189, -2250231.003964, 2310734.853397}","-",21.37574067,-157.75278211,"2026-08-04T04:23:46.000Z","UAV 3"
"ENGAZ002","Move to {-5499460.953457, -2250814.454542, 2309743.262342}","-",21.37355282,-157.73395295,"2026-08-04T04:23:46.000Z","UAV 3"
"ENGAZ003","Move to {-5499460.953457, -2250814.454542, 2309743.262342}","-",21.37344209,-157.73406075,"2026-08-04T04:23:46.000Z","UAV 3"
"M933HE 1","None","-",21.37467759,-157.73704979,"2026-08-04T04:23:46.000Z","UAV 3"
"M933HE 2","None","-",21.37456139,-157.73695559,"2026-08-04T04:23:46.000Z","UAV 3"
"M933HE 4","None","-",21.37458811,-157.73729977,"2026-08-04T04:23:46.000Z","UAV 3"
"M933HE 5","None","-",21.37453464,-157.73697636,"2026-08-04T04:23:46.000Z","UAV 3"
"M933HE 7","None","-",21.37457345,-157.73726804,"2026-08-04T04:23:46.000Z","UAV 3"
"ENM1A2003","Move to {-5499107.729384, -2250754.164082, 2310538.606898}","-",21.37415434,-157.74292975,"2026-08-04T04:23:46.000Z","UAV 3"
"FRTRK2004","Move to {-5498755.048693, -2250824.434840, 2311307.787782}","-",21.38820524,-157.74967467,"2026-08-04T04:23:46.000Z","UAV 3"
"ENT72007","Move to {-5499107.729384, -2250754.164082, 2310538.606898}","-",21.37204811,-157.74175687,"2026-08-04T04:23:46.000Z","UAV 3"
"ENT72003","Move to {-5499107.729384, -2250754.164082, 2310538.606898}","-",21.37229256,-157.74152867,"2026-08-04T04:23:46.000Z","UAV 3"
"ENMORT005","None","-",21.37463885,-157.73701809,"2026-08-04T04:23:46.000Z","UAV 3"
"ENM1A2001","Move to {-5499107.729384, -2250754.164082, 2310538.606898}","-",21.37427969,-157.74261467,"2026-08-04T04:23:46.000Z","UAV 3"
"FRT80001","Move to {-5499315.048189, -2250231.003964, 2310734.853397}","-",21.37589681,-157.75241272,"2026-08-04T04:23:46.000Z","UAV 3"
"ENM1A2005","Move to {-5499107.729384, -2250754.164082, 2310538.606898}","-",21.37423848,-157.74264602,"2026-08-04T04:23:46.000Z","UAV 3"
"ENT72002","Move to {-5499107.729384, -2250754.164082, 2310538.606898}","-",21.37216276,-157.74151023,"2026-08-04T04:23:46.000Z","UAV 3"
"ENMORT004","None","-",21.37449517,-157.73695548,"2026-08-04T04:23:46.000Z","UAV 3"
"FRTRK1001","Move to {-5498755.048693, -2250824.434840, 2311307.787782}","-",21.38838089,-157.74968707,"2026-08-04T04:23:46.000Z","UAV 3"
"ENT72005","Move to {-5499107.729384, -2250754.164082, 2310538.606898}","-",21.37217600,-157.74178683,"2026-08-04T04:23:46.000Z","UAV 3"
"ENM35004","Move to {-5499460.953457, -2250814.454542, 2309743.262342}","-",21.37319415,-157.73384853,"2026-08-04T04:23:46.000Z","UAV 3"
"ENGAZ001","Move to {-5499460.953457, -2250814.454542, 2309743.262342}","-",21.37344670,-157.73359214,"2026-08-04T04:23:46.000Z","UAV 3"
"ENT72001","Move to {-5499107.729384, -2250754.164082, 2310538.606898}","-",21.37229670,-157.74163034,"2026-08-04T04:23:46.000Z","UAV 3"
"ENM1A2002","Move to {-5499107.729384, -2250754.164082, 2310538.606898}","-",21.37438715,-157.74285196,"2026-08-04T04:23:46.000Z","UAV 3"
"ENT72009","Move to {-5499107.729384, -2250754.164082, 2310538.606898}","-",21.37199365,-157.74162477,"2026-08-04T04:23:46.000Z","UAV 3"
"ENT72004","Move to {-5499107.729384, -2250754.164082, 2310538.606898}","-",21.37240290,-157.74156049,"2026-08-04T04:23:46.000Z","UAV 3"
"ENM35001","Move to {-5499460.953457, -2250814.454542, 2309743.262342}","-",21.37312596,-157.73391250,"2026-08-04T04:23:46.000Z","UAV 3"
"ENT72010","Move to {-5499107.729384, -2250754.164082, 2310538.606898}","-",21.37239681,-157.74148920,"2026-08-04T04:23:46.000Z","UAV 3"
"FRTRK1005","Move to {-5498755.048693, -2250824.434840, 2311307.787782}","-",21.38812371,-157.74949842,"2026-08-04T04:23:46.000Z","UAV 3"
"ENT72006","Move to {-5499107.729384, -2250754.164082, 2310538.606898}","-",21.37232245,-157.74171206,"2026-08-04T04:23:46.000Z","UAV 3"
"ENMORT001","None","-",21.37454920,-157.73726779,"2026-08-04T04:23:46.000Z","UAV 3"
"FRT80007","Move to {-5499315.048189, -2250231.003964, 2310734.853397}","-",21.37551868,-157.75242284,"2026-08-04T04:23:46.000Z","UAV 3"
"ENGAZ004","Move to {-5499460.953457, -2250814.454542, 2309743.262342}","-",21.37342732,-157.73398807,"2026-08-04T04:23:46.000Z","UAV 3"
"FRTRK2003","Move to {-5498755.048693, -2250824.434840, 2311307.787782}","-",21.38805103,-157.74959379,"2026-08-04T04:23:46.000Z","UAV 3"
"ENMORT003","None","-",21.37448817,-157.73726715,"2026-08-04T04:23:46.000Z","UAV 3"
"ENM1A2004","Move to {-5499107.729384, -2250754.164082, 2310538.606898}","-",21.37429232,-157.74282850,"2026-08-04T04:23:46.000Z","UAV 3"
"ENT72008","Move to {-5499107.729384, -2250754.164082, 2310538.606898}","-",21.37223335,-157.74160466,"2026-08-04T04:23:46.000Z","UAV 3"
"ENBTR60006","Move to {-5499107.729384, -2250754.164082, 2310538.606898}","-",21.36984251,-157.74051547,"2026-08-04T04:23:46.000Z","UAV 3"
"ENBTR80004","Move to {-5499107.729384, -2250754.164082, 2310538.606898}","-",21.36978866,-157.74033528,"2026-08-04T04:23:46.000Z","UAV 3"
"ENBTR60003","Move to {-5499107.729384, -2250754.164082, 2310538.606898}","-",21.36972036,-157.74071003,"2026-08-04T04:23:46.000Z","UAV 3"
"ENBTR80001","Move to {-5499107.729384, -2250754.164082, 2310538.606898}","-",21.36950058,-157.74044400,"2026-08-04T04:23:46.000Z","UAV 3"
"ENM35002","Move to {-5499460.953457, -2250814.454542, 2309743.262342}","-",21.37338521,-157.73362917,"2026-08-04T04:23:46.000Z","UAV 3"
"ENBTR80003","Move to {-5499107.729384, -2250754.164082, 2310538.606898}","-",21.36942236,-157.74039798,"2026-08-04T04:23:46.000Z","UAV 3"
"ENBTR60002","Move to {-5499107.729384, -2250754.164082, 2310538.606898}","-",21.36961487,-157.74072682,"2026-08-04T04:23:46.000Z","UAV 3"
"ENBTR60007","Move to {-5499107.729384, -2250754.164082, 2310538.606898}","-",21.36971124,-157.74050027,"2026-08-04T04:23:46.000Z","UAV 3"
"ENBTR60008","Move to {-5499107.729384, -2250754.164082, 2310538.606898}","-",21.36955512,-157.74036079,"2026-08-04T04:23:46.000Z","UAV 3"
"ENBTR80007","Move to {-5499107.729384, -2250754.164082, 2310538.606898}","-",21.36975381,-157.74044479,"2026-08-04T04:23:46.000Z","UAV 3"
"ENBTR80005","Move to {-5499107.729384, -2250754.164082, 2310538.606898}","-",21.36970240,-157.74061063,"2026-08-04T04:23:46.000Z","UAV 3"
"ENBTR60004","Move to {-5499107.729384, -2250754.164082, 2310538.606898}","-",21.36949097,-157.74060027,"2026-08-04T04:23:46.000Z","UAV 3"
"ENBTR60005","Move to {-5499107.729384, -2250754.164082, 2310538.606898}","-",21.36983468,-157.74071930,"2026-08-04T04:23:46.000Z","UAV 3"
"ENM35003","Move to {-5499460.953457, -2250814.454542, 2309743.262342}","-",21.37352280,-157.73394149,"2026-08-04T04:23:46.000Z","UAV 3"
"FRT80002","Move to {-5499315.048189, -2250231.003964, 2310734.853397}","-",21.37574067,-157.75278211,"2026-08-04T04:23:46.000Z","UAV 3"
"ENGAZ002","Move to {-5499460.953457, -2250814.454542, 2309743.262342}","-",21.37355282,-157.73395295,"2026-08-04T04:23:46.000Z","UAV 3"
"ENGAZ003","Move to {-5499460.953457, -2250814.454542, 2309743.262342}","-",21.37344209,-157.73406075,"2026-08-04T04:23:46.000Z","UAV 3"
"M933HE 1","None","-",21.37467759,-157.73704979,"2026-08-04T04:23:46.000Z","UAV 3"
"M933HE 2","None","-",21.37456139,-157.73695559,"2026-08-04T04:23:46.000Z","UAV 3"
"M933HE 4","None","-",21.37458811,-157.73729977,"2026-08-04T04:23:46.000Z","UAV 3"
"M933HE 5","None","-",21.37453464,-157.73697636,"2026-08-04T04:23:46.000Z","UAV 3"
"M933HE 7","None","-",21.37457345,-157.73726804,"2026-08-04T04:23:46.000Z","UAV 3"
"ENM1A2003","Move to {-5499107.729384, -2250754.164082, 2310538.606898}","-",21.37415434,-157.74292975,"2026-08-04T04:23:46.000Z","UAV 3"
"FRTRK2004","Move to {-5498755.048693, -2250824.434840, 2311307.787782}","-",21.38820524,-157.74967467,"2026-08-04T04:23:46.000Z","UAV 3"
"ENT72007","Move to {-5499107.729384, -2250754.164082, 2310538.606898}","-",21.37204811,-157.74175687,"2026-08-04T04:23:46.000Z","UAV 3"
"ENT72003","Move to {-5499107.729384, -2250754.164082, 2310538.606898}","-",21.37229256,-157.74152867,"2026-08-04T04:23:46.000Z","UAV 3"
"ENMORT005","None","-",21.37463885,-157.73701809,"2026-08-04T04:23:46.000Z","UAV 3"
"ENM1A2001","Move to {-5499107.729384, -2250754.164082, 2310538.606898}","-",21.37427969,-157.74261467,"2026-08-04T04:23:46.000Z","UAV 3"
"FRT80001","Move to {-5499315.048189, -2250231.003964, 2310734.853397}","-",21.37589681,-157.75241272,"2026-08-04T04:23:46.000Z","UAV 3"
"ENM1A2005","Move to {-5499107.729384, -2250754.164082, 2310538.606898}","-",21.37423848,-157.74264602,"2026-08-04T04:23:46.000Z","UAV 3"
"ENT72002","Move to {-5499107.729384, -2250754.164082, 2310538.606898}","-",21.37216276,-157.74151023,"2026-08-04T04:23:46.000Z","UAV 3"
"ENMORT004","None","-",21.37449517,-157.73695548,"2026-08-04T04:23:46.000Z","UAV 3"
"FRTRK1001","Move to {-5498755.048693, -2250824.434840, 2311307.787782}","-",21.38838089,-157.74968707,"2026-08-04T04:23:46.000Z","UAV 3"
"ENT72005","Move to {-5499107.729384, -2250754.164082, 2310538.606898}","-",21.37217600,-157.74178683,"2026-08-04T04:23:46.000Z","UAV 3"
"ENM35004","Move to {-5499460.953457, -2250814.454542, 2309743.262342}","-",21.37319415,-157.73384853,"2026-08-04T04:23:46.000Z","UAV 3"
"ENGAZ001","Move to {-5499460.953457, -2250814.454542, 2309743.262342}","-",21.37344670,-157.73359214,"2026-08-04T04:23:46.000Z","UAV 3"
"ENT72001","Move to {-5499107.729384, -2250754.164082, 2310538.606898}","-",21.37229670,-157.74163034,"2026-08-04T04:23:46.000Z","UAV 3"
"ENM1A2002","Move to {-5499107.729384, -2250754.164082, 2310538.606898}","-",21.37438715,-157.74285196,"2026-08-04T04:23:46.000Z","UAV 3"
"ENT72009","Move to {-5499107.729384, -2250754.164082, 2310538.606898}","-",21.37199365,-157.74162477,"2026-08-04T04:23:46.000Z","UAV 3"
"ENT72004","Move to {-5499107.729384, -2250754.164082, 2310538.606898}","-",21.37240290,-157.74156049,"2026-08-04T04:23:46.000Z","UAV 3"
"ENM35001","Move to {-5499460.953457, -2250814.454542, 2309743.262342}","-",21.37312596,-157.73391250,"2026-08-04T04:23:46.000Z","UAV 3"
"ENT72010","Move to {-5499107.729384, -2250754.164082, 2310538.606898}","-",21.37239681,-157.74148920,"2026-08-04T04:23:46.000Z","UAV 3"
"FRTRK1005","Move to {-5498755.048693, -2250824.434840, 2311307.787782}","-",21.38812371,-157.74949842,"2026-08-04T04:23:46.000Z","UAV 3"
"ENT72006","Move to {-5499107.729384, -2250754.164082, 2310538.606898}","-",21.37232245,-157.74171206,"2026-08-04T04:23:46.000Z","UAV 3"
"ENMORT001","None","-",21.37454920,-157.73726779,"2026-08-04T04:23:46.000Z","UAV 3"
"FRT80007","Move to {-5499315.048189, -2250231.003964, 2310734.853397}","-",21.37551868,-157.75242284,"2026-08-04T04:23:46.000Z","UAV 3"
"ENGAZ004","Move to {-5499460.953457, -2250814.454542, 2309743.262342}","-",21.37342732,-157.73398807,"2026-08-04T04:23:46.000Z","UAV 3"
"FRTRK2003","Move to {-5498755.048693, -2250824.434840, 2311307.787782}","-",21.38805103,-157.74959379,"2026-08-04T04:23:46.000Z","UAV 3"
"ENMORT003","None","-",21.37448817,-157.73726715,"2026-08-04T04:23:46.000Z","UAV 3"
"ENM1A2004","Move to {-5499107.729384, -2250754.164082, 2310538.606898}","-",21.37429232,-157.74282850,"2026-08-04T04:23:46.000Z","UAV 3"
"ENT72008","Move to {-5499107.729384, -2250754.164082, 2310538.606898}","-",21.37223335,-157.74160466,"2026-08-04T04:23:46.000Z","UAV 3"
"ENBTR60006","Move to {-5499107.729384, -2250754.164082, 2310538.606898}","-",21.36984251,-157.74051547,"2026-08-04T04:23:46.000Z","UAV 3"
"ENBTR80004","Move to {-5499107.729384, -2250754.164082, 2310538.606898}","-",21.36978866,-157.74033528,"2026-08-04T04:23:46.000Z","UAV 3"
"ENBTR60003","Move to {-5499107.729384, -2250754.164082, 2310538.606898}","-",21.36972036,-157.74071003,"2026-08-04T04:23:46.000Z","UAV 3"
"ENBTR80001","Move to {-5499107.729384, -2250754.164082, 2310538.606898}","-",21.36950058,-157.74044400,"2026-08-04T04:23:46.000Z","UAV 3"
"ENM35002","Move to {-5499460.953457, -2250814.454542, 2309743.262342}","-",21.37338521,-157.73362917,"2026-08-04T04:23:46.000Z","UAV 3"
"ENBTR80003","Move to {-5499107.729384, -2250754.164082, 2310538.606898}","-",21.36942236,-157.74039798,"2026-08-04T04:23:46.000Z","UAV 3"
"ENBTR60002","Move to {-5499107.729384, -2250754.164082, 2310538.606898}","-",21.36961487,-157.74072682,"2026-08-04T04:23:46.000Z","UAV 3"
"ENBTR60007","Move to {-5499107.729384, -2250754.164082, 2310538.606898}","-",21.36971124,-157.74050027,"2026-08-04T04:23:46.000Z","UAV 3"
"ENBTR60008","Move to {-5499107.729384, -2250754.164082, 2310538.606898}","-",21.36955512,-157.74036079,"2026-08-04T04:23:46.000Z","UAV 3"
"ENBTR80007","Move to {-5499107.729384, -2250754.164082, 2310538.606898}","-",21.36975381,-157.74044479,"2026-08-04T04:23:46.000Z","UAV 3"
"ENBTR80005","Move to {-5499107.729384, -2250754.164082, 2310538.606898}","-",21.36970240,-157.74061063,"2026-08-04T04:23:46.000Z","UAV 3"
"ENBTR60004","Move to {-5499107.729384, -2250754.164082, 2310538.606898}","-",21.36949097,-157.74060027,"2026-08-04T04:23:46.000Z","UAV 3"
"ENBTR60005","Move to {-5499107.729384, -2250754.164082, 2310538.606898}","-",21.36983468,-157.74071930,"2026-08-04T04:23:46.000Z","UAV 3"
"ENM35003","Move to {-5499460.953457, -2250814.454542, 2309743.262342}","-",21.37352280,-157.73394149,"2026-08-04T04:23:46.000Z","UAV 3"
"FRT80002","Move to {-5499315.048189, -2250231.003964, 2310734.853397}","-",21.37574067,-157.75278211,"2026-08-04T04:23:46.000Z","UAV 3"
"ENGAZ002","Move to {-5499460.953457, -2250814.454542, 2309743.262342}","-",21.37355282,-157.73395295,"2026-08-04T04:23:46.000Z","UAV 3"
"ENGAZ003","Move to {-5499460.953457, -2250814.454542, 2309743.262342}","-",21.37344209,-157.73406075,"2026-08-04T04:23:46.000Z","UAV 3"
"M933HE 1","None","-",21.37467759,-157.73704979,"2026-08-04T04:23:46.000Z","UAV 3"
"M933HE 2","None","-",21.37456139,-157.73695559,"2026-08-04T04:23:46.000Z","UAV 3"
"M933HE 4","None","-",21.37458811,-157.73729977,"2026-08-04T04:23:46.000Z","UAV 3"
"M933HE 5","None","-",21.37453464,-157.73697636,"2026-08-04T04:23:46.000Z","UAV 3"
"M933HE 7","None","-",21.37457345,-157.73726804,"2026-08-04T04:23:46.000Z","UAV 3"
"ENM1A2003","Move to {-5499107.729384, -2250754.164082, 2310538.606898}","-",21.37415434,-157.74292975,"2026-08-04T04:23:47.000Z","UAV 3"
"FRTRK2004","Move to {-5498755.048693, -2250824.434840, 2311307.787782}","-",21.38820524,-157.74967467,"2026-08-04T04:23:47.000Z","UAV 3"
"ENT72007","Move to {-5499107.729384, -2250754.164082, 2310538.606898}","-",21.37204811,-157.74175687,"2026-08-04T04:23:47.000Z","UAV 3"
"ENT72003","Move to {-5499107.729384, -2250754.164082, 2310538.606898}","-",21.37229256,-157.74152867,"2026-08-04T04:23:47.000Z","UAV 3"
"ENMORT005","None","-",21.37463885,-157.73701809,"2026-08-04T04:23:47.000Z","UAV 3"
"ENM1A2001","Move to {-5499107.729384, -2250754.164082, 2310538.606898}","-",21.37427969,-157.74261467,"2026-08-04T04:23:47.000Z","UAV 3"
"FRT80001","Move to {-5499315.048189, -2250231.003964, 2310734.853397}","-",21.37589681,-157.75241272,"2026-08-04T04:23:47.000Z","UAV 3"
"ENM1A2005","Move to {-5499107.729384, -2250754.164082, 2310538.606898}","-",21.37423848,-157.74264602,"2026-08-04T04:23:47.000Z","UAV 3"
"ENT72002","Move to {-5499107.729384, -2250754.164082, 2310538.606898}","-",21.37216276,-157.74151023,"2026-08-04T04:23:47.000Z","UAV 3"
"ENMORT004","None","-",21.37449517,-157.73695548,"2026-08-04T04:23:47.000Z","UAV 3"
"FRTRK1001","Move to {-5498755.048693, -2250824.434840, 2311307.787782}","-",21.38838089,-157.74968707,"2026-08-04T04:23:47.000Z","UAV 3"
"ENT72005","Move to {-5499107.729384, -2250754.164082, 2310538.606898}","-",21.37217600,-157.74178683,"2026-08-04T04:23:47.000Z","UAV 3"
"ENM35004","Move to {-5499460.953457, -2250814.454542, 2309743.262342}","-",21.37319415,-157.73384853,"2026-08-04T04:23:47.000Z","UAV 3"
"ENGAZ001","Move to {-5499460.953457, -2250814.454542, 2309743.262342}","-",21.37344670,-157.73359214,"2026-08-04T04:23:47.000Z","UAV 3"
"ENT72001","Move to {-5499107.729384, -2250754.164082, 2310538.606898}","-",21.37229670,-157.74163034,"2026-08-04T04:23:47.000Z","UAV 3"
"ENM1A2002","Move to {-5499107.729384, -2250754.164082, 2310538.606898}","-",21.37438715,-157.74285196,"2026-08-04T04:23:47.000Z","UAV 3"
"ENT72009","Move to {-5499107.729384, -2250754.164082, 2310538.606898}","-",21.37199365,-157.74162477,"2026-08-04T04:23:47.000Z","UAV 3"
"ENT72004","Move to {-5499107.729384, -2250754.164082, 2310538.606898}","-",21.37240290,-157.74156049,"2026-08-04T04:23:47.000Z","UAV 3"
"ENM35001","Move to {-5499460.953457, -2250814.454542, 2309743.262342}","-",21.37312596,-157.73391250,"2026-08-04T04:23:47.000Z","UAV 3"
"ENT72010","Move to {-5499107.729384, -2250754.164082, 2310538.606898}","-",21.37239681,-157.74148920,"2026-08-04T04:23:47.000Z","UAV 3"
"FRTRK1005","Move to {-5498755.048693, -2250824.434840, 2311307.787782}","-",21.38812371,-157.74949842,"2026-08-04T04:23:47.000Z","UAV 3"
"ENT72006","Move to {-5499107.729384, -2250754.164082, 2310538.606898}","-",21.37232245,-157.74171206,"2026-08-04T04:23:47.000Z","UAV 3"
"ENMORT001","None","-",21.37454920,-157.73726779,"2026-08-04T04:23:47.000Z","UAV 3"
"FRT80007","Move to {-5499315.048189, -2250231.003964, 2310734.853397}","-",21.37551868,-157.75242284,"2026-08-04T04:23:47.000Z","UAV 3"
"ENGAZ004","Move to {-5499460.953457, -2250814.454542, 2309743.262342}","-",21.37342732,-157.73398807,"2026-08-04T04:23:47.000Z","UAV 3"
"FRTRK2003","Move to {-5498755.048693, -2250824.434840, 2311307.787782}","-",21.38805103,-157.74959379,"2026-08-04T04:23:47.000Z","UAV 3"
"ENMORT003","None","-",21.37448817,-157.73726715,"2026-08-04T04:23:47.000Z","UAV 3"
"ENM1A2004","Move to {-5499107.729384, -2250754.164082, 2310538.606898}","-",21.37429232,-157.74282850,"2026-08-04T04:23:47.000Z","UAV 3"
"ENT72008","Move to {-5499107.729384, -2250754.164082, 2310538.606898}","-",21.37223335,-157.74160466,"2026-08-04T04:23:47.000Z","UAV 3"
"ENBTR60006","Move to {-5499107.729384, -2250754.164082, 2310538.606898}","-",21.36984251,-157.74051547,"2026-08-04T04:23:47.000Z","UAV 3"
"ENBTR80004","Move to {-5499107.729384, -2250754.164082, 2310538.606898}","-",21.36978866,-157.74033528,"2026-08-04T04:23:47.000Z","UAV 3"
"ENBTR60003","Move to {-5499107.729384, -2250754.164082, 2310538.606898}","-",21.36972036,-157.74071003,"2026-08-04T04:23:47.000Z","UAV 3"
"ENBTR80001","Move to {-5499107.729384, -2250754.164082, 2310538.606898}","-",21.36950058,-157.74044400,"2026-08-04T04:23:47.000Z","UAV 3"
"ENM35002","Move to {-5499460.953457, -2250814.454542, 2309743.262342}","-",21.37338521,-157.73362917,"2026-08-04T04:23:47.000Z","UAV 3"
"ENBTR80003","Move to {-5499107.729384, -2250754.164082, 2310538.606898}","-",21.36942236,-157.74039798,"2026-08-04T04:23:47.000Z","UAV 3"
"ENBTR60002","Move to {-5499107.729384, -2250754.164082, 2310538.606898}","-",21.36961487,-157.74072682,"2026-08-04T04:23:47.000Z","UAV 3"
"ENBTR60007","Move to {-5499107.729384, -2250754.164082, 2310538.606898}","-",21.36971124,-157.74050027,"2026-08-04T04:23:47.000Z","UAV 3"
"ENBTR60008","Move to {-5499107.729384, -2250754.164082, 2310538.606898}","-",21.36955512,-157.74036079,"2026-08-04T04:23:47.000Z","UAV 3"
"ENBTR80007","Move to {-5499107.729384, -2250754.164082, 2310538.606898}","-",21.36975381,-157.74044479,"2026-08-04T04:23:47.000Z","UAV 3"
"ENBTR80005","Move to {-5499107.729384, -2250754.164082, 2310538.606898}","-",21.36970240,-157.74061063,"2026-08-04T04:23:47.000Z","UAV 3"
"ENBTR60004","Move to {-5499107.729384, -2250754.164082, 2310538.606898}","-",21.36949097,-157.74060027,"2026-08-04T04:23:47.000Z","UAV 3"
"ENBTR60005","Move to {-5499107.729384, -2250754.164082, 2310538.606898}","-",21.36983468,-157.74071930,"2026-08-04T04:23:47.000Z","UAV 3"
"ENM35003","Move to {-5499460.953457, -2250814.454542, 2309743.262342}","-",21.37352280,-157.73394149,"2026-08-04T04:23:47.000Z","UAV 3"
"FRT80002","Move to {-5499315.048189, -2250231.003964, 2310734.853397}","-",21.37574067,-157.75278211,"2026-08-04T04:23:47.000Z","UAV 3"
"ENGAZ002","Move to {-5499460.953457, -2250814.454542, 2309743.262342}","-",21.37355282,-157.73395295,"2026-08-04T04:23:47.000Z","UAV 3"
"ENGAZ003","Move to {-5499460.953457, -2250814.454542, 2309743.262342}","-",21.37344209,-157.73406075,"2026-08-04T04:23:47.000Z","UAV 3"
"M933HE 1","None","-",21.37467759,-157.73704979,"2026-08-04T04:23:47.000Z","UAV 3"
"M933HE 2","None","-",21.37456139,-157.73695559,"2026-08-04T04:23:47.000Z","UAV 3"
"M933HE 4","None","-",21.37458811,-157.73729977,"2026-08-04T04:23:47.000Z","UAV 3"
"M933HE 5","None","-",21.37453464,-157.73697636,"2026-08-04T04:23:47.000Z","UAV 3"
"M933HE 7","None","-",21.37457345,-157.73726804,"2026-08-04T04:23:47.000Z","UAV 3"
"ENM1A2003","Move to {-5499107.729384, -2250754.164082, 2310538.606898}","-",21.37432747,-157.74286273,"2026-08-04T04:23:48.000Z","UAV 3"
"ENT72007","Move to {-5499107.729384, -2250754.164082, 2310538.606898}","-",21.37223155,-157.74173707,"2026-08-04T04:23:48.000Z","UAV 3"
"ENT72003","Move to {-5499107.729384, -2250754.164082, 2310538.606898}","-",21.37247648,-157.74151421,"2026-08-04T04:23:48.000Z","UAV 3"
"ENMORT005","None","-",21.37463885,-157.73701809,"2026-08-04T04:23:48.000Z","UAV 3"
"ENM1A2001","Move to {-5499107.729384, -2250754.164082, 2310538.606898}","-",21.37445631,-157.74255593,"2026-08-04T04:23:48.000Z","UAV 3"
"FRT80001","Move to {-5499315.048189, -2250231.003964, 2310734.853397}","-",21.37601856,-157.75226503,"2026-08-04T04:23:48.000Z","UAV 3"
"ENM1A2005","Move to {-5499107.729384, -2250754.164082, 2310538.606898}","-",21.37441474,-157.74258677,"2026-08-04T04:23:48.000Z","UAV 3"
"ENT72002","Move to {-5499107.729384, -2250754.164082, 2310538.606898}","-",21.37234666,-157.74149653,"2026-08-04T04:23:48.000Z","UAV 3"
"ENMORT004","None","-",21.37449517,-157.73695548,"2026-08-04T04:23:48.000Z","UAV 3"
"FRTRK1001","Move to {-5498755.048693, -2250824.434840, 2311307.787782}","-",21.38834871,-157.74949236,"2026-08-04T04:23:48.000Z","UAV 3"
"ENT72005","Move to {-5499107.729384, -2250754.164082, 2310538.606898}","-",21.37236009,-157.74176580,"2026-08-04T04:23:48.000Z","UAV 3"
"ENM35004","Move to {-5499460.953457, -2250814.454542, 2309743.262342}","-",21.37314886,-157.73404030,"2026-08-04T04:23:48.000Z","UAV 3"
"ENGAZ001","Move to {-5499460.953457, -2250814.454542, 2309743.262342}","-",21.37339724,-157.73378254,"2026-08-04T04:23:48.000Z","UAV 3"
"ENT72001","Move to {-5499107.729384, -2250754.164082, 2310538.606898}","-",21.37248125,-157.74161310,"2026-08-04T04:23:48.000Z","UAV 3"
"ENM1A2002","Move to {-5499107.729384, -2250754.164082, 2310538.606898}","-",21.37456035,-157.74278447,"2026-08-04T04:23:48.000Z","UAV 3"
"ENT72009","Move to {-5499107.729384, -2250754.164082, 2310538.606898}","-",21.37217854,-157.74160836,"2026-08-04T04:23:48.000Z","UAV 3"
"ENT72004","Move to {-5499107.729384, -2250754.164082, 2310538.606898}","-",21.37258750,-157.74154487,"2026-08-04T04:23:48.000Z","UAV 3"
"ENM35001","Move to {-5499460.953457, -2250814.454542, 2309743.262342}","-",21.37308192,-157.73410452,"2026-08-04T04:23:48.000Z","UAV 3"
"ENT72010","Move to {-5499107.729384, -2250754.164082, 2310538.606898}","-",21.37258155,-157.74147553,"2026-08-04T04:23:48.000Z","UAV 3"
"FRTRK1005","Move to {-5498755.048693, -2250824.434840, 2311307.787782}","-",21.38810342,-157.74935709,"2026-08-04T04:23:48.000Z","UAV 3"
"ENT72006","Move to {-5499107.729384, -2250754.164082, 2310538.606898}","-",21.37250640,-157.74169261,"2026-08-04T04:23:48.000Z","UAV 3"
"ENMORT001","None","-",21.37454920,-157.73726779,"2026-08-04T04:23:48.000Z","UAV 3"
"FRT80007","Move to {-5499315.048189, -2250231.003964, 2310734.853397}","-",21.37564591,-157.75227923,"2026-08-04T04:23:48.000Z","UAV 3"
"ENGAZ004","Move to {-5499460.953457, -2250814.454542, 2309743.262342}","-",21.37337595,-157.73417796,"2026-08-04T04:23:48.000Z","UAV 3"
"FRTRK2003","Move to {-5498755.048693, -2250824.434840, 2311307.787782}","-",21.38802824,-157.74942540,"2026-08-04T04:23:48.000Z","UAV 3"
"ENMORT003","None","-",21.37448817,-157.73726715,"2026-08-04T04:23:48.000Z","UAV 3"
"ENM1A2004","Move to {-5499107.729384, -2250754.164082, 2310538.606898}","-",21.37446727,-157.74276249,"2026-08-04T04:23:48.000Z","UAV 3"
"ENBTR60006","Move to {-5499107.729384, -2250754.164082, 2310538.606898}","-",21.37002624,-157.74052477,"2026-08-04T04:23:48.000Z","UAV 3"
"ENBTR80004","Move to {-5499107.729384, -2250754.164082, 2310538.606898}","-",21.36997278,-157.74034809,"2026-08-04T04:23:48.000Z","UAV 3"
"ENBTR60003","Move to {-5499107.729384, -2250754.164082, 2310538.606898}","-",21.36990412,-157.74071544,"2026-08-04T04:23:48.000Z","UAV 3"
"ENM35002","Move to {-5499460.953457, -2250814.454542, 2309743.262342}","-",21.37333687,-157.73382002,"2026-08-04T04:23:48.000Z","UAV 3"
"ENBTR80003","Move to {-5499107.729384, -2250754.164082, 2310538.606898}","-",21.36960712,-157.74040916,"2026-08-04T04:23:48.000Z","UAV 3"
"ENBTR60002","Move to {-5499107.729384, -2250754.164082, 2310538.606898}","-",21.36979845,-157.74073184,"2026-08-04T04:23:48.000Z","UAV 3"
"ENBTR60007","Move to {-5499107.729384, -2250754.164082, 2310538.606898}","-",21.36989558,-157.74050977,"2026-08-04T04:23:48.000Z","UAV 3"
"ENBTR60008","Move to {-5499107.729384, -2250754.164082, 2310538.606898}","-",21.36973983,-157.74037284,"2026-08-04T04:23:48.000Z","UAV 3"
"ENBTR80007","Move to {-5499107.729384, -2250754.164082, 2310538.606898}","-",21.36993777,-157.74045539,"2026-08-04T04:23:48.000Z","UAV 3"
"ENBTR80005","Move to {-5499107.729384, -2250754.164082, 2310538.606898}","-",21.36988680,-157.74061798,"2026-08-04T04:23:48.000Z","UAV 3"
"ENBTR60004","Move to {-5499107.729384, -2250754.164082, 2310538.606898}","-",21.36967589,-157.74060767,"2026-08-04T04:23:48.000Z","UAV 3"
"ENBTR60005","Move to {-5499107.729384, -2250754.164082, 2310538.606898}","-",21.37001951,-157.74072462,"2026-08-04T04:23:48.000Z","UAV 3"
"ENM35003","Move to {-5499460.953457, -2250814.454542, 2309743.262342}","-",21.37346957,-157.73413085,"2026-08-04T04:23:48.000Z","UAV 3"
"FRT80002","Move to {-5499315.048189, -2250231.003964, 2310734.853397}","-",21.37586047,-157.75263257,"2026-08-04T04:23:48.000Z","UAV 3"
"ENGAZ002","Move to {-5499460.953457, -2250814.454542, 2309743.262342}","-",21.37349895,-157.73414205,"2026-08-04T04:23:48.000Z","UAV 3"
"ENGAZ003","Move to {-5499460.953457, -2250814.454542, 2309743.262342}","-",21.37338994,-157.73425040,"2026-08-04T04:23:48.000Z","UAV 3"
"M933HE 1","None","-",21.37538003,-157.73762484,"2026-08-04T04:23:48.000Z","UAV 3"
"M933HE 2","None","-",21.37573557,-157.73695549,"2026-08-04T04:23:48.000Z","UAV 3"
"M933HE 4","None","-",21.37529400,-157.73787885,"2026-08-04T04:23:48.000Z","UAV 3"
"M933HE 5","None","-",21.37542203,-157.73716593,"2026-08-04T04:23:48.000Z","UAV 3"
"M933HE 7","None","-",21.37606415,-157.73728096,"2026-08-04T04:23:48.000Z","UAV 3"
"FRTRK1003","Move to {-5498755.048693, -2250824.434840, 2311307.787782}","-",21.38820878,-157.74942128,"2026-08-04T04:23:48.000Z","UAV 3"
"ENM1A2003","Move to {-5499107.729384, -2250754.164082, 2310538.606898}","-",21.37432747,-157.74286273,"2026-08-04T04:23:48.000Z","UAV 3"
"ENT72007","Move to {-5499107.729384, -2250754.164082, 2310538.606898}","-",21.37223155,-157.74173707,"2026-08-04T04:23:48.000Z","UAV 3"
"ENT72003","Move to {-5499107.729384, -2250754.164082, 2310538.606898}","-",21.37247648,-157.74151421,"2026-08-04T04:23:48.000Z","UAV 3"
"ENMORT005","None","-",21.37463885,-157.73701809,"2026-08-04T04:23:48.000Z","UAV 3"
"ENM1A2001","Move to {-5499107.729384, -2250754.164082, 2310538.606898}","-",21.37445631,-157.74255593,"2026-08-04T04:23:48.000Z","UAV 3"
"FRT80001","Move to {-5499315.048189, -2250231.003964, 2310734.853397}","-",21.37601856,-157.75226503,"2026-08-04T04:23:48.000Z","UAV 3"
"ENM1A2005","Move to {-5499107.729384, -2250754.164082, 2310538.606898}","-",21.37441474,-157.74258677,"2026-08-04T04:23:48.000Z","UAV 3"
"ENT72002","Move to {-5499107.729384, -2250754.164082, 2310538.606898}","-",21.37234666,-157.74149653,"2026-08-04T04:23:48.000Z","UAV 3"
"ENMORT004","None","-",21.37449517,-157.73695548,"2026-08-04T04:23:48.000Z","UAV 3"
"FRTRK1001","Move to {-5498755.048693, -2250824.434840, 2311307.787782}","-",21.38834871,-157.74949236,"2026-08-04T04:23:48.000Z","UAV 3"
"ENT72005","Move to {-5499107.729384, -2250754.164082, 2310538.606898}","-",21.37236009,-157.74176580,"2026-08-04T04:23:48.000Z","UAV 3"
"ENM35004","Move to {-5499460.953457, -2250814.454542, 2309743.262342}","-",21.37314886,-157.73404030,"2026-08-04T04:23:48.000Z","UAV 3"
"ENGAZ001","Move to {-5499460.953457, -2250814.454542, 2309743.262342}","-",21.37339724,-157.73378254,"2026-08-04T04:23:48.000Z","UAV 3"
"ENT72001","Move to {-5499107.729384, -2250754.164082, 2310538.606898}","-",21.37248125,-157.74161310,"2026-08-04T04:23:48.000Z","UAV 3"
"ENM1A2002","Move to {-5499107.729384, -2250754.164082, 2310538.606898}","-",21.37456035,-157.74278447,"2026-08-04T04:23:48.000Z","UAV 3"
"ENT72009","Move to {-5499107.729384, -2250754.164082, 2310538.606898}","-",21.37217854,-157.74160836,"2026-08-04T04:23:48.000Z","UAV 3"
"ENT72004","Move to {-5499107.729384, -2250754.164082, 2310538.606898}","-",21.37258750,-157.74154487,"2026-08-04T04:23:48.000Z","UAV 3"
"ENM35001","Move to {-5499460.953457, -2250814.454542, 2309743.262342}","-",21.37308192,-157.73410452,"2026-08-04T04:23:48.000Z","UAV 3"
"ENT72010","Move to {-5499107.729384, -2250754.164082, 2310538.606898}","-",21.37258155,-157.74147553,"2026-08-04T04:23:48.000Z","UAV 3"
"FRTRK1005","Move to {-5498755.048693, -2250824.434840, 2311307.787782}","-",21.38810342,-157.74935709,"2026-08-04T04:23:48.000Z","UAV 3"
"ENT72006","Move to {-5499107.729384, -2250754.164082, 2310538.606898}","-",21.37250640,-157.74169261,"2026-08-04T04:23:48.000Z","UAV 3"
"ENMORT001","None","-",21.37454920,-157.73726779,"2026-08-04T04:23:48.000Z","UAV 3"
"FRT80007","Move to {-5499315.048189, -2250231.003964, 2310734.853397}","-",21.37564591,-157.75227923,"2026-08-04T04:23:48.000Z","UAV 3"
"ENGAZ004","Move to {-5499460.953457, -2250814.454542, 2309743.262342}","-",21.37337595,-157.73417796,"2026-08-04T04:23:48.000Z","UAV 3"
"FRTRK2003","Move to {-5498755.048693, -2250824.434840, 2311307.787782}","-",21.38802824,-157.74942540,"2026-08-04T04:23:48.000Z","UAV 3"
"ENMORT003","None","-",21.37448817,-157.73726715,"2026-08-04T04:23:48.000Z","UAV 3"
"ENM1A2004","Move to {-5499107.729384, -2250754.164082, 2310538.606898}","-",21.37446727,-157.74276249,"2026-08-04T04:23:48.000Z","UAV 3"
"ENBTR60006","Move to {-5499107.729384, -2250754.164082, 2310538.606898}","-",21.37002624,-157.74052477,"2026-08-04T04:23:48.000Z","UAV 3"
"ENBTR80004","Move to {-5499107.729384, -2250754.164082, 2310538.606898}","-",21.36997278,-157.74034809,"2026-08-04T04:23:48.000Z","UAV 3"
"ENBTR60003","Move to {-5499107.729384, -2250754.164082, 2310538.606898}","-",21.36990412,-157.74071544,"2026-08-04T04:23:48.000Z","UAV 3"
"ENM35002","Move to {-5499460.953457, -2250814.454542, 2309743.262342}","-",21.37333687,-157.73382002,"2026-08-04T04:23:48.000Z","UAV 3"
"ENBTR80003","Move to {-5499107.729384, -2250754.164082, 2310538.606898}","-",21.36960712,-157.74040916,"2026-08-04T04:23:48.000Z","UAV 3"
"ENBTR60002","Move to {-5499107.729384, -2250754.164082, 2310538.606898}","-",21.36979845,-157.74073184,"2026-08-04T04:23:48.000Z","UAV 3"
"ENBTR60007","Move to {-5499107.729384, -2250754.164082, 2310538.606898}","-",21.36989558,-157.74050977,"2026-08-04T04:23:48.000Z","UAV 3"
"ENBTR60008","Move to {-5499107.729384, -2250754.164082, 2310538.606898}","-",21.36973983,-157.74037284,"2026-08-04T04:23:48.000Z","UAV 3"
"ENBTR80007","Move to {-5499107.729384, -2250754.164082, 2310538.606898}","-",21.36993777,-157.74045539,"2026-08-04T04:23:48.000Z","UAV 3"
"ENBTR80005","Move to {-5499107.729384, -2250754.164082, 2310538.606898}","-",21.36988680,-157.74061798,"2026-08-04T04:23:48.000Z","UAV 3"
"ENBTR60004","Move to {-5499107.729384, -2250754.164082, 2310538.606898}","-",21.36967589,-157.74060767,"2026-08-04T04:23:48.000Z","UAV 3"
"ENBTR60005","Move to {-5499107.729384, -2250754.164082, 2310538.606898}","-",21.37001951,-157.74072462,"2026-08-04T04:23:48.000Z","UAV 3"
"ENM35003","Move to {-5499460.953457, -2250814.454542, 2309743.262342}","-",21.37346957,-157.73413085,"2026-08-04T04:23:48.000Z","UAV 3"
"FRT80002","Move to {-5499315.048189, -2250231.003964, 2310734.853397}","-",21.37586047,-157.75263257,"2026-08-04T04:23:48.000Z","UAV 3"
"ENGAZ002","Move to {-5499460.953457, -2250814.454542, 2309743.262342}","-",21.37349895,-157.73414205,"2026-08-04T04:23:48.000Z","UAV 3"
"ENGAZ003","Move to {-5499460.953457, -2250814.454542, 2309743.262342}","-",21.37338994,-157.73425040,"2026-08-04T04:23:48.000Z","UAV 3"
"M933HE 1","None","-",21.37538003,-157.73762484,"2026-08-04T04:23:48.000Z","UAV 3"
"M933HE 2","None","-",21.37573557,-157.73695549,"2026-08-04T04:23:48.000Z","UAV 3"
"M933HE 4","None","-",21.37529400,-157.73787885,"2026-08-04T04:23:48.000Z","UAV 3"
"M933HE 5","None","-",21.37542203,-157.73716593,"2026-08-04T04:23:48.000Z","UAV 3"
"M933HE 7","None","-",21.37606415,-157.73728096,"2026-08-04T04:23:48.000Z","UAV 3"
"FRTRK1003","Move to {-5498755.048693, -2250824.434840, 2311307.787782}","-",21.38820878,-157.74942128,"2026-08-04T04:23:48.000Z","UAV 3"
"ENM1A2003","Move to {-5499107.729384, -2250754.164082, 2310538.606898}","-",21.37432747,-157.74286273,"2026-08-04T04:23:49.000Z","UAV 3"
"ENT72007","Move to {-5499107.729384, -2250754.164082, 2310538.606898}","-",21.37223155,-157.74173707,"2026-08-04T04:23:49.000Z","UAV 3"
"ENT72003","Move to {-5499107.729384, -2250754.164082, 2310538.606898}","-",21.37247648,-157.74151421,"2026-08-04T04:23:49.000Z","UAV 3"
"ENMORT005","None","-",21.37463885,-157.73701809,"2026-08-04T04:23:49.000Z","UAV 3"
"ENM1A2001","Move to {-5499107.729384, -2250754.164082, 2310538.606898}","-",21.37445631,-157.74255593,"2026-08-04T04:23:49.000Z","UAV 3"
"FRT80001","Move to {-5499315.048189, -2250231.003964, 2310734.853397}","-",21.37601856,-157.75226503,"2026-08-04T04:23:49.000Z","UAV 3"
"ENM1A2005","Move to {-5499107.729384, -2250754.164082, 2310538.606898}","-",21.37441474,-157.74258677,"2026-08-04T04:23:49.000Z","UAV 3"
"ENT72002","Move to {-5499107.729384, -2250754.164082, 2310538.606898}","-",21.37234666,-157.74149653,"2026-08-04T04:23:49.000Z","UAV 3"
"ENMORT004","None","-",21.37449517,-157.73695548,"2026-08-04T04:23:49.000Z","UAV 3"
"FRTRK1001","Move to {-5498755.048693, -2250824.434840, 2311307.787782}","-",21.38834871,-157.74949236,"2026-08-04T04:23:49.000Z","UAV 3"
"ENT72005","Move to {-5499107.729384, -2250754.164082, 2310538.606898}","-",21.37236009,-157.74176580,"2026-08-04T04:23:49.000Z","UAV 3"
"ENM35004","Move to {-5499460.953457, -2250814.454542, 2309743.262342}","-",21.37314886,-157.73404030,"2026-08-04T04:23:49.000Z","UAV 3"
"ENGAZ001","Move to {-5499460.953457, -2250814.454542, 2309743.262342}","-",21.37339724,-157.73378254,"2026-08-04T04:23:49.000Z","UAV 3"
"ENT72001","Move to {-5499107.729384, -2250754.164082, 2310538.606898}","-",21.37248125,-157.74161310,"2026-08-04T04:23:49.000Z","UAV 3"
"ENM1A2002","Move to {-5499107.729384, -2250754.164082, 2310538.606898}","-",21.37456035,-157.74278447,"2026-08-04T04:23:49.000Z","UAV 3"
"ENT72009","Move to {-5499107.729384, -2250754.164082, 2310538.606898}","-",21.37217854,-157.74160836,"2026-08-04T04:23:49.000Z","UAV 3"
"ENT72004","Move to {-5499107.729384, -2250754.164082, 2310538.606898}","-",21.37258750,-157.74154487,"2026-08-04T04:23:49.000Z","UAV 3"
"ENM35001","Move to {-5499460.953457, -2250814.454542, 2309743.262342}","-",21.37308192,-157.73410452,"2026-08-04T04:23:49.000Z","UAV 3"
"ENT72010","Move to {-5499107.729384, -2250754.164082, 2310538.606898}","-",21.37258155,-157.74147553,"2026-08-04T04:23:49.000Z","UAV 3"
"FRTRK1005","Move to {-5498755.048693, -2250824.434840, 2311307.787782}","-",21.38810342,-157.74935709,"2026-08-04T04:23:49.000Z","UAV 3"
"ENT72006","Move to {-5499107.729384, -2250754.164082, 2310538.606898}","-",21.37250640,-157.74169261,"2026-08-04T04:23:49.000Z","UAV 3"
"ENMORT001","None","-",21.37454920,-157.73726779,"2026-08-04T04:23:49.000Z","UAV 3"
"FRT80007","Move to {-5499315.048189, -2250231.003964, 2310734.853397}","-",21.37564591,-157.75227923,"2026-08-04T04:23:49.000Z","UAV 3"
"ENGAZ004","Move to {-5499460.953457, -2250814.454542, 2309743.262342}","-",21.37337595,-157.73417796,"2026-08-04T04:23:49.000Z","UAV 3"
"FRTRK2003","Move to {-5498755.048693, -2250824.434840, 2311307.787782}","-",21.38802824,-157.74942540,"2026-08-04T04:23:49.000Z","UAV 3"
"ENMORT003","None","-",21.37448817,-157.73726715,"2026-08-04T04:23:49.000Z","UAV 3"
"ENM1A2004","Move to {-5499107.729384, -2250754.164082, 2310538.606898}","-",21.37446727,-157.74276249,"2026-08-04T04:23:49.000Z","UAV 3"
"ENBTR60006","Move to {-5499107.729384, -2250754.164082, 2310538.606898}","-",21.37002624,-157.74052477,"2026-08-04T04:23:49.000Z","UAV 3"
"ENBTR80004","Move to {-5499107.729384, -2250754.164082, 2310538.606898}","-",21.36997278,-157.74034809,"2026-08-04T04:23:49.000Z","UAV 3"
"ENBTR60003","Move to {-5499107.729384, -2250754.164082, 2310538.606898}","-",21.36990412,-157.74071544,"2026-08-04T04:23:49.000Z","UAV 3"
"ENM35002","Move to {-5499460.953457, -2250814.454542, 2309743.262342}","-",21.37333687,-157.73382002,"2026-08-04T04:23:49.000Z","UAV 3"
"ENBTR80003","Move to {-5499107.729384, -2250754.164082, 2310538.606898}","-",21.36960712,-157.74040916,"2026-08-04T04:23:49.000Z","UAV 3"
"ENBTR60002","Move to {-5499107.729384, -2250754.164082, 2310538.606898}","-",21.36979845,-157.74073184,"2026-08-04T04:23:49.000Z","UAV 3"
"ENBTR60007","Move to {-5499107.729384, -2250754.164082, 2310538.606898}","-",21.36989558,-157.74050977,"2026-08-04T04:23:49.000Z","UAV 3"
"ENBTR60008","Move to {-5499107.729384, -2250754.164082, 2310538.606898}","-",21.36973983,-157.74037284,"2026-08-04T04:23:49.000Z","UAV 3"
"ENBTR80007","Move to {-5499107.729384, -2250754.164082, 2310538.606898}","-",21.36993777,-157.74045539,"2026-08-04T04:23:49.000Z","UAV 3"
"ENBTR80005","Move to {-5499107.729384, -2250754.164082, 2310538.606898}","-",21.36988680,-157.74061798,"2026-08-04T04:23:49.000Z","UAV 3"
"ENBTR60004","Move to {-5499107.729384, -2250754.164082, 2310538.606898}","-",21.36967589,-157.74060767,"2026-08-04T04:23:49.000Z","UAV 3"
"ENBTR60005","Move to {-5499107.729384, -2250754.164082, 2310538.606898}","-",21.37001951,-157.74072462,"2026-08-04T04:23:49.000Z","UAV 3"
"ENM35003","Move to {-5499460.953457, -2250814.454542, 2309743.262342}","-",21.37346957,-157.73413085,"2026-08-04T04:23:49.000Z","UAV 3"
"FRT80002","Move to {-5499315.048189, -2250231.003964, 2310734.853397}","-",21.37586047,-157.75263257,"2026-08-04T04:23:49.000Z","UAV 3"
"ENGAZ002","Move to {-5499460.953457, -2250814.454542, 2309743.262342}","-",21.37349895,-157.73414205,"2026-08-04T04:23:49.000Z","UAV 3"
"ENGAZ003","Move to {-5499460.953457, -2250814.454542, 2309743.262342}","-",21.37338994,-157.73425040,"2026-08-04T04:23:49.000Z","UAV 3"
"M933HE 1","None","-",21.37538003,-157.73762484,"2026-08-04T04:23:49.000Z","UAV 3"
"M933HE 2","None","-",21.37573557,-157.73695549,"2026-08-04T04:23:49.000Z","UAV 3"
"M933HE 4","None","-",21.37529400,-157.73787885,"2026-08-04T04:23:49.000Z","UAV 3"
"M933HE 5","None","-",21.37542203,-157.73716593,"2026-08-04T04:23:49.000Z","UAV 3"
"M933HE 7","None","-",21.37606415,-157.73728096,"2026-08-04T04:23:49.000Z","UAV 3"
"FRTRK1003","Move to {-5498755.048693, -2250824.434840, 2311307.787782}","-",21.38820878,-157.74942128,"2026-08-04T04:23:49.000Z","UAV 3"
"ENM1A2003","Move to {-5499107.729384, -2250754.164082, 2310538.606898}","-",21.37451080,-157.74279176,"2026-08-04T04:23:50.000Z","UAV 3"
"ENT72007","Move to {-5499107.729384, -2250754.164082, 2310538.606898}","-",21.37242565,-157.74171611,"2026-08-04T04:23:50.000Z","UAV 3"
"ENT72003","Move to {-5499107.729384, -2250754.164082, 2310538.606898}","-",21.37266989,-157.74149900,"2026-08-04T04:23:50.000Z","UAV 3"
"ENMORT005","None","-",21.37463885,-157.73701809,"2026-08-04T04:23:50.000Z","UAV 3"
"ENM1A2001","Move to {-5499107.729384, -2250754.164082, 2310538.606898}","-",21.37464094,-157.74249452,"2026-08-04T04:23:50.000Z","UAV 3"
"FRT80001","Move to {-5499315.048189, -2250231.003964, 2310734.853397}","-",21.37614669,-157.75210961,"2026-08-04T04:23:50.000Z","UAV 3"
"ENT72002","Move to {-5499107.729384, -2250754.164082, 2310538.606898}","-",21.37254017,-157.74148210,"2026-08-04T04:23:50.000Z","UAV 3"
"ENMORT004","None","-",21.37449517,-157.73695548,"2026-08-04T04:23:50.000Z","UAV 3"
"FRTRK1001","Move to {-5498755.048693, -2250824.434840, 2311307.787782}","-",21.38831847,-157.74930934,"2026-08-04T04:23:50.000Z","UAV 3"
"ENT72005","Move to {-5499107.729384, -2250754.164082, 2310538.606898}","-",21.37253315,-157.74174604,"2026-08-04T04:23:50.000Z","UAV 3"
"ENM35004","Move to {-5499460.953457, -2250814.454542, 2309743.262342}","-",21.37310637,-157.73422022,"2026-08-04T04:23:50.000Z","UAV 3"
"ENGAZ001","Move to {-5499460.953457, -2250814.454542, 2309743.262342}","-",21.37335078,-157.73396143,"2026-08-04T04:23:50.000Z","UAV 3"
"ENM1A2002","Move to {-5499107.729384, -2250754.164082, 2310538.606898}","-",21.37472326,-157.74272099,"2026-08-04T04:23:50.000Z","UAV 3"
"ENT72009","Move to {-5499107.729384, -2250754.164082, 2310538.606898}","-",21.37235268,-157.74159291,"2026-08-04T04:23:50.000Z","UAV 3"
"ENT72004","Move to {-5499107.729384, -2250754.164082, 2310538.606898}","-",21.37276090,-157.74153020,"2026-08-04T04:23:50.000Z","UAV 3"
"ENM35001","Move to {-5499460.953457, -2250814.454542, 2309743.262342}","-",21.37304059,-157.73428470,"2026-08-04T04:23:50.000Z","UAV 3"
"ENT72010","Move to {-5499107.729384, -2250754.164082, 2310538.606898}","-",21.37275501,-157.74146269,"2026-08-04T04:23:50.000Z","UAV 3"
"FRTRK1005","Move to {-5498755.048693, -2250824.434840, 2311307.787782}","-",21.38807839,-157.74918273,"2026-08-04T04:23:50.000Z","UAV 3"
"ENT72006","Move to {-5499107.729384, -2250754.164082, 2310538.606898}","-",21.37268060,-157.74167419,"2026-08-04T04:23:50.000Z","UAV 3"
"ENMORT001","None","-",21.37454920,-157.73726779,"2026-08-04T04:23:50.000Z","UAV 3"
"FRT80007","Move to {-5499315.048189, -2250231.003964, 2310734.853397}","-",21.37576543,-157.75214432,"2026-08-04T04:23:50.000Z","UAV 3"
"ENGAZ004","Move to {-5499460.953457, -2250814.454542, 2309743.262342}","-",21.37332772,-157.73435628,"2026-08-04T04:23:50.000Z","UAV 3"
"FRTRK2003","Move to {-5498755.048693, -2250824.434840, 2311307.787782}","-",21.38800352,-157.74924283,"2026-08-04T04:23:50.000Z","UAV 3"
"ENMORT003","None","-",21.37448817,-157.73726715,"2026-08-04T04:23:50.000Z","UAV 3"
"ENM1A2004","Move to {-5499107.729384, -2250754.164082, 2310538.606898}","-",21.37463038,-157.74270095,"2026-08-04T04:23:50.000Z","UAV 3"
"ENBTR60006","Move to {-5499107.729384, -2250754.164082, 2310538.606898}","-",21.37020000,-157.74053357,"2026-08-04T04:23:50.000Z","UAV 3"
"ENBTR80004","Move to {-5499107.729384, -2250754.164082, 2310538.606898}","-",21.37014607,-157.74036014,"2026-08-04T04:23:50.000Z","UAV 3"
"ENBTR60003","Move to {-5499107.729384, -2250754.164082, 2310538.606898}","-",21.37007731,-157.74072053,"2026-08-04T04:23:50.000Z","UAV 3"
"ENM35002","Move to {-5499460.953457, -2250814.454542, 2309743.262342}","-",21.37329146,-157.73399924,"2026-08-04T04:23:50.000Z","UAV 3"
"ENBTR80003","Move to {-5499107.729384, -2250754.164082, 2310538.606898}","-",21.36978069,-157.74041966,"2026-08-04T04:23:50.000Z","UAV 3"
"ENBTR60002","Move to {-5499107.729384, -2250754.164082, 2310538.606898}","-",21.36997192,-157.74073658,"2026-08-04T04:23:50.000Z","UAV 3"
"ENBTR60007","Move to {-5499107.729384, -2250754.164082, 2310538.606898}","-",21.37006699,-157.74051861,"2026-08-04T04:23:50.000Z","UAV 3"
"ENBTR60008","Move to {-5499107.729384, -2250754.164082, 2310538.606898}","-",21.36991286,-157.74038412,"2026-08-04T04:23:50.000Z","UAV 3"
"ENBTR80007","Move to {-5499107.729384, -2250754.164082, 2310538.606898}","-",21.37011137,-157.74046541,"2026-08-04T04:23:50.000Z","UAV 3"
"ENBTR80005","Move to {-5499107.729384, -2250754.164082, 2310538.606898}","-",21.37005957,-157.74062486,"2026-08-04T04:23:50.000Z","UAV 3"
"ENBTR60004","Move to {-5499107.729384, -2250754.164082, 2310538.606898}","-",21.36984836,-157.74061458,"2026-08-04T04:23:50.000Z","UAV 3"
"ENBTR60005","Move to {-5499107.729384, -2250754.164082, 2310538.606898}","-",21.37019277,-157.74072960,"2026-08-04T04:23:50.000Z","UAV 3"
"ENM35003","Move to {-5499460.953457, -2250814.454542, 2309743.262342}","-",21.37341959,-157.73430863,"2026-08-04T04:23:50.000Z","UAV 3"
"FRT80002","Move to {-5499315.048189, -2250231.003964, 2310734.853397}","-",21.37598655,-157.75247518,"2026-08-04T04:23:50.000Z","UAV 3"
"ENGAZ002","Move to {-5499460.953457, -2250814.454542, 2309743.262342}","-",21.37344836,-157.73431964,"2026-08-04T04:23:50.000Z","UAV 3"
"ENGAZ003","Move to {-5499460.953457, -2250814.454542, 2309743.262342}","-",21.37334098,-157.73442845,"2026-08-04T04:23:50.000Z","UAV 3"
"FRTRK1003","Move to {-5498755.048693, -2250824.434840, 2311307.787782}","-",21.38818195,-157.74924570,"2026-08-04T04:23:50.000Z","UAV 3"
"FRT69002","Move to {-5499315.048189, -2250231.003964, 2310734.853397}","-",21.38062358,-157.73220904,"2026-08-04T04:25:13.000Z","UAV 3"
"FRT69001","Move to {-5499315.048189, -2250231.003964, 2310734.853397}","-",21.38083095,-157.73220700,"2026-08-04T04:25:13.000Z","UAV 3"
"FRMORT002","FFE-On-Location ""Location={-5499132.853573, -2251193.466895, 2310064.199617}""  Name of Weapons to Fire: Indirect-Fire-Gun:m9333he. Number-Of-Rounds: 1. Height-Above-Terrain: 0","-",21.39124517,-157.73722922,"2026-08-04T04:25:13.000Z","UAV 3"
"FRT69006","Move to {-5499315.048189, -2250231.003964, 2310734.853397}","-",21.38096188,-157.73222439,"2026-08-04T04:25:13.000Z","UAV 3"
"FRT69003","Move to {-5499315.048189, -2250231.003964, 2310734.853397}","-",21.38097332,-157.73240275,"2026-08-04T04:25:13.000Z","UAV 3"
"FRT69005","Move to {-5499315.048189, -2250231.003964, 2310734.853397}","-",21.38100014,-157.73233777,"2026-08-04T04:25:13.000Z","UAV 3"
"FRM113002","Move to {-5499315.048189, -2250231.003964, 2310734.853397}","-",21.38982569,-157.74169886,"2026-08-04T04:25:13.000Z","UAV 3"
"FRLAV008","Move to {-5499315.048189, -2250231.003964, 2310734.853397}","-",21.39000596,-157.74175678,"2026-08-04T04:25:13.000Z","UAV 3"
"FRMORT004","None","-",21.39105358,-157.73697074,"2026-08-04T04:25:13.000Z","UAV 3"
"FRT69004","Move to {-5499315.048189, -2250231.003964, 2310734.853397}","-",21.38065700,-157.73204394,"2026-08-04T04:25:13.000Z","UAV 3"
"FRT69008","Move to {-5499315.048189, -2250231.003964, 2310734.853397}","-",21.38096961,-157.73244663,"2026-08-04T04:25:13.000Z","UAV 3"
"FRT69009","Move to {-5499315.048189, -2250231.003964, 2310734.853397}","-",21.38066035,-157.73234161,"2026-08-04T04:25:13.000Z","UAV 3"
"FRLAV003","Move to {-5499315.048189, -2250231.003964, 2310734.853397}","-",21.38979255,-157.74180726,"2026-08-04T04:25:13.000Z","UAV 3"
"FRMORT003","FFE-On-Location ""Location={-5499460.953457, -2250814.454542, 2309743.262342}""  Name of Weapons to Fire: Indirect-Fire-Gun:m9333he. Number-Of-Rounds: 1. Height-Above-Terrain: 0","-",21.39122072,-157.73728393,"2026-08-04T04:25:13.000Z","UAV 3"
"FRM113005","Move to {-5499315.048189, -2250231.003964, 2310734.853397}","-",21.38979774,-157.74205529,"2026-08-04T04:25:13.000Z","UAV 3"
"FRM113001","Move to {-5499315.048189, -2250231.003964, 2310734.853397}","-",21.38988667,-157.74163464,"2026-08-04T04:25:13.000Z","UAV 3"
"FRM113004","Move to {-5499315.048189, -2250231.003964, 2310734.853397}","-",21.38976158,-157.74194084,"2026-08-04T04:25:13.000Z","UAV 3"
"FRT69010","Move to {-5499315.048189, -2250231.003964, 2310734.853397}","-",21.38075758,-157.73208913,"2026-08-04T04:25:13.000Z","UAV 3"
"FRLAV004","Move to {-5499315.048189, -2250231.003964, 2310734.853397}","-",21.38960746,-157.74166506,"2026-08-04T04:25:13.000Z","UAV 3"
"FRM113002","Move to {-5499315.048189, -2250231.003964, 2310734.853397}","-",21.38982888,-157.74169886,"2026-08-04T04:25:14.000Z","UAV 3"
"FRLAV008","Move to {-5499315.048189, -2250231.003964, 2310734.853397}","-",21.39001096,-157.74175370,"2026-08-04T04:25:14.000Z","UAV 3"
"FRM113001","Move to {-5499315.048189, -2250231.003964, 2310734.853397}","-",21.38989020,-157.74163464,"2026-08-04T04:25:14.000Z","UAV 3"
"FRM113004","Move to {-5499315.048189, -2250231.003964, 2310734.853397}","-",21.38979105,-157.74195252,"2026-08-04T04:25:14.000Z","UAV 3"
"FRLAV004","Move to {-5499315.048189, -2250231.003964, 2310734.853397}","-",21.38965224,-157.74155872,"2026-08-04T04:25:14.000Z","UAV 3"
"ENM1A2003","Move to {-5499107.729384, -2250754.164082, 2310538.606898}","-",21.37345249,-157.74320161,"2026-08-04T04:25:14.000Z","UAV 3"
"FRTRK2004","Move to {-5498755.048693, -2250824.434840, 2311307.787782}","-",21.38821387,-157.75043795,"2026-08-04T04:25:14.000Z","UAV 3"
"ENT72007","Move to {-5499107.729384, -2250754.164082, 2310538.606898}","-",21.37130142,-157.74183753,"2026-08-04T04:25:14.000Z","UAV 3"
"ENT72003","Move to {-5499107.729384, -2250754.164082, 2310538.606898}","-",21.37154985,-157.74158704,"2026-08-04T04:25:14.000Z","UAV 3"
"ENMORT005","FFE-On-Location ""Location={-5499123.141030, -2250320.406046, 2311025.754248}""  Name of Weapons to Fire: Indirect-Fire-Gun:m9333he. Number-Of-Rounds: 1. Height-Above-Terrain: 0","-",21.37463885,-157.73701809,"2026-08-04T04:25:14.000Z","UAV 3"
"ENM1A2001","Move to {-5499107.729384, -2250754.164082, 2310538.606898}","-",21.37357443,-157.74284960,"2026-08-04T04:25:14.000Z","UAV 3"
"FRT80001","Move to {-5499315.048189, -2250231.003964, 2310734.853397}","-",21.37540223,-157.75301297,"2026-08-04T04:25:14.000Z","UAV 3"
"ENT72008","Move to {-5499107.729384, -2250754.164082, 2310538.606898}","-",21.37149149,-157.74167061,"2026-08-04T04:25:14.000Z","UAV 3"
"ENM1A2005","Move to {-5499107.729384, -2250754.164082, 2310538.606898}","-",21.37353313,-157.74288350,"2026-08-04T04:25:14.000Z","UAV 3"
"ENT72002","Move to {-5499107.729384, -2250754.164082, 2310538.606898}","-",21.37142045,-157.74156553,"2026-08-04T04:25:14.000Z","UAV 3"
"ENMORT004","FFE-On-Location ""Location={-5498511.672389, -2250935.799735, 2311770.746054}""  Name of Weapons to Fire: Indirect-Fire-Gun:m9333he. Number-Of-Rounds: 1. Height-Above-Terrain: 0","-",21.37449517,-157.73695548,"2026-08-04T04:25:14.000Z","UAV 3"
"FRTRK1001","Move to {-5498755.048693, -2250824.434840, 2311307.787782}","-",21.38839727,-157.75043825,"2026-08-04T04:25:14.000Z","UAV 3"
"FRM113003","Move to {-5499315.048189, -2250231.003964, 2310734.853397}","-",21.38986088,-157.74197758,"2026-08-04T04:25:14.000Z","UAV 3"
"ENT72005","Move to {-5499107.729384, -2250754.164082, 2310538.606898}","-",21.37141511,-157.74187380,"2026-08-04T04:25:14.000Z","UAV 3"
"ENM35004","Move to {-5499460.953457, -2250814.454542, 2309743.262342}","-",21.37325615,-157.73308464,"2026-08-04T04:25:14.000Z","UAV 3"
"ENGAZ001","Move to {-5499460.953457, -2250814.454542, 2309743.262342}","-",21.37343639,-157.73283043,"2026-08-04T04:25:14.000Z","UAV 3"
"ENM1A2002","Move to {-5499107.729384, -2250754.164082, 2310538.606898}","-",21.37366646,-157.74313300,"2026-08-04T04:25:14.000Z","UAV 3"
"ENGAZ002","Move to {-5499460.953457, -2250814.454542, 2309743.262342}","-",21.37355404,-157.73319332,"2026-08-04T04:25:14.000Z","UAV 3"
"ENT72009","Move to {-5499107.729384, -2250754.164082, 2310538.606898}","-",21.37123645,-157.74169196,"2026-08-04T04:25:14.000Z","UAV 3"
"ENT72011","Move to {-5499107.729384, -2250754.164082, 2310538.606898}","-",21.37139694,-157.74161717,"2026-08-04T04:25:14.000Z","UAV 3"
"ENT72004","Move to {-5499107.729384, -2250754.164082, 2310538.606898}","-",21.37163858,-157.74162514,"2026-08-04T04:25:14.000Z","UAV 3"
"ENGAZ003","Move to {-5499460.953457, -2250814.454542, 2309743.262342}","-",21.37344312,-157.73329916,"2026-08-04T04:25:14.000Z","UAV 3"
"ENM35001","Move to {-5499460.953457, -2250814.454542, 2309743.262342}","-",21.37318582,-157.73314815,"2026-08-04T04:25:14.000Z","UAV 3"
"ENT72010","Move to {-5499107.729384, -2250754.164082, 2310538.606898}","-",21.37163278,-157.74154571,"2026-08-04T04:25:14.000Z","UAV 3"
"FRTRK1005","Move to {-5498755.048693, -2250824.434840, 2311307.787782}","-",21.38814542,-157.75024968,"2026-08-04T04:25:14.000Z","UAV 3"
"FRT80006","Move to {-5499315.048189, -2250231.003964, 2310734.853397}","-",21.37519984,-157.75306914,"2026-08-04T04:25:14.000Z","UAV 3"
"ENT72006","Move to {-5499107.729384, -2250754.164082, 2310538.606898}","-",21.37156105,-157.74179261,"2026-08-04T04:25:14.000Z","UAV 3"
"ENMORT001","FFE-On-Location ""Location={-5499123.141030, -2250320.406046, 2311025.754248}""  Name of Weapons to Fire: Indirect-Fire-Gun:m9333he. Number-Of-Rounds: 1. Height-Above-Terrain: 0","-",21.37454920,-157.73726779,"2026-08-04T04:25:14.000Z","UAV 3"
"FRT80007","Move to {-5499315.048189, -2250231.003964, 2310734.853397}","-",21.37499632,-157.75301299,"2026-08-04T04:25:14.000Z","UAV 3"
"FRLAV001","Move to {-5499315.048189, -2250231.003964, 2310734.853397}","-",21.38973073,-157.74171773,"2026-08-04T04:25:14.000Z","UAV 3"
"FRT80004","Move to {-5499315.048189, -2250231.003964, 2310734.853397}","-",21.37514497,-157.75311161,"2026-08-04T04:25:14.000Z","UAV 3"
"ENGAZ004","Move to {-5499460.953457, -2250814.454542, 2309743.262342}","-",21.37342658,-157.73322622,"2026-08-04T04:25:14.000Z","UAV 3"
"FRTRK2003","Move to {-5498755.048693, -2250824.434840, 2311307.787782}","-",21.38804564,-157.75036005,"2026-08-04T04:25:14.000Z","UAV 3"
"ENMORT003","FFE-On-Location ""Location={-5498358.113175, -2250865.429793, 2312201.552453}""  Name of Weapons to Fire: Indirect-Fire-Gun:m9333he. Number-Of-Rounds: 1. Height-Above-Terrain: 0","-",21.37448817,-157.73726715,"2026-08-04T04:25:14.000Z","UAV 3"
"ENM1A2004","Move to {-5499107.729384, -2250754.164082, 2310538.606898}","-",21.37357457,-157.74309950,"2026-08-04T04:25:14.000Z","UAV 3"
"ENM35003","Move to {-5499460.953457, -2250814.454542, 2309743.262342}","-",21.37359803,-157.73318253,"2026-08-04T04:25:14.000Z","UAV 3"
"FRM113002","Move to {-5499315.048189, -2250231.003964, 2310734.853397}","-",21.38982888,-157.74169886,"2026-08-04T04:25:15.000Z","UAV 3"
"FRLAV008","Move to {-5499315.048189, -2250231.003964, 2310734.853397}","-",21.39001096,-157.74175370,"2026-08-04T04:25:15.000Z","UAV 3"
"FRM113001","Move to {-5499315.048189, -2250231.003964, 2310734.853397}","-",21.38989020,-157.74163464,"2026-08-04T04:25:15.000Z","UAV 3"
"FRM113004","Move to {-5499315.048189, -2250231.003964, 2310734.853397}","-",21.38979105,-157.74195252,"2026-08-04T04:25:15.000Z","UAV 3"
"FRLAV004","Move to {-5499315.048189, -2250231.003964, 2310734.853397}","-",21.38965224,-157.74155872,"2026-08-04T04:25:15.000Z","UAV 3"
"ENM1A2003","Move to {-5499107.729384, -2250754.164082, 2310538.606898}","-",21.37345249,-157.74320161,"2026-08-04T04:25:15.000Z","UAV 3"
"FRTRK2004","Move to {-5498755.048693, -2250824.434840, 2311307.787782}","-",21.38821387,-157.75043795,"2026-08-04T04:25:15.000Z","UAV 3"
"ENT72007","Move to {-5499107.729384, -2250754.164082, 2310538.606898}","-",21.37130142,-157.74183753,"2026-08-04T04:25:15.000Z","UAV 3"
"ENT72003","Move to {-5499107.729384, -2250754.164082, 2310538.606898}","-",21.37154985,-157.74158704,"2026-08-04T04:25:15.000Z","UAV 3"
"ENMORT005","FFE-On-Location ""Location={-5499123.141030, -2250320.406046, 2311025.754248}""  Name of Weapons to Fire: Indirect-Fire-Gun:m9333he. Number-Of-Rounds: 1. Height-Above-Terrain: 0","-",21.37463885,-157.73701809,"2026-08-04T04:25:15.000Z","UAV 3"
"ENM1A2001","Move to {-5499107.729384, -2250754.164082, 2310538.606898}","-",21.37357443,-157.74284960,"2026-08-04T04:25:15.000Z","UAV 3"
"FRT80001","Move to {-5499315.048189, -2250231.003964, 2310734.853397}","-",21.37540223,-157.75301297,"2026-08-04T04:25:15.000Z","UAV 3"
"ENT72008","Move to {-5499107.729384, -2250754.164082, 2310538.606898}","-",21.37149149,-157.74167061,"2026-08-04T04:25:15.000Z","UAV 3"
"ENM1A2005","Move to {-5499107.729384, -2250754.164082, 2310538.606898}","-",21.37353313,-157.74288350,"2026-08-04T04:25:15.000Z","UAV 3"
"ENT72002","Move to {-5499107.729384, -2250754.164082, 2310538.606898}","-",21.37142045,-157.74156553,"2026-08-04T04:25:15.000Z","UAV 3"
"ENMORT004","FFE-On-Location ""Location={-5498511.672389, -2250935.799735, 2311770.746054}""  Name of Weapons to Fire: Indirect-Fire-Gun:m9333he. Number-Of-Rounds: 1. Height-Above-Terrain: 0","-",21.37449517,-157.73695548,"2026-08-04T04:25:15.000Z","UAV 3"
"FRTRK1001","Move to {-5498755.048693, -2250824.434840, 2311307.787782}","-",21.38839727,-157.75043825,"2026-08-04T04:25:15.000Z","UAV 3"
"FRM113003","Move to {-5499315.048189, -2250231.003964, 2310734.853397}","-",21.38986088,-157.74197758,"2026-08-04T04:25:15.000Z","UAV 3"
"ENT72005","Move to {-5499107.729384, -2250754.164082, 2310538.606898}","-",21.37141511,-157.74187380,"2026-08-04T04:25:15.000Z","UAV 3"
"ENM35004","Move to {-5499460.953457, -2250814.454542, 2309743.262342}","-",21.37325615,-157.73308464,"2026-08-04T04:25:15.000Z","UAV 3"
"ENGAZ001","Move to {-5499460.953457, -2250814.454542, 2309743.262342}","-",21.37343639,-157.73283043,"2026-08-04T04:25:15.000Z","UAV 3"
"ENM1A2002","Move to {-5499107.729384, -2250754.164082, 2310538.606898}","-",21.37366646,-157.74313300,"2026-08-04T04:25:15.000Z","UAV 3"
"ENGAZ002","Move to {-5499460.953457, -2250814.454542, 2309743.262342}","-",21.37355404,-157.73319332,"2026-08-04T04:25:15.000Z","UAV 3"
"ENT72009","Move to {-5499107.729384, -2250754.164082, 2310538.606898}","-",21.37123645,-157.74169196,"2026-08-04T04:25:15.000Z","UAV 3"
"ENT72011","Move to {-5499107.729384, -2250754.164082, 2310538.606898}","-",21.37139694,-157.74161717,"2026-08-04T04:25:15.000Z","UAV 3"
"ENT72004","Move to {-5499107.729384, -2250754.164082, 2310538.606898}","-",21.37163858,-157.74162514,"2026-08-04T04:25:15.000Z","UAV 3"
"ENGAZ003","Move to {-5499460.953457, -2250814.454542, 2309743.262342}","-",21.37344312,-157.73329916,"2026-08-04T04:25:15.000Z","UAV 3"
"ENM35001","Move to {-5499460.953457, -2250814.454542, 2309743.262342}","-",21.37318582,-157.73314815,"2026-08-04T04:25:15.000Z","UAV 3"
"ENT72010","Move to {-5499107.729384, -2250754.164082, 2310538.606898}","-",21.37163278,-157.74154571,"2026-08-04T04:25:15.000Z","UAV 3"
"FRTRK1005","Move to {-5498755.048693, -2250824.434840, 2311307.787782}","-",21.38814542,-157.75024968,"2026-08-04T04:25:15.000Z","UAV 3"
"FRT80006","Move to {-5499315.048189, -2250231.003964, 2310734.853397}","-",21.37519984,-157.75306914,"2026-08-04T04:25:15.000Z","UAV 3"
"ENT72006","Move to {-5499107.729384, -2250754.164082, 2310538.606898}","-",21.37156105,-157.74179261,"2026-08-04T04:25:15.000Z","UAV 3"
"ENMORT001","FFE-On-Location ""Location={-5499123.141030, -2250320.406046, 2311025.754248}""  Name of Weapons to Fire: Indirect-Fire-Gun:m9333he. Number-Of-Rounds: 1. Height-Above-Terrain: 0","-",21.37454920,-157.73726779,"2026-08-04T04:25:15.000Z","UAV 3"
"FRT80007","Move to {-5499315.048189, -2250231.003964, 2310734.853397}","-",21.37499632,-157.75301299,"2026-08-04T04:25:15.000Z","UAV 3"
"FRLAV001","Move to {-5499315.048189, -2250231.003964, 2310734.853397}","-",21.38973073,-157.74171773,"2026-08-04T04:25:15.000Z","UAV 3"
"FRT80004","Move to {-5499315.048189, -2250231.003964, 2310734.853397}","-",21.37514497,-157.75311161,"2026-08-04T04:25:15.000Z","UAV 3"
"ENGAZ004","Move to {-5499460.953457, -2250814.454542, 2309743.262342}","-",21.37342658,-157.73322622,"2026-08-04T04:25:15.000Z","UAV 3"
"FRTRK2003","Move to {-5498755.048693, -2250824.434840, 2311307.787782}","-",21.38804564,-157.75036005,"2026-08-04T04:25:15.000Z","UAV 3"
"ENMORT003","FFE-On-Location ""Location={-5498358.113175, -2250865.429793, 2312201.552453}""  Name of Weapons to Fire: Indirect-Fire-Gun:m9333he. Number-Of-Rounds: 1. Height-Above-Terrain: 0","-",21.37448817,-157.73726715,"2026-08-04T04:25:15.000Z","UAV 3"
"ENM1A2004","Move to {-5499107.729384, -2250754.164082, 2310538.606898}","-",21.37357457,-157.74309950,"2026-08-04T04:25:15.000Z","UAV 3"
"ENM35003","Move to {-5499460.953457, -2250814.454542, 2309743.262342}","-",21.37359803,-157.73318253,"2026-08-04T04:25:15.000Z","UAV 3"
"FRM113002","Move to {-5499315.048189, -2250231.003964, 2310734.853397}","-",21.38983377,-157.74169886,"2026-08-04T04:25:16.000Z","UAV 3"
"FRLAV008","Move to {-5499315.048189, -2250231.003964, 2310734.853397}","-",21.39001836,-157.74174914,"2026-08-04T04:25:16.000Z","UAV 3"
"FRM113001","Move to {-5499315.048189, -2250231.003964, 2310734.853397}","-",21.38989674,-157.74163464,"2026-08-04T04:25:16.000Z","UAV 3"
"FRM113004","Move to {-5499315.048189, -2250231.003964, 2310734.853397}","-",21.38979365,-157.74195398,"2026-08-04T04:25:16.000Z","UAV 3"
"FRLAV004","Move to {-5499315.048189, -2250231.003964, 2310734.853397}","-",21.38965671,-157.74153817,"2026-08-04T04:25:16.000Z","UAV 3"
"ENM1A2003","Move to {-5499107.729384, -2250754.164082, 2310538.606898}","-",21.37362856,-157.74313345,"2026-08-04T04:25:16.000Z","UAV 3"
"FRTRK2004","Move to {-5498755.048693, -2250824.434840, 2311307.787782}","-",21.38827183,-157.75025988,"2026-08-04T04:25:16.000Z","UAV 3"
"ENT72007","Move to {-5499107.729384, -2250754.164082, 2310538.606898}","-",21.37150229,-157.74181584,"2026-08-04T04:25:16.000Z","UAV 3"
"ENT72003","Move to {-5499107.729384, -2250754.164082, 2310538.606898}","-",21.37173669,-157.74157235,"2026-08-04T04:25:16.000Z","UAV 3"
"ENMORT005","FFE-On-Location ""Location={-5499123.141030, -2250320.406046, 2311025.754248}""  Name of Weapons to Fire: Indirect-Fire-Gun:m9333he. Number-Of-Rounds: 1. Height-Above-Terrain: 0","-",21.37463885,-157.73701809,"2026-08-04T04:25:16.000Z","UAV 3"
"ENM1A2001","Move to {-5499107.729384, -2250754.164082, 2310538.606898}","-",21.37375577,-157.74278927,"2026-08-04T04:25:16.000Z","UAV 3"
"FRT80001","Move to {-5499315.048189, -2250231.003964, 2310734.853397}","-",21.37552986,-157.75285814,"2026-08-04T04:25:16.000Z","UAV 3"
"ENT72008","Move to {-5499107.729384, -2250754.164082, 2310538.606898}","-",21.37167515,-157.74165428,"2026-08-04T04:25:16.000Z","UAV 3"
"ENM1A2005","Move to {-5499107.729384, -2250754.164082, 2310538.606898}","-",21.37371475,-157.74282243,"2026-08-04T04:25:16.000Z","UAV 3"
"ENT72002","Move to {-5499107.729384, -2250754.164082, 2310538.606898}","-",21.37160473,-157.74155179,"2026-08-04T04:25:16.000Z","UAV 3"
"ENMORT004","FFE-On-Location ""Location={-5498511.672389, -2250935.799735, 2311770.746054}""  Name of Weapons to Fire: Indirect-Fire-Gun:m9333he. Number-Of-Rounds: 1. Height-Above-Terrain: 0","-",21.37449517,-157.73695548,"2026-08-04T04:25:16.000Z","UAV 3"
"FRTRK1001","Move to {-5498755.048693, -2250824.434840, 2311307.787782}","-",21.38845477,-157.75026275,"2026-08-04T04:25:16.000Z","UAV 3"
"FRM113003","Move to {-5499315.048189, -2250231.003964, 2310734.853397}","-",21.38986786,-157.74197758,"2026-08-04T04:25:16.000Z","UAV 3"
"ENT72005","Move to {-5499107.729384, -2250754.164082, 2310538.606898}","-",21.37161072,-157.74185145,"2026-08-04T04:25:16.000Z","UAV 3"
"ENM35004","Move to {-5499460.953457, -2250814.454542, 2309743.262342}","-",21.37330404,-157.73325472,"2026-08-04T04:25:16.000Z","UAV 3"
"ENGAZ001","Move to {-5499460.953457, -2250814.454542, 2309743.262342}","-",21.37353719,-157.73300254,"2026-08-04T04:25:16.000Z","UAV 3"
"ENM1A2002","Move to {-5499107.729384, -2250754.164082, 2310538.606898}","-",21.37384996,-157.74306149,"2026-08-04T04:25:16.000Z","UAV 3"
"ENT72009","Move to {-5499107.729384, -2250754.164082, 2310538.606898}","-",21.37145126,-157.74167290,"2026-08-04T04:25:16.000Z","UAV 3"
"ENT72004","Move to {-5499107.729384, -2250754.164082, 2310538.606898}","-",21.37183226,-157.74160876,"2026-08-04T04:25:16.000Z","UAV 3"
"ENM35001","Move to {-5499460.953457, -2250814.454542, 2309743.262342}","-",21.37323319,-157.73331793,"2026-08-04T04:25:16.000Z","UAV 3"
"ENT72010","Move to {-5499107.729384, -2250754.164082, 2310538.606898}","-",21.37182690,-157.74153135,"2026-08-04T04:25:16.000Z","UAV 3"
"FRTRK1005","Move to {-5498755.048693, -2250824.434840, 2311307.787782}","-",21.38819201,-157.75009822,"2026-08-04T04:25:16.000Z","UAV 3"
"ENT72006","Move to {-5499107.729384, -2250754.164082, 2310538.606898}","-",21.37175090,-157.74177254,"2026-08-04T04:25:16.000Z","UAV 3"
"ENMORT001","FFE-On-Location ""Location={-5499123.141030, -2250320.406046, 2311025.754248}""  Name of Weapons to Fire: Indirect-Fire-Gun:m9333he. Number-Of-Rounds: 1. Height-Above-Terrain: 0","-",21.37454920,-157.73726779,"2026-08-04T04:25:16.000Z","UAV 3"
"FRT80007","Move to {-5499315.048189, -2250231.003964, 2310734.853397}","-",21.37513057,-157.75286145,"2026-08-04T04:25:16.000Z","UAV 3"
"FRLAV001","Move to {-5499315.048189, -2250231.003964, 2310734.853397}","-",21.38973748,-157.74171357,"2026-08-04T04:25:16.000Z","UAV 3"
"FRT80004","Move to {-5499315.048189, -2250231.003964, 2310734.853397}","-",21.37527610,-157.75295744,"2026-08-04T04:25:16.000Z","UAV 3"
"ENGAZ004","Move to {-5499460.953457, -2250814.454542, 2309743.262342}","-",21.37352468,-157.73340098,"2026-08-04T04:25:16.000Z","UAV 3"
"FRTRK2003","Move to {-5498755.048693, -2250824.434840, 2311307.787782}","-",21.38810713,-157.75019542,"2026-08-04T04:25:16.000Z","UAV 3"
"ENMORT003","FFE-On-Location ""Location={-5498358.113175, -2250865.429793, 2312201.552453}""  Name of Weapons to Fire: Indirect-Fire-Gun:m9333he. Number-Of-Rounds: 1. Height-Above-Terrain: 0","-",21.37448817,-157.73726715,"2026-08-04T04:25:16.000Z","UAV 3"
"ENM1A2004","Move to {-5499107.729384, -2250754.164082, 2310538.606898}","-",21.37375695,-157.74303068,"2026-08-04T04:25:16.000Z","UAV 3"
"FRT80002","Move to {-5499315.048189, -2250231.003964, 2310734.853397}","-",21.37537988,-157.75323277,"2026-08-04T04:25:16.000Z","UAV 3"
"ENBTR60006","Move to {-5499107.729384, -2250754.164082, 2310538.606898}","-",21.36928144,-157.74048706,"2026-08-04T04:25:16.000Z","UAV 3"
"ENBTR80004","Move to {-5499107.729384, -2250754.164082, 2310538.606898}","-",21.36922991,-157.74029646,"2026-08-04T04:25:16.000Z","UAV 3"
"ENT72001","Move to {-5499107.729384, -2250754.164082, 2310538.606898}","-",21.37173028,-157.74168329,"2026-08-04T04:25:16.000Z","UAV 3"
"ENBTR60003","Move to {-5499107.729384, -2250754.164082, 2310538.606898}","-",21.36915412,-157.74069338,"2026-08-04T04:25:16.000Z","UAV 3"
"FRLAV006","Move to {-5499315.048189, -2250231.003964, 2310734.853397}","-",21.38987097,-157.74207521,"2026-08-04T04:25:16.000Z","UAV 3"
"ENBTR80001","Move to {-5499107.729384, -2250754.164082, 2310538.606898}","-",21.36893004,-157.74041193,"2026-08-04T04:25:16.000Z","UAV 3"
"ENM35002","Move to {-5499460.953457, -2250814.454542, 2309743.262342}","-",21.37349977,-157.73303788,"2026-08-04T04:25:16.000Z","UAV 3"
"ENBTR60002","Move to {-5499107.729384, -2250754.164082, 2310538.606898}","-",21.36904745,-157.74071132,"2026-08-04T04:25:16.000Z","UAV 3"
"ENBTR60007","Move to {-5499107.729384, -2250754.164082, 2310538.606898}","-",21.36914626,-157.74047115,"2026-08-04T04:25:16.000Z","UAV 3"
"FRT80003","Move to {-5499315.048189, -2250231.003964, 2310734.853397}","-",21.37536250,-157.75285384,"2026-08-04T04:25:16.000Z","UAV 3"
"ENBTR60008","Move to {-5499107.729384, -2250754.164082, 2310538.606898}","-",21.36898967,-157.74032396,"2026-08-04T04:25:16.000Z","UAV 3"
"ENBTR80007","Move to {-5499107.729384, -2250754.164082, 2310538.606898}","-",21.36918895,-157.74041223,"2026-08-04T04:25:16.000Z","UAV 3"
"ENBTR80005","Move to {-5499107.729384, -2250754.164082, 2310538.606898}","-",21.36913701,-157.74058810,"2026-08-04T04:25:16.000Z","UAV 3"
"ENBTR60004","Move to {-5499107.729384, -2250754.164082, 2310538.606898}","-",21.36892003,-157.74057740,"2026-08-04T04:25:16.000Z","UAV 3"
"ENBTR60005","Move to {-5499107.729384, -2250754.164082, 2310538.606898}","-",21.36927213,-157.74070312,"2026-08-04T04:25:16.000Z","UAV 3"
"FRM113002","Move to {-5499315.048189, -2250231.003964, 2310734.853397}","-",21.38983377,-157.74169886,"2026-08-04T04:25:17.000Z","UAV 3"
"FRLAV008","Move to {-5499315.048189, -2250231.003964, 2310734.853397}","-",21.39001836,-157.74174914,"2026-08-04T04:25:17.000Z","UAV 3"
"FRM113001","Move to {-5499315.048189, -2250231.003964, 2310734.853397}","-",21.38989674,-157.74163464,"2026-08-04T04:25:17.000Z","UAV 3"
"FRM113004","Move to {-5499315.048189, -2250231.003964, 2310734.853397}","-",21.38979365,-157.74195398,"2026-08-04T04:25:17.000Z","UAV 3"
"FRLAV004","Move to {-5499315.048189, -2250231.003964, 2310734.853397}","-",21.38965671,-157.74153817,"2026-08-04T04:25:17.000Z","UAV 3"
"ENM1A2003","Move to {-5499107.729384, -2250754.164082, 2310538.606898}","-",21.37362856,-157.74313345,"2026-08-04T04:25:17.000Z","UAV 3"
"FRTRK2004","Move to {-5498755.048693, -2250824.434840, 2311307.787782}","-",21.38827183,-157.75025988,"2026-08-04T04:25:17.000Z","UAV 3"
"ENT72007","Move to {-5499107.729384, -2250754.164082, 2310538.606898}","-",21.37150229,-157.74181584,"2026-08-04T04:25:17.000Z","UAV 3"
"ENT72003","Move to {-5499107.729384, -2250754.164082, 2310538.606898}","-",21.37173669,-157.74157235,"2026-08-04T04:25:17.000Z","UAV 3"
"ENMORT005","FFE-On-Location ""Location={-5499123.141030, -2250320.406046, 2311025.754248}""  Name of Weapons to Fire: Indirect-Fire-Gun:m9333he. Number-Of-Rounds: 1. Height-Above-Terrain: 0","-",21.37463885,-157.73701809,"2026-08-04T04:25:17.000Z","UAV 3"
"ENM1A2001","Move to {-5499107.729384, -2250754.164082, 2310538.606898}","-",21.37375577,-157.74278927,"2026-08-04T04:25:17.000Z","UAV 3"
"FRT80001","Move to {-5499315.048189, -2250231.003964, 2310734.853397}","-",21.37552986,-157.75285814,"2026-08-04T04:25:17.000Z","UAV 3"
"ENT72008","Move to {-5499107.729384, -2250754.164082, 2310538.606898}","-",21.37167515,-157.74165428,"2026-08-04T04:25:17.000Z","UAV 3"
"ENM1A2005","Move to {-5499107.729384, -2250754.164082, 2310538.606898}","-",21.37371475,-157.74282243,"2026-08-04T04:25:17.000Z","UAV 3"
"ENT72002","Move to {-5499107.729384, -2250754.164082, 2310538.606898}","-",21.37160473,-157.74155179,"2026-08-04T04:25:17.000Z","UAV 3"
"ENMORT004","FFE-On-Location ""Location={-5498511.672389, -2250935.799735, 2311770.746054}""  Name of Weapons to Fire: Indirect-Fire-Gun:m9333he. Number-Of-Rounds: 1. Height-Above-Terrain: 0","-",21.37449517,-157.73695548,"2026-08-04T04:25:17.000Z","UAV 3"
"FRTRK1001","Move to {-5498755.048693, -2250824.434840, 2311307.787782}","-",21.38845477,-157.75026275,"2026-08-04T04:25:17.000Z","UAV 3"
"FRM113003","Move to {-5499315.048189, -2250231.003964, 2310734.853397}","-",21.38986786,-157.74197758,"2026-08-04T04:25:17.000Z","UAV 3"
"ENT72005","Move to {-5499107.729384, -2250754.164082, 2310538.606898}","-",21.37161072,-157.74185145,"2026-08-04T04:25:17.000Z","UAV 3"
"ENM35004","Move to {-5499460.953457, -2250814.454542, 2309743.262342}","-",21.37330404,-157.73325472,"2026-08-04T04:25:17.000Z","UAV 3"
"ENGAZ001","Move to {-5499460.953457, -2250814.454542, 2309743.262342}","-",21.37353719,-157.73300254,"2026-08-04T04:25:17.000Z","UAV 3"
"ENM1A2002","Move to {-5499107.729384, -2250754.164082, 2310538.606898}","-",21.37384996,-157.74306149,"2026-08-04T04:25:17.000Z","UAV 3"
"ENT72009","Move to {-5499107.729384, -2250754.164082, 2310538.606898}","-",21.37145126,-157.74167290,"2026-08-04T04:25:17.000Z","UAV 3"
"ENT72004","Move to {-5499107.729384, -2250754.164082, 2310538.606898}","-",21.37183226,-157.74160876,"2026-08-04T04:25:17.000Z","UAV 3"
"ENM35001","Move to {-5499460.953457, -2250814.454542, 2309743.262342}","-",21.37323319,-157.73331793,"2026-08-04T04:25:17.000Z","UAV 3"
"ENT72010","Move to {-5499107.729384, -2250754.164082, 2310538.606898}","-",21.37182690,-157.74153135,"2026-08-04T04:25:17.000Z","UAV 3"
"FRTRK1005","Move to {-5498755.048693, -2250824.434840, 2311307.787782}","-",21.38819201,-157.75009822,"2026-08-04T04:25:17.000Z","UAV 3"
"ENT72006","Move to {-5499107.729384, -2250754.164082, 2310538.606898}","-",21.37175090,-157.74177254,"2026-08-04T04:25:17.000Z","UAV 3"
"ENMORT001","FFE-On-Location ""Location={-5499123.141030, -2250320.406046, 2311025.754248}""  Name of Weapons to Fire: Indirect-Fire-Gun:m9333he. Number-Of-Rounds: 1. Height-Above-Terrain: 0","-",21.37454920,-157.73726779,"2026-08-04T04:25:17.000Z","UAV 3"
"FRT80007","Move to {-5499315.048189, -2250231.003964, 2310734.853397}","-",21.37513057,-157.75286145,"2026-08-04T04:25:17.000Z","UAV 3"
"FRLAV001","Move to {-5499315.048189, -2250231.003964, 2310734.853397}","-",21.38973748,-157.74171357,"2026-08-04T04:25:17.000Z","UAV 3"
"FRT80004","Move to {-5499315.048189, -2250231.003964, 2310734.853397}","-",21.37527610,-157.75295744,"2026-08-04T04:25:17.000Z","UAV 3"
"ENGAZ004","Move to {-5499460.953457, -2250814.454542, 2309743.262342}","-",21.37352468,-157.73340098,"2026-08-04T04:25:17.000Z","UAV 3"
"FRTRK2003","Move to {-5498755.048693, -2250824.434840, 2311307.787782}","-",21.38810713,-157.75019542,"2026-08-04T04:25:17.000Z","UAV 3"
"ENMORT003","FFE-On-Location ""Location={-5498358.113175, -2250865.429793, 2312201.552453}""  Name of Weapons to Fire: Indirect-Fire-Gun:m9333he. Number-Of-Rounds: 1. Height-Above-Terrain: 0","-",21.37448817,-157.73726715,"2026-08-04T04:25:17.000Z","UAV 3"
"ENM1A2004","Move to {-5499107.729384, -2250754.164082, 2310538.606898}","-",21.37375695,-157.74303068,"2026-08-04T04:25:17.000Z","UAV 3"
"FRT80002","Move to {-5499315.048189, -2250231.003964, 2310734.853397}","-",21.37537988,-157.75323277,"2026-08-04T04:25:17.000Z","UAV 3"
"ENBTR60006","Move to {-5499107.729384, -2250754.164082, 2310538.606898}","-",21.36928144,-157.74048706,"2026-08-04T04:25:17.000Z","UAV 3"
"ENBTR80004","Move to {-5499107.729384, -2250754.164082, 2310538.606898}","-",21.36922991,-157.74029646,"2026-08-04T04:25:17.000Z","UAV 3"
"ENT72001","Move to {-5499107.729384, -2250754.164082, 2310538.606898}","-",21.37173028,-157.74168329,"2026-08-04T04:25:17.000Z","UAV 3"
"ENBTR60003","Move to {-5499107.729384, -2250754.164082, 2310538.606898}","-",21.36915412,-157.74069338,"2026-08-04T04:25:17.000Z","UAV 3"
"FRLAV006","Move to {-5499315.048189, -2250231.003964, 2310734.853397}","-",21.38987097,-157.74207521,"2026-08-04T04:25:17.000Z","UAV 3"
"ENBTR80001","Move to {-5499107.729384, -2250754.164082, 2310538.606898}","-",21.36893004,-157.74041193,"2026-08-04T04:25:17.000Z","UAV 3"
"ENM35002","Move to {-5499460.953457, -2250814.454542, 2309743.262342}","-",21.37349977,-157.73303788,"2026-08-04T04:25:17.000Z","UAV 3"
"ENBTR60002","Move to {-5499107.729384, -2250754.164082, 2310538.606898}","-",21.36904745,-157.74071132,"2026-08-04T04:25:17.000Z","UAV 3"
"ENBTR60007","Move to {-5499107.729384, -2250754.164082, 2310538.606898}","-",21.36914626,-157.74047115,"2026-08-04T04:25:17.000Z","UAV 3"
"FRT80003","Move to {-5499315.048189, -2250231.003964, 2310734.853397}","-",21.37536250,-157.75285384,"2026-08-04T04:25:17.000Z","UAV 3"
"ENBTR60008","Move to {-5499107.729384, -2250754.164082, 2310538.606898}","-",21.36898967,-157.74032396,"2026-08-04T04:25:17.000Z","UAV 3"
"ENBTR80007","Move to {-5499107.729384, -2250754.164082, 2310538.606898}","-",21.36918895,-157.74041223,"2026-08-04T04:25:17.000Z","UAV 3"
"ENBTR80005","Move to {-5499107.729384, -2250754.164082, 2310538.606898}","-",21.36913701,-157.74058810,"2026-08-04T04:25:17.000Z","UAV 3"
"ENBTR60004","Move to {-5499107.729384, -2250754.164082, 2310538.606898}","-",21.36892003,-157.74057740,"2026-08-04T04:25:17.000Z","UAV 3"
"ENBTR60005","Move to {-5499107.729384, -2250754.164082, 2310538.606898}","-",21.36927213,-157.74070312,"2026-08-04T04:25:17.000Z","UAV 3"
"FRM113004","Move to {-5499315.048189, -2250231.003964, 2310734.853397}","-",21.38979681,-157.74195577,"2026-08-04T04:25:18.000Z","UAV 3"
"ENM1A2003","Move to {-5499107.729384, -2250754.164082, 2310538.606898}","-",21.37378393,-157.74307330,"2026-08-04T04:25:18.000Z","UAV 3"
"FRTRK2004","Move to {-5498755.048693, -2250824.434840, 2311307.787782}","-",21.38825946,-157.75008455,"2026-08-04T04:25:18.000Z","UAV 3"
"ENT72007","Move to {-5499107.729384, -2250754.164082, 2310538.606898}","-",21.37166462,-157.74179832,"2026-08-04T04:25:18.000Z","UAV 3"
"ENT72003","Move to {-5499107.729384, -2250754.164082, 2310538.606898}","-",21.37190558,-157.74155907,"2026-08-04T04:25:18.000Z","UAV 3"
"ENMORT005","FFE-On-Location ""Location={-5499123.141030, -2250320.406046, 2311025.754248}""  Name of Weapons to Fire: Indirect-Fire-Gun:m9333he. Number-Of-Rounds: 1. Height-Above-Terrain: 0","-",21.37463885,-157.73701809,"2026-08-04T04:25:18.000Z","UAV 3"
"ENM1A2001","Move to {-5499107.729384, -2250754.164082, 2310538.606898}","-",21.37391223,-157.74273723,"2026-08-04T04:25:18.000Z","UAV 3"
"FRT80001","Move to {-5499315.048189, -2250231.003964, 2310734.853397}","-",21.37563789,-157.75272709,"2026-08-04T04:25:18.000Z","UAV 3"
"ENT72008","Move to {-5499107.729384, -2250754.164082, 2310538.606898}","-",21.37184298,-157.74163936,"2026-08-04T04:25:18.000Z","UAV 3"
"ENM1A2005","Move to {-5499107.729384, -2250754.164082, 2310538.606898}","-",21.37387216,-157.74276951,"2026-08-04T04:25:18.000Z","UAV 3"
"ENT72002","Move to {-5499107.729384, -2250754.164082, 2310538.606898}","-",21.37177299,-157.74153925,"2026-08-04T04:25:18.000Z","UAV 3"
"ENMORT004","FFE-On-Location ""Location={-5498511.672389, -2250935.799735, 2311770.746054}""  Name of Weapons to Fire: Indirect-Fire-Gun:m9333he. Number-Of-Rounds: 1. Height-Above-Terrain: 0","-",21.37449517,-157.73695548,"2026-08-04T04:25:18.000Z","UAV 3"
"FRTRK1001","Move to {-5498755.048693, -2250824.434840, 2311307.787782}","-",21.38844345,-157.75010133,"2026-08-04T04:25:18.000Z","UAV 3"
"FRM113003","Move to {-5499315.048189, -2250231.003964, 2310734.853397}","-",21.38987433,-157.74197758,"2026-08-04T04:25:18.000Z","UAV 3"
"ENT72005","Move to {-5499107.729384, -2250754.164082, 2310538.606898}","-",21.37178499,-157.74183155,"2026-08-04T04:25:18.000Z","UAV 3"
"ENM35004","Move to {-5499460.953457, -2250814.454542, 2309743.262342}","-",21.37327839,-157.73344213,"2026-08-04T04:25:18.000Z","UAV 3"
"ENGAZ001","Move to {-5499460.953457, -2250814.454542, 2309743.262342}","-",21.37354883,-157.73318663,"2026-08-04T04:25:18.000Z","UAV 3"
"ENM1A2002","Move to {-5499107.729384, -2250754.164082, 2310538.606898}","-",21.37401428,-157.74299745,"2026-08-04T04:25:18.000Z","UAV 3"
"ENT72009","Move to {-5499107.729384, -2250754.164082, 2310538.606898}","-",21.37162141,-157.74165780,"2026-08-04T04:25:18.000Z","UAV 3"
"ENT72004","Move to {-5499107.729384, -2250754.164082, 2310538.606898}","-",21.37200646,-157.74159402,"2026-08-04T04:25:18.000Z","UAV 3"
"ENM35001","Move to {-5499460.953457, -2250814.454542, 2309743.262342}","-",21.37320752,-157.73350551,"2026-08-04T04:25:18.000Z","UAV 3"
"ENT72010","Move to {-5499107.729384, -2250754.164082, 2310538.606898}","-",21.37200057,-157.74151850,"2026-08-04T04:25:18.000Z","UAV 3"
"FRTRK1005","Move to {-5498755.048693, -2250824.434840, 2311307.787782}","-",21.38817303,-157.74990756,"2026-08-04T04:25:18.000Z","UAV 3"
"ENT72006","Move to {-5499107.729384, -2250754.164082, 2310538.606898}","-",21.37192678,-157.74175394,"2026-08-04T04:25:18.000Z","UAV 3"
"ENMORT001","FFE-On-Location ""Location={-5499123.141030, -2250320.406046, 2311025.754248}""  Name of Weapons to Fire: Indirect-Fire-Gun:m9333he. Number-Of-Rounds: 1. Height-Above-Terrain: 0","-",21.37454920,-157.73726779,"2026-08-04T04:25:18.000Z","UAV 3"
"FRT80007","Move to {-5499315.048189, -2250231.003964, 2310734.853397}","-",21.37524892,-157.75272784,"2026-08-04T04:25:18.000Z","UAV 3"
"FRLAV001","Move to {-5499315.048189, -2250231.003964, 2310734.853397}","-",21.38974331,-157.74170998,"2026-08-04T04:25:18.000Z","UAV 3"
"FRT80004","Move to {-5499315.048189, -2250231.003964, 2310734.853397}","-",21.37539202,-157.75282117,"2026-08-04T04:25:18.000Z","UAV 3"
"ENGAZ004","Move to {-5499460.953457, -2250814.454542, 2309743.262342}","-",21.37353383,-157.73358417,"2026-08-04T04:25:18.000Z","UAV 3"
"FRTRK2003","Move to {-5498755.048693, -2250824.434840, 2311307.787782}","-",21.38809900,-157.75000659,"2026-08-04T04:25:18.000Z","UAV 3"
"ENMORT003","FFE-On-Location ""Location={-5498358.113175, -2250865.429793, 2312201.552453}""  Name of Weapons to Fire: Indirect-Fire-Gun:m9333he. Number-Of-Rounds: 1. Height-Above-Terrain: 0","-",21.37448817,-157.73726715,"2026-08-04T04:25:18.000Z","UAV 3"
"ENM1A2004","Move to {-5499107.729384, -2250754.164082, 2310538.606898}","-",21.37392097,-157.74296880,"2026-08-04T04:25:18.000Z","UAV 3"
"ENBTR60006","Move to {-5499107.729384, -2250754.164082, 2310538.606898}","-",21.36945195,-157.74049569,"2026-08-04T04:25:18.000Z","UAV 3"
"ENBTR80004","Move to {-5499107.729384, -2250754.164082, 2310538.606898}","-",21.36940129,-157.74030838,"2026-08-04T04:25:18.000Z","UAV 3"
"ENT72001","Move to {-5499107.729384, -2250754.164082, 2310538.606898}","-",21.37190484,-157.74166698,"2026-08-04T04:25:18.000Z","UAV 3"
"ENBTR60003","Move to {-5499107.729384, -2250754.164082, 2310538.606898}","-",21.36932754,-157.74069848,"2026-08-04T04:25:18.000Z","UAV 3"
"FRLAV006","Move to {-5499315.048189, -2250231.003964, 2310734.853397}","-",21.38987742,-157.74207123,"2026-08-04T04:25:18.000Z","UAV 3"
"ENBTR80001","Move to {-5499107.729384, -2250754.164082, 2310538.606898}","-",21.36910764,-157.74042192,"2026-08-04T04:25:18.000Z","UAV 3"
"ENM35002","Move to {-5499460.953457, -2250814.454542, 2309743.262342}","-",21.37347686,-157.73322477,"2026-08-04T04:25:18.000Z","UAV 3"
"ENBTR60002","Move to {-5499107.729384, -2250754.164082, 2310538.606898}","-",21.36922124,-157.74071607,"2026-08-04T04:25:18.000Z","UAV 3"
"ENBTR60007","Move to {-5499107.729384, -2250754.164082, 2310538.606898}","-",21.36931918,-157.74048007,"2026-08-04T04:25:18.000Z","UAV 3"
"ENBTR60008","Move to {-5499107.729384, -2250754.164082, 2310538.606898}","-",21.36916563,-157.74033544,"2026-08-04T04:25:18.000Z","UAV 3"
"ENBTR80007","Move to {-5499107.729384, -2250754.164082, 2310538.606898}","-",21.36936142,-157.74042218,"2026-08-04T04:25:18.000Z","UAV 3"
"ENBTR80005","Move to {-5499107.729384, -2250754.164082, 2310538.606898}","-",21.36931067,-157.74059502,"2026-08-04T04:25:18.000Z","UAV 3"
"ENBTR60004","Move to {-5499107.729384, -2250754.164082, 2310538.606898}","-",21.36909543,-157.74058443,"2026-08-04T04:25:18.000Z","UAV 3"
"ENBTR60005","Move to {-5499107.729384, -2250754.164082, 2310538.606898}","-",21.36944536,-157.74070810,"2026-08-04T04:25:18.000Z","UAV 3"
"ENGAZ002","Move to {-5499460.953457, -2250814.454542, 2309743.262342}","-",21.37366383,-157.73355027,"2026-08-04T04:25:18.000Z","UAV 3"
"ENBTR80003","Move to {-5499107.729384, -2250754.164082, 2310538.606898}","-",21.36903009,-157.74037427,"2026-08-04T04:25:18.000Z","UAV 3"
"FRT80006","Move to {-5499315.048189, -2250231.003964, 2310734.853397}","-",21.37552091,-157.75269070,"2026-08-04T04:25:18.000Z","UAV 3"
"FRM113005","Move to {-5499315.048189, -2250231.003964, 2310734.853397}","-",21.38984411,-157.74208532,"2026-08-04T04:25:18.000Z","UAV 3"
"ENM35003","Move to {-5499460.953457, -2250814.454542, 2309743.262342}","-",21.37362377,-157.73354026,"2026-08-04T04:25:18.000Z","UAV 3"
"FRM113004","Move to {-5499315.048189, -2250231.003964, 2310734.853397}","-",21.38979681,-157.74195577,"2026-08-04T04:25:19.000Z","UAV 3"
"ENM1A2003","Move to {-5499107.729384, -2250754.164082, 2310538.606898}","-",21.37378393,-157.74307330,"2026-08-04T04:25:19.000Z","UAV 3"
"FRTRK2004","Move to {-5498755.048693, -2250824.434840, 2311307.787782}","-",21.38825946,-157.75008455,"2026-08-04T04:25:19.000Z","UAV 3"
"ENT72007","Move to {-5499107.729384, -2250754.164082, 2310538.606898}","-",21.37166462,-157.74179832,"2026-08-04T04:25:19.000Z","UAV 3"
"ENT72003","Move to {-5499107.729384, -2250754.164082, 2310538.606898}","-",21.37190558,-157.74155907,"2026-08-04T04:25:19.000Z","UAV 3"
"ENMORT005","FFE-On-Location ""Location={-5499123.141030, -2250320.406046, 2311025.754248}""  Name of Weapons to Fire: Indirect-Fire-Gun:m9333he. Number-Of-Rounds: 1. Height-Above-Terrain: 0","-",21.37463885,-157.73701809,"2026-08-04T04:25:19.000Z","UAV 3"
"ENM1A2001","Move to {-5499107.729384, -2250754.164082, 2310538.606898}","-",21.37391223,-157.74273723,"2026-08-04T04:25:19.000Z","UAV 3"
"FRT80001","Move to {-5499315.048189, -2250231.003964, 2310734.853397}","-",21.37563789,-157.75272709,"2026-08-04T04:25:19.000Z","UAV 3"
"ENT72008","Move to {-5499107.729384, -2250754.164082, 2310538.606898}","-",21.37184298,-157.74163936,"2026-08-04T04:25:19.000Z","UAV 3"
"ENM1A2005","Move to {-5499107.729384, -2250754.164082, 2310538.606898}","-",21.37387216,-157.74276951,"2026-08-04T04:25:19.000Z","UAV 3"
"ENT72002","Move to {-5499107.729384, -2250754.164082, 2310538.606898}","-",21.37177299,-157.74153925,"2026-08-04T04:25:19.000Z","UAV 3"
"ENMORT004","FFE-On-Location ""Location={-5498511.672389, -2250935.799735, 2311770.746054}""  Name of Weapons to Fire: Indirect-Fire-Gun:m9333he. Number-Of-Rounds: 1. Height-Above-Terrain: 0","-",21.37449517,-157.73695548,"2026-08-04T04:25:19.000Z","UAV 3"
"FRTRK1001","Move to {-5498755.048693, -2250824.434840, 2311307.787782}","-",21.38844345,-157.75010133,"2026-08-04T04:25:19.000Z","UAV 3"
"FRM113003","Move to {-5499315.048189, -2250231.003964, 2310734.853397}","-",21.38987433,-157.74197758,"2026-08-04T04:25:19.000Z","UAV 3"
"ENT72005","Move to {-5499107.729384, -2250754.164082, 2310538.606898}","-",21.37178499,-157.74183155,"2026-08-04T04:25:19.000Z","UAV 3"
"ENM35004","Move to {-5499460.953457, -2250814.454542, 2309743.262342}","-",21.37327839,-157.73344213,"2026-08-04T04:25:19.000Z","UAV 3"
"ENGAZ001","Move to {-5499460.953457, -2250814.454542, 2309743.262342}","-",21.37354883,-157.73318663,"2026-08-04T04:25:19.000Z","UAV 3"
"ENM1A2002","Move to {-5499107.729384, -2250754.164082, 2310538.606898}","-",21.37401428,-157.74299745,"2026-08-04T04:25:19.000Z","UAV 3"
"ENT72009","Move to {-5499107.729384, -2250754.164082, 2310538.606898}","-",21.37162141,-157.74165780,"2026-08-04T04:25:19.000Z","UAV 3"
"ENT72004","Move to {-5499107.729384, -2250754.164082, 2310538.606898}","-",21.37200646,-157.74159402,"2026-08-04T04:25:19.000Z","UAV 3"
"ENM35001","Move to {-5499460.953457, -2250814.454542, 2309743.262342}","-",21.37320752,-157.73350551,"2026-08-04T04:25:19.000Z","UAV 3"
"ENT72010","Move to {-5499107.729384, -2250754.164082, 2310538.606898}","-",21.37200057,-157.74151850,"2026-08-04T04:25:19.000Z","UAV 3"
"FRTRK1005","Move to {-5498755.048693, -2250824.434840, 2311307.787782}","-",21.38817303,-157.74990756,"2026-08-04T04:25:19.000Z","UAV 3"
"ENT72006","Move to {-5499107.729384, -2250754.164082, 2310538.606898}","-",21.37192678,-157.74175394,"2026-08-04T04:25:19.000Z","UAV 3"
"ENMORT001","FFE-On-Location ""Location={-5499123.141030, -2250320.406046, 2311025.754248}""  Name of Weapons to Fire: Indirect-Fire-Gun:m9333he. Number-Of-Rounds: 1. Height-Above-Terrain: 0","-",21.37454920,-157.73726779,"2026-08-04T04:25:19.000Z","UAV 3"
"FRT80007","Move to {-5499315.048189, -2250231.003964, 2310734.853397}","-",21.37524892,-157.75272784,"2026-08-04T04:25:19.000Z","UAV 3"
"FRLAV001","Move to {-5499315.048189, -2250231.003964, 2310734.853397}","-",21.38974331,-157.74170998,"2026-08-04T04:25:19.000Z","UAV 3"
"FRT80004","Move to {-5499315.048189, -2250231.003964, 2310734.853397}","-",21.37539202,-157.75282117,"2026-08-04T04:25:19.000Z","UAV 3"
"ENGAZ004","Move to {-5499460.953457, -2250814.454542, 2309743.262342}","-",21.37353383,-157.73358417,"2026-08-04T04:25:19.000Z","UAV 3"
"FRTRK2003","Move to {-5498755.048693, -2250824.434840, 2311307.787782}","-",21.38809900,-157.75000659,"2026-08-04T04:25:19.000Z","UAV 3"
"ENMORT003","FFE-On-Location ""Location={-5498358.113175, -2250865.429793, 2312201.552453}""  Name of Weapons to Fire: Indirect-Fire-Gun:m9333he. Number-Of-Rounds: 1. Height-Above-Terrain: 0","-",21.37448817,-157.73726715,"2026-08-04T04:25:19.000Z","UAV 3"
"ENM1A2004","Move to {-5499107.729384, -2250754.164082, 2310538.606898}","-",21.37392097,-157.74296880,"2026-08-04T04:25:19.000Z","UAV 3"
"ENBTR60006","Move to {-5499107.729384, -2250754.164082, 2310538.606898}","-",21.36945195,-157.74049569,"2026-08-04T04:25:19.000Z","UAV 3"
"ENBTR80004","Move to {-5499107.729384, -2250754.164082, 2310538.606898}","-",21.36940129,-157.74030838,"2026-08-04T04:25:19.000Z","UAV 3"
"ENT72001","Move to {-5499107.729384, -2250754.164082, 2310538.606898}","-",21.37190484,-157.74166698,"2026-08-04T04:25:19.000Z","UAV 3"
"ENBTR60003","Move to {-5499107.729384, -2250754.164082, 2310538.606898}","-",21.36932754,-157.74069848,"2026-08-04T04:25:19.000Z","UAV 3"
"FRLAV006","Move to {-5499315.048189, -2250231.003964, 2310734.853397}","-",21.38987742,-157.74207123,"2026-08-04T04:25:19.000Z","UAV 3"
"ENBTR80001","Move to {-5499107.729384, -2250754.164082, 2310538.606898}","-",21.36910764,-157.74042192,"2026-08-04T04:25:19.000Z","UAV 3"
"ENM35002","Move to {-5499460.953457, -2250814.454542, 2309743.262342}","-",21.37347686,-157.73322477,"2026-08-04T04:25:19.000Z","UAV 3"
"ENBTR60002","Move to {-5499107.729384, -2250754.164082, 2310538.606898}","-",21.36922124,-157.74071607,"2026-08-04T04:25:19.000Z","UAV 3"
"ENBTR60007","Move to {-5499107.729384, -2250754.164082, 2310538.606898}","-",21.36931918,-157.74048007,"2026-08-04T04:25:19.000Z","UAV 3"
"ENBTR60008","Move to {-5499107.729384, -2250754.164082, 2310538.606898}","-",21.36916563,-157.74033544,"2026-08-04T04:25:19.000Z","UAV 3"
"ENBTR80007","Move to {-5499107.729384, -2250754.164082, 2310538.606898}","-",21.36936142,-157.74042218,"2026-08-04T04:25:19.000Z","UAV 3"
"ENBTR80005","Move to {-5499107.729384, -2250754.164082, 2310538.606898}","-",21.36931067,-157.74059502,"2026-08-04T04:25:19.000Z","UAV 3"
"ENBTR60004","Move to {-5499107.729384, -2250754.164082, 2310538.606898}","-",21.36909543,-157.74058443,"2026-08-04T04:25:19.000Z","UAV 3"
"ENBTR60005","Move to {-5499107.729384, -2250754.164082, 2310538.606898}","-",21.36944536,-157.74070810,"2026-08-04T04:25:19.000Z","UAV 3"
"ENGAZ002","Move to {-5499460.953457, -2250814.454542, 2309743.262342}","-",21.37366383,-157.73355027,"2026-08-04T04:25:19.000Z","UAV 3"
"ENBTR80003","Move to {-5499107.729384, -2250754.164082, 2310538.606898}","-",21.36903009,-157.74037427,"2026-08-04T04:25:19.000Z","UAV 3"
"FRT80006","Move to {-5499315.048189, -2250231.003964, 2310734.853397}","-",21.37552091,-157.75269070,"2026-08-04T04:25:19.000Z","UAV 3"
"FRM113005","Move to {-5499315.048189, -2250231.003964, 2310734.853397}","-",21.38984411,-157.74208532,"2026-08-04T04:25:19.000Z","UAV 3"
"ENM35003","Move to {-5499460.953457, -2250814.454542, 2309743.262342}","-",21.37362377,-157.73354026,"2026-08-04T04:25:19.000Z","UAV 3"
"ENM1A2003","Move to {-5499107.729384, -2250754.164082, 2310538.606898}","-",21.37395859,-157.74300569,"2026-08-04T04:25:20.000Z","UAV 3"
"FRTRK2004","Move to {-5498755.048693, -2250824.434840, 2311307.787782}","-",21.38823011,-157.74988659,"2026-08-04T04:25:20.000Z","UAV 3"
"ENT72007","Move to {-5499107.729384, -2250754.164082, 2310538.606898}","-",21.37185052,-157.74177825,"2026-08-04T04:25:20.000Z","UAV 3"
"ENT72003","Move to {-5499107.729384, -2250754.164082, 2310538.606898}","-",21.37208849,-157.74154469,"2026-08-04T04:25:20.000Z","UAV 3"
"ENMORT005","FFE-On-Location ""Location={-5499123.141030, -2250320.406046, 2311025.754248}""  Name of Weapons to Fire: Indirect-Fire-Gun:m9333he. Number-Of-Rounds: 1. Height-Above-Terrain: 0","-",21.37463885,-157.73701809,"2026-08-04T04:25:20.000Z","UAV 3"
"ENM1A2001","Move to {-5499107.729384, -2250754.164082, 2310538.606898}","-",21.37408721,-157.74267902,"2026-08-04T04:25:20.000Z","UAV 3"
"FRT80001","Move to {-5499315.048189, -2250231.003964, 2310734.853397}","-",21.37576333,-157.75257492,"2026-08-04T04:25:20.000Z","UAV 3"
"ENT72008","Move to {-5499107.729384, -2250754.164082, 2310538.606898}","-",21.37202833,-157.74162289,"2026-08-04T04:25:20.000Z","UAV 3"
"ENM1A2005","Move to {-5499107.729384, -2250754.164082, 2310538.606898}","-",21.37404872,-157.74271014,"2026-08-04T04:25:20.000Z","UAV 3"
"ENT72002","Move to {-5499107.729384, -2250754.164082, 2310538.606898}","-",21.37195810,-157.74152546,"2026-08-04T04:25:20.000Z","UAV 3"
"ENMORT004","FFE-On-Location ""Location={-5498511.672389, -2250935.799735, 2311770.746054}""  Name of Weapons to Fire: Indirect-Fire-Gun:m9333he. Number-Of-Rounds: 1. Height-Above-Terrain: 0","-",21.37449517,-157.73695548,"2026-08-04T04:25:20.000Z","UAV 3"
"FRTRK1001","Move to {-5498755.048693, -2250824.434840, 2311307.787782}","-",21.38841110,-157.74990489,"2026-08-04T04:25:20.000Z","UAV 3"
"ENT72005","Move to {-5499107.729384, -2250754.164082, 2310538.606898}","-",21.37196826,-157.74181061,"2026-08-04T04:25:20.000Z","UAV 3"
"ENM35004","Move to {-5499460.953457, -2250814.454542, 2309743.262342}","-",21.37323359,-157.73363296,"2026-08-04T04:25:20.000Z","UAV 3"
"ENGAZ001","Move to {-5499460.953457, -2250814.454542, 2309743.262342}","-",21.37350158,-157.73337673,"2026-08-04T04:25:20.000Z","UAV 3"
"ENM1A2002","Move to {-5499107.729384, -2250754.164082, 2310538.606898}","-",21.37418781,-157.74292983,"2026-08-04T04:25:20.000Z","UAV 3"
"ENT72009","Move to {-5499107.729384, -2250754.164082, 2310538.606898}","-",21.37180065,-157.74164190,"2026-08-04T04:25:20.000Z","UAV 3"
"ENT72004","Move to {-5499107.729384, -2250754.164082, 2310538.606898}","-",21.37219232,-157.74157830,"2026-08-04T04:25:20.000Z","UAV 3"
"ENM35001","Move to {-5499460.953457, -2250814.454542, 2309743.262342}","-",21.37316397,-157.73369657,"2026-08-04T04:25:20.000Z","UAV 3"
"ENT72010","Move to {-5499107.729384, -2250754.164082, 2310538.606898}","-",21.37218708,-157.74150469,"2026-08-04T04:25:20.000Z","UAV 3"
"FRTRK1005","Move to {-5498755.048693, -2250824.434840, 2311307.787782}","-",21.38814559,-157.74971525,"2026-08-04T04:25:20.000Z","UAV 3"
"ENT72006","Move to {-5499107.729384, -2250754.164082, 2310538.606898}","-",21.37210958,-157.74173461,"2026-08-04T04:25:20.000Z","UAV 3"
"ENMORT001","FFE-On-Location ""Location={-5499123.141030, -2250320.406046, 2311025.754248}""  Name of Weapons to Fire: Indirect-Fire-Gun:m9333he. Number-Of-Rounds: 1. Height-Above-Terrain: 0","-",21.37454920,-157.73726779,"2026-08-04T04:25:20.000Z","UAV 3"
"FRT80007","Move to {-5499315.048189, -2250231.003964, 2310734.853397}","-",21.37537570,-157.75258472,"2026-08-04T04:25:20.000Z","UAV 3"
"FRT80004","Move to {-5499315.048189, -2250231.003964, 2310734.853397}","-",21.37551597,-157.75267545,"2026-08-04T04:25:20.000Z","UAV 3"
"ENGAZ004","Move to {-5499460.953457, -2250814.454542, 2309743.262342}","-",21.37348459,-157.73377391,"2026-08-04T04:25:20.000Z","UAV 3"
"FRTRK2003","Move to {-5498755.048693, -2250824.434840, 2311307.787782}","-",21.38807282,-157.74981215,"2026-08-04T04:25:20.000Z","UAV 3"
"ENMORT003","FFE-On-Location ""Location={-5498358.113175, -2250865.429793, 2312201.552453}""  Name of Weapons to Fire: Indirect-Fire-Gun:m9333he. Number-Of-Rounds: 1. Height-Above-Terrain: 0","-",21.37448817,-157.73726715,"2026-08-04T04:25:20.000Z","UAV 3"
"ENM1A2004","Move to {-5499107.729384, -2250754.164082, 2310538.606898}","-",21.37409532,-157.74290301,"2026-08-04T04:25:20.000Z","UAV 3"
"ENBTR60006","Move to {-5499107.729384, -2250754.164082, 2310538.606898}","-",21.36963866,-157.74050515,"2026-08-04T04:25:20.000Z","UAV 3"
"ENBTR80004","Move to {-5499107.729384, -2250754.164082, 2310538.606898}","-",21.36958527,-157.74032118,"2026-08-04T04:25:20.000Z","UAV 3"
"ENT72001","Move to {-5499107.729384, -2250754.164082, 2310538.606898}","-",21.37208655,-157.74165000,"2026-08-04T04:25:20.000Z","UAV 3"
"ENBTR60003","Move to {-5499107.729384, -2250754.164082, 2310538.606898}","-",21.36951206,-157.74070391,"2026-08-04T04:25:20.000Z","UAV 3"
"ENBTR80001","Move to {-5499107.729384, -2250754.164082, 2310538.606898}","-",21.36929129,-157.74043225,"2026-08-04T04:25:20.000Z","UAV 3"
"ENM35002","Move to {-5499460.953457, -2250814.454542, 2309743.262342}","-",21.37342894,-157.73341491,"2026-08-04T04:25:20.000Z","UAV 3"
"ENBTR60002","Move to {-5499107.729384, -2250754.164082, 2310538.606898}","-",21.36940591,-157.74072111,"2026-08-04T04:25:20.000Z","UAV 3"
"ENBTR60007","Move to {-5499107.729384, -2250754.164082, 2310538.606898}","-",21.36950317,-157.74048955,"2026-08-04T04:25:20.000Z","UAV 3"
"ENBTR60008","Move to {-5499107.729384, -2250754.164082, 2310538.606898}","-",21.36935025,-157.74034748,"2026-08-04T04:25:20.000Z","UAV 3"
"ENBTR80007","Move to {-5499107.729384, -2250754.164082, 2310538.606898}","-",21.36954523,-157.74043278,"2026-08-04T04:25:20.000Z","UAV 3"
"ENBTR80005","Move to {-5499107.729384, -2250754.164082, 2310538.606898}","-",21.36949423,-157.74060234,"2026-08-04T04:25:20.000Z","UAV 3"
"ENBTR60004","Move to {-5499107.729384, -2250754.164082, 2310538.606898}","-",21.36928054,-157.74059184,"2026-08-04T04:25:20.000Z","UAV 3"
"ENBTR60005","Move to {-5499107.729384, -2250754.164082, 2310538.606898}","-",21.36962889,-157.74071338,"2026-08-04T04:25:20.000Z","UAV 3"
"ENGAZ002","Move to {-5499460.953457, -2250814.454542, 2309743.262342}","-",21.37361278,-157.73373946,"2026-08-04T04:25:20.000Z","UAV 3"
"ENBTR80003","Move to {-5499107.729384, -2250754.164082, 2310538.606898}","-",21.36921571,-157.74038550,"2026-08-04T04:25:20.000Z","UAV 3"
"FRT80006","Move to {-5499315.048189, -2250231.003964, 2310734.853397}","-",21.37564473,-157.75254463,"2026-08-04T04:25:20.000Z","UAV 3"
"ENM35003","Move to {-5499460.953457, -2250814.454542, 2309743.262342}","-",21.37357104,-157.73372880,"2026-08-04T04:25:20.000Z","UAV 3"
"FRT80002","Move to {-5499315.048189, -2250231.003964, 2310734.853397}","-",21.37560743,-157.75294869,"2026-08-04T04:25:20.000Z","UAV 3"
"ENM1A2003","Move to {-5499107.729384, -2250754.164082, 2310538.606898}","-",21.37395859,-157.74300569,"2026-08-04T04:25:21.000Z","UAV 3"
"FRTRK2004","Move to {-5498755.048693, -2250824.434840, 2311307.787782}","-",21.38823011,-157.74988659,"2026-08-04T04:25:21.000Z","UAV 3"
"ENT72007","Move to {-5499107.729384, -2250754.164082, 2310538.606898}","-",21.37185052,-157.74177825,"2026-08-04T04:25:21.000Z","UAV 3"
"ENT72003","Move to {-5499107.729384, -2250754.164082, 2310538.606898}","-",21.37208849,-157.74154469,"2026-08-04T04:25:21.000Z","UAV 3"
"ENMORT005","FFE-On-Location ""Location={-5499123.141030, -2250320.406046, 2311025.754248}""  Name of Weapons to Fire: Indirect-Fire-Gun:m9333he. Number-Of-Rounds: 1. Height-Above-Terrain: 0","-",21.37463885,-157.73701809,"2026-08-04T04:25:21.000Z","UAV 3"
"ENM1A2001","Move to {-5499107.729384, -2250754.164082, 2310538.606898}","-",21.37408721,-157.74267902,"2026-08-04T04:25:21.000Z","UAV 3"
"FRT80001","Move to {-5499315.048189, -2250231.003964, 2310734.853397}","-",21.37576333,-157.75257492,"2026-08-04T04:25:21.000Z","UAV 3"
"ENT72008","Move to {-5499107.729384, -2250754.164082, 2310538.606898}","-",21.37202833,-157.74162289,"2026-08-04T04:25:21.000Z","UAV 3"
"ENM1A2005","Move to {-5499107.729384, -2250754.164082, 2310538.606898}","-",21.37404872,-157.74271014,"2026-08-04T04:25:21.000Z","UAV 3"
"ENT72002","Move to {-5499107.729384, -2250754.164082, 2310538.606898}","-",21.37195810,-157.74152546,"2026-08-04T04:25:21.000Z","UAV 3"
"ENMORT004","FFE-On-Location ""Location={-5498511.672389, -2250935.799735, 2311770.746054}""  Name of Weapons to Fire: Indirect-Fire-Gun:m9333he. Number-Of-Rounds: 1. Height-Above-Terrain: 0","-",21.37449517,-157.73695548,"2026-08-04T04:25:21.000Z","UAV 3"
"FRTRK1001","Move to {-5498755.048693, -2250824.434840, 2311307.787782}","-",21.38841110,-157.74990489,"2026-08-04T04:25:21.000Z","UAV 3"
"ENT72005","Move to {-5499107.729384, -2250754.164082, 2310538.606898}","-",21.37196826,-157.74181061,"2026-08-04T04:25:21.000Z","UAV 3"
"ENM35004","Move to {-5499460.953457, -2250814.454542, 2309743.262342}","-",21.37323359,-157.73363296,"2026-08-04T04:25:21.000Z","UAV 3"
"ENGAZ001","Move to {-5499460.953457, -2250814.454542, 2309743.262342}","-",21.37350158,-157.73337673,"2026-08-04T04:25:21.000Z","UAV 3"
"ENM1A2002","Move to {-5499107.729384, -2250754.164082, 2310538.606898}","-",21.37418781,-157.74292983,"2026-08-04T04:25:21.000Z","UAV 3"
"ENT72009","Move to {-5499107.729384, -2250754.164082, 2310538.606898}","-",21.37180065,-157.74164190,"2026-08-04T04:25:21.000Z","UAV 3"
"ENT72004","Move to {-5499107.729384, -2250754.164082, 2310538.606898}","-",21.37219232,-157.74157830,"2026-08-04T04:25:21.000Z","UAV 3"
"ENM35001","Move to {-5499460.953457, -2250814.454542, 2309743.262342}","-",21.37316397,-157.73369657,"2026-08-04T04:25:21.000Z","UAV 3"
"ENT72010","Move to {-5499107.729384, -2250754.164082, 2310538.606898}","-",21.37218708,-157.74150469,"2026-08-04T04:25:21.000Z","UAV 3"
"FRTRK1005","Move to {-5498755.048693, -2250824.434840, 2311307.787782}","-",21.38814559,-157.74971525,"2026-08-04T04:25:21.000Z","UAV 3"
"ENT72006","Move to {-5499107.729384, -2250754.164082, 2310538.606898}","-",21.37210958,-157.74173461,"2026-08-04T04:25:21.000Z","UAV 3"
"ENMORT001","FFE-On-Location ""Location={-5499123.141030, -2250320.406046, 2311025.754248}""  Name of Weapons to Fire: Indirect-Fire-Gun:m9333he. Number-Of-Rounds: 1. Height-Above-Terrain: 0","-",21.37454920,-157.73726779,"2026-08-04T04:25:21.000Z","UAV 3"
"FRT80007","Move to {-5499315.048189, -2250231.003964, 2310734.853397}","-",21.37537570,-157.75258472,"2026-08-04T04:25:21.000Z","UAV 3"
"FRT80004","Move to {-5499315.048189, -2250231.003964, 2310734.853397}","-",21.37551597,-157.75267545,"2026-08-04T04:25:21.000Z","UAV 3"
"ENGAZ004","Move to {-5499460.953457, -2250814.454542, 2309743.262342}","-",21.37348459,-157.73377391,"2026-08-04T04:25:21.000Z","UAV 3"
"FRTRK2003","Move to {-5498755.048693, -2250824.434840, 2311307.787782}","-",21.38807282,-157.74981215,"2026-08-04T04:25:21.000Z","UAV 3"
"ENMORT003","FFE-On-Location ""Location={-5498358.113175, -2250865.429793, 2312201.552453}""  Name of Weapons to Fire: Indirect-Fire-Gun:m9333he. Number-Of-Rounds: 1. Height-Above-Terrain: 0","-",21.37448817,-157.73726715,"2026-08-04T04:25:21.000Z","UAV 3"
"ENM1A2004","Move to {-5499107.729384, -2250754.164082, 2310538.606898}","-",21.37409532,-157.74290301,"2026-08-04T04:25:21.000Z","UAV 3"
"ENBTR60006","Move to {-5499107.729384, -2250754.164082, 2310538.606898}","-",21.36963866,-157.74050515,"2026-08-04T04:25:21.000Z","UAV 3"
"ENBTR80004","Move to {-5499107.729384, -2250754.164082, 2310538.606898}","-",21.36958527,-157.74032118,"2026-08-04T04:25:21.000Z","UAV 3"
"ENT72001","Move to {-5499107.729384, -2250754.164082, 2310538.606898}","-",21.37208655,-157.74165000,"2026-08-04T04:25:21.000Z","UAV 3"
"ENBTR60003","Move to {-5499107.729384, -2250754.164082, 2310538.606898}","-",21.36951206,-157.74070391,"2026-08-04T04:25:21.000Z","UAV 3"
"ENBTR80001","Move to {-5499107.729384, -2250754.164082, 2310538.606898}","-",21.36929129,-157.74043225,"2026-08-04T04:25:21.000Z","UAV 3"
"ENM35002","Move to {-5499460.953457, -2250814.454542, 2309743.262342}","-",21.37342894,-157.73341491,"2026-08-04T04:25:21.000Z","UAV 3"
"ENBTR60002","Move to {-5499107.729384, -2250754.164082, 2310538.606898}","-",21.36940591,-157.74072111,"2026-08-04T04:25:21.000Z","UAV 3"
"ENBTR60007","Move to {-5499107.729384, -2250754.164082, 2310538.606898}","-",21.36950317,-157.74048955,"2026-08-04T04:25:21.000Z","UAV 3"
"ENBTR60008","Move to {-5499107.729384, -2250754.164082, 2310538.606898}","-",21.36935025,-157.74034748,"2026-08-04T04:25:21.000Z","UAV 3"
"ENBTR80007","Move to {-5499107.729384, -2250754.164082, 2310538.606898}","-",21.36954523,-157.74043278,"2026-08-04T04:25:21.000Z","UAV 3"
"ENBTR80005","Move to {-5499107.729384, -2250754.164082, 2310538.606898}","-",21.36949423,-157.74060234,"2026-08-04T04:25:21.000Z","UAV 3"
"ENBTR60004","Move to {-5499107.729384, -2250754.164082, 2310538.606898}","-",21.36928054,-157.74059184,"2026-08-04T04:25:21.000Z","UAV 3"
"ENBTR60005","Move to {-5499107.729384, -2250754.164082, 2310538.606898}","-",21.36962889,-157.74071338,"2026-08-04T04:25:21.000Z","UAV 3"
"ENGAZ002","Move to {-5499460.953457, -2250814.454542, 2309743.262342}","-",21.37361278,-157.73373946,"2026-08-04T04:25:21.000Z","UAV 3"
"ENBTR80003","Move to {-5499107.729384, -2250754.164082, 2310538.606898}","-",21.36921571,-157.74038550,"2026-08-04T04:25:21.000Z","UAV 3"
"FRT80006","Move to {-5499315.048189, -2250231.003964, 2310734.853397}","-",21.37564473,-157.75254463,"2026-08-04T04:25:21.000Z","UAV 3"
"ENM35003","Move to {-5499460.953457, -2250814.454542, 2309743.262342}","-",21.37357104,-157.73372880,"2026-08-04T04:25:21.000Z","UAV 3"
"FRT80002","Move to {-5499315.048189, -2250231.003964, 2310734.853397}","-",21.37560743,-157.75294869,"2026-08-04T04:25:21.000Z","UAV 3"
"ENM1A2003","Move to {-5499107.729384, -2250754.164082, 2310538.606898}","-",21.37412646,-157.74294070,"2026-08-04T04:25:23.000Z","UAV 3"
"FRTRK2004","Move to {-5498755.048693, -2250824.434840, 2311307.787782}","-",21.38820249,-157.74970025,"2026-08-04T04:25:23.000Z","UAV 3"
"ENT72007","Move to {-5499107.729384, -2250754.164082, 2310538.606898}","-",21.37202770,-157.74175912,"2026-08-04T04:25:23.000Z","UAV 3"
"ENT72003","Move to {-5499107.729384, -2250754.164082, 2310538.606898}","-",21.37227132,-157.74153032,"2026-08-04T04:25:23.000Z","UAV 3"
"ENMORT005","None","-",21.37463885,-157.73701809,"2026-08-04T04:25:23.000Z","UAV 3"
"FRT80001","Move to {-5499315.048189, -2250231.003964, 2310734.853397}","-",21.37587945,-157.75243405,"2026-08-04T04:25:23.000Z","UAV 3"
"ENT72008","Move to {-5499107.729384, -2250754.164082, 2310538.606898}","-",21.37220813,-157.74160690,"2026-08-04T04:25:23.000Z","UAV 3"
"ENT72002","Move to {-5499107.729384, -2250754.164082, 2310538.606898}","-",21.37213838,-157.74151202,"2026-08-04T04:25:23.000Z","UAV 3"
"ENMORT004","None","-",21.37449517,-157.73695548,"2026-08-04T04:25:23.000Z","UAV 3"
"FRTRK1001","Move to {-5498755.048693, -2250824.434840, 2311307.787782}","-",21.38838053,-157.74971933,"2026-08-04T04:25:23.000Z","UAV 3"
"ENT72005","Move to {-5499107.729384, -2250754.164082, 2310538.606898}","-",21.37214476,-157.74179045,"2026-08-04T04:25:23.000Z","UAV 3"
"ENM35004","Move to {-5499460.953457, -2250814.454542, 2309743.262342}","-",21.37319064,-157.73381594,"2026-08-04T04:25:23.000Z","UAV 3"
"ENGAZ001","Move to {-5499460.953457, -2250814.454542, 2309743.262342}","-",21.37345408,-157.73355969,"2026-08-04T04:25:23.000Z","UAV 3"
"ENM1A2002","Move to {-5499107.729384, -2250754.164082, 2310538.606898}","-",21.37435419,-157.74286499,"2026-08-04T04:25:23.000Z","UAV 3"
"ENT72009","Move to {-5499107.729384, -2250754.164082, 2310538.606898}","-",21.37197839,-157.74162612,"2026-08-04T04:25:23.000Z","UAV 3"
"ENT72004","Move to {-5499107.729384, -2250754.164082, 2310538.606898}","-",21.37236965,-157.74156329,"2026-08-04T04:25:23.000Z","UAV 3"
"ENM35001","Move to {-5499460.953457, -2250814.454542, 2309743.262342}","-",21.37312217,-157.73387991,"2026-08-04T04:25:23.000Z","UAV 3"
"ENT72010","Move to {-5499107.729384, -2250754.164082, 2310538.606898}","-",21.37236480,-157.74149154,"2026-08-04T04:25:23.000Z","UAV 3"
"FRTRK1005","Move to {-5498755.048693, -2250824.434840, 2311307.787782}","-",21.38811904,-157.74952925,"2026-08-04T04:25:23.000Z","UAV 3"
"ENT72006","Move to {-5499107.729384, -2250754.164082, 2310538.606898}","-",21.37228782,-157.74171576,"2026-08-04T04:25:23.000Z","UAV 3"
"ENMORT001","None","-",21.37454920,-157.73726779,"2026-08-04T04:25:23.000Z","UAV 3"
"FRT80007","Move to {-5499315.048189, -2250231.003964, 2310734.853397}","-",21.37549748,-157.75244725,"2026-08-04T04:25:23.000Z","UAV 3"
"FRT80004","Move to {-5499315.048189, -2250231.003964, 2310734.853397}","-",21.37563564,-157.75253475,"2026-08-04T04:25:23.000Z","UAV 3"
"ENGAZ004","Move to {-5499460.953457, -2250814.454542, 2309743.262342}","-",21.37343538,-157.73395588,"2026-08-04T04:25:23.000Z","UAV 3"
"FRTRK2003","Move to {-5498755.048693, -2250824.434840, 2311307.787782}","-",21.38804772,-157.74962567,"2026-08-04T04:25:23.000Z","UAV 3"
"ENMORT003","None","-",21.37448817,-157.73726715,"2026-08-04T04:25:23.000Z","UAV 3"
"ENM1A2004","Move to {-5499107.729384, -2250754.164082, 2310538.606898}","-",21.37426300,-157.74283974,"2026-08-04T04:25:23.000Z","UAV 3"
"ENBTR60006","Move to {-5499107.729384, -2250754.164082, 2310538.606898}","-",21.36981402,-157.74051403,"2026-08-04T04:25:23.000Z","UAV 3"
"ENBTR80004","Move to {-5499107.729384, -2250754.164082, 2310538.606898}","-",21.36976214,-157.74033348,"2026-08-04T04:25:23.000Z","UAV 3"
"ENT72001","Move to {-5499107.729384, -2250754.164082, 2310538.606898}","-",21.37226757,-157.74163308,"2026-08-04T04:25:23.000Z","UAV 3"
"ENBTR60003","Move to {-5499107.729384, -2250754.164082, 2310538.606898}","-",21.36968912,-157.74070911,"2026-08-04T04:25:23.000Z","UAV 3"
"ENBTR80001","Move to {-5499107.729384, -2250754.164082, 2310538.606898}","-",21.36946713,-157.74044214,"2026-08-04T04:25:23.000Z","UAV 3"
"ENM35002","Move to {-5499460.953457, -2250814.454542, 2309743.262342}","-",21.37338298,-157.73359722,"2026-08-04T04:25:23.000Z","UAV 3"
"ENBTR60002","Move to {-5499107.729384, -2250754.164082, 2310538.606898}","-",21.36958303,-157.74072595,"2026-08-04T04:25:23.000Z","UAV 3"
"ENBTR60007","Move to {-5499107.729384, -2250754.164082, 2310538.606898}","-",21.36968143,-157.74049874,"2026-08-04T04:25:23.000Z","UAV 3"
"ENBTR60008","Move to {-5499107.729384, -2250754.164082, 2310538.606898}","-",21.36952631,-157.74035896,"2026-08-04T04:25:23.000Z","UAV 3"
"ENBTR80007","Move to {-5499107.729384, -2250754.164082, 2310538.606898}","-",21.36972233,-157.74044299,"2026-08-04T04:25:23.000Z","UAV 3"
"ENBTR80005","Move to {-5499107.729384, -2250754.164082, 2310538.606898}","-",21.36967197,-157.74060942,"2026-08-04T04:25:23.000Z","UAV 3"
"ENBTR60004","Move to {-5499107.729384, -2250754.164082, 2310538.606898}","-",21.36945655,-157.74059889,"2026-08-04T04:25:23.000Z","UAV 3"
"ENBTR60005","Move to {-5499107.729384, -2250754.164082, 2310538.606898}","-",21.36980502,-157.74071845,"2026-08-04T04:25:23.000Z","UAV 3"
"ENGAZ002","Move to {-5499460.953457, -2250814.454542, 2309743.262342}","-",21.37356110,-157.73392063,"2026-08-04T04:25:23.000Z","UAV 3"
"ENBTR80003","Move to {-5499107.729384, -2250754.164082, 2310538.606898}","-",21.36939140,-157.74039614,"2026-08-04T04:25:23.000Z","UAV 3"
"FRT80006","Move to {-5499315.048189, -2250231.003964, 2310734.853397}","-",21.37576405,-157.75240387,"2026-08-04T04:25:23.000Z","UAV 3"
"ENM35003","Move to {-5499460.953457, -2250814.454542, 2309743.262342}","-",21.37352051,-157.73390945,"2026-08-04T04:25:23.000Z","UAV 3"
"FRT80002","Move to {-5499315.048189, -2250231.003964, 2310734.853397}","-",21.37572349,-157.75280381,"2026-08-04T04:25:23.000Z","UAV 3"
"FRTRK1003","Move to {-5498755.048693, -2250824.434840, 2311307.787782}","-",21.38823578,-157.74964241,"2026-08-04T04:25:23.000Z","UAV 3"
"ENGAZ003","Move to {-5499460.953457, -2250814.454542, 2309743.262342}","-",21.37345035,-157.73402870,"2026-08-04T04:25:23.000Z","UAV 3"
"ENM1A2003","Move to {-5499107.729384, -2250754.164082, 2310538.606898}","-",21.37412646,-157.74294070,"2026-08-04T04:25:24.000Z","UAV 3"
"FRTRK2004","Move to {-5498755.048693, -2250824.434840, 2311307.787782}","-",21.38820249,-157.74970025,"2026-08-04T04:25:24.000Z","UAV 3"
"ENT72007","Move to {-5499107.729384, -2250754.164082, 2310538.606898}","-",21.37202770,-157.74175912,"2026-08-04T04:25:24.000Z","UAV 3"
"ENT72003","Move to {-5499107.729384, -2250754.164082, 2310538.606898}","-",21.37227132,-157.74153032,"2026-08-04T04:25:24.000Z","UAV 3"
"ENMORT005","None","-",21.37463885,-157.73701809,"2026-08-04T04:25:24.000Z","UAV 3"
"FRT80001","Move to {-5499315.048189, -2250231.003964, 2310734.853397}","-",21.37587945,-157.75243405,"2026-08-04T04:25:24.000Z","UAV 3"
"ENT72008","Move to {-5499107.729384, -2250754.164082, 2310538.606898}","-",21.37220813,-157.74160690,"2026-08-04T04:25:24.000Z","UAV 3"
"ENT72002","Move to {-5499107.729384, -2250754.164082, 2310538.606898}","-",21.37213838,-157.74151202,"2026-08-04T04:25:24.000Z","UAV 3"
"ENMORT004","None","-",21.37449517,-157.73695548,"2026-08-04T04:25:24.000Z","UAV 3"
"FRTRK1001","Move to {-5498755.048693, -2250824.434840, 2311307.787782}","-",21.38838053,-157.74971933,"2026-08-04T04:25:24.000Z","UAV 3"
"ENT72005","Move to {-5499107.729384, -2250754.164082, 2310538.606898}","-",21.37214476,-157.74179045,"2026-08-04T04:25:24.000Z","UAV 3"
"ENM35004","Move to {-5499460.953457, -2250814.454542, 2309743.262342}","-",21.37319064,-157.73381594,"2026-08-04T04:25:24.000Z","UAV 3"
"ENGAZ001","Move to {-5499460.953457, -2250814.454542, 2309743.262342}","-",21.37345408,-157.73355969,"2026-08-04T04:25:24.000Z","UAV 3"
"ENM1A2002","Move to {-5499107.729384, -2250754.164082, 2310538.606898}","-",21.37435419,-157.74286499,"2026-08-04T04:25:24.000Z","UAV 3"
"ENT72009","Move to {-5499107.729384, -2250754.164082, 2310538.606898}","-",21.37197839,-157.74162612,"2026-08-04T04:25:24.000Z","UAV 3"
"ENT72004","Move to {-5499107.729384, -2250754.164082, 2310538.606898}","-",21.37236965,-157.74156329,"2026-08-04T04:25:24.000Z","UAV 3"
"ENM35001","Move to {-5499460.953457, -2250814.454542, 2309743.262342}","-",21.37312217,-157.73387991,"2026-08-04T04:25:24.000Z","UAV 3"
"ENT72010","Move to {-5499107.729384, -2250754.164082, 2310538.606898}","-",21.37236480,-157.74149154,"2026-08-04T04:25:24.000Z","UAV 3"
"FRTRK1005","Move to {-5498755.048693, -2250824.434840, 2311307.787782}","-",21.38811904,-157.74952925,"2026-08-04T04:25:24.000Z","UAV 3"
"ENT72006","Move to {-5499107.729384, -2250754.164082, 2310538.606898}","-",21.37228782,-157.74171576,"2026-08-04T04:25:24.000Z","UAV 3"
"ENMORT001","None","-",21.37454920,-157.73726779,"2026-08-04T04:25:24.000Z","UAV 3"
"FRT80007","Move to {-5499315.048189, -2250231.003964, 2310734.853397}","-",21.37549748,-157.75244725,"2026-08-04T04:25:24.000Z","UAV 3"
"FRT80004","Move to {-5499315.048189, -2250231.003964, 2310734.853397}","-",21.37563564,-157.75253475,"2026-08-04T04:25:24.000Z","UAV 3"
"ENGAZ004","Move to {-5499460.953457, -2250814.454542, 2309743.262342}","-",21.37343538,-157.73395588,"2026-08-04T04:25:24.000Z","UAV 3"
"FRTRK2003","Move to {-5498755.048693, -2250824.434840, 2311307.787782}","-",21.38804772,-157.74962567,"2026-08-04T04:25:24.000Z","UAV 3"
"ENMORT003","None","-",21.37448817,-157.73726715,"2026-08-04T04:25:24.000Z","UAV 3"
"ENM1A2004","Move to {-5499107.729384, -2250754.164082, 2310538.606898}","-",21.37426300,-157.74283974,"2026-08-04T04:25:24.000Z","UAV 3"
"ENBTR60006","Move to {-5499107.729384, -2250754.164082, 2310538.606898}","-",21.36981402,-157.74051403,"2026-08-04T04:25:24.000Z","UAV 3"
"ENBTR80004","Move to {-5499107.729384, -2250754.164082, 2310538.606898}","-",21.36976214,-157.74033348,"2026-08-04T04:25:24.000Z","UAV 3"
"ENT72001","Move to {-5499107.729384, -2250754.164082, 2310538.606898}","-",21.37226757,-157.74163308,"2026-08-04T04:25:24.000Z","UAV 3"
"ENBTR60003","Move to {-5499107.729384, -2250754.164082, 2310538.606898}","-",21.36968912,-157.74070911,"2026-08-04T04:25:24.000Z","UAV 3"
"ENBTR80001","Move to {-5499107.729384, -2250754.164082, 2310538.606898}","-",21.36946713,-157.74044214,"2026-08-04T04:25:24.000Z","UAV 3"
"ENM35002","Move to {-5499460.953457, -2250814.454542, 2309743.262342}","-",21.37338298,-157.73359722,"2026-08-04T04:25:24.000Z","UAV 3"
"ENBTR60002","Move to {-5499107.729384, -2250754.164082, 2310538.606898}","-",21.36958303,-157.74072595,"2026-08-04T04:25:24.000Z","UAV 3"
"ENBTR60007","Move to {-5499107.729384, -2250754.164082, 2310538.606898}","-",21.36968143,-157.74049874,"2026-08-04T04:25:24.000Z","UAV 3"
"ENBTR60008","Move to {-5499107.729384, -2250754.164082, 2310538.606898}","-",21.36952631,-157.74035896,"2026-08-04T04:25:24.000Z","UAV 3"
"ENBTR80007","Move to {-5499107.729384, -2250754.164082, 2310538.606898}","-",21.36972233,-157.74044299,"2026-08-04T04:25:24.000Z","UAV 3"
"ENBTR80005","Move to {-5499107.729384, -2250754.164082, 2310538.606898}","-",21.36967197,-157.74060942,"2026-08-04T04:25:24.000Z","UAV 3"
"ENBTR60004","Move to {-5499107.729384, -2250754.164082, 2310538.606898}","-",21.36945655,-157.74059889,"2026-08-04T04:25:24.000Z","UAV 3"
"ENBTR60005","Move to {-5499107.729384, -2250754.164082, 2310538.606898}","-",21.36980502,-157.74071845,"2026-08-04T04:25:24.000Z","UAV 3"
"ENGAZ002","Move to {-5499460.953457, -2250814.454542, 2309743.262342}","-",21.37356110,-157.73392063,"2026-08-04T04:25:24.000Z","UAV 3"
"ENBTR80003","Move to {-5499107.729384, -2250754.164082, 2310538.606898}","-",21.36939140,-157.74039614,"2026-08-04T04:25:24.000Z","UAV 3"
"FRT80006","Move to {-5499315.048189, -2250231.003964, 2310734.853397}","-",21.37576405,-157.75240387,"2026-08-04T04:25:24.000Z","UAV 3"
"ENM35003","Move to {-5499460.953457, -2250814.454542, 2309743.262342}","-",21.37352051,-157.73390945,"2026-08-04T04:25:24.000Z","UAV 3"
"FRT80002","Move to {-5499315.048189, -2250231.003964, 2310734.853397}","-",21.37572349,-157.75280381,"2026-08-04T04:25:24.000Z","UAV 3"
"FRTRK1003","Move to {-5498755.048693, -2250824.434840, 2311307.787782}","-",21.38823578,-157.74964241,"2026-08-04T04:25:24.000Z","UAV 3"
"ENGAZ003","Move to {-5499460.953457, -2250814.454542, 2309743.262342}","-",21.37345035,-157.73402870,"2026-08-04T04:25:24.000Z","UAV 3"
"ENM1A2003","Move to {-5499107.729384, -2250754.164082, 2310538.606898}","-",21.37431437,-157.74286796,"2026-08-04T04:25:25.000Z","UAV 3"
"ENT72007","Move to {-5499107.729384, -2250754.164082, 2310538.606898}","-",21.37222667,-157.74173764,"2026-08-04T04:25:25.000Z","UAV 3"
"ENT72003","Move to {-5499107.729384, -2250754.164082, 2310538.606898}","-",21.37246870,-157.74151480,"2026-08-04T04:25:25.000Z","UAV 3"
"ENMORT005","None","-",21.37463885,-157.73701809,"2026-08-04T04:25:25.000Z","UAV 3"
"FRT80001","Move to {-5499315.048189, -2250231.003964, 2310734.853397}","-",21.37601179,-157.75227351,"2026-08-04T04:25:25.000Z","UAV 3"
"ENT72002","Move to {-5499107.729384, -2250754.164082, 2310538.606898}","-",21.37233860,-157.74149710,"2026-08-04T04:25:25.000Z","UAV 3"
"ENMORT004","None","-",21.37449517,-157.73695548,"2026-08-04T04:25:25.000Z","UAV 3"
"FRTRK1001","Move to {-5498755.048693, -2250824.434840, 2311307.787782}","-",21.38834675,-157.74951423,"2026-08-04T04:25:25.000Z","UAV 3"
"ENT72005","Move to {-5499107.729384, -2250754.164082, 2310538.606898}","-",21.37233753,-157.74176843,"2026-08-04T04:25:25.000Z","UAV 3"
"ENM35004","Move to {-5499460.953457, -2250814.454542, 2309743.262342}","-",21.37314322,-157.73401791,"2026-08-04T04:25:25.000Z","UAV 3"
"ENGAZ001","Move to {-5499460.953457, -2250814.454542, 2309743.262342}","-",21.37340220,-157.73375954,"2026-08-04T04:25:25.000Z","UAV 3"
"ENM1A2002","Move to {-5499107.729384, -2250754.164082, 2310538.606898}","-",21.37453460,-157.74279468,"2026-08-04T04:25:25.000Z","UAV 3"
"ENT72009","Move to {-5499107.729384, -2250754.164082, 2310538.606898}","-",21.37217160,-157.74160898,"2026-08-04T04:25:25.000Z","UAV 3"
"ENT72004","Move to {-5499107.729384, -2250754.164082, 2310538.606898}","-",21.37256316,-157.74154692,"2026-08-04T04:25:25.000Z","UAV 3"
"ENM35001","Move to {-5499460.953457, -2250814.454542, 2309743.262342}","-",21.37307601,-157.73408242,"2026-08-04T04:25:25.000Z","UAV 3"
"ENT72010","Move to {-5499107.729384, -2250754.164082, 2310538.606898}","-",21.37255841,-157.74147722,"2026-08-04T04:25:25.000Z","UAV 3"
"FRTRK1005","Move to {-5498755.048693, -2250824.434840, 2311307.787782}","-",21.38810367,-157.74942149,"2026-08-04T04:25:25.000Z","UAV 3"
"ENT72006","Move to {-5499107.729384, -2250754.164082, 2310538.606898}","-",21.37247368,-157.74169611,"2026-08-04T04:25:25.000Z","UAV 3"
"ENMORT001","None","-",21.37454920,-157.73726779,"2026-08-04T04:25:25.000Z","UAV 3"
"FRT80007","Move to {-5499315.048189, -2250231.003964, 2310734.853397}","-",21.37563082,-157.75229672,"2026-08-04T04:25:25.000Z","UAV 3"
"FRT80004","Move to {-5499315.048189, -2250231.003964, 2310734.853397}","-",21.37576612,-157.75238136,"2026-08-04T04:25:25.000Z","UAV 3"
"ENGAZ004","Move to {-5499460.953457, -2250814.454542, 2309743.262342}","-",21.37338151,-157.73415511,"2026-08-04T04:25:25.000Z","UAV 3"
"FRTRK2003","Move to {-5498755.048693, -2250824.434840, 2311307.787782}","-",21.38801994,-157.74941936,"2026-08-04T04:25:25.000Z","UAV 3"
"ENMORT003","None","-",21.37448817,-157.73726715,"2026-08-04T04:25:25.000Z","UAV 3"
"ENM1A2004","Move to {-5499107.729384, -2250754.164082, 2310538.606898}","-",21.37444048,-157.74277277,"2026-08-04T04:25:25.000Z","UAV 3"
"ENBTR60006","Move to {-5499107.729384, -2250754.164082, 2310538.606898}","-",21.37000158,-157.74052353,"2026-08-04T04:25:25.000Z","UAV 3"
"ENBTR80004","Move to {-5499107.729384, -2250754.164082, 2310538.606898}","-",21.36995439,-157.74034685,"2026-08-04T04:25:25.000Z","UAV 3"
"ENT72001","Move to {-5499107.729384, -2250754.164082, 2310538.606898}","-",21.37246018,-157.74161508,"2026-08-04T04:25:25.000Z","UAV 3"
"ENBTR60003","Move to {-5499107.729384, -2250754.164082, 2310538.606898}","-",21.36987610,-157.74071461,"2026-08-04T04:25:25.000Z","UAV 3"
"ENBTR80001","Move to {-5499107.729384, -2250754.164082, 2310538.606898}","-",21.36966142,-157.74045307,"2026-08-04T04:25:25.000Z","UAV 3"
"ENM35002","Move to {-5499460.953457, -2250814.454542, 2309743.262342}","-",21.37333233,-157.73379818,"2026-08-04T04:25:25.000Z","UAV 3"
"ENBTR60002","Move to {-5499107.729384, -2250754.164082, 2310538.606898}","-",21.36977481,-157.74073119,"2026-08-04T04:25:25.000Z","UAV 3"
"ENBTR60007","Move to {-5499107.729384, -2250754.164082, 2310538.606898}","-",21.36987098,-157.74050851,"2026-08-04T04:25:25.000Z","UAV 3"
"ENBTR60008","Move to {-5499107.729384, -2250754.164082, 2310538.606898}","-",21.36972006,-157.74037159,"2026-08-04T04:25:25.000Z","UAV 3"
"ENBTR80007","Move to {-5499107.729384, -2250754.164082, 2310538.606898}","-",21.36991339,-157.74045401,"2026-08-04T04:25:25.000Z","UAV 3"
"ENBTR80005","Move to {-5499107.729384, -2250754.164082, 2310538.606898}","-",21.36986229,-157.74061700,"2026-08-04T04:25:25.000Z","UAV 3"
"ENBTR60004","Move to {-5499107.729384, -2250754.164082, 2310538.606898}","-",21.36964840,-157.74060657,"2026-08-04T04:25:25.000Z","UAV 3"
"ENBTR60005","Move to {-5499107.729384, -2250754.164082, 2310538.606898}","-",21.36999061,-157.74072379,"2026-08-04T04:25:25.000Z","UAV 3"
"ENGAZ002","Move to {-5499460.953457, -2250814.454542, 2309743.262342}","-",21.37350454,-157.73411889,"2026-08-04T04:25:25.000Z","UAV 3"
"ENBTR80003","Move to {-5499107.729384, -2250754.164082, 2310538.606898}","-",21.36958356,-157.74040776,"2026-08-04T04:25:25.000Z","UAV 3"
"FRT80006","Move to {-5499315.048189, -2250231.003964, 2310734.853397}","-",21.37589421,-157.75225032,"2026-08-04T04:25:25.000Z","UAV 3"
"ENM35003","Move to {-5499460.953457, -2250814.454542, 2309743.262342}","-",21.37346473,-157.73410891,"2026-08-04T04:25:25.000Z","UAV 3"
"FRT80002","Move to {-5499315.048189, -2250231.003964, 2310734.853397}","-",21.37585351,-157.75264149,"2026-08-04T04:25:25.000Z","UAV 3"
"FRTRK1003","Move to {-5498755.048693, -2250824.434840, 2311307.787782}","-",21.38820348,-157.74943019,"2026-08-04T04:25:25.000Z","UAV 3"
"ENGAZ003","Move to {-5499460.953457, -2250814.454542, 2309743.262342}","-",21.37339567,-157.73422759,"2026-08-04T04:25:25.000Z","UAV 3"
"ENM1A2001","Move to {-5499107.729384, -2250754.164082, 2310538.606898}","-",21.37444845,-157.74255885,"2026-08-04T04:25:25.000Z","UAV 3"
"M933HE 1","None","-",21.37519982,-157.73747875,"2026-08-04T04:25:25.000Z","UAV 3"
"M933HE 2","None","-",21.37550203,-157.73693627,"2026-08-04T04:25:25.000Z","UAV 3"
"M933HE 4","None","-",21.37513741,-157.73772785,"2026-08-04T04:25:25.000Z","UAV 3"
"M933HE 5","None","-",21.37526832,-157.73710833,"2026-08-04T04:25:25.000Z","UAV 3"
"M933HE 7","None","-",21.37576142,-157.73730206,"2026-08-04T04:25:25.000Z","UAV 3"
"ENM1A2003","Move to {-5499107.729384, -2250754.164082, 2310538.606898}","-",21.37447509,-157.74280574,"2026-08-04T04:25:26.000Z","UAV 3"
"ENT72007","Move to {-5499107.729384, -2250754.164082, 2310538.606898}","-",21.37239806,-157.74171913,"2026-08-04T04:25:26.000Z","UAV 3"
"ENT72003","Move to {-5499107.729384, -2250754.164082, 2310538.606898}","-",21.37264201,-157.74150118,"2026-08-04T04:25:26.000Z","UAV 3"
"ENMORT005","None","-",21.37463885,-157.73701809,"2026-08-04T04:25:26.000Z","UAV 3"
"FRT80001","Move to {-5499315.048189, -2250231.003964, 2310734.853397}","-",21.37612529,-157.75213582,"2026-08-04T04:25:26.000Z","UAV 3"
"ENT72002","Move to {-5499107.729384, -2250754.164082, 2310538.606898}","-",21.37251107,-157.74148425,"2026-08-04T04:25:26.000Z","UAV 3"
"ENMORT004","None","-",21.37449517,-157.73695548,"2026-08-04T04:25:26.000Z","UAV 3"
"FRTRK1001","Move to {-5498755.048693, -2250824.434840, 2311307.787782}","-",21.38831639,-157.74932990,"2026-08-04T04:25:26.000Z","UAV 3"
"ENT72005","Move to {-5499107.729384, -2250754.164082, 2310538.606898}","-",21.37251286,-157.74174841,"2026-08-04T04:25:26.000Z","UAV 3"
"ENM35004","Move to {-5499460.953457, -2250814.454542, 2309743.262342}","-",21.37310088,-157.73419827,"2026-08-04T04:25:26.000Z","UAV 3"
"ENGAZ001","Move to {-5499460.953457, -2250814.454542, 2309743.262342}","-",21.37335558,-157.73393912,"2026-08-04T04:25:26.000Z","UAV 3"
"ENM1A2002","Move to {-5499107.729384, -2250754.164082, 2310538.606898}","-",21.37468979,-157.74273420,"2026-08-04T04:25:26.000Z","UAV 3"
"ENT72009","Move to {-5499107.729384, -2250754.164082, 2310538.606898}","-",21.37235299,-157.74159288,"2026-08-04T04:25:26.000Z","UAV 3"
"ENT72004","Move to {-5499107.729384, -2250754.164082, 2310538.606898}","-",21.37273807,-157.74153213,"2026-08-04T04:25:26.000Z","UAV 3"
"ENM35001","Move to {-5499460.953457, -2250814.454542, 2309743.262342}","-",21.37303492,-157.73426266,"2026-08-04T04:25:26.000Z","UAV 3"
"ENT72010","Move to {-5499107.729384, -2250754.164082, 2310538.606898}","-",21.37273247,-157.74146434,"2026-08-04T04:25:26.000Z","UAV 3"
"FRTRK1005","Move to {-5498755.048693, -2250824.434840, 2311307.787782}","-",21.38808513,-157.74929157,"2026-08-04T04:25:26.000Z","UAV 3"
"ENT72006","Move to {-5499107.729384, -2250754.164082, 2310538.606898}","-",21.37266563,-157.74167581,"2026-08-04T04:25:26.000Z","UAV 3"
"ENMORT001","None","-",21.37454920,-157.73726779,"2026-08-04T04:25:26.000Z","UAV 3"
"FRT80007","Move to {-5499315.048189, -2250231.003964, 2310734.853397}","-",21.37575141,-157.75216059,"2026-08-04T04:25:26.000Z","UAV 3"
"FRT80004","Move to {-5499315.048189, -2250231.003964, 2310734.853397}","-",21.37588388,-157.75224292,"2026-08-04T04:25:26.000Z","UAV 3"
"ENGAZ004","Move to {-5499460.953457, -2250814.454542, 2309743.262342}","-",21.37333294,-157.73433473,"2026-08-04T04:25:26.000Z","UAV 3"
"FRTRK2003","Move to {-5498755.048693, -2250824.434840, 2311307.787782}","-",21.38799517,-157.74923538,"2026-08-04T04:25:26.000Z","UAV 3"
"ENMORT003","None","-",21.37448817,-157.73726715,"2026-08-04T04:25:26.000Z","UAV 3"
"ENM1A2004","Move to {-5499107.729384, -2250754.164082, 2310538.606898}","-",21.37461063,-157.74270857,"2026-08-04T04:25:26.000Z","UAV 3"
"ENBTR60006","Move to {-5499107.729384, -2250754.164082, 2310538.606898}","-",21.37017713,-157.74053242,"2026-08-04T04:25:26.000Z","UAV 3"
"ENBTR80004","Move to {-5499107.729384, -2250754.164082, 2310538.606898}","-",21.37012471,-157.74035870,"2026-08-04T04:25:26.000Z","UAV 3"
"ENT72001","Move to {-5499107.729384, -2250754.164082, 2310538.606898}","-",21.37263524,-157.74159872,"2026-08-04T04:25:26.000Z","UAV 3"
"ENBTR60003","Move to {-5499107.729384, -2250754.164082, 2310538.606898}","-",21.37004881,-157.74071969,"2026-08-04T04:25:26.000Z","UAV 3"
"ENBTR80001","Move to {-5499107.729384, -2250754.164082, 2310538.606898}","-",21.36983144,-157.74046263,"2026-08-04T04:25:26.000Z","UAV 3"
"ENM35002","Move to {-5499460.953457, -2250814.454542, 2309743.262342}","-",21.37328684,-157.73397863,"2026-08-04T04:25:26.000Z","UAV 3"
"ENBTR60002","Move to {-5499107.729384, -2250754.164082, 2310538.606898}","-",21.36993900,-157.74073568,"2026-08-04T04:25:26.000Z","UAV 3"
"ENBTR60007","Move to {-5499107.729384, -2250754.164082, 2310538.606898}","-",21.37003899,-157.74051717,"2026-08-04T04:25:26.000Z","UAV 3"
"ENBTR60008","Move to {-5499107.729384, -2250754.164082, 2310538.606898}","-",21.36989442,-157.74038296,"2026-08-04T04:25:26.000Z","UAV 3"
"ENBTR80007","Move to {-5499107.729384, -2250754.164082, 2310538.606898}","-",21.37008559,-157.74046394,"2026-08-04T04:25:26.000Z","UAV 3"
"ENBTR80005","Move to {-5499107.729384, -2250754.164082, 2310538.606898}","-",21.37002920,-157.74062365,"2026-08-04T04:25:26.000Z","UAV 3"
"ENBTR60004","Move to {-5499107.729384, -2250754.164082, 2310538.606898}","-",21.36982588,-157.74061367,"2026-08-04T04:25:26.000Z","UAV 3"
"ENBTR60005","Move to {-5499107.729384, -2250754.164082, 2310538.606898}","-",21.37016539,-157.74072881,"2026-08-04T04:25:26.000Z","UAV 3"
"ENGAZ002","Move to {-5499460.953457, -2250814.454542, 2309743.262342}","-",21.37345344,-157.73429802,"2026-08-04T04:25:26.000Z","UAV 3"
"ENBTR80003","Move to {-5499107.729384, -2250754.164082, 2310538.606898}","-",21.36975420,-157.74041809,"2026-08-04T04:25:26.000Z","UAV 3"
"FRT80006","Move to {-5499315.048189, -2250231.003964, 2310734.853397}","-",21.37601200,-157.75211136,"2026-08-04T04:25:26.000Z","UAV 3"
"ENM35003","Move to {-5499460.953457, -2250814.454542, 2309743.262342}","-",21.37341456,-157.73428828,"2026-08-04T04:25:26.000Z","UAV 3"
"FRT80002","Move to {-5499315.048189, -2250231.003964, 2310734.853397}","-",21.37596556,-157.75250160,"2026-08-04T04:25:26.000Z","UAV 3"
"FRTRK1003","Move to {-5498755.048693, -2250824.434840, 2311307.787782}","-",21.38818059,-157.74927985,"2026-08-04T04:25:26.000Z","UAV 3"
"ENGAZ003","Move to {-5499460.953457, -2250814.454542, 2309743.262342}","-",21.37334649,-157.73440646,"2026-08-04T04:25:26.000Z","UAV 3"
"ENM1A2003","Move to {-5499107.729384, -2250754.164082, 2310538.606898}","-",21.37447509,-157.74280574,"2026-08-04T04:25:28.000Z","UAV 3"
"ENT72007","Move to {-5499107.729384, -2250754.164082, 2310538.606898}","-",21.37239806,-157.74171913,"2026-08-04T04:25:28.000Z","UAV 3"
"ENT72003","Move to {-5499107.729384, -2250754.164082, 2310538.606898}","-",21.37264201,-157.74150118,"2026-08-04T04:25:28.000Z","UAV 3"
"ENMORT005","None","-",21.37463885,-157.73701809,"2026-08-04T04:25:28.000Z","UAV 3"
"FRT80001","Move to {-5499315.048189, -2250231.003964, 2310734.853397}","-",21.37612529,-157.75213582,"2026-08-04T04:25:28.000Z","UAV 3"
"ENT72002","Move to {-5499107.729384, -2250754.164082, 2310538.606898}","-",21.37251107,-157.74148425,"2026-08-04T04:25:28.000Z","UAV 3"
"ENMORT004","None","-",21.37449517,-157.73695548,"2026-08-04T04:25:28.000Z","UAV 3"
"FRTRK1001","Move to {-5498755.048693, -2250824.434840, 2311307.787782}","-",21.38831639,-157.74932990,"2026-08-04T04:25:28.000Z","UAV 3"
"ENT72005","Move to {-5499107.729384, -2250754.164082, 2310538.606898}","-",21.37251286,-157.74174841,"2026-08-04T04:25:28.000Z","UAV 3"
"ENM35004","Move to {-5499460.953457, -2250814.454542, 2309743.262342}","-",21.37310088,-157.73419827,"2026-08-04T04:25:28.000Z","UAV 3"
"ENGAZ001","Move to {-5499460.953457, -2250814.454542, 2309743.262342}","-",21.37335558,-157.73393912,"2026-08-04T04:25:28.000Z","UAV 3"
"ENM1A2002","Move to {-5499107.729384, -2250754.164082, 2310538.606898}","-",21.37468979,-157.74273420,"2026-08-04T04:25:28.000Z","UAV 3"
"ENT72009","Move to {-5499107.729384, -2250754.164082, 2310538.606898}","-",21.37235299,-157.74159288,"2026-08-04T04:25:28.000Z","UAV 3"
"ENT72004","Move to {-5499107.729384, -2250754.164082, 2310538.606898}","-",21.37273807,-157.74153213,"2026-08-04T04:25:28.000Z","UAV 3"
"ENM35001","Move to {-5499460.953457, -2250814.454542, 2309743.262342}","-",21.37303492,-157.73426266,"2026-08-04T04:25:28.000Z","UAV 3"
"ENT72010","Move to {-5499107.729384, -2250754.164082, 2310538.606898}","-",21.37273247,-157.74146434,"2026-08-04T04:25:28.000Z","UAV 3"
"FRTRK1005","Move to {-5498755.048693, -2250824.434840, 2311307.787782}","-",21.38808513,-157.74929157,"2026-08-04T04:25:28.000Z","UAV 3"
"ENT72006","Move to {-5499107.729384, -2250754.164082, 2310538.606898}","-",21.37266563,-157.74167581,"2026-08-04T04:25:28.000Z","UAV 3"
"ENMORT001","None","-",21.37454920,-157.73726779,"2026-08-04T04:25:28.000Z","UAV 3"
"FRT80007","Move to {-5499315.048189, -2250231.003964, 2310734.853397}","-",21.37575141,-157.75216059,"2026-08-04T04:25:28.000Z","UAV 3"
"FRT80004","Move to {-5499315.048189, -2250231.003964, 2310734.853397}","-",21.37588388,-157.75224292,"2026-08-04T04:25:28.000Z","UAV 3"
"ENGAZ004","Move to {-5499460.953457, -2250814.454542, 2309743.262342}","-",21.37333294,-157.73433473,"2026-08-04T04:25:28.000Z","UAV 3"
"FRTRK2003","Move to {-5498755.048693, -2250824.434840, 2311307.787782}","-",21.38799517,-157.74923538,"2026-08-04T04:25:28.000Z","UAV 3"
"ENMORT003","None","-",21.37448817,-157.73726715,"2026-08-04T04:25:28.000Z","UAV 3"
"ENM1A2004","Move to {-5499107.729384, -2250754.164082, 2310538.606898}","-",21.37461063,-157.74270857,"2026-08-04T04:25:28.000Z","UAV 3"
"ENBTR60006","Move to {-5499107.729384, -2250754.164082, 2310538.606898}","-",21.37017713,-157.74053242,"2026-08-04T04:25:28.000Z","UAV 3"
"ENBTR80004","Move to {-5499107.729384, -2250754.164082, 2310538.606898}","-",21.37012471,-157.74035870,"2026-08-04T04:25:28.000Z","UAV 3"
"ENT72001","Move to {-5499107.729384, -2250754.164082, 2310538.606898}","-",21.37263524,-157.74159872,"2026-08-04T04:25:28.000Z","UAV 3"
"ENBTR60003","Move to {-5499107.729384, -2250754.164082, 2310538.606898}","-",21.37004881,-157.74071969,"2026-08-04T04:25:28.000Z","UAV 3"
"ENBTR80001","Move to {-5499107.729384, -2250754.164082, 2310538.606898}","-",21.36983144,-157.74046263,"2026-08-04T04:25:28.000Z","UAV 3"
"ENM35002","Move to {-5499460.953457, -2250814.454542, 2309743.262342}","-",21.37328684,-157.73397863,"2026-08-04T04:25:28.000Z","UAV 3"
"ENBTR60002","Move to {-5499107.729384, -2250754.164082, 2310538.606898}","-",21.36993900,-157.74073568,"2026-08-04T04:25:28.000Z","UAV 3"
"ENBTR60007","Move to {-5499107.729384, -2250754.164082, 2310538.606898}","-",21.37003899,-157.74051717,"2026-08-04T04:25:28.000Z","UAV 3"
"ENBTR60008","Move to {-5499107.729384, -2250754.164082, 2310538.606898}","-",21.36989442,-157.74038296,"2026-08-04T04:25:28.000Z","UAV 3"
"ENBTR80007","Move to {-5499107.729384, -2250754.164082, 2310538.606898}","-",21.37008559,-157.74046394,"2026-08-04T04:25:28.000Z","UAV 3"
"ENBTR80005","Move to {-5499107.729384, -2250754.164082, 2310538.606898}","-",21.37002920,-157.74062365,"2026-08-04T04:25:28.000Z","UAV 3"
"ENBTR60004","Move to {-5499107.729384, -2250754.164082, 2310538.606898}","-",21.36982588,-157.74061367,"2026-08-04T04:25:28.000Z","UAV 3"
"ENBTR60005","Move to {-5499107.729384, -2250754.164082, 2310538.606898}","-",21.37016539,-157.74072881,"2026-08-04T04:25:28.000Z","UAV 3"
"ENGAZ002","Move to {-5499460.953457, -2250814.454542, 2309743.262342}","-",21.37345344,-157.73429802,"2026-08-04T04:25:28.000Z","UAV 3"
"ENBTR80003","Move to {-5499107.729384, -2250754.164082, 2310538.606898}","-",21.36975420,-157.74041809,"2026-08-04T04:25:28.000Z","UAV 3"
"FRT80006","Move to {-5499315.048189, -2250231.003964, 2310734.853397}","-",21.37601200,-157.75211136,"2026-08-04T04:25:28.000Z","UAV 3"
"ENM35003","Move to {-5499460.953457, -2250814.454542, 2309743.262342}","-",21.37341456,-157.73428828,"2026-08-04T04:25:28.000Z","UAV 3"
"FRT80002","Move to {-5499315.048189, -2250231.003964, 2310734.853397}","-",21.37596556,-157.75250160,"2026-08-04T04:25:28.000Z","UAV 3"
"FRTRK1003","Move to {-5498755.048693, -2250824.434840, 2311307.787782}","-",21.38818059,-157.74927985,"2026-08-04T04:25:28.000Z","UAV 3"
"ENGAZ003","Move to {-5499460.953457, -2250814.454542, 2309743.262342}","-",21.37334649,-157.73440646,"2026-08-04T04:25:28.000Z","UAV 3"
"ENM1A2003","Move to {-5499107.729384, -2250754.164082, 2310538.606898}","-",21.37464026,-157.74274180,"2026-08-04T04:25:30.000Z","UAV 3"
"ENT72007","Move to {-5499107.729384, -2250754.164082, 2310538.606898}","-",21.37257372,-157.74170017,"2026-08-04T04:25:30.000Z","UAV 3"
"ENT72003","Move to {-5499107.729384, -2250754.164082, 2310538.606898}","-",21.37282169,-157.74148705,"2026-08-04T04:25:30.000Z","UAV 3"
"ENMORT005","None","-",21.37463885,-157.73701809,"2026-08-04T04:25:30.000Z","UAV 3"
"FRT80001","Move to {-5499315.048189, -2250231.003964, 2310734.853397}","-",21.37624407,-157.75199173,"2026-08-04T04:25:30.000Z","UAV 3"
"ENT72002","Move to {-5499107.729384, -2250754.164082, 2310538.606898}","-",21.37269014,-157.74147090,"2026-08-04T04:25:30.000Z","UAV 3"
"ENMORT004","None","-",21.37449517,-157.73695548,"2026-08-04T04:25:30.000Z","UAV 3"
"FRTRK1001","Move to {-5498755.048693, -2250824.434840, 2311307.787782}","-",21.38828769,-157.74915566,"2026-08-04T04:25:30.000Z","UAV 3"
"ENT72005","Move to {-5499107.729384, -2250754.164082, 2310538.606898}","-",21.37267691,-157.74172967,"2026-08-04T04:25:30.000Z","UAV 3"
"ENM35004","Move to {-5499460.953457, -2250814.454542, 2309743.262342}","-",21.37306118,-157.73436741,"2026-08-04T04:25:30.000Z","UAV 3"
"ENGAZ001","Move to {-5499460.953457, -2250814.454542, 2309743.262342}","-",21.37331174,-157.73410798,"2026-08-04T04:25:30.000Z","UAV 3"
"ENM1A2002","Move to {-5499107.729384, -2250754.164082, 2310538.606898}","-",21.37484802,-157.74267254,"2026-08-04T04:25:30.000Z","UAV 3"
"ENT72009","Move to {-5499107.729384, -2250754.164082, 2310538.606898}","-",21.37251411,-157.74157859,"2026-08-04T04:25:30.000Z","UAV 3"
"ENM35001","Move to {-5499460.953457, -2250814.454542, 2309743.262342}","-",21.37299620,-157.73443251,"2026-08-04T04:25:30.000Z","UAV 3"
"ENT72010","Move to {-5499107.729384, -2250754.164082, 2310538.606898}","-",21.37289527,-157.74145229,"2026-08-04T04:25:30.000Z","UAV 3"
"FRTRK1005","Move to {-5498755.048693, -2250824.434840, 2311307.787782}","-",21.38806227,-157.74913137,"2026-08-04T04:25:30.000Z","UAV 3"
"ENT72006","Move to {-5499107.729384, -2250754.164082, 2310538.606898}","-",21.37282018,-157.74165947,"2026-08-04T04:25:30.000Z","UAV 3"
"ENMORT001","None","-",21.37454920,-157.73726779,"2026-08-04T04:25:30.000Z","UAV 3"
"FRT80007","Move to {-5499315.048189, -2250231.003964, 2310734.853397}","-",21.37586404,-157.75203345,"2026-08-04T04:25:30.000Z","UAV 3"
"FRT80004","Move to {-5499315.048189, -2250231.003964, 2310734.853397}","-",21.37599426,-157.75211314,"2026-08-04T04:25:30.000Z","UAV 3"
"ENGAZ004","Move to {-5499460.953457, -2250814.454542, 2309743.262342}","-",21.37328772,-157.73450194,"2026-08-04T04:25:30.000Z","UAV 3"
"FRTRK2003","Move to {-5498755.048693, -2250824.434840, 2311307.787782}","-",21.38797159,-157.74906021,"2026-08-04T04:25:30.000Z","UAV 3"
"ENMORT003","None","-",21.37448817,-157.73726715,"2026-08-04T04:25:30.000Z","UAV 3"
"ENM1A2004","Move to {-5499107.729384, -2250754.164082, 2310538.606898}","-",21.37475531,-157.74265397,"2026-08-04T04:25:30.000Z","UAV 3"
"ENBTR60006","Move to {-5499107.729384, -2250754.164082, 2310538.606898}","-",21.37034026,-157.74054068,"2026-08-04T04:25:30.000Z","UAV 3"
"ENBTR80004","Move to {-5499107.729384, -2250754.164082, 2310538.606898}","-",21.37028820,-157.74037007,"2026-08-04T04:25:30.000Z","UAV 3"
"ENBTR60003","Move to {-5499107.729384, -2250754.164082, 2310538.606898}","-",21.37020987,-157.74072442,"2026-08-04T04:25:30.000Z","UAV 3"
"ENBTR80001","Move to {-5499107.729384, -2250754.164082, 2310538.606898}","-",21.36999051,-157.74047157,"2026-08-04T04:25:30.000Z","UAV 3"
"ENM35002","Move to {-5499460.953457, -2250814.454542, 2309743.262342}","-",21.37324412,-157.73414810,"2026-08-04T04:25:30.000Z","UAV 3"
"ENBTR60002","Move to {-5499107.729384, -2250754.164082, 2310538.606898}","-",21.37010211,-157.74074013,"2026-08-04T04:25:30.000Z","UAV 3"
"ENBTR60007","Move to {-5499107.729384, -2250754.164082, 2310538.606898}","-",21.37020031,-157.74052549,"2026-08-04T04:25:30.000Z","UAV 3"
"ENBTR60008","Move to {-5499107.729384, -2250754.164082, 2310538.606898}","-",21.37004684,-157.74039290,"2026-08-04T04:25:30.000Z","UAV 3"
"ENBTR80007","Move to {-5499107.729384, -2250754.164082, 2310538.606898}","-",21.37024839,-157.74047333,"2026-08-04T04:25:30.000Z","UAV 3"
"ENBTR80005","Move to {-5499107.729384, -2250754.164082, 2310538.606898}","-",21.37019534,-157.74063027,"2026-08-04T04:25:30.000Z","UAV 3"
"ENBTR60004","Move to {-5499107.729384, -2250754.164082, 2310538.606898}","-",21.36997672,-157.74061972,"2026-08-04T04:25:30.000Z","UAV 3"
"ENBTR60005","Move to {-5499107.729384, -2250754.164082, 2310538.606898}","-",21.37033067,-157.74073357,"2026-08-04T04:25:30.000Z","UAV 3"
"ENGAZ002","Move to {-5499460.953457, -2250814.454542, 2309743.262342}","-",21.37340591,-157.73446464,"2026-08-04T04:25:30.000Z","UAV 3"
"ENBTR80003","Move to {-5499107.729384, -2250754.164082, 2310538.606898}","-",21.36991945,-157.74042809,"2026-08-04T04:25:30.000Z","UAV 3"
"FRT80006","Move to {-5499315.048189, -2250231.003964, 2310734.853397}","-",21.37612178,-157.75198185,"2026-08-04T04:25:30.000Z","UAV 3"
"ENM35003","Move to {-5499460.953457, -2250814.454542, 2309743.262342}","-",21.37336784,-157.73445533,"2026-08-04T04:25:30.000Z","UAV 3"
"FRT80002","Move to {-5499315.048189, -2250231.003964, 2310734.853397}","-",21.37608275,-157.75235531,"2026-08-04T04:25:30.000Z","UAV 3"
"FRTRK1003","Move to {-5498755.048693, -2250824.434840, 2311307.787782}","-",21.38815140,-157.74908809,"2026-08-04T04:25:30.000Z","UAV 3"
"ENGAZ003","Move to {-5499460.953457, -2250814.454542, 2309743.262342}","-",21.37330047,-157.73457390,"2026-08-04T04:25:30.000Z","UAV 3"
"ENM1A2001","Move to {-5499107.729384, -2250754.164082, 2310538.606898}","-",21.37477874,-157.74244897,"2026-08-04T04:25:30.000Z","UAV 3"
"ENM1A2003","Move to {-5499107.729384, -2250754.164082, 2310538.606898}","-",21.37482088,-157.74267187,"2026-08-04T04:25:31.000Z","UAV 3"
"ENT72007","Move to {-5499107.729384, -2250754.164082, 2310538.606898}","-",21.37277715,-157.74167820,"2026-08-04T04:25:31.000Z","UAV 3"
"ENT72003","Move to {-5499107.729384, -2250754.164082, 2310538.606898}","-",21.37301427,-157.74147191,"2026-08-04T04:25:31.000Z","UAV 3"
"ENMORT005","None","-",21.37463885,-157.73701809,"2026-08-04T04:25:31.000Z","UAV 3"
"FRT80001","Move to {-5499315.048189, -2250231.003964, 2310734.853397}","-",21.37637339,-157.75183485,"2026-08-04T04:25:31.000Z","UAV 3"
"ENT72002","Move to {-5499107.729384, -2250754.164082, 2310538.606898}","-",21.37288486,-157.74145639,"2026-08-04T04:25:31.000Z","UAV 3"
"ENMORT004","None","-",21.37449517,-157.73695548,"2026-08-04T04:25:31.000Z","UAV 3"
"ENT72005","Move to {-5499107.729384, -2250754.164082, 2310538.606898}","-",21.37286956,-157.74170766,"2026-08-04T04:25:31.000Z","UAV 3"
"ENM35004","Move to {-5499460.953457, -2250814.454542, 2309743.262342}","-",21.37301554,-157.73456183,"2026-08-04T04:25:31.000Z","UAV 3"
"ENGAZ001","Move to {-5499460.953457, -2250814.454542, 2309743.262342}","-",21.37326133,-157.73430217,"2026-08-04T04:25:31.000Z","UAV 3"
"ENM1A2002","Move to {-5499107.729384, -2250754.164082, 2310538.606898}","-",21.37503510,-157.74259963,"2026-08-04T04:25:31.000Z","UAV 3"
"ENT72009","Move to {-5499107.729384, -2250754.164082, 2310538.606898}","-",21.37270520,-157.74156163,"2026-08-04T04:25:31.000Z","UAV 3"
"ENM35001","Move to {-5499460.953457, -2250814.454542, 2309743.262342}","-",21.37295441,-157.73461587,"2026-08-04T04:25:31.000Z","UAV 3"
"ENT72010","Move to {-5499107.729384, -2250754.164082, 2310538.606898}","-",21.37307894,-157.74143870,"2026-08-04T04:25:31.000Z","UAV 3"
"ENT72006","Move to {-5499107.729384, -2250754.164082, 2310538.606898}","-",21.37301315,-157.74163906,"2026-08-04T04:25:31.000Z","UAV 3"
"ENMORT001","None","-",21.37454920,-157.73726779,"2026-08-04T04:25:31.000Z","UAV 3"
"FRT80007","Move to {-5499315.048189, -2250231.003964, 2310734.853397}","-",21.37599363,-157.75188716,"2026-08-04T04:25:31.000Z","UAV 3"
"FRT80004","Move to {-5499315.048189, -2250231.003964, 2310734.853397}","-",21.37612078,-157.75196441,"2026-08-04T04:25:31.000Z","UAV 3"
"ENGAZ004","Move to {-5499460.953457, -2250814.454542, 2309743.262342}","-",21.37323549,-157.73469510,"2026-08-04T04:25:31.000Z","UAV 3"
"ENMORT003","None","-",21.37448817,-157.73726715,"2026-08-04T04:25:31.000Z","UAV 3"
"ENM1A2004","Move to {-5499107.729384, -2250754.164082, 2310538.606898}","-",21.37494030,-157.74258417,"2026-08-04T04:25:31.000Z","UAV 3"
"ENBTR60006","Move to {-5499107.729384, -2250754.164082, 2310538.606898}","-",21.37053052,-157.74055032,"2026-08-04T04:25:31.000Z","UAV 3"
"ENBTR80004","Move to {-5499107.729384, -2250754.164082, 2310538.606898}","-",21.37046988,-157.74038271,"2026-08-04T04:25:31.000Z","UAV 3"
"ENBTR60003","Move to {-5499107.729384, -2250754.164082, 2310538.606898}","-",21.37040294,-157.74073010,"2026-08-04T04:25:31.000Z","UAV 3"
"ENBTR80001","Move to {-5499107.729384, -2250754.164082, 2310538.606898}","-",21.37017505,-157.74048195,"2026-08-04T04:25:31.000Z","UAV 3"
"ENM35002","Move to {-5499460.953457, -2250814.454542, 2309743.262342}","-",21.37319543,-157.73434125,"2026-08-04T04:25:31.000Z","UAV 3"
"ENBTR60002","Move to {-5499107.729384, -2250754.164082, 2310538.606898}","-",21.37028739,-157.74074519,"2026-08-04T04:25:31.000Z","UAV 3"
"ENBTR60007","Move to {-5499107.729384, -2250754.164082, 2310538.606898}","-",21.37038864,-157.74053519,"2026-08-04T04:25:31.000Z","UAV 3"
"ENBTR60008","Move to {-5499107.729384, -2250754.164082, 2310538.606898}","-",21.37022912,-157.74040479,"2026-08-04T04:25:31.000Z","UAV 3"
"ENBTR80007","Move to {-5499107.729384, -2250754.164082, 2310538.606898}","-",21.37043449,-157.74048406,"2026-08-04T04:25:31.000Z","UAV 3"
"ENBTR80005","Move to {-5499107.729384, -2250754.164082, 2310538.606898}","-",21.37038403,-157.74063779,"2026-08-04T04:25:31.000Z","UAV 3"
"ENBTR60004","Move to {-5499107.729384, -2250754.164082, 2310538.606898}","-",21.37015460,-157.74062684,"2026-08-04T04:25:31.000Z","UAV 3"
"ENBTR60005","Move to {-5499107.729384, -2250754.164082, 2310538.606898}","-",21.37052324,-157.74073911,"2026-08-04T04:25:31.000Z","UAV 3"
"ENGAZ002","Move to {-5499460.953457, -2250814.454542, 2309743.262342}","-",21.37335113,-157.73465665,"2026-08-04T04:25:31.000Z","UAV 3"
"ENBTR80003","Move to {-5499107.729384, -2250754.164082, 2310538.606898}","-",21.37009585,-157.74043876,"2026-08-04T04:25:31.000Z","UAV 3"
"FRT80006","Move to {-5499315.048189, -2250231.003964, 2310734.853397}","-",21.37624775,-157.75183324,"2026-08-04T04:25:31.000Z","UAV 3"
"ENM35003","Move to {-5499460.953457, -2250814.454542, 2309743.262342}","-",21.37331414,-157.73464731,"2026-08-04T04:25:31.000Z","UAV 3"
"FRT80002","Move to {-5499315.048189, -2250231.003964, 2310734.853397}","-",21.37621007,-157.75219637,"2026-08-04T04:25:31.000Z","UAV 3"
"ENGAZ003","Move to {-5499460.953457, -2250814.454542, 2309743.262342}","-",21.37324733,-157.73476717,"2026-08-04T04:25:31.000Z","UAV 3"
"ENM1A2001","Move to {-5499107.729384, -2250754.164082, 2310538.606898}","-",21.37497200,-157.74238468,"2026-08-04T04:25:31.000Z","UAV 3"
"ENM1A2003","Move to {-5499107.729384, -2250754.164082, 2310538.606898}","-",21.37503067,-157.74259066,"2026-08-04T04:25:33.000Z","UAV 3"
"ENT72007","Move to {-5499107.729384, -2250754.164082, 2310538.606898}","-",21.37297819,-157.74165650,"2026-08-04T04:25:33.000Z","UAV 3"
"ENT72003","Move to {-5499107.729384, -2250754.164082, 2310538.606898}","-",21.37321281,-157.74145630,"2026-08-04T04:25:33.000Z","UAV 3"
"ENMORT005","None","-",21.37463885,-157.73701809,"2026-08-04T04:25:33.000Z","UAV 3"
"FRT80001","Move to {-5499315.048189, -2250231.003964, 2310734.853397}","-",21.37650987,-157.75166928,"2026-08-04T04:25:33.000Z","UAV 3"
"ENT72002","Move to {-5499107.729384, -2250754.164082, 2310538.606898}","-",21.37308414,-157.74144154,"2026-08-04T04:25:33.000Z","UAV 3"
"ENMORT004","None","-",21.37449517,-157.73695548,"2026-08-04T04:25:33.000Z","UAV 3"
"ENT72005","Move to {-5499107.729384, -2250754.164082, 2310538.606898}","-",21.37306583,-157.74168525,"2026-08-04T04:25:33.000Z","UAV 3"
"ENM35004","Move to {-5499460.953457, -2250814.454542, 2309743.262342}","-",21.37296524,-157.73477610,"2026-08-04T04:25:33.000Z","UAV 3"
"ENGAZ001","Move to {-5499460.953457, -2250814.454542, 2309743.262342}","-",21.37320693,-157.73451174,"2026-08-04T04:25:33.000Z","UAV 3"
"ENM1A2002","Move to {-5499107.729384, -2250754.164082, 2310538.606898}","-",21.37523220,-157.74252282,"2026-08-04T04:25:33.000Z","UAV 3"
"ENT72009","Move to {-5499107.729384, -2250754.164082, 2310538.606898}","-",21.37290862,-157.74154358,"2026-08-04T04:25:33.000Z","UAV 3"
"ENM35001","Move to {-5499460.953457, -2250814.454542, 2309743.262342}","-",21.37289902,-157.73485885,"2026-08-04T04:25:33.000Z","UAV 3"
"ENT72010","Move to {-5499107.729384, -2250754.164082, 2310538.606898}","-",21.37327872,-157.74142392,"2026-08-04T04:25:33.000Z","UAV 3"
"ENMORT001","None","-",21.37454920,-157.73726779,"2026-08-04T04:25:33.000Z","UAV 3"
"FRT80007","Move to {-5499315.048189, -2250231.003964, 2310734.853397}","-",21.37613473,-157.75172787,"2026-08-04T04:25:33.000Z","UAV 3"
"FRT80004","Move to {-5499315.048189, -2250231.003964, 2310734.853397}","-",21.37625864,-157.75180233,"2026-08-04T04:25:33.000Z","UAV 3"
"ENGAZ004","Move to {-5499460.953457, -2250814.454542, 2309743.262342}","-",21.37317790,-157.73490805,"2026-08-04T04:25:33.000Z","UAV 3"
"ENMORT003","None","-",21.37448817,-157.73726715,"2026-08-04T04:25:33.000Z","UAV 3"
"ENM1A2004","Move to {-5499107.729384, -2250754.164082, 2310538.606898}","-",21.37514951,-157.74250523,"2026-08-04T04:25:33.000Z","UAV 3"
"ENBTR60006","Move to {-5499107.729384, -2250754.164082, 2310538.606898}","-",21.37074718,-157.74056129,"2026-08-04T04:25:33.000Z","UAV 3"
"ENBTR80004","Move to {-5499107.729384, -2250754.164082, 2310538.606898}","-",21.37068169,-157.74039744,"2026-08-04T04:25:33.000Z","UAV 3"
"ENBTR60003","Move to {-5499107.729384, -2250754.164082, 2310538.606898}","-",21.37061401,-157.74073631,"2026-08-04T04:25:33.000Z","UAV 3"
"ENBTR80001","Move to {-5499107.729384, -2250754.164082, 2310538.606898}","-",21.37038147,-157.74049356,"2026-08-04T04:25:33.000Z","UAV 3"
"ENM35002","Move to {-5499460.953457, -2250814.454542, 2309743.262342}","-",21.37314241,-157.73455162,"2026-08-04T04:25:33.000Z","UAV 3"
"ENBTR60002","Move to {-5499107.729384, -2250754.164082, 2310538.606898}","-",21.37050258,-157.74075107,"2026-08-04T04:25:33.000Z","UAV 3"
"ENBTR60007","Move to {-5499107.729384, -2250754.164082, 2310538.606898}","-",21.37059732,-157.74054595,"2026-08-04T04:25:33.000Z","UAV 3"
"ENBTR60008","Move to {-5499107.729384, -2250754.164082, 2310538.606898}","-",21.37043542,-157.74041824,"2026-08-04T04:25:33.000Z","UAV 3"
"ENBTR80007","Move to {-5499107.729384, -2250754.164082, 2310538.606898}","-",21.37064042,-157.74049594,"2026-08-04T04:25:33.000Z","UAV 3"
"ENBTR80005","Move to {-5499107.729384, -2250754.164082, 2310538.606898}","-",21.37059965,-157.74064638,"2026-08-04T04:25:33.000Z","UAV 3"
"ENBTR60004","Move to {-5499107.729384, -2250754.164082, 2310538.606898}","-",21.37036728,-157.74063535,"2026-08-04T04:25:33.000Z","UAV 3"
"ENBTR60005","Move to {-5499107.729384, -2250754.164082, 2310538.606898}","-",21.37073340,-157.74074515,"2026-08-04T04:25:33.000Z","UAV 3"
"ENGAZ002","Move to {-5499460.953457, -2250814.454542, 2309743.262342}","-",21.37329081,-157.73486810,"2026-08-04T04:25:33.000Z","UAV 3"
"ENBTR80003","Move to {-5499107.729384, -2250754.164082, 2310538.606898}","-",21.37030340,-157.74045132,"2026-08-04T04:25:33.000Z","UAV 3"
"FRT80006","Move to {-5499315.048189, -2250231.003964, 2310734.853397}","-",21.37638739,-157.75166850,"2026-08-04T04:25:33.000Z","UAV 3"
"ENM35003","Move to {-5499460.953457, -2250814.454542, 2309743.262342}","-",21.37325483,-157.73485937,"2026-08-04T04:25:33.000Z","UAV 3"
"FRT80002","Move to {-5499315.048189, -2250231.003964, 2310734.853397}","-",21.37634199,-157.75203167,"2026-08-04T04:25:33.000Z","UAV 3"
"ENGAZ003","Move to {-5499460.953457, -2250814.454542, 2309743.262342}","-",21.37318883,-157.73497998,"2026-08-04T04:25:33.000Z","UAV 3"
"ENM1A2003","Move to {-5499107.729384, -2250754.164082, 2310538.606898}","-",21.37519378,-157.74252751,"2026-08-04T04:25:36.000Z","UAV 3"
"ENT72007","Move to {-5499107.729384, -2250754.164082, 2310538.606898}","-",21.37313258,-157.74163983,"2026-08-04T04:25:36.000Z","UAV 3"
"ENT72003","Move to {-5499107.729384, -2250754.164082, 2310538.606898}","-",21.37338660,-157.74144264,"2026-08-04T04:25:36.000Z","UAV 3"
"ENMORT005","None","-",21.37463885,-157.73701809,"2026-08-04T04:25:36.000Z","UAV 3"
"FRT80001","Move to {-5499315.048189, -2250231.003964, 2310734.853397}","-",21.37662182,-157.75153348,"2026-08-04T04:25:36.000Z","UAV 3"
"ENT72002","Move to {-5499107.729384, -2250754.164082, 2310538.606898}","-",21.37324905,-157.74142925,"2026-08-04T04:25:36.000Z","UAV 3"
"ENMORT004","None","-",21.37449517,-157.73695548,"2026-08-04T04:25:36.000Z","UAV 3"
"ENT72005","Move to {-5499107.729384, -2250754.164082, 2310538.606898}","-",21.37323827,-157.74166555,"2026-08-04T04:25:36.000Z","UAV 3"
"ENM35004","Move to {-5499460.953457, -2250814.454542, 2309743.262342}","-",21.37292259,-157.73495776,"2026-08-04T04:25:36.000Z","UAV 3"
"ENGAZ001","Move to {-5499460.953457, -2250814.454542, 2309743.262342}","-",21.37316117,-157.73468799,"2026-08-04T04:25:36.000Z","UAV 3"
"ENM1A2002","Move to {-5499107.729384, -2250754.164082, 2310538.606898}","-",21.37538230,-157.74246432,"2026-08-04T04:25:36.000Z","UAV 3"
"ENT72009","Move to {-5499107.729384, -2250754.164082, 2310538.606898}","-",21.37307743,-157.74152860,"2026-08-04T04:25:36.000Z","UAV 3"
"ENM35001","Move to {-5499460.953457, -2250814.454542, 2309743.262342}","-",21.37285837,-157.73503716,"2026-08-04T04:25:36.000Z","UAV 3"
"ENT72010","Move to {-5499107.729384, -2250754.164082, 2310538.606898}","-",21.37346068,-157.74141045,"2026-08-04T04:25:36.000Z","UAV 3"
"ENMORT001","None","-",21.37454920,-157.73726779,"2026-08-04T04:25:36.000Z","UAV 3"
"FRT80007","Move to {-5499315.048189, -2250231.003964, 2310734.853397}","-",21.37625238,-157.75159506,"2026-08-04T04:25:36.000Z","UAV 3"
"FRT80004","Move to {-5499315.048189, -2250231.003964, 2310734.853397}","-",21.37637540,-157.75166506,"2026-08-04T04:25:36.000Z","UAV 3"
"ENGAZ004","Move to {-5499460.953457, -2250814.454542, 2309743.262342}","-",21.37312969,-157.73508632,"2026-08-04T04:25:36.000Z","UAV 3"
"ENMORT003","None","-",21.37448817,-157.73726715,"2026-08-04T04:25:36.000Z","UAV 3"
"ENM1A2004","Move to {-5499107.729384, -2250754.164082, 2310538.606898}","-",21.37530097,-157.74244808,"2026-08-04T04:25:36.000Z","UAV 3"
"ENBTR60006","Move to {-5499107.729384, -2250754.164082, 2310538.606898}","-",21.37092206,-157.74057014,"2026-08-04T04:25:36.000Z","UAV 3"
"ENBTR80004","Move to {-5499107.729384, -2250754.164082, 2310538.606898}","-",21.37087342,-157.74041077,"2026-08-04T04:25:36.000Z","UAV 3"
"ENBTR60003","Move to {-5499107.729384, -2250754.164082, 2310538.606898}","-",21.37078840,-157.74074143,"2026-08-04T04:25:36.000Z","UAV 3"
"ENBTR80001","Move to {-5499107.729384, -2250754.164082, 2310538.606898}","-",21.37054858,-157.74050296,"2026-08-04T04:25:36.000Z","UAV 3"
"ENM35002","Move to {-5499460.953457, -2250814.454542, 2309743.262342}","-",21.37309762,-157.73472930,"2026-08-04T04:25:36.000Z","UAV 3"
"ENBTR60002","Move to {-5499107.729384, -2250754.164082, 2310538.606898}","-",21.37067601,-157.74075581,"2026-08-04T04:25:36.000Z","UAV 3"
"ENBTR60007","Move to {-5499107.729384, -2250754.164082, 2310538.606898}","-",21.37078218,-157.74055548,"2026-08-04T04:25:36.000Z","UAV 3"
"ENBTR60008","Move to {-5499107.729384, -2250754.164082, 2310538.606898}","-",21.37060039,-157.74042900,"2026-08-04T04:25:36.000Z","UAV 3"
"ENBTR80007","Move to {-5499107.729384, -2250754.164082, 2310538.606898}","-",21.37083379,-157.74050709,"2026-08-04T04:25:36.000Z","UAV 3"
"ENBTR80005","Move to {-5499107.729384, -2250754.164082, 2310538.606898}","-",21.37077293,-157.74065328,"2026-08-04T04:25:36.000Z","UAV 3"
"ENBTR60004","Move to {-5499107.729384, -2250754.164082, 2310538.606898}","-",21.37054347,-157.74064241,"2026-08-04T04:25:36.000Z","UAV 3"
"ENBTR60005","Move to {-5499107.729384, -2250754.164082, 2310538.606898}","-",21.37090538,-157.74075010,"2026-08-04T04:25:36.000Z","UAV 3"
"ENGAZ002","Move to {-5499460.953457, -2250814.454542, 2309743.262342}","-",21.37324048,-157.73504451,"2026-08-04T04:25:36.000Z","UAV 3"
"ENBTR80003","Move to {-5499107.729384, -2250754.164082, 2310538.606898}","-",21.37046856,-157.74046131,"2026-08-04T04:25:36.000Z","UAV 3"
"FRT80006","Move to {-5499315.048189, -2250231.003964, 2310734.853397}","-",21.37650159,-157.75153378,"2026-08-04T04:25:36.000Z","UAV 3"
"ENM35003","Move to {-5499460.953457, -2250814.454542, 2309743.262342}","-",21.37320538,-157.73503621,"2026-08-04T04:25:36.000Z","UAV 3"
"FRT80002","Move to {-5499315.048189, -2250231.003964, 2310734.853397}","-",21.37645465,-157.75189104,"2026-08-04T04:25:36.000Z","UAV 3"
"ENGAZ003","Move to {-5499460.953457, -2250814.454542, 2309743.262342}","-",21.37313992,-157.73515789,"2026-08-04T04:25:36.000Z","UAV 3"
"ENT72004","Move to {-5499107.729384, -2250754.164082, 2310538.606898}","-",21.37346617,-157.74147053,"2026-08-04T04:25:36.000Z","UAV 3"
"ENT72006","Move to {-5499107.729384, -2250754.164082, 2310538.606898}","-",21.37337051,-157.74160127,"2026-08-04T04:25:36.000Z","UAV 3"
"ENM1A2003","Move to {-5499107.729384, -2250754.164082, 2310538.606898}","-",21.37536696,-157.74246047,"2026-08-04T04:25:38.000Z","UAV 3"
"ENT72007","Move to {-5499107.729384, -2250754.164082, 2310538.606898}","-",21.37334383,-157.74161702,"2026-08-04T04:25:38.000Z","UAV 3"
"ENT72003","Move to {-5499107.729384, -2250754.164082, 2310538.606898}","-",21.37359603,-157.74142618,"2026-08-04T04:25:38.000Z","UAV 3"
"ENMORT005","None","-",21.37463885,-157.73701809,"2026-08-04T04:25:38.000Z","UAV 3"
"FRT80001","Move to {-5499315.048189, -2250231.003964, 2310734.853397}","-",21.37675779,-157.75136852,"2026-08-04T04:25:38.000Z","UAV 3"
"ENT72002","Move to {-5499107.729384, -2250754.164082, 2310538.606898}","-",21.37345873,-157.74141362,"2026-08-04T04:25:38.000Z","UAV 3"
"ENMORT004","None","-",21.37449517,-157.73695548,"2026-08-04T04:25:38.000Z","UAV 3"
"ENT72005","Move to {-5499107.729384, -2250754.164082, 2310538.606898}","-",21.37342343,-157.74164440,"2026-08-04T04:25:38.000Z","UAV 3"
"ENM35004","Move to {-5499460.953457, -2250814.454542, 2309743.262342}","-",21.37287347,-157.73516699,"2026-08-04T04:25:38.000Z","UAV 3"
"ENGAZ001","Move to {-5499460.953457, -2250814.454542, 2309743.262342}","-",21.37310626,-157.73489952,"2026-08-04T04:25:38.000Z","UAV 3"
"ENM1A2002","Move to {-5499107.729384, -2250754.164082, 2310538.606898}","-",21.37556955,-157.74239135,"2026-08-04T04:25:38.000Z","UAV 3"
"ENT72009","Move to {-5499107.729384, -2250754.164082, 2310538.606898}","-",21.37327977,-157.74151065,"2026-08-04T04:25:38.000Z","UAV 3"
"ENM35001","Move to {-5499460.953457, -2250814.454542, 2309743.262342}","-",21.37281572,-157.73522425,"2026-08-04T04:25:38.000Z","UAV 3"
"ENT72010","Move to {-5499107.729384, -2250754.164082, 2310538.606898}","-",21.37366551,-157.74139529,"2026-08-04T04:25:38.000Z","UAV 3"
"ENMORT001","None","-",21.37454920,-157.73726779,"2026-08-04T04:25:38.000Z","UAV 3"
"FRT80007","Move to {-5499315.048189, -2250231.003964, 2310734.853397}","-",21.37639344,-157.75143582,"2026-08-04T04:25:38.000Z","UAV 3"
"FRT80004","Move to {-5499315.048189, -2250231.003964, 2310734.853397}","-",21.37650996,-157.75150687,"2026-08-04T04:25:38.000Z","UAV 3"
"ENGAZ004","Move to {-5499460.953457, -2250814.454542, 2309743.262342}","-",21.37307342,-157.73529441,"2026-08-04T04:25:38.000Z","UAV 3"
"ENMORT003","None","-",21.37448817,-157.73726715,"2026-08-04T04:25:38.000Z","UAV 3"
"ENM1A2004","Move to {-5499107.729384, -2250754.164082, 2310538.606898}","-",21.37549686,-157.74237417,"2026-08-04T04:25:38.000Z","UAV 3"
"ENBTR60006","Move to {-5499107.729384, -2250754.164082, 2310538.606898}","-",21.37111288,-157.74057981,"2026-08-04T04:25:38.000Z","UAV 3"
"ENBTR80004","Move to {-5499107.729384, -2250754.164082, 2310538.606898}","-",21.37103154,-157.74042177,"2026-08-04T04:25:38.000Z","UAV 3"
"ENBTR60003","Move to {-5499107.729384, -2250754.164082, 2310538.606898}","-",21.37098883,-157.74074733,"2026-08-04T04:25:38.000Z","UAV 3"
"ENBTR80001","Move to {-5499107.729384, -2250754.164082, 2310538.606898}","-",21.37077474,-157.74051568,"2026-08-04T04:25:38.000Z","UAV 3"
"ENM35002","Move to {-5499460.953457, -2250814.454542, 2309743.262342}","-",21.37304395,-157.73494220,"2026-08-04T04:25:38.000Z","UAV 3"
"ENBTR60002","Move to {-5499107.729384, -2250754.164082, 2310538.606898}","-",21.37088288,-157.74076146,"2026-08-04T04:25:38.000Z","UAV 3"
"ENBTR60007","Move to {-5499107.729384, -2250754.164082, 2310538.606898}","-",21.37098562,-157.74056597,"2026-08-04T04:25:38.000Z","UAV 3"
"ENBTR60008","Move to {-5499107.729384, -2250754.164082, 2310538.606898}","-",21.37083843,-157.74044452,"2026-08-04T04:25:38.000Z","UAV 3"
"ENBTR80007","Move to {-5499107.729384, -2250754.164082, 2310538.606898}","-",21.37101037,-157.74051727,"2026-08-04T04:25:38.000Z","UAV 3"
"ENBTR80005","Move to {-5499107.729384, -2250754.164082, 2310538.606898}","-",21.37097042,-157.74066115,"2026-08-04T04:25:38.000Z","UAV 3"
"ENBTR60004","Move to {-5499107.729384, -2250754.164082, 2310538.606898}","-",21.37075448,-157.74065086,"2026-08-04T04:25:38.000Z","UAV 3"
"ENBTR60005","Move to {-5499107.729384, -2250754.164082, 2310538.606898}","-",21.37110769,-157.74075592,"2026-08-04T04:25:38.000Z","UAV 3"
"ENGAZ002","Move to {-5499460.953457, -2250814.454542, 2309743.262342}","-",21.37318092,-157.73525329,"2026-08-04T04:25:38.000Z","UAV 3"
"ENBTR80003","Move to {-5499107.729384, -2250754.164082, 2310538.606898}","-",21.37067690,-157.74047392,"2026-08-04T04:25:38.000Z","UAV 3"
"FRT80006","Move to {-5499315.048189, -2250231.003964, 2310734.853397}","-",21.37663790,-157.75137297,"2026-08-04T04:25:38.000Z","UAV 3"
"ENM35003","Move to {-5499460.953457, -2250814.454542, 2309743.262342}","-",21.37314688,-157.73524537,"2026-08-04T04:25:38.000Z","UAV 3"
"FRT80002","Move to {-5499315.048189, -2250231.003964, 2310734.853397}","-",21.37658766,-157.75172499,"2026-08-04T04:25:38.000Z","UAV 3"
"ENGAZ003","Move to {-5499460.953457, -2250814.454542, 2309743.262342}","-",21.37308333,-157.73536375,"2026-08-04T04:25:38.000Z","UAV 3"
"ENT72004","Move to {-5499107.729384, -2250754.164082, 2310538.606898}","-",21.37365205,-157.74145480,"2026-08-04T04:25:38.000Z","UAV 3"
"ENT72006","Move to {-5499107.729384, -2250754.164082, 2310538.606898}","-",21.37357282,-157.74157988,"2026-08-04T04:25:38.000Z","UAV 3"
"ENBTR60001","Move to {-5499107.729384, -2250754.164082, 2310538.606898}","-",21.37113388,-157.74049403,"2026-08-04T04:25:38.000Z","UAV 3"
"ENM1A2003","Move to {-5499107.729384, -2250754.164082, 2310538.606898}","-",21.37551751,-157.74240219,"2026-08-04T04:25:40.000Z","UAV 3"
"ENT72007","Move to {-5499107.729384, -2250754.164082, 2310538.606898}","-",21.37350613,-157.74159950,"2026-08-04T04:25:40.000Z","UAV 3"
"ENT72003","Move to {-5499107.729384, -2250754.164082, 2310538.606898}","-",21.37374228,-157.74141468,"2026-08-04T04:25:40.000Z","UAV 3"
"ENMORT005","None","-",21.37463885,-157.73701809,"2026-08-04T04:25:40.000Z","UAV 3"
"FRT80001","Move to {-5499315.048189, -2250231.003964, 2310734.853397}","-",21.37686247,-157.75124154,"2026-08-04T04:25:40.000Z","UAV 3"
"ENT72002","Move to {-5499107.729384, -2250754.164082, 2310538.606898}","-",21.37362752,-157.74140104,"2026-08-04T04:25:40.000Z","UAV 3"
"ENMORT004","None","-",21.37449517,-157.73695548,"2026-08-04T04:25:40.000Z","UAV 3"
"ENT72005","Move to {-5499107.729384, -2250754.164082, 2310538.606898}","-",21.37356705,-157.74162799,"2026-08-04T04:25:40.000Z","UAV 3"
"ENM35004","Move to {-5499460.953457, -2250814.454542, 2309743.262342}","-",21.37283564,-157.73532814,"2026-08-04T04:25:40.000Z","UAV 3"
"ENGAZ001","Move to {-5499460.953457, -2250814.454542, 2309743.262342}","-",21.37306317,-157.73506550,"2026-08-04T04:25:40.000Z","UAV 3"
"ENM1A2002","Move to {-5499107.729384, -2250754.164082, 2310538.606898}","-",21.37569840,-157.74234113,"2026-08-04T04:25:40.000Z","UAV 3"
"ENT72009","Move to {-5499107.729384, -2250754.164082, 2310538.606898}","-",21.37343944,-157.74149648,"2026-08-04T04:25:40.000Z","UAV 3"
"ENM35001","Move to {-5499460.953457, -2250814.454542, 2309743.262342}","-",21.37277849,-157.73538760,"2026-08-04T04:25:40.000Z","UAV 3"
"ENT72010","Move to {-5499107.729384, -2250754.164082, 2310538.606898}","-",21.37380486,-157.74138498,"2026-08-04T04:25:40.000Z","UAV 3"
"ENMORT001","None","-",21.37454920,-157.73726779,"2026-08-04T04:25:40.000Z","UAV 3"
"FRT80007","Move to {-5499315.048189, -2250231.003964, 2310734.853397}","-",21.37650033,-157.75131515,"2026-08-04T04:25:40.000Z","UAV 3"
"FRT80004","Move to {-5499315.048189, -2250231.003964, 2310734.853397}","-",21.37661621,-157.75138196,"2026-08-04T04:25:40.000Z","UAV 3"
"ENGAZ004","Move to {-5499460.953457, -2250814.454542, 2309743.262342}","-",21.37303048,-157.73545323,"2026-08-04T04:25:40.000Z","UAV 3"
"ENMORT003","None","-",21.37448817,-157.73726715,"2026-08-04T04:25:40.000Z","UAV 3"
"ENM1A2004","Move to {-5499107.729384, -2250754.164082, 2310538.606898}","-",21.37563105,-157.74232353,"2026-08-04T04:25:40.000Z","UAV 3"
"ENBTR60006","Move to {-5499107.729384, -2250754.164082, 2310538.606898}","-",21.37127432,-157.74058798,"2026-08-04T04:25:40.000Z","UAV 3"
"ENBTR80004","Move to {-5499107.729384, -2250754.164082, 2310538.606898}","-",21.37120607,-157.74043391,"2026-08-04T04:25:40.000Z","UAV 3"
"ENBTR60003","Move to {-5499107.729384, -2250754.164082, 2310538.606898}","-",21.37114832,-157.74075202,"2026-08-04T04:25:40.000Z","UAV 3"
"ENBTR80001","Move to {-5499107.729384, -2250754.164082, 2310538.606898}","-",21.37093745,-157.74052483,"2026-08-04T04:25:40.000Z","UAV 3"
"ENM35002","Move to {-5499460.953457, -2250814.454542, 2309743.262342}","-",21.37300241,-157.73510701,"2026-08-04T04:25:40.000Z","UAV 3"
"ENBTR60002","Move to {-5499107.729384, -2250754.164082, 2310538.606898}","-",21.37103897,-157.74076573,"2026-08-04T04:25:40.000Z","UAV 3"
"ENBTR60007","Move to {-5499107.729384, -2250754.164082, 2310538.606898}","-",21.37112920,-157.74057337,"2026-08-04T04:25:40.000Z","UAV 3"
"ENBTR60008","Move to {-5499107.729384, -2250754.164082, 2310538.606898}","-",21.37100224,-157.74045520,"2026-08-04T04:25:40.000Z","UAV 3"
"ENBTR80007","Move to {-5499107.729384, -2250754.164082, 2310538.606898}","-",21.37117025,-157.74052649,"2026-08-04T04:25:40.000Z","UAV 3"
"ENBTR80005","Move to {-5499107.729384, -2250754.164082, 2310538.606898}","-",21.37112972,-157.74066750,"2026-08-04T04:25:40.000Z","UAV 3"
"ENBTR60004","Move to {-5499107.729384, -2250754.164082, 2310538.606898}","-",21.37090939,-157.74065706,"2026-08-04T04:25:40.000Z","UAV 3"
"ENBTR60005","Move to {-5499107.729384, -2250754.164082, 2310538.606898}","-",21.37126833,-157.74076054,"2026-08-04T04:25:40.000Z","UAV 3"
"ENGAZ002","Move to {-5499460.953457, -2250814.454542, 2309743.262342}","-",21.37313536,-157.73541299,"2026-08-04T04:25:40.000Z","UAV 3"
"ENBTR80003","Move to {-5499107.729384, -2250754.164082, 2310538.606898}","-",21.37086174,-157.74048510,"2026-08-04T04:25:40.000Z","UAV 3"
"FRT80006","Move to {-5499315.048189, -2250231.003964, 2310734.853397}","-",21.37674485,-157.75124679,"2026-08-04T04:25:40.000Z","UAV 3"
"ENM35003","Move to {-5499460.953457, -2250814.454542, 2309743.262342}","-",21.37310216,-157.73540524,"2026-08-04T04:25:40.000Z","UAV 3"
"FRT80002","Move to {-5499315.048189, -2250231.003964, 2310734.853397}","-",21.37668825,-157.75159941,"2026-08-04T04:25:40.000Z","UAV 3"
"ENGAZ003","Move to {-5499460.953457, -2250814.454542, 2309743.262342}","-",21.37303968,-157.73552251,"2026-08-04T04:25:40.000Z","UAV 3"
"ENT72004","Move to {-5499107.729384, -2250754.164082, 2310538.606898}","-",21.37379646,-157.74144258,"2026-08-04T04:25:40.000Z","UAV 3"
"ENT72006","Move to {-5499107.729384, -2250754.164082, 2310538.606898}","-",21.37372483,-157.74156380,"2026-08-04T04:25:40.000Z","UAV 3"
"ENM1A2003","Move to {-5499107.729384, -2250754.164082, 2310538.606898}","-",21.37568781,-157.74233626,"2026-08-04T04:25:43.000Z","UAV 3"
"ENT72007","Move to {-5499107.729384, -2250754.164082, 2310538.606898}","-",21.37369067,-157.74157958,"2026-08-04T04:25:43.000Z","UAV 3"
"ENT72003","Move to {-5499107.729384, -2250754.164082, 2310538.606898}","-",21.37392611,-157.74140023,"2026-08-04T04:25:43.000Z","UAV 3"
"ENMORT005","None","-",21.37463885,-157.73701809,"2026-08-04T04:25:43.000Z","UAV 3"
"FRT80001","Move to {-5499315.048189, -2250231.003964, 2310734.853397}","-",21.37699428,-157.75108164,"2026-08-04T04:25:43.000Z","UAV 3"
"ENT72002","Move to {-5499107.729384, -2250754.164082, 2310538.606898}","-",21.37381019,-157.74138743,"2026-08-04T04:25:43.000Z","UAV 3"
"ENMORT004","None","-",21.37449517,-157.73695548,"2026-08-04T04:25:43.000Z","UAV 3"
"ENT72005","Move to {-5499107.729384, -2250754.164082, 2310538.606898}","-",21.37377220,-157.74160456,"2026-08-04T04:25:43.000Z","UAV 3"
"ENM35004","Move to {-5499460.953457, -2250814.454542, 2309743.262342}","-",21.37278739,-157.73553369,"2026-08-04T04:25:43.000Z","UAV 3"
"ENGAZ001","Move to {-5499460.953457, -2250814.454542, 2309743.262342}","-",21.37300985,-157.73527089,"2026-08-04T04:25:43.000Z","UAV 3"
"ENM1A2002","Move to {-5499107.729384, -2250754.164082, 2310538.606898}","-",21.37589295,-157.74226531,"2026-08-04T04:25:43.000Z","UAV 3"
"ENT72009","Move to {-5499107.729384, -2250754.164082, 2310538.606898}","-",21.37362759,-157.74147978,"2026-08-04T04:25:43.000Z","UAV 3"
"ENM35001","Move to {-5499460.953457, -2250814.454542, 2309743.262342}","-",21.37272929,-157.73560344,"2026-08-04T04:25:43.000Z","UAV 3"
"ENT72010","Move to {-5499107.729384, -2250754.164082, 2310538.606898}","-",21.37399907,-157.74137061,"2026-08-04T04:25:43.000Z","UAV 3"
"ENMORT001","None","-",21.37454920,-157.73726779,"2026-08-04T04:25:43.000Z","UAV 3"
"FRT80007","Move to {-5499315.048189, -2250231.003964, 2310734.853397}","-",21.37663895,-157.75115867,"2026-08-04T04:25:43.000Z","UAV 3"
"FRT80004","Move to {-5499315.048189, -2250231.003964, 2310734.853397}","-",21.37675223,-157.75122204,"2026-08-04T04:25:43.000Z","UAV 3"
"ENGAZ004","Move to {-5499460.953457, -2250814.454542, 2309743.262342}","-",21.37297506,-157.73565816,"2026-08-04T04:25:43.000Z","UAV 3"
"ENMORT003","None","-",21.37448817,-157.73726715,"2026-08-04T04:25:43.000Z","UAV 3"
"ENM1A2004","Move to {-5499107.729384, -2250754.164082, 2310538.606898}","-",21.37579962,-157.74225993,"2026-08-04T04:25:43.000Z","UAV 3"
"ENBTR60006","Move to {-5499107.729384, -2250754.164082, 2310538.606898}","-",21.37147542,-157.74059817,"2026-08-04T04:25:43.000Z","UAV 3"
"ENBTR80004","Move to {-5499107.729384, -2250754.164082, 2310538.606898}","-",21.37142038,-157.74044881,"2026-08-04T04:25:43.000Z","UAV 3"
"ENBTR60003","Move to {-5499107.729384, -2250754.164082, 2310538.606898}","-",21.37135201,-157.74075800,"2026-08-04T04:25:43.000Z","UAV 3"
"ENBTR80001","Move to {-5499107.729384, -2250754.164082, 2310538.606898}","-",21.37111658,-157.74053490,"2026-08-04T04:25:43.000Z","UAV 3"
"ENM35002","Move to {-5499460.953457, -2250814.454542, 2309743.262342}","-",21.37295084,-157.73531161,"2026-08-04T04:25:43.000Z","UAV 3"
"ENBTR60002","Move to {-5499107.729384, -2250754.164082, 2310538.606898}","-",21.37124190,-157.74077127,"2026-08-04T04:25:43.000Z","UAV 3"
"ENBTR60007","Move to {-5499107.729384, -2250754.164082, 2310538.606898}","-",21.37133333,-157.74058389,"2026-08-04T04:25:43.000Z","UAV 3"
"ENBTR60008","Move to {-5499107.729384, -2250754.164082, 2310538.606898}","-",21.37117323,-157.74046635,"2026-08-04T04:25:43.000Z","UAV 3"
"ENBTR80007","Move to {-5499107.729384, -2250754.164082, 2310538.606898}","-",21.37137743,-157.74053844,"2026-08-04T04:25:43.000Z","UAV 3"
"ENBTR80005","Move to {-5499107.729384, -2250754.164082, 2310538.606898}","-",21.37133221,-157.74067557,"2026-08-04T04:25:43.000Z","UAV 3"
"ENBTR60004","Move to {-5499107.729384, -2250754.164082, 2310538.606898}","-",21.37110842,-157.74066503,"2026-08-04T04:25:43.000Z","UAV 3"
"ENBTR60005","Move to {-5499107.729384, -2250754.164082, 2310538.606898}","-",21.37147385,-157.74076646,"2026-08-04T04:25:43.000Z","UAV 3"
"ENGAZ002","Move to {-5499460.953457, -2250814.454542, 2309743.262342}","-",21.37307767,-157.73561524,"2026-08-04T04:25:43.000Z","UAV 3"
"ENBTR80003","Move to {-5499107.729384, -2250754.164082, 2310538.606898}","-",21.37104168,-157.74049599,"2026-08-04T04:25:43.000Z","UAV 3"
"FRT80006","Move to {-5499315.048189, -2250231.003964, 2310734.853397}","-",21.37687795,-157.75108977,"2026-08-04T04:25:43.000Z","UAV 3"
"ENM35003","Move to {-5499460.953457, -2250814.454542, 2309743.262342}","-",21.37304549,-157.73560788,"2026-08-04T04:25:43.000Z","UAV 3"
"FRT80002","Move to {-5499315.048189, -2250231.003964, 2310734.853397}","-",21.37682102,-157.75143367,"2026-08-04T04:25:43.000Z","UAV 3"
"ENGAZ003","Move to {-5499460.953457, -2250814.454542, 2309743.262342}","-",21.37298274,-157.73572962,"2026-08-04T04:25:43.000Z","UAV 3"
"ENT72004","Move to {-5499107.729384, -2250754.164082, 2310538.606898}","-",21.37400313,-157.74142510,"2026-08-04T04:25:43.000Z","UAV 3"
"ENT72006","Move to {-5499107.729384, -2250754.164082, 2310538.606898}","-",21.37392625,-157.74154250,"2026-08-04T04:25:43.000Z","UAV 3"
"ENM1A2001","Move to {-5499107.729384, -2250754.164082, 2310538.606898}","-",21.37583827,-157.74209651,"2026-08-04T04:25:43.000Z","UAV 3"
"ENT72001","Move to {-5499107.729384, -2250754.164082, 2310538.606898}","-",21.37389710,-157.74148079,"2026-08-04T04:25:43.000Z","UAV 3"
"ENM1A2003","Move to {-5499107.729384, -2250754.164082, 2310538.606898}","-",21.37604152,-157.74219933,"2026-08-04T04:25:45.000Z","UAV 3"
"ENT72007","Move to {-5499107.729384, -2250754.164082, 2310538.606898}","-",21.37405947,-157.74153976,"2026-08-04T04:25:45.000Z","UAV 3"
"ENT72003","Move to {-5499107.729384, -2250754.164082, 2310538.606898}","-",21.37430949,-157.74137009,"2026-08-04T04:25:45.000Z","UAV 3"
"ENMORT005","None","-",21.37463885,-157.73701809,"2026-08-04T04:25:45.000Z","UAV 3"
"FRT80001","Move to {-5499315.048189, -2250231.003964, 2310734.853397}","-",21.37723672,-157.75078752,"2026-08-04T04:25:45.000Z","UAV 3"
"ENT72002","Move to {-5499107.729384, -2250754.164082, 2310538.606898}","-",21.37416738,-157.74136080,"2026-08-04T04:25:45.000Z","UAV 3"
"ENMORT004","None","-",21.37449517,-157.73695548,"2026-08-04T04:25:45.000Z","UAV 3"
"ENT72005","Move to {-5499107.729384, -2250754.164082, 2310538.606898}","-",21.37413862,-157.74156271,"2026-08-04T04:25:45.000Z","UAV 3"
"ENM35004","Move to {-5499460.953457, -2250814.454542, 2309743.262342}","-",21.37269751,-157.73591655,"2026-08-04T04:25:45.000Z","UAV 3"
"ENGAZ001","Move to {-5499460.953457, -2250814.454542, 2309743.262342}","-",21.37291316,-157.73564332,"2026-08-04T04:25:45.000Z","UAV 3"
"ENM1A2002","Move to {-5499107.729384, -2250754.164082, 2310538.606898}","-",21.37627539,-157.74211627,"2026-08-04T04:25:45.000Z","UAV 3"
"ENT72009","Move to {-5499107.729384, -2250754.164082, 2310538.606898}","-",21.37397999,-157.74144851,"2026-08-04T04:25:45.000Z","UAV 3"
"ENT72010","Move to {-5499107.729384, -2250754.164082, 2310538.606898}","-",21.37438159,-157.74134230,"2026-08-04T04:25:45.000Z","UAV 3"
"ENMORT001","None","-",21.37454920,-157.73726779,"2026-08-04T04:25:45.000Z","UAV 3"
"FRT80007","Move to {-5499315.048189, -2250231.003964, 2310734.853397}","-",21.37689027,-157.75087495,"2026-08-04T04:25:45.000Z","UAV 3"
"FRT80004","Move to {-5499315.048189, -2250231.003964, 2310734.853397}","-",21.37699833,-157.75093271,"2026-08-04T04:25:45.000Z","UAV 3"
"ENGAZ004","Move to {-5499460.953457, -2250814.454542, 2309743.262342}","-",21.37287218,-157.73603858,"2026-08-04T04:25:45.000Z","UAV 3"
"ENMORT003","None","-",21.37448817,-157.73726715,"2026-08-04T04:25:45.000Z","UAV 3"
"ENM1A2004","Move to {-5499107.729384, -2250754.164082, 2310538.606898}","-",21.37618603,-157.74211413,"2026-08-04T04:25:45.000Z","UAV 3"
"ENBTR80004","Move to {-5499107.729384, -2250754.164082, 2310538.606898}","-",21.37177097,-157.74047320,"2026-08-04T04:25:45.000Z","UAV 3"
"ENBTR60003","Move to {-5499107.729384, -2250754.164082, 2310538.606898}","-",21.37173957,-157.74076940,"2026-08-04T04:25:45.000Z","UAV 3"
"ENM35002","Move to {-5499460.953457, -2250814.454542, 2309743.262342}","-",21.37285640,-157.73568626,"2026-08-04T04:25:45.000Z","UAV 3"
"ENBTR60002","Move to {-5499107.729384, -2250754.164082, 2310538.606898}","-",21.37161796,-157.74078154,"2026-08-04T04:25:45.000Z","UAV 3"
"ENBTR60008","Move to {-5499107.729384, -2250754.164082, 2310538.606898}","-",21.37155466,-157.74049122,"2026-08-04T04:25:45.000Z","UAV 3"
"ENBTR80007","Move to {-5499107.729384, -2250754.164082, 2310538.606898}","-",21.37174480,-157.74055963,"2026-08-04T04:25:45.000Z","UAV 3"
"ENBTR60004","Move to {-5499107.729384, -2250754.164082, 2310538.606898}","-",21.37148028,-157.74067992,"2026-08-04T04:25:45.000Z","UAV 3"
"ENBTR60005","Move to {-5499107.729384, -2250754.164082, 2310538.606898}","-",21.37186426,-157.74077769,"2026-08-04T04:25:45.000Z","UAV 3"
"ENGAZ002","Move to {-5499460.953457, -2250814.454542, 2309743.262342}","-",21.37296899,-157.73599620,"2026-08-04T04:25:45.000Z","UAV 3"
"ENBTR80003","Move to {-5499107.729384, -2250754.164082, 2310538.606898}","-",21.37142397,-157.74051912,"2026-08-04T04:25:45.000Z","UAV 3"
"FRT80006","Move to {-5499315.048189, -2250231.003964, 2310734.853397}","-",21.37712497,-157.75079835,"2026-08-04T04:25:45.000Z","UAV 3"
"ENM35003","Move to {-5499460.953457, -2250814.454542, 2309743.262342}","-",21.37293894,-157.73598884,"2026-08-04T04:25:45.000Z","UAV 3"
"FRT80002","Move to {-5499315.048189, -2250231.003964, 2310734.853397}","-",21.37705668,-157.75113946,"2026-08-04T04:25:45.000Z","UAV 3"
"ENGAZ003","Move to {-5499460.953457, -2250814.454542, 2309743.262342}","-",21.37287892,-157.73610726,"2026-08-04T04:25:45.000Z","UAV 3"
"ENT72004","Move to {-5499107.729384, -2250754.164082, 2310538.606898}","-",21.37437701,-157.74139347,"2026-08-04T04:25:45.000Z","UAV 3"
"ENT72006","Move to {-5499107.729384, -2250754.164082, 2310538.606898}","-",21.37429254,-157.74150377,"2026-08-04T04:25:45.000Z","UAV 3"
"ENM1A2001","Move to {-5499107.729384, -2250754.164082, 2310538.606898}","-",21.37625090,-157.74195924,"2026-08-04T04:25:45.000Z","UAV 3"
"ENM1A2003","Move to {-5499107.729384, -2250754.164082, 2310538.606898}","-",21.37624358,-157.74212110,"2026-08-04T04:25:47.000Z","UAV 3"
"ENT72007","Move to {-5499107.729384, -2250754.164082, 2310538.606898}","-",21.37424659,-157.74151956,"2026-08-04T04:25:47.000Z","UAV 3"
"ENT72003","Move to {-5499107.729384, -2250754.164082, 2310538.606898}","-",21.37451466,-157.74135396,"2026-08-04T04:25:47.000Z","UAV 3"
"ENMORT005","None","-",21.37463885,-157.73701809,"2026-08-04T04:25:47.000Z","UAV 3"
"FRT80001","Move to {-5499315.048189, -2250231.003964, 2310734.853397}","-",21.37736060,-157.75063724,"2026-08-04T04:25:47.000Z","UAV 3"
"ENT72002","Move to {-5499107.729384, -2250754.164082, 2310538.606898}","-",21.37436965,-157.74134573,"2026-08-04T04:25:47.000Z","UAV 3"
"ENMORT004","None","-",21.37449517,-157.73695548,"2026-08-04T04:25:47.000Z","UAV 3"
"ENT72005","Move to {-5499107.729384, -2250754.164082, 2310538.606898}","-",21.37434429,-157.74153921,"2026-08-04T04:25:47.000Z","UAV 3"
"ENM35004","Move to {-5499460.953457, -2250814.454542, 2309743.262342}","-",21.37264979,-157.73611981,"2026-08-04T04:25:47.000Z","UAV 3"
"ENGAZ001","Move to {-5499460.953457, -2250814.454542, 2309743.262342}","-",21.37286082,-157.73584495,"2026-08-04T04:25:47.000Z","UAV 3"
"ENM1A2002","Move to {-5499107.729384, -2250754.164082, 2310538.606898}","-",21.37646347,-157.74204297,"2026-08-04T04:25:47.000Z","UAV 3"
"ENT72009","Move to {-5499107.729384, -2250754.164082, 2310538.606898}","-",21.37417472,-157.74143123,"2026-08-04T04:25:47.000Z","UAV 3"
"ENT72010","Move to {-5499107.729384, -2250754.164082, 2310538.606898}","-",21.37459054,-157.74132684,"2026-08-04T04:25:47.000Z","UAV 3"
"ENMORT001","None","-",21.37454920,-157.73726779,"2026-08-04T04:25:47.000Z","UAV 3"
"FRT80007","Move to {-5499315.048189, -2250231.003964, 2310734.853397}","-",21.37702343,-157.75072464,"2026-08-04T04:25:47.000Z","UAV 3"
"FRT80004","Move to {-5499315.048189, -2250231.003964, 2310734.853397}","-",21.37712856,-157.75077961,"2026-08-04T04:25:47.000Z","UAV 3"
"ENGAZ004","Move to {-5499460.953457, -2250814.454542, 2309743.262342}","-",21.37281824,-157.73623808,"2026-08-04T04:25:47.000Z","UAV 3"
"ENMORT003","None","-",21.37448817,-157.73726715,"2026-08-04T04:25:47.000Z","UAV 3"
"ENM1A2004","Move to {-5499107.729384, -2250754.164082, 2310538.606898}","-",21.37638241,-157.74204003,"2026-08-04T04:25:47.000Z","UAV 3"
"ENBTR80004","Move to {-5499107.729384, -2250754.164082, 2310538.606898}","-",21.37196956,-157.74048701,"2026-08-04T04:25:47.000Z","UAV 3"
"ENBTR60003","Move to {-5499107.729384, -2250754.164082, 2310538.606898}","-",21.37193908,-157.74077526,"2026-08-04T04:25:47.000Z","UAV 3"
"ENM35002","Move to {-5499460.953457, -2250814.454542, 2309743.262342}","-",21.37280546,-157.73588834,"2026-08-04T04:25:47.000Z","UAV 3"
"ENBTR60002","Move to {-5499107.729384, -2250754.164082, 2310538.606898}","-",21.37182346,-157.74078716,"2026-08-04T04:25:47.000Z","UAV 3"
"ENBTR60008","Move to {-5499107.729384, -2250754.164082, 2310538.606898}","-",21.37174762,-157.74050381,"2026-08-04T04:25:47.000Z","UAV 3"
"ENBTR80007","Move to {-5499107.729384, -2250754.164082, 2310538.606898}","-",21.37193836,-157.74057079,"2026-08-04T04:25:47.000Z","UAV 3"
"ENBTR60004","Move to {-5499107.729384, -2250754.164082, 2310538.606898}","-",21.37167762,-157.74068783,"2026-08-04T04:25:47.000Z","UAV 3"
"ENBTR60005","Move to {-5499107.729384, -2250754.164082, 2310538.606898}","-",21.37205403,-157.74078315,"2026-08-04T04:25:47.000Z","UAV 3"
"ENGAZ002","Move to {-5499460.953457, -2250814.454542, 2309743.262342}","-",21.37291271,-157.73619349,"2026-08-04T04:25:47.000Z","UAV 3"
"ENBTR80003","Move to {-5499107.729384, -2250754.164082, 2310538.606898}","-",21.37161676,-157.74053079,"2026-08-04T04:25:47.000Z","UAV 3"
"FRT80006","Move to {-5499315.048189, -2250231.003964, 2310734.853397}","-",21.37725457,-157.75064546,"2026-08-04T04:25:47.000Z","UAV 3"
"ENM35003","Move to {-5499460.953457, -2250814.454542, 2309743.262342}","-",21.37288360,-157.73618672,"2026-08-04T04:25:47.000Z","UAV 3"
"FRT80002","Move to {-5499315.048189, -2250231.003964, 2310734.853397}","-",21.37718007,-157.75098543,"2026-08-04T04:25:47.000Z","UAV 3"
"ENGAZ003","Move to {-5499460.953457, -2250814.454542, 2309743.262342}","-",21.37282405,-157.73630688,"2026-08-04T04:25:47.000Z","UAV 3"
"ENT72006","Move to {-5499107.729384, -2250754.164082, 2310538.606898}","-",21.37450891,-157.74148089,"2026-08-04T04:25:47.000Z","UAV 3"
"ENBTR80005","Move to {-5499107.729384, -2250754.164082, 2310538.606898}","-",21.37190064,-157.74069822,"2026-08-04T04:25:47.000Z","UAV 3"
"ENM1A2003","Move to {-5499107.729384, -2250754.164082, 2310538.606898}","-",21.37624358,-157.74212110,"2026-08-04T04:25:48.000Z","UAV 3"
"ENT72007","Move to {-5499107.729384, -2250754.164082, 2310538.606898}","-",21.37424659,-157.74151956,"2026-08-04T04:25:48.000Z","UAV 3"
"ENT72003","Move to {-5499107.729384, -2250754.164082, 2310538.606898}","-",21.37451466,-157.74135396,"2026-08-04T04:25:48.000Z","UAV 3"
"ENMORT005","None","-",21.37463885,-157.73701809,"2026-08-04T04:25:48.000Z","UAV 3"
"FRT80001","Move to {-5499315.048189, -2250231.003964, 2310734.853397}","-",21.37736060,-157.75063724,"2026-08-04T04:25:48.000Z","UAV 3"
"ENT72002","Move to {-5499107.729384, -2250754.164082, 2310538.606898}","-",21.37436965,-157.74134573,"2026-08-04T04:25:48.000Z","UAV 3"
"ENMORT004","None","-",21.37449517,-157.73695548,"2026-08-04T04:25:48.000Z","UAV 3"
"ENT72005","Move to {-5499107.729384, -2250754.164082, 2310538.606898}","-",21.37434429,-157.74153921,"2026-08-04T04:25:48.000Z","UAV 3"
"ENM35004","Move to {-5499460.953457, -2250814.454542, 2309743.262342}","-",21.37264979,-157.73611981,"2026-08-04T04:25:48.000Z","UAV 3"
"ENGAZ001","Move to {-5499460.953457, -2250814.454542, 2309743.262342}","-",21.37286082,-157.73584495,"2026-08-04T04:25:48.000Z","UAV 3"
"ENM1A2002","Move to {-5499107.729384, -2250754.164082, 2310538.606898}","-",21.37646347,-157.74204297,"2026-08-04T04:25:48.000Z","UAV 3"
"ENT72009","Move to {-5499107.729384, -2250754.164082, 2310538.606898}","-",21.37417472,-157.74143123,"2026-08-04T04:25:48.000Z","UAV 3"
"ENT72010","Move to {-5499107.729384, -2250754.164082, 2310538.606898}","-",21.37459054,-157.74132684,"2026-08-04T04:25:48.000Z","UAV 3"
"ENMORT001","None","-",21.37454920,-157.73726779,"2026-08-04T04:25:48.000Z","UAV 3"
"FRT80007","Move to {-5499315.048189, -2250231.003964, 2310734.853397}","-",21.37702343,-157.75072464,"2026-08-04T04:25:48.000Z","UAV 3"
"FRT80004","Move to {-5499315.048189, -2250231.003964, 2310734.853397}","-",21.37712856,-157.75077961,"2026-08-04T04:25:48.000Z","UAV 3"
"ENGAZ004","Move to {-5499460.953457, -2250814.454542, 2309743.262342}","-",21.37281824,-157.73623808,"2026-08-04T04:25:48.000Z","UAV 3"
"ENMORT003","None","-",21.37448817,-157.73726715,"2026-08-04T04:25:48.000Z","UAV 3"
"ENM1A2004","Move to {-5499107.729384, -2250754.164082, 2310538.606898}","-",21.37638241,-157.74204003,"2026-08-04T04:25:48.000Z","UAV 3"
"ENBTR80004","Move to {-5499107.729384, -2250754.164082, 2310538.606898}","-",21.37196956,-157.74048701,"2026-08-04T04:25:48.000Z","UAV 3"
"ENBTR60003","Move to {-5499107.729384, -2250754.164082, 2310538.606898}","-",21.37193908,-157.74077526,"2026-08-04T04:25:48.000Z","UAV 3"
"ENM35002","Move to {-5499460.953457, -2250814.454542, 2309743.262342}","-",21.37280546,-157.73588834,"2026-08-04T04:25:48.000Z","UAV 3"
"ENBTR60002","Move to {-5499107.729384, -2250754.164082, 2310538.606898}","-",21.37182346,-157.74078716,"2026-08-04T04:25:48.000Z","UAV 3"
"ENBTR60008","Move to {-5499107.729384, -2250754.164082, 2310538.606898}","-",21.37174762,-157.74050381,"2026-08-04T04:25:48.000Z","UAV 3"
"ENBTR80007","Move to {-5499107.729384, -2250754.164082, 2310538.606898}","-",21.37193836,-157.74057079,"2026-08-04T04:25:48.000Z","UAV 3"
"ENBTR60004","Move to {-5499107.729384, -2250754.164082, 2310538.606898}","-",21.37167762,-157.74068783,"2026-08-04T04:25:48.000Z","UAV 3"
"ENBTR60005","Move to {-5499107.729384, -2250754.164082, 2310538.606898}","-",21.37205403,-157.74078315,"2026-08-04T04:25:48.000Z","UAV 3"
"ENGAZ002","Move to {-5499460.953457, -2250814.454542, 2309743.262342}","-",21.37291271,-157.73619349,"2026-08-04T04:25:48.000Z","UAV 3"
"ENBTR80003","Move to {-5499107.729384, -2250754.164082, 2310538.606898}","-",21.37161676,-157.74053079,"2026-08-04T04:25:48.000Z","UAV 3"
"FRT80006","Move to {-5499315.048189, -2250231.003964, 2310734.853397}","-",21.37725457,-157.75064546,"2026-08-04T04:25:48.000Z","UAV 3"
"ENM35003","Move to {-5499460.953457, -2250814.454542, 2309743.262342}","-",21.37288360,-157.73618672,"2026-08-04T04:25:48.000Z","UAV 3"
"FRT80002","Move to {-5499315.048189, -2250231.003964, 2310734.853397}","-",21.37718007,-157.75098543,"2026-08-04T04:25:48.000Z","UAV 3"
"ENGAZ003","Move to {-5499460.953457, -2250814.454542, 2309743.262342}","-",21.37282405,-157.73630688,"2026-08-04T04:25:48.000Z","UAV 3"
"ENT72006","Move to {-5499107.729384, -2250754.164082, 2310538.606898}","-",21.37450891,-157.74148089,"2026-08-04T04:25:48.000Z","UAV 3"
"ENBTR80005","Move to {-5499107.729384, -2250754.164082, 2310538.606898}","-",21.37190064,-157.74069822,"2026-08-04T04:25:48.000Z","UAV 3"
"FRT69002","Move to {-5499315.048189, -2250231.003964, 2310734.853397}","-",21.38062351,-157.73220904,"2026-08-04T04:28:15.000Z","UAV 3"
"FRT69001","Move to {-5499315.048189, -2250231.003964, 2310734.853397}","-",21.38083088,-157.73220700,"2026-08-04T04:28:15.000Z","UAV 3"
"FRMORT002","FFE-On-Location ""Location={-5499132.853573, -2251193.466895, 2310064.199617}""  Name of Weapons to Fire: Indirect-Fire-Gun:m9333he. Number-Of-Rounds: 1. Height-Above-Terrain: 0","-",21.39124517,-157.73722922,"2026-08-04T04:28:15.000Z","UAV 3"
"FRT69006","Move to {-5499315.048189, -2250231.003964, 2310734.853397}","-",21.38096188,-157.73222439,"2026-08-04T04:28:15.000Z","UAV 3"
"FRT69003","Move to {-5499315.048189, -2250231.003964, 2310734.853397}","-",21.38097332,-157.73240275,"2026-08-04T04:28:15.000Z","UAV 3"
"FRT69005","Move to {-5499315.048189, -2250231.003964, 2310734.853397}","-",21.38100014,-157.73233777,"2026-08-04T04:28:15.000Z","UAV 3"
"FRM113002","Move to {-5499315.048189, -2250231.003964, 2310734.853397}","-",21.38982569,-157.74169886,"2026-08-04T04:28:15.000Z","UAV 3"
"FRLAV008","Move to {-5499315.048189, -2250231.003964, 2310734.853397}","-",21.39000596,-157.74175678,"2026-08-04T04:28:15.000Z","UAV 3"
"FRMORT004","None","-",21.39105358,-157.73697074,"2026-08-04T04:28:15.000Z","UAV 3"
"FRT69004","Move to {-5499315.048189, -2250231.003964, 2310734.853397}","-",21.38065700,-157.73204394,"2026-08-04T04:28:15.000Z","UAV 3"
"FRT69008","Move to {-5499315.048189, -2250231.003964, 2310734.853397}","-",21.38096961,-157.73244663,"2026-08-04T04:28:15.000Z","UAV 3"
"FRT69009","Move to {-5499315.048189, -2250231.003964, 2310734.853397}","-",21.38066035,-157.73234161,"2026-08-04T04:28:15.000Z","UAV 3"
"FRLAV003","Move to {-5499315.048189, -2250231.003964, 2310734.853397}","-",21.38979255,-157.74180726,"2026-08-04T04:28:15.000Z","UAV 3"
"FRMORT003","FFE-On-Location ""Location={-5499460.953457, -2250814.454542, 2309743.262342}""  Name of Weapons to Fire: Indirect-Fire-Gun:m9333he. Number-Of-Rounds: 1. Height-Above-Terrain: 0","-",21.39122072,-157.73728393,"2026-08-04T04:28:15.000Z","UAV 3"
"FRM113005","Move to {-5499315.048189, -2250231.003964, 2310734.853397}","-",21.38979774,-157.74205529,"2026-08-04T04:28:15.000Z","UAV 3"
"FRM113001","Move to {-5499315.048189, -2250231.003964, 2310734.853397}","-",21.38988667,-157.74163464,"2026-08-04T04:28:15.000Z","UAV 3"
"FRM113004","Move to {-5499315.048189, -2250231.003964, 2310734.853397}","-",21.38976158,-157.74194084,"2026-08-04T04:28:15.000Z","UAV 3"
"FRT69010","Move to {-5499315.048189, -2250231.003964, 2310734.853397}","-",21.38075758,-157.73208913,"2026-08-04T04:28:15.000Z","UAV 3"
"FRLAV004","Move to {-5499315.048189, -2250231.003964, 2310734.853397}","-",21.38960746,-157.74166506,"2026-08-04T04:28:15.000Z","UAV 3"
"FRT69002","Move to {-5499315.048189, -2250231.003964, 2310734.853397}","-",21.38062348,-157.73220904,"2026-08-04T04:28:47.000Z","UAV 3"
"FRT69001","Move to {-5499315.048189, -2250231.003964, 2310734.853397}","-",21.38083085,-157.73220700,"2026-08-04T04:28:47.000Z","UAV 3"
"FRMORT002","FFE-On-Location ""Location={-5499132.853573, -2251193.466895, 2310064.199617}""  Name of Weapons to Fire: Indirect-Fire-Gun:m9333he. Number-Of-Rounds: 1. Height-Above-Terrain: 0","-",21.39124517,-157.73722922,"2026-08-04T04:28:47.000Z","UAV 3"
"FRT69006","Move to {-5499315.048189, -2250231.003964, 2310734.853397}","-",21.38096188,-157.73222439,"2026-08-04T04:28:47.000Z","UAV 3"
"FRT69003","Move to {-5499315.048189, -2250231.003964, 2310734.853397}","-",21.38097332,-157.73240275,"2026-08-04T04:28:47.000Z","UAV 3"
"FRT69005","Move to {-5499315.048189, -2250231.003964, 2310734.853397}","-",21.38100014,-157.73233777,"2026-08-04T04:28:47.000Z","UAV 3"
"FRM113002","Move to {-5499315.048189, -2250231.003964, 2310734.853397}","-",21.38982569,-157.74169886,"2026-08-04T04:28:47.000Z","UAV 3"
"FRLAV008","Move to {-5499315.048189, -2250231.003964, 2310734.853397}","-",21.39000596,-157.74175678,"2026-08-04T04:28:47.000Z","UAV 3"
"FRMORT004","None","-",21.39105358,-157.73697074,"2026-08-04T04:28:47.000Z","UAV 3"
"FRT69004","Move to {-5499315.048189, -2250231.003964, 2310734.853397}","-",21.38065700,-157.73204394,"2026-08-04T04:28:47.000Z","UAV 3"
"FRT69008","Move to {-5499315.048189, -2250231.003964, 2310734.853397}","-",21.38096961,-157.73244663,"2026-08-04T04:28:47.000Z","UAV 3"
"FRT69009","Move to {-5499315.048189, -2250231.003964, 2310734.853397}","-",21.38066035,-157.73234161,"2026-08-04T04:28:47.000Z","UAV 3"
"FRLAV003","Move to {-5499315.048189, -2250231.003964, 2310734.853397}","-",21.38979255,-157.74180726,"2026-08-04T04:28:47.000Z","UAV 3"
"FRMORT003","FFE-On-Location ""Location={-5499460.953457, -2250814.454542, 2309743.262342}""  Name of Weapons to Fire: Indirect-Fire-Gun:m9333he. Number-Of-Rounds: 1. Height-Above-Terrain: 0","-",21.39122072,-157.73728393,"2026-08-04T04:28:47.000Z","UAV 3"
"FRM113005","Move to {-5499315.048189, -2250231.003964, 2310734.853397}","-",21.38979774,-157.74205529,"2026-08-04T04:28:47.000Z","UAV 3"
"FRM113001","Move to {-5499315.048189, -2250231.003964, 2310734.853397}","-",21.38988667,-157.74163464,"2026-08-04T04:28:47.000Z","UAV 3"
"FRM113004","Move to {-5499315.048189, -2250231.003964, 2310734.853397}","-",21.38976158,-157.74194084,"2026-08-04T04:28:47.000Z","UAV 3"
"FRT69010","Move to {-5499315.048189, -2250231.003964, 2310734.853397}","-",21.38075758,-157.73208913,"2026-08-04T04:28:47.000Z","UAV 3"
"FRLAV004","Move to {-5499315.048189, -2250231.003964, 2310734.853397}","-",21.38960746,-157.74166506,"2026-08-04T04:28:47.000Z","UAV 3"
"FRT69002","Move to {-5499315.048189, -2250231.003964, 2310734.853397}","-",21.38062354,-157.73220904,"2026-08-04T04:29:29.000Z","UAV 3"
"FRT69001","Move to {-5499315.048189, -2250231.003964, 2310734.853397}","-",21.38083091,-157.73220700,"2026-08-04T04:29:29.000Z","UAV 3"
"FRMORT002","FFE-On-Location ""Location={-5499132.853573, -2251193.466895, 2310064.199617}""  Name of Weapons to Fire: Indirect-Fire-Gun:m9333he. Number-Of-Rounds: 1. Height-Above-Terrain: 0","-",21.39124517,-157.73722922,"2026-08-04T04:29:29.000Z","UAV 3"
"FRT69006","Move to {-5499315.048189, -2250231.003964, 2310734.853397}","-",21.38096188,-157.73222439,"2026-08-04T04:29:29.000Z","UAV 3"
"FRT69003","Move to {-5499315.048189, -2250231.003964, 2310734.853397}","-",21.38097332,-157.73240275,"2026-08-04T04:29:29.000Z","UAV 3"
"FRT69005","Move to {-5499315.048189, -2250231.003964, 2310734.853397}","-",21.38100014,-157.73233777,"2026-08-04T04:29:29.000Z","UAV 3"
"FRM113002","Move to {-5499315.048189, -2250231.003964, 2310734.853397}","-",21.38982569,-157.74169886,"2026-08-04T04:29:29.000Z","UAV 3"
"FRLAV008","Move to {-5499315.048189, -2250231.003964, 2310734.853397}","-",21.39000596,-157.74175678,"2026-08-04T04:29:29.000Z","UAV 3"
"FRMORT004","None","-",21.39105358,-157.73697074,"2026-08-04T04:29:29.000Z","UAV 3"
"FRT69004","Move to {-5499315.048189, -2250231.003964, 2310734.853397}","-",21.38065700,-157.73204394,"2026-08-04T04:29:29.000Z","UAV 3"
"FRT69008","Move to {-5499315.048189, -2250231.003964, 2310734.853397}","-",21.38096961,-157.73244663,"2026-08-04T04:29:29.000Z","UAV 3"
"FRT69009","Move to {-5499315.048189, -2250231.003964, 2310734.853397}","-",21.38066035,-157.73234161,"2026-08-04T04:29:29.000Z","UAV 3"
"FRLAV003","Move to {-5499315.048189, -2250231.003964, 2310734.853397}","-",21.38979255,-157.74180726,"2026-08-04T04:29:29.000Z","UAV 3"
"FRMORT003","FFE-On-Location ""Location={-5499460.953457, -2250814.454542, 2309743.262342}""  Name of Weapons to Fire: Indirect-Fire-Gun:m9333he. Number-Of-Rounds: 1. Height-Above-Terrain: 0","-",21.39122072,-157.73728393,"2026-08-04T04:29:29.000Z","UAV 3"
"FRM113005","Move to {-5499315.048189, -2250231.003964, 2310734.853397}","-",21.38979774,-157.74205529,"2026-08-04T04:29:29.000Z","UAV 3"
"FRM113001","Move to {-5499315.048189, -2250231.003964, 2310734.853397}","-",21.38988667,-157.74163464,"2026-08-04T04:29:29.000Z","UAV 3"
"FRM113004","Move to {-5499315.048189, -2250231.003964, 2310734.853397}","-",21.38976158,-157.74194084,"2026-08-04T04:29:29.000Z","UAV 3"
"FRT69010","Move to {-5499315.048189, -2250231.003964, 2310734.853397}","-",21.38075758,-157.73208913,"2026-08-04T04:29:29.000Z","UAV 3"
"FRLAV004","Move to {-5499315.048189, -2250231.003964, 2310734.853397}","-",21.38960746,-157.74166506,"2026-08-04T04:29:29.000Z","UAV 3"
"FRT69002","Move to {-5499315.048189, -2250231.003964, 2310734.853397}","-",21.38063710,-157.73238585,"2026-08-04T04:30:06.000Z","UAV 3"
"FRT69001","Move to {-5499315.048189, -2250231.003964, 2310734.853397}","-",21.38084191,-157.73238383,"2026-08-04T04:30:06.000Z","UAV 3"
"FRT69006","Move to {-5499315.048189, -2250231.003964, 2310734.853397}","-",21.38097330,-157.73222558,"2026-08-04T04:30:06.000Z","UAV 3"
"FRT69003","Move to {-5499315.048189, -2250231.003964, 2310734.853397}","-",21.38098473,-157.73240395,"2026-08-04T04:30:06.000Z","UAV 3"
"FRT69005","Move to {-5499315.048189, -2250231.003964, 2310734.853397}","-",21.38101156,-157.73233896,"2026-08-04T04:30:06.000Z","UAV 3"
"FRT69004","Move to {-5499315.048189, -2250231.003964, 2310734.853397}","-",21.38066842,-157.73204513,"2026-08-04T04:30:06.000Z","UAV 3"
"FRT69008","Move to {-5499315.048189, -2250231.003964, 2310734.853397}","-",21.38098102,-157.73244783,"2026-08-04T04:30:06.000Z","UAV 3"
"FRT69009","Move to {-5499315.048189, -2250231.003964, 2310734.853397}","-",21.38067176,-157.73234280,"2026-08-04T04:30:06.000Z","UAV 3"
"FRT69010","Move to {-5499315.048189, -2250231.003964, 2310734.853397}","-",21.38076900,-157.73209032,"2026-08-04T04:30:06.000Z","UAV 3"
"FRT69007","Move to {-5499315.048189, -2250231.003964, 2310734.853397}","-",21.38071591,-157.73221794,"2026-08-04T04:30:06.000Z","UAV 3"
"FRT69002","Move to {-5499315.048189, -2250231.003964, 2310734.853397}","-",21.38062323,-157.73220904,"2026-08-04T04:33:12.000Z","UAV 3"
"FRT69001","Move to {-5499315.048189, -2250231.003964, 2310734.853397}","-",21.38083060,-157.73220700,"2026-08-04T04:33:12.000Z","UAV 3"
"FRMORT002","FFE-On-Location ""Location={-5499132.853573, -2251193.466895, 2310064.199617}""  Name of Weapons to Fire: Indirect-Fire-Gun:m9333he. Number-Of-Rounds: 1. Height-Above-Terrain: 0","-",21.39124517,-157.73722922,"2026-08-04T04:33:12.000Z","UAV 3"
"FRT69006","Move to {-5499315.048189, -2250231.003964, 2310734.853397}","-",21.38096188,-157.73222439,"2026-08-04T04:33:12.000Z","UAV 3"
"FRT69003","Move to {-5499315.048189, -2250231.003964, 2310734.853397}","-",21.38097332,-157.73240275,"2026-08-04T04:33:12.000Z","UAV 3"
"FRT69005","Move to {-5499315.048189, -2250231.003964, 2310734.853397}","-",21.38100014,-157.73233777,"2026-08-04T04:33:12.000Z","UAV 3"
"FRM113002","Move to {-5499315.048189, -2250231.003964, 2310734.853397}","-",21.38982569,-157.74169886,"2026-08-04T04:33:12.000Z","UAV 3"
"FRLAV008","Move to {-5499315.048189, -2250231.003964, 2310734.853397}","-",21.39000596,-157.74175678,"2026-08-04T04:33:12.000Z","UAV 3"
"FRMORT004","None","-",21.39105358,-157.73697074,"2026-08-04T04:33:12.000Z","UAV 3"
"FRT69004","Move to {-5499315.048189, -2250231.003964, 2310734.853397}","-",21.38065700,-157.73204394,"2026-08-04T04:33:12.000Z","UAV 3"
"FRT69008","Move to {-5499315.048189, -2250231.003964, 2310734.853397}","-",21.38096961,-157.73244663,"2026-08-04T04:33:12.000Z","UAV 3"
"FRT69009","Move to {-5499315.048189, -2250231.003964, 2310734.853397}","-",21.38066035,-157.73234161,"2026-08-04T04:33:12.000Z","UAV 3"
"FRLAV003","Move to {-5499315.048189, -2250231.003964, 2310734.853397}","-",21.38979255,-157.74180726,"2026-08-04T04:33:12.000Z","UAV 3"
"FRMORT003","FFE-On-Location ""Location={-5499460.953457, -2250814.454542, 2309743.262342}""  Name of Weapons to Fire: Indirect-Fire-Gun:m9333he. Number-Of-Rounds: 1. Height-Above-Terrain: 0","-",21.39122072,-157.73728393,"2026-08-04T04:33:12.000Z","UAV 3"
"FRM113005","Move to {-5499315.048189, -2250231.003964, 2310734.853397}","-",21.38979774,-157.74205529,"2026-08-04T04:33:12.000Z","UAV 3"
"FRM113001","Move to {-5499315.048189, -2250231.003964, 2310734.853397}","-",21.38988667,-157.74163464,"2026-08-04T04:33:12.000Z","UAV 3"
"FRM113004","Move to {-5499315.048189, -2250231.003964, 2310734.853397}","-",21.38976158,-157.74194084,"2026-08-04T04:33:12.000Z","UAV 3"
"FRT69010","Move to {-5499315.048189, -2250231.003964, 2310734.853397}","-",21.38075758,-157.73208913,"2026-08-04T04:33:12.000Z","UAV 3"
"FRLAV004","Move to {-5499315.048189, -2250231.003964, 2310734.853397}","-",21.38960746,-157.74166506,"2026-08-04T04:33:12.000Z","UAV 3"
"FRT69002","Move to {-5499315.048189, -2250231.003964, 2310734.853397}","-",21.38062323,-157.73220904,"2026-08-04T04:33:14.000Z","UAV 3"
"FRT69001","Move to {-5499315.048189, -2250231.003964, 2310734.853397}","-",21.38083060,-157.73220700,"2026-08-04T04:33:14.000Z","UAV 3"
"FRMORT002","FFE-On-Location ""Location={-5499132.853573, -2251193.466895, 2310064.199617}""  Name of Weapons to Fire: Indirect-Fire-Gun:m9333he. Number-Of-Rounds: 1. Height-Above-Terrain: 0","-",21.39124517,-157.73722922,"2026-08-04T04:33:14.000Z","UAV 3"
"FRT69006","Move to {-5499315.048189, -2250231.003964, 2310734.853397}","-",21.38096188,-157.73222439,"2026-08-04T04:33:14.000Z","UAV 3"
"FRT69003","Move to {-5499315.048189, -2250231.003964, 2310734.853397}","-",21.38097332,-157.73240275,"2026-08-04T04:33:14.000Z","UAV 3"
"FRT69005","Move to {-5499315.048189, -2250231.003964, 2310734.853397}","-",21.38100014,-157.73233777,"2026-08-04T04:33:14.000Z","UAV 3"
"FRM113002","Move to {-5499315.048189, -2250231.003964, 2310734.853397}","-",21.38982569,-157.74169886,"2026-08-04T04:33:14.000Z","UAV 3"
"FRLAV008","Move to {-5499315.048189, -2250231.003964, 2310734.853397}","-",21.39000596,-157.74175678,"2026-08-04T04:33:14.000Z","UAV 3"
"FRMORT004","None","-",21.39105358,-157.73697074,"2026-08-04T04:33:14.000Z","UAV 3"
"FRT69004","Move to {-5499315.048189, -2250231.003964, 2310734.853397}","-",21.38065700,-157.73204394,"2026-08-04T04:33:14.000Z","UAV 3"
"FRT69008","Move to {-5499315.048189, -2250231.003964, 2310734.853397}","-",21.38096961,-157.73244663,"2026-08-04T04:33:14.000Z","UAV 3"
"FRT69009","Move to {-5499315.048189, -2250231.003964, 2310734.853397}","-",21.38066035,-157.73234161,"2026-08-04T04:33:14.000Z","UAV 3"
"FRLAV003","Move to {-5499315.048189, -2250231.003964, 2310734.853397}","-",21.38979255,-157.74180726,"2026-08-04T04:33:14.000Z","UAV 3"
"FRMORT003","FFE-On-Location ""Location={-5499460.953457, -2250814.454542, 2309743.262342}""  Name of Weapons to Fire: Indirect-Fire-Gun:m9333he. Number-Of-Rounds: 1. Height-Above-Terrain: 0","-",21.39122072,-157.73728393,"2026-08-04T04:33:14.000Z","UAV 3"
"FRM113005","Move to {-5499315.048189, -2250231.003964, 2310734.853397}","-",21.38979774,-157.74205529,"2026-08-04T04:33:14.000Z","UAV 3"
"FRM113001","Move to {-5499315.048189, -2250231.003964, 2310734.853397}","-",21.38988667,-157.74163464,"2026-08-04T04:33:14.000Z","UAV 3"
"FRM113004","Move to {-5499315.048189, -2250231.003964, 2310734.853397}","-",21.38976158,-157.74194084,"2026-08-04T04:33:14.000Z","UAV 3"
"FRT69010","Move to {-5499315.048189, -2250231.003964, 2310734.853397}","-",21.38075758,-157.73208913,"2026-08-04T04:33:14.000Z","UAV 3"
"FRLAV004","Move to {-5499315.048189, -2250231.003964, 2310734.853397}","-",21.38960746,-157.74166506,"2026-08-04T04:33:14.000Z","UAV 3"
