object,event,subject,lat,lon,timestamp,source
"FRM901001","None","-",21.38680798,-157.73443834,"2026-08-03T22:00:01.196Z","UAV 1"
"ENT72007","Move to {-5499107.729384, -2250754.164082, 2310538.606898}","-",21.37171334,-157.74179283,"2026-08-03T22:00:01.196Z","UAV 1"
"ENT72003","Move to {-5499107.729384, -2250754.164082, 2310538.606898}","-",21.37190602,-157.74155897,"2026-08-03T22:00:01.196Z","UAV 1"
"ENT72012","Move to {-5499107.729384, -2250754.164082, 2310538.606898}","-",21.37190849,-157.74165360,"2026-08-03T22:00:01.196Z","UAV 1"
"FRT69007","Move to {-5499315.048189, -2250231.003964, 2310734.853397}","-",21.38073461,-157.73204843,"2026-08-03T22:00:01.196Z","UAV 1"
"ENT72008","Move to {-5499107.729384, -2250754.164082, 2310538.606898}","-",21.37139748,-157.74167880,"2026-08-03T22:00:01.196Z","UAV 1"
"ENT72002","Move to {-5499107.729384, -2250754.164082, 2310538.606898}","-",21.37133020,-157.74157219,"2026-08-03T22:00:01.196Z","UAV 1"
"ENM35004","Move to {-5499460.953457, -2250814.454542, 2309743.262342}","-",21.37323592,-157.73306169,"2026-08-03T22:00:01.196Z","UAV 1"
"ENGAZ001","Move to {-5499460.953457, -2250814.454542, 2309743.262342}","-",21.37340439,-157.73279802,"2026-08-03T22:00:01.196Z","UAV 1"
"ENBTR60006","Move to {-5499107.729384, -2250754.164082, 2310538.606898}","-",21.36901575,-157.74047359,"2026-08-03T22:00:01.196Z","UAV 1"
"FRT69006","Move to {-5499315.048189, -2250231.003964, 2310734.853397}","-",21.38099355,-157.73223170,"2026-08-03T22:00:01.196Z","UAV 1"
"ENCAESAR004","Move to {-5499444.816370, -2250654.663336, 2309957.213850}","-",21.37601276,-157.73451630,"2026-08-03T22:00:01.196Z","UAV 1"
"FRT69003","Move to {-5499315.048189, -2250231.003964, 2310734.853397}","-",21.38100498,-157.73241007,"2026-08-03T22:00:01.196Z","UAV 1"
"FRT69005","Move to {-5499315.048189, -2250231.003964, 2310734.853397}","-",21.38103181,-157.73234508,"2026-08-03T22:00:01.196Z","UAV 1"
"ENT72011","Move to {-5499107.729384, -2250754.164082, 2310538.606898}","-",21.37133334,-157.74162222,"2026-08-03T22:00:01.196Z","UAV 1"
"ENT72004","Move to {-5499107.729384, -2250754.164082, 2310538.606898}","-",21.37158456,-157.74162961,"2026-08-03T22:00:01.196Z","UAV 1"
"ENM35002","Move to {-5499460.953457, -2250814.454542, 2309743.262342}","-",21.37342526,-157.73284139,"2026-08-03T22:00:01.196Z","UAV 1"
"ENGAZ003","Move to {-5499460.953457, -2250814.454542, 2309743.262342}","-",21.37341247,-157.73326747,"2026-08-03T22:00:01.196Z","UAV 1"
"ENM35001","Move to {-5499460.953457, -2250814.454542, 2309743.262342}","-",21.37316569,-157.73312531,"2026-08-03T22:00:01.196Z","UAV 1"
"ENT72010","Move to {-5499107.729384, -2250754.164082, 2310538.606898}","-",21.37158071,-157.74154951,"2026-08-03T22:00:01.196Z","UAV 1"
"ENT72006","Move to {-5499107.729384, -2250754.164082, 2310538.606898}","-",21.37150079,-157.74179877,"2026-08-03T22:00:01.196Z","UAV 1"
"ENCAESAR003","Move to {-5499460.953457, -2250814.454542, 2309743.262342}","-",21.37585208,-157.73459179,"2026-08-03T22:00:01.196Z","UAV 1"
"FRM109003","Move to {-5499516.453323, -2249726.423604, 2310685.859186}","-",21.38680864,-157.73465517,"2026-08-03T22:00:01.196Z","UAV 1"
"FRM109002","Move to {-5499315.048189, -2250231.003964, 2310734.853397}","-",21.38670406,-157.73454745,"2026-08-03T22:00:01.196Z","UAV 1"
"FRT69008","Move to {-5499315.048189, -2250231.003964, 2310734.853397}","-",21.38100128,-157.73245395,"2026-08-03T22:00:01.196Z","UAV 1"
"ENGAZ004","Move to {-5499460.953457, -2250814.454542, 2309743.262342}","-",21.37339583,-157.73319448,"2026-08-03T22:00:01.196Z","UAV 1"
"FRM109001","Move to {-5499516.453323, -2249726.423604, 2310685.859186}","-",21.38650020,-157.73425927,"2026-08-03T22:00:01.196Z","UAV 1"
"FRAHS002","Move to {-5499315.048189, -2250231.003964, 2310734.853397}","-",21.38655078,-157.73465933,"2026-08-03T22:00:01.196Z","UAV 1"
"FRT69010","Move to {-5499315.048189, -2250231.003964, 2310734.853397}","-",21.38078925,-157.73209644,"2026-08-03T22:00:01.196Z","UAV 1"
"FRM109004","Move to {-5499315.048189, -2250231.003964, 2310734.853397}","-",21.38683655,-157.73430863,"2026-08-03T22:00:01.196Z","UAV 1"
"ENM35003","Move to {-5499460.953457, -2250814.454542, 2309743.262342}","-",21.37357706,-157.73315885,"2026-08-03T22:00:01.196Z","UAV 1"
"ENBTR60005","Move to {-5499107.729384, -2250754.164082, 2310538.606898}","-",21.36901781,-157.74069579,"2026-08-03T22:00:01.196Z","UAV 1"
"ENT72005","Move to {-5499107.729384, -2250754.164082, 2310538.606898}","-",21.37134948,-157.74188101,"2026-08-03T22:00:01.196Z","UAV 1"
"ENT72001","Move to {-5499107.729384, -2250754.164082, 2310538.606898}","-",21.37149053,-157.74170555,"2026-08-03T22:00:01.196Z","UAV 1"
"ENT72009","Move to {-5499107.729384, -2250754.164082, 2310538.606898}","-",21.37116392,-157.74169832,"2026-08-03T22:00:01.196Z","UAV 1"
"ENBTR60007","Move to {-5499107.729384, -2250754.164082, 2310538.606898}","-",21.36889276,-157.74045808,"2026-08-03T22:00:01.196Z","UAV 1"
"ENBTR80005","Move to {-5499107.729384, -2250754.164082, 2310538.606898}","-",21.36888336,-157.74057799,"2026-08-03T22:00:01.196Z","UAV 1"
"ENM1A2003","Move to {-5499107.729384, -2250754.164082, 2310538.606898}","-",21.37332137,-157.74325039,"2026-08-03T22:00:00.000Z","UAV 1"
"FRM901001","None","-",21.38680798,-157.73443834,"2026-08-03T22:00:00.000Z","UAV 1"
"ENT72007","Move to {-5499107.729384, -2250754.164082, 2310538.606898}","-",21.37116482,-157.74185204,"2026-08-03T22:00:00.000Z","UAV 1"
"ENT72003","Move to {-5499107.729384, -2250754.164082, 2310538.606898}","-",21.37142892,-157.74159647,"2026-08-03T22:00:00.000Z","UAV 1"
"ENT72012","Move to {-5499107.729384, -2250754.164082, 2310538.606898}","-",21.37135563,-157.74170428,"2026-08-03T22:00:00.000Z","UAV 1"
"ENMORT005","FFE-On-Location ""Location={-5499123.141030, -2250320.406046, 2311025.754248}""  Name of Weapons to Fire: Indirect-Fire-Gun:m9333he. Number-Of-Rounds: 1. Height-Above-Terrain: 0","-",21.37463885,-157.73701809,"2026-08-03T22:00:00.000Z","UAV 1"
"ENM1A2001","Move to {-5499107.729384, -2250754.164082, 2310538.606898}","-",21.37344826,-157.74288997,"2026-08-03T22:00:00.000Z","UAV 1"
"FRT69007","Move to {-5499315.048189, -2250231.003964, 2310734.853397}","-",21.38070294,-157.73204111,"2026-08-03T22:00:00.000Z","UAV 1"
"ENT72008","Move to {-5499107.729384, -2250754.164082, 2310538.606898}","-",21.37134233,-157.74168365,"2026-08-03T22:00:00.000Z","UAV 1"
"FRT69001","Move to {-5499315.048189, -2250231.003964, 2310734.853397}","-",21.38083049,-157.73220700,"2026-08-03T22:00:00.000Z","UAV 1"
"ENT72002","Move to {-5499107.729384, -2250754.164082, 2310538.606898}","-",21.37128608,-157.74157543,"2026-08-03T22:00:00.000Z","UAV 1"
"ENMORT004","FFE-On-Location ""Location={-5498511.672389, -2250935.799735, 2311770.746054}""  Name of Weapons to Fire: Indirect-Fire-Gun:m9333he. Number-Of-Rounds: 1. Height-Above-Terrain: 0","-",21.37449517,-157.73695548,"2026-08-03T22:00:00.000Z","UAV 1"
"ENM35004","Move to {-5499460.953457, -2250814.454542, 2309743.262342}","-",21.37321699,-157.73305944,"2026-08-03T22:00:00.000Z","UAV 1"
"ENGAZ001","Move to {-5499460.953457, -2250814.454542, 2309743.262342}","-",21.37337528,-157.73279257,"2026-08-03T22:00:00.000Z","UAV 1"
"ENBTR60006","Move to {-5499107.729384, -2250754.164082, 2310538.606898}","-",21.36897336,-157.74047149,"2026-08-03T22:00:00.000Z","UAV 1"
"FRT69006","Move to {-5499315.048189, -2250231.003964, 2310734.853397}","-",21.38096188,-157.73222439,"2026-08-03T22:00:00.000Z","UAV 1"
"ENBTR80004","Move to {-5499107.729384, -2250754.164082, 2310538.606898}","-",21.36892854,-157.74027557,"2026-08-03T22:00:00.000Z","UAV 1"
"ENBTR60003","Move to {-5499107.729384, -2250754.164082, 2310538.606898}","-",21.36886321,-157.74068485,"2026-08-03T22:00:00.000Z","UAV 1"
"ENM1A2002","Move to {-5499107.729384, -2250754.164082, 2310538.606898}","-",21.37356068,-157.74317200,"2026-08-03T22:00:00.000Z","UAV 1"
"ENCAESAR004","Move to {-5499444.816370, -2250654.663336, 2309957.213850}","-",21.37601276,-157.73451630,"2026-08-03T22:00:00.000Z","UAV 1"
"FRT69003","Move to {-5499315.048189, -2250231.003964, 2310734.853397}","-",21.38097332,-157.73240275,"2026-08-03T22:00:00.000Z","UAV 1"
"FRT69005","Move to {-5499315.048189, -2250231.003964, 2310734.853397}","-",21.38100014,-157.73233777,"2026-08-03T22:00:00.000Z","UAV 1"
"ENT72011","Move to {-5499107.729384, -2250754.164082, 2310538.606898}","-",21.37128822,-157.74162582,"2026-08-03T22:00:00.000Z","UAV 1"
"ENT72004","Move to {-5499107.729384, -2250754.164082, 2310538.606898}","-",21.37154521,-157.74163288,"2026-08-03T22:00:00.000Z","UAV 1"
"ENM35002","Move to {-5499460.953457, -2250814.454542, 2309743.262342}","-",21.37340544,-157.73283903,"2026-08-03T22:00:00.000Z","UAV 1"
"ENGAZ003","Move to {-5499460.953457, -2250814.454542, 2309743.262342}","-",21.37338431,-157.73326221,"2026-08-03T22:00:00.000Z","UAV 1"
"ENM35001","Move to {-5499460.953457, -2250814.454542, 2309743.262342}","-",21.37314687,-157.73312307,"2026-08-03T22:00:00.000Z","UAV 1"
"ENT72010","Move to {-5499107.729384, -2250754.164082, 2310538.606898}","-",21.37154256,-157.74155229,"2026-08-03T22:00:00.000Z","UAV 1"
"ENT72006","Move to {-5499107.729384, -2250754.164082, 2310538.606898}","-",21.37145835,-157.74180319,"2026-08-03T22:00:00.000Z","UAV 1"
"ENCAESAR003","Move to {-5499460.953457, -2250814.454542, 2309743.262342}","-",21.37585208,-157.73459179,"2026-08-03T22:00:00.000Z","UAV 1"
"ENMORT001","FFE-On-Location ""Location={-5499123.141030, -2250320.406046, 2311025.754248}""  Name of Weapons to Fire: Indirect-Fire-Gun:m9333he. Number-Of-Rounds: 1. Height-Above-Terrain: 0","-",21.37454920,-157.73726779,"2026-08-03T22:00:00.000Z","UAV 1"
"FRM109003","Move to {-5499516.453323, -2249726.423604, 2310685.859186}","-",21.38680864,-157.73465517,"2026-08-03T22:00:00.000Z","UAV 1"
"FRM109002","Move to {-5499315.048189, -2250231.003964, 2310734.853397}","-",21.38670406,-157.73454745,"2026-08-03T22:00:00.000Z","UAV 1"
"FRT69008","Move to {-5499315.048189, -2250231.003964, 2310734.853397}","-",21.38096961,-157.73244663,"2026-08-03T22:00:00.000Z","UAV 1"
"FRT69009","Move to {-5499315.048189, -2250231.003964, 2310734.853397}","-",21.38066035,-157.73234161,"2026-08-03T22:00:00.000Z","UAV 1"
"ENGAZ004","Move to {-5499460.953457, -2250814.454542, 2309743.262342}","-",21.37336764,-157.73318922,"2026-08-03T22:00:00.000Z","UAV 1"
"FRM109001","Move to {-5499516.453323, -2249726.423604, 2310685.859186}","-",21.38650020,-157.73425927,"2026-08-03T22:00:00.000Z","UAV 1"
"ENMORT003","FFE-On-Location ""Location={-5498573.025370, -2251262.832114, 2311309.431241}""  Name of Weapons to Fire: Indirect-Fire-Gun:m9333he. Number-Of-Rounds: 1. Height-Above-Terrain: 0","-",21.37448817,-157.73726715,"2026-08-03T22:00:00.000Z","UAV 1"
"FRAHS002","Move to {-5499315.048189, -2250231.003964, 2310734.853397}","-",21.38655078,-157.73465933,"2026-08-03T22:00:00.000Z","UAV 1"
"FRT69010","Move to {-5499315.048189, -2250231.003964, 2310734.853397}","-",21.38075758,-157.73208913,"2026-08-03T22:00:00.000Z","UAV 1"
"FRM109004","Move to {-5499315.048189, -2250231.003964, 2310734.853397}","-",21.38683655,-157.73430863,"2026-08-03T22:00:00.000Z","UAV 1"
"ENM1A2004","Move to {-5499107.729384, -2250754.164082, 2310538.606898}","-",21.37346980,-157.74313700,"2026-08-03T22:00:00.000Z","UAV 1"
"ENM35003","Move to {-5499460.953457, -2250814.454542, 2309743.262342}","-",21.37355752,-157.73315653,"2026-08-03T22:00:00.000Z","UAV 1"
"ENBTR60005","Move to {-5499107.729384, -2250754.164082, 2310538.606898}","-",21.36897693,-157.74069464,"2026-08-03T22:00:00.000Z","UAV 1"
"ENM1A2003","Move to {-5499107.729384, -2250754.164082, 2310538.606898}","-",21.37332137,-157.74325039,"2026-08-03T22:00:00.000Z","UAV 1"
"FRM901001","None","-",21.38680798,-157.73443834,"2026-08-03T22:00:00.000Z","UAV 1"
"ENT72007","Move to {-5499107.729384, -2250754.164082, 2310538.606898}","-",21.37116482,-157.74185204,"2026-08-03T22:00:00.000Z","UAV 1"
"ENT72003","Move to {-5499107.729384, -2250754.164082, 2310538.606898}","-",21.37142892,-157.74159647,"2026-08-03T22:00:00.000Z","UAV 1"
"ENT72012","Move to {-5499107.729384, -2250754.164082, 2310538.606898}","-",21.37135563,-157.74170428,"2026-08-03T22:00:00.000Z","UAV 1"
"ENMORT005","FFE-On-Location ""Location={-5499123.141030, -2250320.406046, 2311025.754248}""  Name of Weapons to Fire: Indirect-Fire-Gun:m9333he. Number-Of-Rounds: 1. Height-Above-Terrain: 0","-",21.37463885,-157.73701809,"2026-08-03T22:00:00.000Z","UAV 1"
"ENM1A2001","Move to {-5499107.729384, -2250754.164082, 2310538.606898}","-",21.37344826,-157.74288997,"2026-08-03T22:00:00.000Z","UAV 1"
"FRT69007","Move to {-5499315.048189, -2250231.003964, 2310734.853397}","-",21.38070294,-157.73204111,"2026-08-03T22:00:00.000Z","UAV 1"
"ENT72008","Move to {-5499107.729384, -2250754.164082, 2310538.606898}","-",21.37134233,-157.74168365,"2026-08-03T22:00:00.000Z","UAV 1"
"FRT69001","Move to {-5499315.048189, -2250231.003964, 2310734.853397}","-",21.38083049,-157.73220700,"2026-08-03T22:00:00.000Z","UAV 1"
"ENT72002","Move to {-5499107.729384, -2250754.164082, 2310538.606898}","-",21.37128608,-157.74157543,"2026-08-03T22:00:00.000Z","UAV 1"
"ENMORT004","FFE-On-Location ""Location={-5498511.672389, -2250935.799735, 2311770.746054}""  Name of Weapons to Fire: Indirect-Fire-Gun:m9333he. Number-Of-Rounds: 1. Height-Above-Terrain: 0","-",21.37449517,-157.73695548,"2026-08-03T22:00:00.000Z","UAV 1"
"ENM35004","Move to {-5499460.953457, -2250814.454542, 2309743.262342}","-",21.37321699,-157.73305944,"2026-08-03T22:00:00.000Z","UAV 1"
"ENGAZ001","Move to {-5499460.953457, -2250814.454542, 2309743.262342}","-",21.37337528,-157.73279257,"2026-08-03T22:00:00.000Z","UAV 1"
"ENBTR60006","Move to {-5499107.729384, -2250754.164082, 2310538.606898}","-",21.36897336,-157.74047149,"2026-08-03T22:00:00.000Z","UAV 1"
"FRT69006","Move to {-5499315.048189, -2250231.003964, 2310734.853397}","-",21.38096188,-157.73222439,"2026-08-03T22:00:00.000Z","UAV 1"
"ENBTR80004","Move to {-5499107.729384, -2250754.164082, 2310538.606898}","-",21.36892854,-157.74027557,"2026-08-03T22:00:00.000Z","UAV 1"
"ENBTR60003","Move to {-5499107.729384, -2250754.164082, 2310538.606898}","-",21.36886321,-157.74068485,"2026-08-03T22:00:00.000Z","UAV 1"
"ENM1A2002","Move to {-5499107.729384, -2250754.164082, 2310538.606898}","-",21.37356068,-157.74317200,"2026-08-03T22:00:00.000Z","UAV 1"
"ENCAESAR004","Move to {-5499444.816370, -2250654.663336, 2309957.213850}","-",21.37601276,-157.73451630,"2026-08-03T22:00:00.000Z","UAV 1"
"FRT69003","Move to {-5499315.048189, -2250231.003964, 2310734.853397}","-",21.38097332,-157.73240275,"2026-08-03T22:00:00.000Z","UAV 1"
"FRT69005","Move to {-5499315.048189, -2250231.003964, 2310734.853397}","-",21.38100014,-157.73233777,"2026-08-03T22:00:00.000Z","UAV 1"
"ENT72011","Move to {-5499107.729384, -2250754.164082, 2310538.606898}","-",21.37128822,-157.74162582,"2026-08-03T22:00:00.000Z","UAV 1"
"ENT72004","Move to {-5499107.729384, -2250754.164082, 2310538.606898}","-",21.37154521,-157.74163288,"2026-08-03T22:00:00.000Z","UAV 1"
"ENM35002","Move to {-5499460.953457, -2250814.454542, 2309743.262342}","-",21.37340544,-157.73283903,"2026-08-03T22:00:00.000Z","UAV 1"
"ENGAZ003","Move to {-5499460.953457, -2250814.454542, 2309743.262342}","-",21.37338431,-157.73326221,"2026-08-03T22:00:00.000Z","UAV 1"
"ENM35001","Move to {-5499460.953457, -2250814.454542, 2309743.262342}","-",21.37314687,-157.73312307,"2026-08-03T22:00:00.000Z","UAV 1"
"ENT72010","Move to {-5499107.729384, -2250754.164082, 2310538.606898}","-",21.37154256,-157.74155229,"2026-08-03T22:00:00.000Z","UAV 1"
"ENT72006","Move to {-5499107.729384, -2250754.164082, 2310538.606898}","-",21.37145835,-157.74180319,"2026-08-03T22:00:00.000Z","UAV 1"
"ENCAESAR003","Move to {-5499460.953457, -2250814.454542, 2309743.262342}","-",21.37585208,-157.73459179,"2026-08-03T22:00:00.000Z","UAV 1"
"ENMORT001","FFE-On-Location ""Location={-5499123.141030, -2250320.406046, 2311025.754248}""  Name of Weapons to Fire: Indirect-Fire-Gun:m9333he. Number-Of-Rounds: 1. Height-Above-Terrain: 0","-",21.37454920,-157.73726779,"2026-08-03T22:00:00.000Z","UAV 1"
"FRM109003","Move to {-5499516.453323, -2249726.423604, 2310685.859186}","-",21.38680864,-157.73465517,"2026-08-03T22:00:00.000Z","UAV 1"
"FRM109002","Move to {-5499315.048189, -2250231.003964, 2310734.853397}","-",21.38670406,-157.73454745,"2026-08-03T22:00:00.000Z","UAV 1"
"FRT69008","Move to {-5499315.048189, -2250231.003964, 2310734.853397}","-",21.38096961,-157.73244663,"2026-08-03T22:00:00.000Z","UAV 1"
"FRT69009","Move to {-5499315.048189, -2250231.003964, 2310734.853397}","-",21.38066035,-157.73234161,"2026-08-03T22:00:00.000Z","UAV 1"
"ENGAZ004","Move to {-5499460.953457, -2250814.454542, 2309743.262342}","-",21.37336764,-157.73318922,"2026-08-03T22:00:00.000Z","UAV 1"
"FRM109001","Move to {-5499516.453323, -2249726.423604, 2310685.859186}","-",21.38650020,-157.73425927,"2026-08-03T22:00:00.000Z","UAV 1"
"ENMORT003","FFE-On-Location ""Location={-5498573.025370, -2251262.832114, 2311309.431241}""  Name of Weapons to Fire: Indirect-Fire-Gun:m9333he. Number-Of-Rounds: 1. Height-Above-Terrain: 0","-",21.37448817,-157.73726715,"2026-08-03T22:00:00.000Z","UAV 1"
"FRAHS002","Move to {-5499315.048189, -2250231.003964, 2310734.853397}","-",21.38655078,-157.73465933,"2026-08-03T22:00:00.000Z","UAV 1"
"FRT69010","Move to {-5499315.048189, -2250231.003964, 2310734.853397}","-",21.38075758,-157.73208913,"2026-08-03T22:00:00.000Z","UAV 1"
"FRM109004","Move to {-5499315.048189, -2250231.003964, 2310734.853397}","-",21.38683655,-157.73430863,"2026-08-03T22:00:00.000Z","UAV 1"
"ENM1A2004","Move to {-5499107.729384, -2250754.164082, 2310538.606898}","-",21.37346980,-157.74313700,"2026-08-03T22:00:00.000Z","UAV 1"
"ENM35003","Move to {-5499460.953457, -2250814.454542, 2309743.262342}","-",21.37355752,-157.73315653,"2026-08-03T22:00:00.000Z","UAV 1"
"ENBTR60005","Move to {-5499107.729384, -2250754.164082, 2310538.606898}","-",21.36897693,-157.74069464,"2026-08-03T22:00:00.000Z","UAV 1"
"FRTRK2004","Move to {-5498755.048693, -2250824.434840, 2311307.787782}","-",21.38827998,-157.75026066,"2026-08-03T22:00:04.075Z","UAV 1"
"FRTRK1003","Move to {-5498755.048693, -2250824.434840, 2311307.787782}","-",21.38831532,-157.75022457,"2026-08-03T22:00:04.075Z","UAV 1"
"FRMORT002","FFE-On-Location ""Location={-5499132.853573, -2251193.466895, 2310064.199617}""  Name of Weapons to Fire: Indirect-Fire-Gun:m9333he. Number-Of-Rounds: 1. Height-Above-Terrain: 0","-",21.39124517,-157.73722922,"2026-08-03T22:00:04.075Z","UAV 1"
"FRTRK1001","Move to {-5498755.048693, -2250824.434840, 2311307.787782}","-",21.38846110,-157.75028411,"2026-08-03T22:00:04.075Z","UAV 1"
"FRMORT001","FFE-On-Location ""Location={-5498976.908217, -2251427.979631, 2310206.739358}""  Name of Weapons to Fire: Indirect-Fire-Gun:m9333he. Number-Of-Rounds: 1. Height-Above-Terrain: 0","-",21.39116652,-157.73700854,"2026-08-03T22:00:04.075Z","UAV 1"
"FRLAV002","Move to {-5499315.048189, -2250231.003964, 2310734.853397}","-",21.38990986,-157.74175369,"2026-08-03T22:00:04.075Z","UAV 1"
"FRM113007","Move to {-5499315.048189, -2250231.003964, 2310734.853397}","-",21.39007175,-157.74180517,"2026-08-03T22:00:04.075Z","UAV 1"
"FRLAV008","Move to {-5499315.048189, -2250231.003964, 2310734.853397}","-",21.38996375,-157.74175001,"2026-08-03T22:00:04.075Z","UAV 1"
"FRM113006","Move to {-5499315.048189, -2250231.003964, 2310734.853397}","-",21.38990581,-157.74190826,"2026-08-03T22:00:04.075Z","UAV 1"
"FRMORT004","None","-",21.39105358,-157.73697074,"2026-08-03T22:00:04.075Z","UAV 1"
"FRTRK1005","Move to {-5498755.048693, -2250824.434840, 2311307.787782}","-",21.38819893,-157.75009308,"2026-08-03T22:00:04.075Z","UAV 1"
"FRTRK2001","Move to {-5498755.048693, -2250824.434840, 2311307.787782}","-",21.38837247,-157.75033205,"2026-08-03T22:00:04.075Z","UAV 1"
"FRLAV003","Move to {-5499315.048189, -2250231.003964, 2310734.853397}","-",21.38980363,-157.74180043,"2026-08-03T22:00:04.075Z","UAV 1"
"FRTRK2002","Move to {-5498755.048693, -2250824.434840, 2311307.787782}","-",21.38828259,-157.75045349,"2026-08-03T22:00:04.075Z","UAV 1"
"FRM113001","Move to {-5499315.048189, -2250231.003964, 2310734.853397}","-",21.38989700,-157.74163464,"2026-08-03T22:00:04.075Z","UAV 1"
"FRLAV005","Move to {-5499315.048189, -2250231.003964, 2310734.853397}","-",21.38998278,-157.74192952,"2026-08-03T22:00:04.075Z","UAV 1"
"FRTRK1002","Move to {-5498755.048693, -2250824.434840, 2311307.787782}","-",21.38835438,-157.75051501,"2026-08-03T22:00:04.075Z","UAV 1"
"FRLAV007","Move to {-5499315.048189, -2250231.003964, 2310734.853397}","-",21.39004088,-157.74177842,"2026-08-03T22:00:04.075Z","UAV 1"
"FRTRK2003","Move to {-5498755.048693, -2250824.434840, 2311307.787782}","-",21.38811295,-157.75018941,"2026-08-03T22:00:04.075Z","UAV 1"
"FRLAV004","Move to {-5499315.048189, -2250231.003964, 2310734.853397}","-",21.38971144,-157.74168765,"2026-08-03T22:00:04.075Z","UAV 1"
"FRTRK1004","Move to {-5498755.048693, -2250824.434840, 2311307.787782}","-",21.38812561,-157.75023975,"2026-08-03T22:00:04.075Z","UAV 1"
"FRTRK2004","Move to {-5498755.048693, -2250824.434840, 2311307.787782}","-",21.38827998,-157.75026066,"2026-08-03T22:00:04.075Z","UAV 1"
"FRTRK1003","Move to {-5498755.048693, -2250824.434840, 2311307.787782}","-",21.38831532,-157.75022457,"2026-08-03T22:00:04.075Z","UAV 1"
"FRMORT002","FFE-On-Location ""Location={-5499132.853573, -2251193.466895, 2310064.199617}""  Name of Weapons to Fire: Indirect-Fire-Gun:m9333he. Number-Of-Rounds: 1. Height-Above-Terrain: 0","-",21.39124517,-157.73722922,"2026-08-03T22:00:04.075Z","UAV 1"
"FRTRK1001","Move to {-5498755.048693, -2250824.434840, 2311307.787782}","-",21.38846110,-157.75028411,"2026-08-03T22:00:04.075Z","UAV 1"
"FRMORT001","FFE-On-Location ""Location={-5498976.908217, -2251427.979631, 2310206.739358}""  Name of Weapons to Fire: Indirect-Fire-Gun:m9333he. Number-Of-Rounds: 1. Height-Above-Terrain: 0","-",21.39116652,-157.73700854,"2026-08-03T22:00:04.075Z","UAV 1"
"FRLAV002","Move to {-5499315.048189, -2250231.003964, 2310734.853397}","-",21.38990986,-157.74175369,"2026-08-03T22:00:04.075Z","UAV 1"
"FRM113007","Move to {-5499315.048189, -2250231.003964, 2310734.853397}","-",21.39007175,-157.74180517,"2026-08-03T22:00:04.075Z","UAV 1"
"FRLAV008","Move to {-5499315.048189, -2250231.003964, 2310734.853397}","-",21.38996375,-157.74175001,"2026-08-03T22:00:04.075Z","UAV 1"
"FRM113006","Move to {-5499315.048189, -2250231.003964, 2310734.853397}","-",21.38990581,-157.74190826,"2026-08-03T22:00:04.075Z","UAV 1"
"FRMORT004","None","-",21.39105358,-157.73697074,"2026-08-03T22:00:04.075Z","UAV 1"
"FRTRK1005","Move to {-5498755.048693, -2250824.434840, 2311307.787782}","-",21.38819893,-157.75009308,"2026-08-03T22:00:04.075Z","UAV 1"
"FRTRK2001","Move to {-5498755.048693, -2250824.434840, 2311307.787782}","-",21.38837247,-157.75033205,"2026-08-03T22:00:04.075Z","UAV 1"
"FRLAV003","Move to {-5499315.048189, -2250231.003964, 2310734.853397}","-",21.38980363,-157.74180043,"2026-08-03T22:00:04.075Z","UAV 1"
"FRTRK2002","Move to {-5498755.048693, -2250824.434840, 2311307.787782}","-",21.38828259,-157.75045349,"2026-08-03T22:00:04.075Z","UAV 1"
"FRM113001","Move to {-5499315.048189, -2250231.003964, 2310734.853397}","-",21.38989700,-157.74163464,"2026-08-03T22:00:04.075Z","UAV 1"
"FRLAV005","Move to {-5499315.048189, -2250231.003964, 2310734.853397}","-",21.38998278,-157.74192952,"2026-08-03T22:00:04.075Z","UAV 1"
"FRTRK1002","Move to {-5498755.048693, -2250824.434840, 2311307.787782}","-",21.38835438,-157.75051501,"2026-08-03T22:00:04.075Z","UAV 1"
"FRLAV007","Move to {-5499315.048189, -2250231.003964, 2310734.853397}","-",21.39004088,-157.74177842,"2026-08-03T22:00:04.075Z","UAV 1"
"FRTRK2003","Move to {-5498755.048693, -2250824.434840, 2311307.787782}","-",21.38811295,-157.75018941,"2026-08-03T22:00:04.075Z","UAV 1"
"FRLAV004","Move to {-5499315.048189, -2250231.003964, 2310734.853397}","-",21.38971144,-157.74168765,"2026-08-03T22:00:04.075Z","UAV 1"
"FRTRK1004","Move to {-5498755.048693, -2250824.434840, 2311307.787782}","-",21.38812561,-157.75023975,"2026-08-03T22:00:04.075Z","UAV 1"
"FRTRK2004","Move to {-5498755.048693, -2250824.434840, 2311307.787782}","-",21.38827998,-157.75026066,"2026-08-03T22:00:04.075Z","UAV 1"
"FRTRK1003","Move to {-5498755.048693, -2250824.434840, 2311307.787782}","-",21.38831532,-157.75022457,"2026-08-03T22:00:04.075Z","UAV 1"
"FRMORT002","FFE-On-Location ""Location={-5499132.853573, -2251193.466895, 2310064.199617}""  Name of Weapons to Fire: Indirect-Fire-Gun:m9333he. Number-Of-Rounds: 1. Height-Above-Terrain: 0","-",21.39124517,-157.73722922,"2026-08-03T22:00:04.075Z","UAV 1"
"FRTRK1001","Move to {-5498755.048693, -2250824.434840, 2311307.787782}","-",21.38846110,-157.75028411,"2026-08-03T22:00:04.075Z","UAV 1"
"FRMORT001","FFE-On-Location ""Location={-5498976.908217, -2251427.979631, 2310206.739358}""  Name of Weapons to Fire: Indirect-Fire-Gun:m9333he. Number-Of-Rounds: 1. Height-Above-Terrain: 0","-",21.39116652,-157.73700854,"2026-08-03T22:00:04.075Z","UAV 1"
"FRLAV002","Move to {-5499315.048189, -2250231.003964, 2310734.853397}","-",21.38990986,-157.74175369,"2026-08-03T22:00:04.075Z","UAV 1"
"FRM113007","Move to {-5499315.048189, -2250231.003964, 2310734.853397}","-",21.39007175,-157.74180517,"2026-08-03T22:00:04.075Z","UAV 1"
"FRLAV008","Move to {-5499315.048189, -2250231.003964, 2310734.853397}","-",21.38996375,-157.74175001,"2026-08-03T22:00:04.075Z","UAV 1"
"FRM113006","Move to {-5499315.048189, -2250231.003964, 2310734.853397}","-",21.38990581,-157.74190826,"2026-08-03T22:00:04.075Z","UAV 1"
"FRMORT004","None","-",21.39105358,-157.73697074,"2026-08-03T22:00:04.075Z","UAV 1"
"FRTRK1005","Move to {-5498755.048693, -2250824.434840, 2311307.787782}","-",21.38819893,-157.75009308,"2026-08-03T22:00:04.075Z","UAV 1"
"FRTRK2001","Move to {-5498755.048693, -2250824.434840, 2311307.787782}","-",21.38837247,-157.75033205,"2026-08-03T22:00:04.075Z","UAV 1"
"FRLAV003","Move to {-5499315.048189, -2250231.003964, 2310734.853397}","-",21.38980363,-157.74180043,"2026-08-03T22:00:04.075Z","UAV 1"
"FRTRK2002","Move to {-5498755.048693, -2250824.434840, 2311307.787782}","-",21.38828259,-157.75045349,"2026-08-03T22:00:04.075Z","UAV 1"
"FRM113001","Move to {-5499315.048189, -2250231.003964, 2310734.853397}","-",21.38989700,-157.74163464,"2026-08-03T22:00:04.075Z","UAV 1"
"FRLAV005","Move to {-5499315.048189, -2250231.003964, 2310734.853397}","-",21.38998278,-157.74192952,"2026-08-03T22:00:04.075Z","UAV 1"
"FRTRK1002","Move to {-5498755.048693, -2250824.434840, 2311307.787782}","-",21.38835438,-157.75051501,"2026-08-03T22:00:04.075Z","UAV 1"
"FRLAV007","Move to {-5499315.048189, -2250231.003964, 2310734.853397}","-",21.39004088,-157.74177842,"2026-08-03T22:00:04.075Z","UAV 1"
"FRTRK2003","Move to {-5498755.048693, -2250824.434840, 2311307.787782}","-",21.38811295,-157.75018941,"2026-08-03T22:00:04.075Z","UAV 1"
"FRLAV004","Move to {-5499315.048189, -2250231.003964, 2310734.853397}","-",21.38971144,-157.74168765,"2026-08-03T22:00:04.075Z","UAV 1"
"FRTRK1004","Move to {-5498755.048693, -2250824.434840, 2311307.787782}","-",21.38812561,-157.75023975,"2026-08-03T22:00:04.075Z","UAV 1"
"ENM1A2003","Move to {-5499107.729384, -2250754.164082, 2310538.606898}","-",21.37332152,-157.74325039,"2026-08-03T22:00:00.000Z","UAV 1"
"FRM901001","None","-",21.38680798,-157.73443834,"2026-08-03T22:00:00.000Z","UAV 1"
"ENT72007","Move to {-5499107.729384, -2250754.164082, 2310538.606898}","-",21.37116494,-157.74185204,"2026-08-03T22:00:00.000Z","UAV 1"
"ENT72003","Move to {-5499107.729384, -2250754.164082, 2310538.606898}","-",21.37142905,-157.74159647,"2026-08-03T22:00:00.000Z","UAV 1"
"ENT72012","Move to {-5499107.729384, -2250754.164082, 2310538.606898}","-",21.37135575,-157.74170428,"2026-08-03T22:00:00.000Z","UAV 1"
"ENMORT005","FFE-On-Location ""Location={-5499123.141030, -2250320.406046, 2311025.754248}""  Name of Weapons to Fire: Indirect-Fire-Gun:m9333he. Number-Of-Rounds: 1. Height-Above-Terrain: 0","-",21.37463885,-157.73701809,"2026-08-03T22:00:00.000Z","UAV 1"
"ENM1A2001","Move to {-5499107.729384, -2250754.164082, 2310538.606898}","-",21.37344826,-157.74288997,"2026-08-03T22:00:00.000Z","UAV 1"
"FRT69007","Move to {-5499315.048189, -2250231.003964, 2310734.853397}","-",21.38070294,-157.73204111,"2026-08-03T22:00:00.000Z","UAV 1"
"ENT72008","Move to {-5499107.729384, -2250754.164082, 2310538.606898}","-",21.37134233,-157.74168365,"2026-08-03T22:00:00.000Z","UAV 1"
"FRT69001","Move to {-5499315.048189, -2250231.003964, 2310734.853397}","-",21.38083049,-157.73220700,"2026-08-03T22:00:00.000Z","UAV 1"
"ENT72002","Move to {-5499107.729384, -2250754.164082, 2310538.606898}","-",21.37128608,-157.74157543,"2026-08-03T22:00:00.000Z","UAV 1"
"ENMORT004","FFE-On-Location ""Location={-5498511.672389, -2250935.799735, 2311770.746054}""  Name of Weapons to Fire: Indirect-Fire-Gun:m9333he. Number-Of-Rounds: 1. Height-Above-Terrain: 0","-",21.37449517,-157.73695548,"2026-08-03T22:00:00.000Z","UAV 1"
"ENM35004","Move to {-5499460.953457, -2250814.454542, 2309743.262342}","-",21.37321699,-157.73305944,"2026-08-03T22:00:00.000Z","UAV 1"
"ENGAZ001","Move to {-5499460.953457, -2250814.454542, 2309743.262342}","-",21.37337528,-157.73279257,"2026-08-03T22:00:00.000Z","UAV 1"
"ENBTR60006","Move to {-5499107.729384, -2250754.164082, 2310538.606898}","-",21.36897336,-157.74047149,"2026-08-03T22:00:00.000Z","UAV 1"
"FRT69006","Move to {-5499315.048189, -2250231.003964, 2310734.853397}","-",21.38096188,-157.73222439,"2026-08-03T22:00:00.000Z","UAV 1"
"ENBTR80004","Move to {-5499107.729384, -2250754.164082, 2310538.606898}","-",21.36892854,-157.74027557,"2026-08-03T22:00:00.000Z","UAV 1"
"ENBTR60003","Move to {-5499107.729384, -2250754.164082, 2310538.606898}","-",21.36886321,-157.74068485,"2026-08-03T22:00:00.000Z","UAV 1"
"ENM1A2002","Move to {-5499107.729384, -2250754.164082, 2310538.606898}","-",21.37356068,-157.74317200,"2026-08-03T22:00:00.000Z","UAV 1"
"ENCAESAR004","Move to {-5499444.816370, -2250654.663336, 2309957.213850}","-",21.37601276,-157.73451630,"2026-08-03T22:00:00.000Z","UAV 1"
"FRT69003","Move to {-5499315.048189, -2250231.003964, 2310734.853397}","-",21.38097332,-157.73240275,"2026-08-03T22:00:00.000Z","UAV 1"
"FRT69005","Move to {-5499315.048189, -2250231.003964, 2310734.853397}","-",21.38100014,-157.73233777,"2026-08-03T22:00:00.000Z","UAV 1"
"ENT72011","Move to {-5499107.729384, -2250754.164082, 2310538.606898}","-",21.37128822,-157.74162582,"2026-08-03T22:00:00.000Z","UAV 1"
"ENT72004","Move to {-5499107.729384, -2250754.164082, 2310538.606898}","-",21.37154521,-157.74163288,"2026-08-03T22:00:00.000Z","UAV 1"
"ENM35002","Move to {-5499460.953457, -2250814.454542, 2309743.262342}","-",21.37340544,-157.73283903,"2026-08-03T22:00:00.000Z","UAV 1"
"ENGAZ003","Move to {-5499460.953457, -2250814.454542, 2309743.262342}","-",21.37338431,-157.73326221,"2026-08-03T22:00:00.000Z","UAV 1"
"ENM35001","Move to {-5499460.953457, -2250814.454542, 2309743.262342}","-",21.37314687,-157.73312307,"2026-08-03T22:00:00.000Z","UAV 1"
"ENT72010","Move to {-5499107.729384, -2250754.164082, 2310538.606898}","-",21.37154256,-157.74155229,"2026-08-03T22:00:00.000Z","UAV 1"
"ENT72006","Move to {-5499107.729384, -2250754.164082, 2310538.606898}","-",21.37145835,-157.74180319,"2026-08-03T22:00:00.000Z","UAV 1"
"ENCAESAR003","Move to {-5499460.953457, -2250814.454542, 2309743.262342}","-",21.37585208,-157.73459179,"2026-08-03T22:00:00.000Z","UAV 1"
"ENMORT001","FFE-On-Location ""Location={-5499123.141030, -2250320.406046, 2311025.754248}""  Name of Weapons to Fire: Indirect-Fire-Gun:m9333he. Number-Of-Rounds: 1. Height-Above-Terrain: 0","-",21.37454920,-157.73726779,"2026-08-03T22:00:00.000Z","UAV 1"
"FRM109003","Move to {-5499516.453323, -2249726.423604, 2310685.859186}","-",21.38680864,-157.73465517,"2026-08-03T22:00:00.000Z","UAV 1"
"FRM109002","Move to {-5499315.048189, -2250231.003964, 2310734.853397}","-",21.38670406,-157.73454745,"2026-08-03T22:00:00.000Z","UAV 1"
"FRT69008","Move to {-5499315.048189, -2250231.003964, 2310734.853397}","-",21.38096961,-157.73244663,"2026-08-03T22:00:00.000Z","UAV 1"
"FRT69009","Move to {-5499315.048189, -2250231.003964, 2310734.853397}","-",21.38066035,-157.73234161,"2026-08-03T22:00:00.000Z","UAV 1"
"ENGAZ004","Move to {-5499460.953457, -2250814.454542, 2309743.262342}","-",21.37336764,-157.73318922,"2026-08-03T22:00:00.000Z","UAV 1"
"FRM109001","Move to {-5499516.453323, -2249726.423604, 2310685.859186}","-",21.38650020,-157.73425927,"2026-08-03T22:00:00.000Z","UAV 1"
"ENMORT003","FFE-On-Location ""Location={-5498573.025370, -2251262.832114, 2311309.431241}""  Name of Weapons to Fire: Indirect-Fire-Gun:m9333he. Number-Of-Rounds: 1. Height-Above-Terrain: 0","-",21.37448817,-157.73726715,"2026-08-03T22:00:00.000Z","UAV 1"
"FRAHS002","Move to {-5499315.048189, -2250231.003964, 2310734.853397}","-",21.38655078,-157.73465933,"2026-08-03T22:00:00.000Z","UAV 1"
"FRT69010","Move to {-5499315.048189, -2250231.003964, 2310734.853397}","-",21.38075758,-157.73208913,"2026-08-03T22:00:00.000Z","UAV 1"
"FRM109004","Move to {-5499315.048189, -2250231.003964, 2310734.853397}","-",21.38683655,-157.73430863,"2026-08-03T22:00:00.000Z","UAV 1"
"ENM1A2004","Move to {-5499107.729384, -2250754.164082, 2310538.606898}","-",21.37346980,-157.74313700,"2026-08-03T22:00:00.000Z","UAV 1"
"ENM35003","Move to {-5499460.953457, -2250814.454542, 2309743.262342}","-",21.37355752,-157.73315653,"2026-08-03T22:00:00.000Z","UAV 1"
"ENBTR60005","Move to {-5499107.729384, -2250754.164082, 2310538.606898}","-",21.36897693,-157.74069464,"2026-08-03T22:00:00.000Z","UAV 1"
"FRTRK2004","Move to {-5498755.048693, -2250824.434840, 2311307.787782}","-",21.38828440,-157.75026838,"2026-08-03T22:00:04.032Z","UAV 1"
"FRTRK1003","Move to {-5498755.048693, -2250824.434840, 2311307.787782}","-",21.38831970,-157.75023091,"2026-08-03T22:00:04.032Z","UAV 1"
"FRMORT002","FFE-On-Location ""Location={-5499132.853573, -2251193.466895, 2310064.199617}""  Name of Weapons to Fire: Indirect-Fire-Gun:m9333he. Number-Of-Rounds: 1. Height-Above-Terrain: 0","-",21.39124517,-157.73722922,"2026-08-03T22:00:04.032Z","UAV 1"
"FRTRK1001","Move to {-5498755.048693, -2250824.434840, 2311307.787782}","-",21.38846466,-157.75029029,"2026-08-03T22:00:04.032Z","UAV 1"
"FRMORT001","FFE-On-Location ""Location={-5498976.908217, -2251427.979631, 2310206.739358}""  Name of Weapons to Fire: Indirect-Fire-Gun:m9333he. Number-Of-Rounds: 1. Height-Above-Terrain: 0","-",21.39116652,-157.73700854,"2026-08-03T22:00:04.032Z","UAV 1"
"FRLAV002","Move to {-5499315.048189, -2250231.003964, 2310734.853397}","-",21.38990971,-157.74175379,"2026-08-03T22:00:04.032Z","UAV 1"
"FRM113007","Move to {-5499315.048189, -2250231.003964, 2310734.853397}","-",21.39007156,-157.74180517,"2026-08-03T22:00:04.032Z","UAV 1"
"FRLAV008","Move to {-5499315.048189, -2250231.003964, 2310734.853397}","-",21.38996359,-157.74175011,"2026-08-03T22:00:04.032Z","UAV 1"
"FRM113006","Move to {-5499315.048189, -2250231.003964, 2310734.853397}","-",21.38990562,-157.74190826,"2026-08-03T22:00:04.032Z","UAV 1"
"FRMORT004","None","-",21.39105358,-157.73697074,"2026-08-03T22:00:04.032Z","UAV 1"
"FRTRK1005","Move to {-5498755.048693, -2250824.434840, 2311307.787782}","-",21.38820084,-157.75009814,"2026-08-03T22:00:04.032Z","UAV 1"
"FRTRK2001","Move to {-5498755.048693, -2250824.434840, 2311307.787782}","-",21.38837599,-157.75033877,"2026-08-03T22:00:04.032Z","UAV 1"
"FRLAV003","Move to {-5499315.048189, -2250231.003964, 2310734.853397}","-",21.38980348,-157.74180052,"2026-08-03T22:00:04.032Z","UAV 1"
"FRTRK2002","Move to {-5498755.048693, -2250824.434840, 2311307.787782}","-",21.38828456,-157.75046368,"2026-08-03T22:00:04.032Z","UAV 1"
"FRM113001","Move to {-5499315.048189, -2250231.003964, 2310734.853397}","-",21.38989682,-157.74163464,"2026-08-03T22:00:04.032Z","UAV 1"
"FRLAV005","Move to {-5499315.048189, -2250231.003964, 2310734.853397}","-",21.38998261,-157.74192962,"2026-08-03T22:00:04.032Z","UAV 1"
"FRTRK1002","Move to {-5498755.048693, -2250824.434840, 2311307.787782}","-",21.38835642,-157.75052555,"2026-08-03T22:00:04.032Z","UAV 1"
"FRLAV007","Move to {-5499315.048189, -2250231.003964, 2310734.853397}","-",21.39003956,-157.74177757,"2026-08-03T22:00:04.032Z","UAV 1"
"FRTRK2003","Move to {-5498755.048693, -2250824.434840, 2311307.787782}","-",21.38811755,-157.75019657,"2026-08-03T22:00:04.032Z","UAV 1"
"FRLAV004","Move to {-5499315.048189, -2250231.003964, 2310734.853397}","-",21.38971121,-157.74168779,"2026-08-03T22:00:04.032Z","UAV 1"
"FRTRK1004","Move to {-5498755.048693, -2250824.434840, 2311307.787782}","-",21.38812969,-157.75024690,"2026-08-03T22:00:04.032Z","UAV 1"
"FRTRK2004","Move to {-5498755.048693, -2250824.434840, 2311307.787782}","-",21.38828440,-157.75026838,"2026-08-03T22:00:04.032Z","UAV 1"
"FRTRK1003","Move to {-5498755.048693, -2250824.434840, 2311307.787782}","-",21.38831970,-157.75023091,"2026-08-03T22:00:04.032Z","UAV 1"
"FRMORT002","FFE-On-Location ""Location={-5499132.853573, -2251193.466895, 2310064.199617}""  Name of Weapons to Fire: Indirect-Fire-Gun:m9333he. Number-Of-Rounds: 1. Height-Above-Terrain: 0","-",21.39124517,-157.73722922,"2026-08-03T22:00:04.032Z","UAV 1"
"FRTRK1001","Move to {-5498755.048693, -2250824.434840, 2311307.787782}","-",21.38846466,-157.75029029,"2026-08-03T22:00:04.032Z","UAV 1"
"FRMORT001","FFE-On-Location ""Location={-5498976.908217, -2251427.979631, 2310206.739358}""  Name of Weapons to Fire: Indirect-Fire-Gun:m9333he. Number-Of-Rounds: 1. Height-Above-Terrain: 0","-",21.39116652,-157.73700854,"2026-08-03T22:00:04.032Z","UAV 1"
"FRLAV002","Move to {-5499315.048189, -2250231.003964, 2310734.853397}","-",21.38990971,-157.74175379,"2026-08-03T22:00:04.032Z","UAV 1"
"FRM113007","Move to {-5499315.048189, -2250231.003964, 2310734.853397}","-",21.39007156,-157.74180517,"2026-08-03T22:00:04.032Z","UAV 1"
"FRLAV008","Move to {-5499315.048189, -2250231.003964, 2310734.853397}","-",21.38996359,-157.74175011,"2026-08-03T22:00:04.032Z","UAV 1"
"FRM113006","Move to {-5499315.048189, -2250231.003964, 2310734.853397}","-",21.38990562,-157.74190826,"2026-08-03T22:00:04.032Z","UAV 1"
"FRMORT004","None","-",21.39105358,-157.73697074,"2026-08-03T22:00:04.032Z","UAV 1"
"FRTRK1005","Move to {-5498755.048693, -2250824.434840, 2311307.787782}","-",21.38820084,-157.75009814,"2026-08-03T22:00:04.032Z","UAV 1"
"FRTRK2001","Move to {-5498755.048693, -2250824.434840, 2311307.787782}","-",21.38837599,-157.75033877,"2026-08-03T22:00:04.032Z","UAV 1"
"FRLAV003","Move to {-5499315.048189, -2250231.003964, 2310734.853397}","-",21.38980348,-157.74180052,"2026-08-03T22:00:04.032Z","UAV 1"
"FRTRK2002","Move to {-5498755.048693, -2250824.434840, 2311307.787782}","-",21.38828456,-157.75046368,"2026-08-03T22:00:04.032Z","UAV 1"
"FRM113001","Move to {-5499315.048189, -2250231.003964, 2310734.853397}","-",21.38989682,-157.74163464,"2026-08-03T22:00:04.032Z","UAV 1"
"FRLAV005","Move to {-5499315.048189, -2250231.003964, 2310734.853397}","-",21.38998261,-157.74192962,"2026-08-03T22:00:04.032Z","UAV 1"
"FRTRK1002","Move to {-5498755.048693, -2250824.434840, 2311307.787782}","-",21.38835642,-157.75052555,"2026-08-03T22:00:04.032Z","UAV 1"
"FRLAV007","Move to {-5499315.048189, -2250231.003964, 2310734.853397}","-",21.39003956,-157.74177757,"2026-08-03T22:00:04.032Z","UAV 1"
"FRTRK2003","Move to {-5498755.048693, -2250824.434840, 2311307.787782}","-",21.38811755,-157.75019657,"2026-08-03T22:00:04.032Z","UAV 1"
"FRLAV004","Move to {-5499315.048189, -2250231.003964, 2310734.853397}","-",21.38971121,-157.74168779,"2026-08-03T22:00:04.032Z","UAV 1"
"FRTRK1004","Move to {-5498755.048693, -2250824.434840, 2311307.787782}","-",21.38812969,-157.75024690,"2026-08-03T22:00:04.032Z","UAV 1"
"FRTRK2004","Move to {-5498755.048693, -2250824.434840, 2311307.787782}","-",21.38828440,-157.75026838,"2026-08-03T22:00:04.032Z","UAV 1"
"FRTRK1003","Move to {-5498755.048693, -2250824.434840, 2311307.787782}","-",21.38831970,-157.75023091,"2026-08-03T22:00:04.032Z","UAV 1"
"FRMORT002","FFE-On-Location ""Location={-5499132.853573, -2251193.466895, 2310064.199617}""  Name of Weapons to Fire: Indirect-Fire-Gun:m9333he. Number-Of-Rounds: 1. Height-Above-Terrain: 0","-",21.39124517,-157.73722922,"2026-08-03T22:00:04.032Z","UAV 1"
"FRTRK1001","Move to {-5498755.048693, -2250824.434840, 2311307.787782}","-",21.38846466,-157.75029029,"2026-08-03T22:00:04.032Z","UAV 1"
"FRMORT001","FFE-On-Location ""Location={-5498976.908217, -2251427.979631, 2310206.739358}""  Name of Weapons to Fire: Indirect-Fire-Gun:m9333he. Number-Of-Rounds: 1. Height-Above-Terrain: 0","-",21.39116652,-157.73700854,"2026-08-03T22:00:04.032Z","UAV 1"
"FRLAV002","Move to {-5499315.048189, -2250231.003964, 2310734.853397}","-",21.38990971,-157.74175379,"2026-08-03T22:00:04.032Z","UAV 1"
"FRM113007","Move to {-5499315.048189, -2250231.003964, 2310734.853397}","-",21.39007156,-157.74180517,"2026-08-03T22:00:04.032Z","UAV 1"
"FRLAV008","Move to {-5499315.048189, -2250231.003964, 2310734.853397}","-",21.38996359,-157.74175011,"2026-08-03T22:00:04.032Z","UAV 1"
"FRM113006","Move to {-5499315.048189, -2250231.003964, 2310734.853397}","-",21.38990562,-157.74190826,"2026-08-03T22:00:04.032Z","UAV 1"
"FRMORT004","None","-",21.39105358,-157.73697074,"2026-08-03T22:00:04.032Z","UAV 1"
"FRTRK1005","Move to {-5498755.048693, -2250824.434840, 2311307.787782}","-",21.38820084,-157.75009814,"2026-08-03T22:00:04.032Z","UAV 1"
"FRTRK2001","Move to {-5498755.048693, -2250824.434840, 2311307.787782}","-",21.38837599,-157.75033877,"2026-08-03T22:00:04.032Z","UAV 1"
"FRLAV003","Move to {-5499315.048189, -2250231.003964, 2310734.853397}","-",21.38980348,-157.74180052,"2026-08-03T22:00:04.032Z","UAV 1"
"FRTRK2002","Move to {-5498755.048693, -2250824.434840, 2311307.787782}","-",21.38828456,-157.75046368,"2026-08-03T22:00:04.032Z","UAV 1"
"FRM113001","Move to {-5499315.048189, -2250231.003964, 2310734.853397}","-",21.38989682,-157.74163464,"2026-08-03T22:00:04.032Z","UAV 1"
"FRLAV005","Move to {-5499315.048189, -2250231.003964, 2310734.853397}","-",21.38998261,-157.74192962,"2026-08-03T22:00:04.032Z","UAV 1"
"FRTRK1002","Move to {-5498755.048693, -2250824.434840, 2311307.787782}","-",21.38835642,-157.75052555,"2026-08-03T22:00:04.032Z","UAV 1"
"FRLAV007","Move to {-5499315.048189, -2250231.003964, 2310734.853397}","-",21.39003956,-157.74177757,"2026-08-03T22:00:04.032Z","UAV 1"
"FRTRK2003","Move to {-5498755.048693, -2250824.434840, 2311307.787782}","-",21.38811755,-157.75019657,"2026-08-03T22:00:04.032Z","UAV 1"
"FRLAV004","Move to {-5499315.048189, -2250231.003964, 2310734.853397}","-",21.38971121,-157.74168779,"2026-08-03T22:00:04.032Z","UAV 1"
"FRTRK1004","Move to {-5498755.048693, -2250824.434840, 2311307.787782}","-",21.38812969,-157.75024690,"2026-08-03T22:00:04.032Z","UAV 1"
"ENM1A2003","Move to {-5499107.729384, -2250754.164082, 2310538.606898}","-",21.37332112,-157.74325039,"2026-08-03T22:00:00.000Z","UAV 1"
"ENT72007","Move to {-5499107.729384, -2250754.164082, 2310538.606898}","-",21.37116461,-157.74185204,"2026-08-03T22:00:00.000Z","UAV 1"
"ENT72003","Move to {-5499107.729384, -2250754.164082, 2310538.606898}","-",21.37142872,-157.74159647,"2026-08-03T22:00:00.000Z","UAV 1"
"ENT72012","Move to {-5499107.729384, -2250754.164082, 2310538.606898}","-",21.37135542,-157.74170428,"2026-08-03T22:00:00.000Z","UAV 1"
"ENMORT005","FFE-On-Location ""Location={-5499123.141030, -2250320.406046, 2311025.754248}""  Name of Weapons to Fire: Indirect-Fire-Gun:m9333he. Number-Of-Rounds: 1. Height-Above-Terrain: 0","-",21.37463885,-157.73701809,"2026-08-03T22:00:00.000Z","UAV 1"
"ENM1A2001","Move to {-5499107.729384, -2250754.164082, 2310538.606898}","-",21.37344826,-157.74288997,"2026-08-03T22:00:00.000Z","UAV 1"
"FRT69007","Move to {-5499315.048189, -2250231.003964, 2310734.853397}","-",21.38070294,-157.73204111,"2026-08-03T22:00:00.000Z","UAV 1"
"ENT72008","Move to {-5499107.729384, -2250754.164082, 2310538.606898}","-",21.37134233,-157.74168365,"2026-08-03T22:00:00.000Z","UAV 1"
"FRT69001","Move to {-5499315.048189, -2250231.003964, 2310734.853397}","-",21.38083049,-157.73220700,"2026-08-03T22:00:00.000Z","UAV 1"
"ENT72002","Move to {-5499107.729384, -2250754.164082, 2310538.606898}","-",21.37128608,-157.74157543,"2026-08-03T22:00:00.000Z","UAV 1"
"ENMORT004","FFE-On-Location ""Location={-5498511.672389, -2250935.799735, 2311770.746054}""  Name of Weapons to Fire: Indirect-Fire-Gun:m9333he. Number-Of-Rounds: 1. Height-Above-Terrain: 0","-",21.37449517,-157.73695548,"2026-08-03T22:00:00.000Z","UAV 1"
"ENM35004","Move to {-5499460.953457, -2250814.454542, 2309743.262342}","-",21.37321699,-157.73305944,"2026-08-03T22:00:00.000Z","UAV 1"
"ENGAZ001","Move to {-5499460.953457, -2250814.454542, 2309743.262342}","-",21.37337528,-157.73279257,"2026-08-03T22:00:00.000Z","UAV 1"
"ENBTR60006","Move to {-5499107.729384, -2250754.164082, 2310538.606898}","-",21.36897336,-157.74047149,"2026-08-03T22:00:00.000Z","UAV 1"
"FRT69006","Move to {-5499315.048189, -2250231.003964, 2310734.853397}","-",21.38096188,-157.73222439,"2026-08-03T22:00:00.000Z","UAV 1"
"ENBTR80004","Move to {-5499107.729384, -2250754.164082, 2310538.606898}","-",21.36892854,-157.74027557,"2026-08-03T22:00:00.000Z","UAV 1"
"ENBTR60003","Move to {-5499107.729384, -2250754.164082, 2310538.606898}","-",21.36886321,-157.74068485,"2026-08-03T22:00:00.000Z","UAV 1"
"ENM1A2002","Move to {-5499107.729384, -2250754.164082, 2310538.606898}","-",21.37356068,-157.74317200,"2026-08-03T22:00:00.000Z","UAV 1"
"ENCAESAR004","FFE-On-Location ""Location={-5499123.141030, -2250320.406046, 2311025.754248}""  Name of Weapons to Fire: Indirect-Fire-Gun:M107-155mm. Number-Of-Rounds: 1. Height-Above-Terrain: 0","-",21.36735946,-157.73175490,"2026-08-03T22:00:00.000Z","UAV 1"
"FRT69003","Move to {-5499315.048189, -2250231.003964, 2310734.853397}","-",21.38097332,-157.73240275,"2026-08-03T22:00:00.000Z","UAV 1"
"FRT69005","Move to {-5499315.048189, -2250231.003964, 2310734.853397}","-",21.38100014,-157.73233777,"2026-08-03T22:00:00.000Z","UAV 1"
"ENT72011","Move to {-5499107.729384, -2250754.164082, 2310538.606898}","-",21.37128822,-157.74162582,"2026-08-03T22:00:00.000Z","UAV 1"
"ENT72004","Move to {-5499107.729384, -2250754.164082, 2310538.606898}","-",21.37154521,-157.74163288,"2026-08-03T22:00:00.000Z","UAV 1"
"ENM35002","Move to {-5499460.953457, -2250814.454542, 2309743.262342}","-",21.37340544,-157.73283903,"2026-08-03T22:00:00.000Z","UAV 1"
"ENGAZ003","Move to {-5499460.953457, -2250814.454542, 2309743.262342}","-",21.37338431,-157.73326221,"2026-08-03T22:00:00.000Z","UAV 1"
"ENM35001","Move to {-5499460.953457, -2250814.454542, 2309743.262342}","-",21.37314687,-157.73312307,"2026-08-03T22:00:00.000Z","UAV 1"
"ENT72010","Move to {-5499107.729384, -2250754.164082, 2310538.606898}","-",21.37154256,-157.74155229,"2026-08-03T22:00:00.000Z","UAV 1"
"ENT72006","Move to {-5499107.729384, -2250754.164082, 2310538.606898}","-",21.37145835,-157.74180319,"2026-08-03T22:00:00.000Z","UAV 1"
"ENCAESAR003","FFE-On-Location ""Location={-5498511.672389, -2250935.799735, 2311770.746054}""  Name of Weapons to Fire: Indirect-Fire-Gun:M107-155mm. Number-Of-Rounds: 1. Height-Above-Terrain: 0","-",21.36719878,-157.73183038,"2026-08-03T22:00:00.000Z","UAV 1"
"ENMORT001","FFE-On-Location ""Location={-5499123.141030, -2250320.406046, 2311025.754248}""  Name of Weapons to Fire: Indirect-Fire-Gun:m9333he. Number-Of-Rounds: 1. Height-Above-Terrain: 0","-",21.37454920,-157.73726779,"2026-08-03T22:00:00.000Z","UAV 1"
"FRT69008","Move to {-5499315.048189, -2250231.003964, 2310734.853397}","-",21.38096961,-157.73244663,"2026-08-03T22:00:00.000Z","UAV 1"
"FRT69009","Move to {-5499315.048189, -2250231.003964, 2310734.853397}","-",21.38066035,-157.73234161,"2026-08-03T22:00:00.000Z","UAV 1"
"ENGAZ004","Move to {-5499460.953457, -2250814.454542, 2309743.262342}","-",21.37336764,-157.73318922,"2026-08-03T22:00:00.000Z","UAV 1"
"ENMORT003","FFE-On-Location ""Location={-5498358.113175, -2250865.429793, 2312201.552453}""  Name of Weapons to Fire: Indirect-Fire-Gun:m9333he. Number-Of-Rounds: 1. Height-Above-Terrain: 0","-",21.37448817,-157.73726715,"2026-08-03T22:00:00.000Z","UAV 1"
"FRT69010","Move to {-5499315.048189, -2250231.003964, 2310734.853397}","-",21.38075758,-157.73208913,"2026-08-03T22:00:00.000Z","UAV 1"
"ENM1A2004","Move to {-5499107.729384, -2250754.164082, 2310538.606898}","-",21.37346980,-157.74313700,"2026-08-03T22:00:00.000Z","UAV 1"
"ENM35003","Move to {-5499460.953457, -2250814.454542, 2309743.262342}","-",21.37355752,-157.73315653,"2026-08-03T22:00:00.000Z","UAV 1"
"ENBTR60005","Move to {-5499107.729384, -2250754.164082, 2310538.606898}","-",21.36897693,-157.74069464,"2026-08-03T22:00:00.000Z","UAV 1"
"FRTRK2004","Move to {-5498755.048693, -2250824.434840, 2311307.787782}","-",21.38827702,-157.75026677,"2026-08-03T22:00:04.069Z","UAV 1"
"FRTRK1003","Move to {-5498755.048693, -2250824.434840, 2311307.787782}","-",21.38831429,-157.75022481,"2026-08-03T22:00:04.069Z","UAV 1"
"FRMORT002","FFE-On-Location ""Location={-5499132.853573, -2251193.466895, 2310064.199617}""  Name of Weapons to Fire: Indirect-Fire-Gun:m9333he. Number-Of-Rounds: 1. Height-Above-Terrain: 0","-",21.39124517,-157.73722922,"2026-08-03T22:00:04.069Z","UAV 1"
"FRTRK1001","Move to {-5498755.048693, -2250824.434840, 2311307.787782}","-",21.38845768,-157.75028345,"2026-08-03T22:00:04.069Z","UAV 1"
"FRMORT001","FFE-On-Location ""Location={-5499191.503627, -2251825.311346, 2309314.511859}""  Name of Weapons to Fire: Indirect-Fire-Gun:m9333he. Number-Of-Rounds: 1. Height-Above-Terrain: 0","-",21.39116652,-157.73700854,"2026-08-03T22:00:04.069Z","UAV 1"
"FRLAV002","Move to {-5499315.048189, -2250231.003964, 2310734.853397}","-",21.38990986,-157.74175370,"2026-08-03T22:00:04.069Z","UAV 1"
"FRLAV006","Move to {-5499315.048189, -2250231.003964, 2310734.853397}","-",21.38987125,-157.74207504,"2026-08-03T22:00:04.069Z","UAV 1"
"FRM113007","Move to {-5499315.048189, -2250231.003964, 2310734.853397}","-",21.39009856,-157.74184604,"2026-08-03T22:00:04.069Z","UAV 1"
"FRM113002","Move to {-5499315.048189, -2250231.003964, 2310734.853397}","-",21.38983399,-157.74169886,"2026-08-03T22:00:04.069Z","UAV 1"
"FRLAV008","Move to {-5499315.048189, -2250231.003964, 2310734.853397}","-",21.39001865,-157.74174896,"2026-08-03T22:00:04.069Z","UAV 1"
"FRM113006","Move to {-5499315.048189, -2250231.003964, 2310734.853397}","-",21.38990591,-157.74190826,"2026-08-03T22:00:04.069Z","UAV 1"
"FRMORT004","None","-",21.39105358,-157.73697074,"2026-08-03T22:00:04.069Z","UAV 1"
"FRTRK1005","Move to {-5498755.048693, -2250824.434840, 2311307.787782}","-",21.38819870,-157.75009355,"2026-08-03T22:00:04.069Z","UAV 1"
"FRLAV001","Move to {-5499315.048189, -2250231.003964, 2310734.853397}","-",21.38973777,-157.74171339,"2026-08-03T22:00:04.069Z","UAV 1"
"FRTRK2001","Move to {-5498755.048693, -2250824.434840, 2311307.787782}","-",21.38836968,-157.75033178,"2026-08-03T22:00:04.069Z","UAV 1"
"FRTRK2002","Move to {-5498755.048693, -2250824.434840, 2311307.787782}","-",21.38828063,-157.75045264,"2026-08-03T22:00:04.069Z","UAV 1"
"FRM113001","Move to {-5499315.048189, -2250231.003964, 2310734.853397}","-",21.38989707,-157.74163464,"2026-08-03T22:00:04.069Z","UAV 1"
"FRLAV005","Move to {-5499315.048189, -2250231.003964, 2310734.853397}","-",21.38998278,-157.74192952,"2026-08-03T22:00:04.069Z","UAV 1"
"FRTRK1002","Move to {-5498755.048693, -2250824.434840, 2311307.787782}","-",21.38835290,-157.75051449,"2026-08-03T22:00:04.069Z","UAV 1"
"FRM113004","Move to {-5499315.048189, -2250231.003964, 2310734.853397}","-",21.38979549,-157.74195625,"2026-08-03T22:00:04.069Z","UAV 1"
"FRTRK2003","Move to {-5498755.048693, -2250824.434840, 2311307.787782}","-",21.38811378,-157.75019033,"2026-08-03T22:00:04.069Z","UAV 1"
"FRLAV004","Move to {-5499315.048189, -2250231.003964, 2310734.853397}","-",21.38965737,-157.74154142,"2026-08-03T22:00:04.069Z","UAV 1"
"FRTRK1004","Move to {-5498755.048693, -2250824.434840, 2311307.787782}","-",21.38812494,-157.75024011,"2026-08-03T22:00:04.069Z","UAV 1"
"FRTRK2004","Move to {-5498755.048693, -2250824.434840, 2311307.787782}","-",21.38827702,-157.75026677,"2026-08-03T22:00:04.069Z","UAV 1"
"FRTRK1003","Move to {-5498755.048693, -2250824.434840, 2311307.787782}","-",21.38831429,-157.75022481,"2026-08-03T22:00:04.069Z","UAV 1"
"FRMORT002","FFE-On-Location ""Location={-5499132.853573, -2251193.466895, 2310064.199617}""  Name of Weapons to Fire: Indirect-Fire-Gun:m9333he. Number-Of-Rounds: 1. Height-Above-Terrain: 0","-",21.39124517,-157.73722922,"2026-08-03T22:00:04.069Z","UAV 1"
"FRTRK1001","Move to {-5498755.048693, -2250824.434840, 2311307.787782}","-",21.38845768,-157.75028345,"2026-08-03T22:00:04.069Z","UAV 1"
"FRMORT001","FFE-On-Location ""Location={-5499191.503627, -2251825.311346, 2309314.511859}""  Name of Weapons to Fire: Indirect-Fire-Gun:m9333he. Number-Of-Rounds: 1. Height-Above-Terrain: 0","-",21.39116652,-157.73700854,"2026-08-03T22:00:04.069Z","UAV 1"
"FRLAV002","Move to {-5499315.048189, -2250231.003964, 2310734.853397}","-",21.38990986,-157.74175370,"2026-08-03T22:00:04.069Z","UAV 1"
"FRLAV006","Move to {-5499315.048189, -2250231.003964, 2310734.853397}","-",21.38987125,-157.74207504,"2026-08-03T22:00:04.069Z","UAV 1"
"FRM113007","Move to {-5499315.048189, -2250231.003964, 2310734.853397}","-",21.39009856,-157.74184604,"2026-08-03T22:00:04.069Z","UAV 1"
"FRM113002","Move to {-5499315.048189, -2250231.003964, 2310734.853397}","-",21.38983399,-157.74169886,"2026-08-03T22:00:04.069Z","UAV 1"
"FRLAV008","Move to {-5499315.048189, -2250231.003964, 2310734.853397}","-",21.39001865,-157.74174896,"2026-08-03T22:00:04.069Z","UAV 1"
"FRM113006","Move to {-5499315.048189, -2250231.003964, 2310734.853397}","-",21.38990591,-157.74190826,"2026-08-03T22:00:04.069Z","UAV 1"
"FRMORT004","None","-",21.39105358,-157.73697074,"2026-08-03T22:00:04.069Z","UAV 1"
"FRTRK1005","Move to {-5498755.048693, -2250824.434840, 2311307.787782}","-",21.38819870,-157.75009355,"2026-08-03T22:00:04.069Z","UAV 1"
"FRLAV001","Move to {-5499315.048189, -2250231.003964, 2310734.853397}","-",21.38973777,-157.74171339,"2026-08-03T22:00:04.069Z","UAV 1"
"FRTRK2001","Move to {-5498755.048693, -2250824.434840, 2311307.787782}","-",21.38836968,-157.75033178,"2026-08-03T22:00:04.069Z","UAV 1"
"FRTRK2002","Move to {-5498755.048693, -2250824.434840, 2311307.787782}","-",21.38828063,-157.75045264,"2026-08-03T22:00:04.069Z","UAV 1"
"FRM113001","Move to {-5499315.048189, -2250231.003964, 2310734.853397}","-",21.38989707,-157.74163464,"2026-08-03T22:00:04.069Z","UAV 1"
"FRLAV005","Move to {-5499315.048189, -2250231.003964, 2310734.853397}","-",21.38998278,-157.74192952,"2026-08-03T22:00:04.069Z","UAV 1"
"FRTRK1002","Move to {-5498755.048693, -2250824.434840, 2311307.787782}","-",21.38835290,-157.75051449,"2026-08-03T22:00:04.069Z","UAV 1"
"FRM113004","Move to {-5499315.048189, -2250231.003964, 2310734.853397}","-",21.38979549,-157.74195625,"2026-08-03T22:00:04.069Z","UAV 1"
"FRTRK2003","Move to {-5498755.048693, -2250824.434840, 2311307.787782}","-",21.38811378,-157.75019033,"2026-08-03T22:00:04.069Z","UAV 1"
"FRLAV004","Move to {-5499315.048189, -2250231.003964, 2310734.853397}","-",21.38965737,-157.74154142,"2026-08-03T22:00:04.069Z","UAV 1"
"FRTRK1004","Move to {-5498755.048693, -2250824.434840, 2311307.787782}","-",21.38812494,-157.75024011,"2026-08-03T22:00:04.069Z","UAV 1"
"FRM109001","Move to {-5499516.453323, -2249726.423604, 2310685.859186}","-",21.39516842,-157.73702373,"2026-08-03T22:00:16.384Z","UAV 1"
"FRM109001","Move to {-5499516.453323, -2249726.423604, 2310685.859186}","-",21.39520092,-157.73711263,"2026-08-03T22:00:18.234Z","UAV 1"
"FRM901001","None","-",21.39546138,-157.73719974,"2026-08-03T22:00:18.234Z","UAV 1"
"FRAHS001","FFE-On-Location ""Location={-5499191.503627, -2251825.311346, 2309314.511859}""  Name of Weapons to Fire: Indirect-Fire-Gun:M107-155mm. Number-Of-Rounds: 1. Height-Above-Terrain: 0","-",21.39511611,-157.73746058,"2026-08-03T22:00:18.234Z","UAV 1"
"FRM109003","Move to {-5499516.453323, -2249726.423604, 2310685.859186}","-",21.39550936,-157.73750856,"2026-08-03T22:00:18.234Z","UAV 1"
"FRM109002","Move to {-5499315.048189, -2250231.003964, 2310734.853397}","-",21.39540479,-157.73740084,"2026-08-03T22:00:18.234Z","UAV 1"
"FRAHS002","FFE-On-Location ""Location={-5499132.853573, -2251193.466895, 2310064.199617}""  Name of Weapons to Fire: Indirect-Fire-Gun:M107-155mm. Number-Of-Rounds: 1. Height-Above-Terrain: 0","-",21.39520418,-157.73742074,"2026-08-03T22:00:18.234Z","UAV 1"
"FRAHS001","FFE-On-Location ""Location={-5499191.503627, -2251825.311346, 2309314.511859}""  Name of Weapons to Fire: Indirect-Fire-Gun:M107-155mm. Number-Of-Rounds: 1. Height-Above-Terrain: 0","-",21.39511611,-157.73746058,"2026-08-03T22:00:20.329Z","UAV 1"
"FRM109003","Move to {-5499516.453323, -2249726.423604, 2310685.859186}","-",21.39542007,-157.73767989,"2026-08-03T22:00:20.329Z","UAV 1"
"FRM109002","Move to {-5499315.048189, -2250231.003964, 2310734.853397}","-",21.39531549,-157.73757217,"2026-08-03T22:00:20.329Z","UAV 1"
"FRAHS002","FFE-On-Location ""Location={-5499132.853573, -2251193.466895, 2310064.199617}""  Name of Weapons to Fire: Indirect-Fire-Gun:M107-155mm. Number-Of-Rounds: 1. Height-Above-Terrain: 0","-",21.39520418,-157.73742074,"2026-08-03T22:00:20.329Z","UAV 1"
"ENM1A2003","Move to {-5499107.729384, -2250754.164082, 2310538.606898}","-",21.37332118,-157.74325039,"2026-08-03T22:00:00.000Z","UAV 1"
"ENT72007","Move to {-5499107.729384, -2250754.164082, 2310538.606898}","-",21.37116466,-157.74185204,"2026-08-03T22:00:00.000Z","UAV 1"
"ENT72003","Move to {-5499107.729384, -2250754.164082, 2310538.606898}","-",21.37142876,-157.74159647,"2026-08-03T22:00:00.000Z","UAV 1"
"ENT72012","Move to {-5499107.729384, -2250754.164082, 2310538.606898}","-",21.37135547,-157.74170428,"2026-08-03T22:00:00.000Z","UAV 1"
"ENMORT005","FFE-On-Location ""Location={-5499123.141030, -2250320.406046, 2311025.754248}""  Name of Weapons to Fire: Indirect-Fire-Gun:m9333he. Number-Of-Rounds: 1. Height-Above-Terrain: 0","-",21.37463885,-157.73701809,"2026-08-03T22:00:00.000Z","UAV 1"
"ENM1A2001","Move to {-5499107.729384, -2250754.164082, 2310538.606898}","-",21.37344826,-157.74288997,"2026-08-03T22:00:00.000Z","UAV 1"
"FRT69007","Move to {-5499315.048189, -2250231.003964, 2310734.853397}","-",21.38070294,-157.73204111,"2026-08-03T22:00:00.000Z","UAV 1"
"ENT72008","Move to {-5499107.729384, -2250754.164082, 2310538.606898}","-",21.37134233,-157.74168365,"2026-08-03T22:00:00.000Z","UAV 1"
"FRT69001","Move to {-5499315.048189, -2250231.003964, 2310734.853397}","-",21.38083049,-157.73220700,"2026-08-03T22:00:00.000Z","UAV 1"
"ENT72002","Move to {-5499107.729384, -2250754.164082, 2310538.606898}","-",21.37128608,-157.74157543,"2026-08-03T22:00:00.000Z","UAV 1"
"ENMORT004","FFE-On-Location ""Location={-5498511.672389, -2250935.799735, 2311770.746054}""  Name of Weapons to Fire: Indirect-Fire-Gun:m9333he. Number-Of-Rounds: 1. Height-Above-Terrain: 0","-",21.37449517,-157.73695548,"2026-08-03T22:00:00.000Z","UAV 1"
"ENM35004","Move to {-5499460.953457, -2250814.454542, 2309743.262342}","-",21.37321699,-157.73305944,"2026-08-03T22:00:00.000Z","UAV 1"
"ENGAZ001","Move to {-5499460.953457, -2250814.454542, 2309743.262342}","-",21.37337528,-157.73279257,"2026-08-03T22:00:00.000Z","UAV 1"
"ENBTR60006","Move to {-5499107.729384, -2250754.164082, 2310538.606898}","-",21.36897336,-157.74047149,"2026-08-03T22:00:00.000Z","UAV 1"
"FRT69006","Move to {-5499315.048189, -2250231.003964, 2310734.853397}","-",21.38096188,-157.73222439,"2026-08-03T22:00:00.000Z","UAV 1"
"ENBTR80004","Move to {-5499107.729384, -2250754.164082, 2310538.606898}","-",21.36892854,-157.74027557,"2026-08-03T22:00:00.000Z","UAV 1"
"ENBTR60003","Move to {-5499107.729384, -2250754.164082, 2310538.606898}","-",21.36886321,-157.74068485,"2026-08-03T22:00:00.000Z","UAV 1"
"ENM1A2002","Move to {-5499107.729384, -2250754.164082, 2310538.606898}","-",21.37356068,-157.74317200,"2026-08-03T22:00:00.000Z","UAV 1"
"ENCAESAR004","FFE-On-Location ""Location={-5499123.141030, -2250320.406046, 2311025.754248}""  Name of Weapons to Fire: Indirect-Fire-Gun:M107-155mm. Number-Of-Rounds: 1. Height-Above-Terrain: 0","-",21.36735946,-157.73175490,"2026-08-03T22:00:00.000Z","UAV 1"
"FRT69003","Move to {-5499315.048189, -2250231.003964, 2310734.853397}","-",21.38097332,-157.73240275,"2026-08-03T22:00:00.000Z","UAV 1"
"FRT69005","Move to {-5499315.048189, -2250231.003964, 2310734.853397}","-",21.38100014,-157.73233777,"2026-08-03T22:00:00.000Z","UAV 1"
"ENT72011","Move to {-5499107.729384, -2250754.164082, 2310538.606898}","-",21.37128822,-157.74162582,"2026-08-03T22:00:00.000Z","UAV 1"
"ENT72004","Move to {-5499107.729384, -2250754.164082, 2310538.606898}","-",21.37154521,-157.74163288,"2026-08-03T22:00:00.000Z","UAV 1"
"ENM35002","Move to {-5499460.953457, -2250814.454542, 2309743.262342}","-",21.37340544,-157.73283903,"2026-08-03T22:00:00.000Z","UAV 1"
"ENGAZ003","Move to {-5499460.953457, -2250814.454542, 2309743.262342}","-",21.37338431,-157.73326221,"2026-08-03T22:00:00.000Z","UAV 1"
"ENM35001","Move to {-5499460.953457, -2250814.454542, 2309743.262342}","-",21.37314687,-157.73312307,"2026-08-03T22:00:00.000Z","UAV 1"
"ENT72010","Move to {-5499107.729384, -2250754.164082, 2310538.606898}","-",21.37154256,-157.74155229,"2026-08-03T22:00:00.000Z","UAV 1"
"ENT72006","Move to {-5499107.729384, -2250754.164082, 2310538.606898}","-",21.37145835,-157.74180319,"2026-08-03T22:00:00.000Z","UAV 1"
"ENCAESAR003","FFE-On-Location ""Location={-5498511.672389, -2250935.799735, 2311770.746054}""  Name of Weapons to Fire: Indirect-Fire-Gun:M107-155mm. Number-Of-Rounds: 1. Height-Above-Terrain: 0","-",21.36719878,-157.73183038,"2026-08-03T22:00:00.000Z","UAV 1"
"ENMORT001","FFE-On-Location ""Location={-5499123.141030, -2250320.406046, 2311025.754248}""  Name of Weapons to Fire: Indirect-Fire-Gun:m9333he. Number-Of-Rounds: 1. Height-Above-Terrain: 0","-",21.37454920,-157.73726779,"2026-08-03T22:00:00.000Z","UAV 1"
"FRT69008","Move to {-5499315.048189, -2250231.003964, 2310734.853397}","-",21.38096961,-157.73244663,"2026-08-03T22:00:00.000Z","UAV 1"
"FRT69009","Move to {-5499315.048189, -2250231.003964, 2310734.853397}","-",21.38066035,-157.73234161,"2026-08-03T22:00:00.000Z","UAV 1"
"ENGAZ004","Move to {-5499460.953457, -2250814.454542, 2309743.262342}","-",21.37336764,-157.73318922,"2026-08-03T22:00:00.000Z","UAV 1"
"ENMORT003","FFE-On-Location ""Location={-5498358.113175, -2250865.429793, 2312201.552453}""  Name of Weapons to Fire: Indirect-Fire-Gun:m9333he. Number-Of-Rounds: 1. Height-Above-Terrain: 0","-",21.37448817,-157.73726715,"2026-08-03T22:00:00.000Z","UAV 1"
"FRT69010","Move to {-5499315.048189, -2250231.003964, 2310734.853397}","-",21.38075758,-157.73208913,"2026-08-03T22:00:00.000Z","UAV 1"
"ENM1A2004","Move to {-5499107.729384, -2250754.164082, 2310538.606898}","-",21.37346980,-157.74313700,"2026-08-03T22:00:00.000Z","UAV 1"
"ENM35003","Move to {-5499460.953457, -2250814.454542, 2309743.262342}","-",21.37355752,-157.73315653,"2026-08-03T22:00:00.000Z","UAV 1"
"ENBTR60005","Move to {-5499107.729384, -2250754.164082, 2310538.606898}","-",21.36897693,-157.74069464,"2026-08-03T22:00:00.000Z","UAV 1"
"ENM1A2003","Move to {-5499107.729384, -2250754.164082, 2310538.606898}","-",21.37332118,-157.74325039,"2026-08-03T22:00:00.000Z","UAV 1"
"ENT72007","Move to {-5499107.729384, -2250754.164082, 2310538.606898}","-",21.37116466,-157.74185204,"2026-08-03T22:00:00.000Z","UAV 1"
"ENT72003","Move to {-5499107.729384, -2250754.164082, 2310538.606898}","-",21.37142876,-157.74159647,"2026-08-03T22:00:00.000Z","UAV 1"
"ENT72012","Move to {-5499107.729384, -2250754.164082, 2310538.606898}","-",21.37135547,-157.74170428,"2026-08-03T22:00:00.000Z","UAV 1"
"ENMORT005","FFE-On-Location ""Location={-5499123.141030, -2250320.406046, 2311025.754248}""  Name of Weapons to Fire: Indirect-Fire-Gun:m9333he. Number-Of-Rounds: 1. Height-Above-Terrain: 0","-",21.37463885,-157.73701809,"2026-08-03T22:00:00.000Z","UAV 1"
"ENM1A2001","Move to {-5499107.729384, -2250754.164082, 2310538.606898}","-",21.37344826,-157.74288997,"2026-08-03T22:00:00.000Z","UAV 1"
"FRT69007","Move to {-5499315.048189, -2250231.003964, 2310734.853397}","-",21.38070294,-157.73204111,"2026-08-03T22:00:00.000Z","UAV 1"
"ENT72008","Move to {-5499107.729384, -2250754.164082, 2310538.606898}","-",21.37134233,-157.74168365,"2026-08-03T22:00:00.000Z","UAV 1"
"FRT69001","Move to {-5499315.048189, -2250231.003964, 2310734.853397}","-",21.38083049,-157.73220700,"2026-08-03T22:00:00.000Z","UAV 1"
"ENT72002","Move to {-5499107.729384, -2250754.164082, 2310538.606898}","-",21.37128608,-157.74157543,"2026-08-03T22:00:00.000Z","UAV 1"
"ENMORT004","FFE-On-Location ""Location={-5498511.672389, -2250935.799735, 2311770.746054}""  Name of Weapons to Fire: Indirect-Fire-Gun:m9333he. Number-Of-Rounds: 1. Height-Above-Terrain: 0","-",21.37449517,-157.73695548,"2026-08-03T22:00:00.000Z","UAV 1"
"ENM35004","Move to {-5499460.953457, -2250814.454542, 2309743.262342}","-",21.37321699,-157.73305944,"2026-08-03T22:00:00.000Z","UAV 1"
"ENGAZ001","Move to {-5499460.953457, -2250814.454542, 2309743.262342}","-",21.37337528,-157.73279257,"2026-08-03T22:00:00.000Z","UAV 1"
"ENBTR60006","Move to {-5499107.729384, -2250754.164082, 2310538.606898}","-",21.36897336,-157.74047149,"2026-08-03T22:00:00.000Z","UAV 1"
"FRT69006","Move to {-5499315.048189, -2250231.003964, 2310734.853397}","-",21.38096188,-157.73222439,"2026-08-03T22:00:00.000Z","UAV 1"
"ENBTR80004","Move to {-5499107.729384, -2250754.164082, 2310538.606898}","-",21.36892854,-157.74027557,"2026-08-03T22:00:00.000Z","UAV 1"
"ENBTR60003","Move to {-5499107.729384, -2250754.164082, 2310538.606898}","-",21.36886321,-157.74068485,"2026-08-03T22:00:00.000Z","UAV 1"
"ENM1A2002","Move to {-5499107.729384, -2250754.164082, 2310538.606898}","-",21.37356068,-157.74317200,"2026-08-03T22:00:00.000Z","UAV 1"
"ENCAESAR004","FFE-On-Location ""Location={-5499123.141030, -2250320.406046, 2311025.754248}""  Name of Weapons to Fire: Indirect-Fire-Gun:M107-155mm. Number-Of-Rounds: 1. Height-Above-Terrain: 0","-",21.36735946,-157.73175490,"2026-08-03T22:00:00.000Z","UAV 1"
"FRT69003","Move to {-5499315.048189, -2250231.003964, 2310734.853397}","-",21.38097332,-157.73240275,"2026-08-03T22:00:00.000Z","UAV 1"
"FRT69005","Move to {-5499315.048189, -2250231.003964, 2310734.853397}","-",21.38100014,-157.73233777,"2026-08-03T22:00:00.000Z","UAV 1"
"ENT72011","Move to {-5499107.729384, -2250754.164082, 2310538.606898}","-",21.37128822,-157.74162582,"2026-08-03T22:00:00.000Z","UAV 1"
"ENT72004","Move to {-5499107.729384, -2250754.164082, 2310538.606898}","-",21.37154521,-157.74163288,"2026-08-03T22:00:00.000Z","UAV 1"
"ENM35002","Move to {-5499460.953457, -2250814.454542, 2309743.262342}","-",21.37340544,-157.73283903,"2026-08-03T22:00:00.000Z","UAV 1"
"ENGAZ003","Move to {-5499460.953457, -2250814.454542, 2309743.262342}","-",21.37338431,-157.73326221,"2026-08-03T22:00:00.000Z","UAV 1"
"ENM35001","Move to {-5499460.953457, -2250814.454542, 2309743.262342}","-",21.37314687,-157.73312307,"2026-08-03T22:00:00.000Z","UAV 1"
"ENT72010","Move to {-5499107.729384, -2250754.164082, 2310538.606898}","-",21.37154256,-157.74155229,"2026-08-03T22:00:00.000Z","UAV 1"
"ENT72006","Move to {-5499107.729384, -2250754.164082, 2310538.606898}","-",21.37145835,-157.74180319,"2026-08-03T22:00:00.000Z","UAV 1"
"ENCAESAR003","FFE-On-Location ""Location={-5498511.672389, -2250935.799735, 2311770.746054}""  Name of Weapons to Fire: Indirect-Fire-Gun:M107-155mm. Number-Of-Rounds: 1. Height-Above-Terrain: 0","-",21.36719878,-157.73183038,"2026-08-03T22:00:00.000Z","UAV 1"
"ENMORT001","FFE-On-Location ""Location={-5499123.141030, -2250320.406046, 2311025.754248}""  Name of Weapons to Fire: Indirect-Fire-Gun:m9333he. Number-Of-Rounds: 1. Height-Above-Terrain: 0","-",21.37454920,-157.73726779,"2026-08-03T22:00:00.000Z","UAV 1"
"FRT69008","Move to {-5499315.048189, -2250231.003964, 2310734.853397}","-",21.38096961,-157.73244663,"2026-08-03T22:00:00.000Z","UAV 1"
"FRT69009","Move to {-5499315.048189, -2250231.003964, 2310734.853397}","-",21.38066035,-157.73234161,"2026-08-03T22:00:00.000Z","UAV 1"
"ENGAZ004","Move to {-5499460.953457, -2250814.454542, 2309743.262342}","-",21.37336764,-157.73318922,"2026-08-03T22:00:00.000Z","UAV 1"
"ENMORT003","FFE-On-Location ""Location={-5498358.113175, -2250865.429793, 2312201.552453}""  Name of Weapons to Fire: Indirect-Fire-Gun:m9333he. Number-Of-Rounds: 1. Height-Above-Terrain: 0","-",21.37448817,-157.73726715,"2026-08-03T22:00:00.000Z","UAV 1"
"FRT69010","Move to {-5499315.048189, -2250231.003964, 2310734.853397}","-",21.38075758,-157.73208913,"2026-08-03T22:00:00.000Z","UAV 1"
"ENM1A2004","Move to {-5499107.729384, -2250754.164082, 2310538.606898}","-",21.37346980,-157.74313700,"2026-08-03T22:00:00.000Z","UAV 1"
"ENM35003","Move to {-5499460.953457, -2250814.454542, 2309743.262342}","-",21.37355752,-157.73315653,"2026-08-03T22:00:00.000Z","UAV 1"
"ENBTR60005","Move to {-5499107.729384, -2250754.164082, 2310538.606898}","-",21.36897693,-157.74069464,"2026-08-03T22:00:00.000Z","UAV 1"
"FRTRK2004","Move to {-5498755.048693, -2250824.434840, 2311307.787782}","-",21.38828678,-157.75026757,"2026-08-03T22:00:04.054Z","UAV 1"
"FRTRK1003","Move to {-5498755.048693, -2250824.434840, 2311307.787782}","-",21.38832180,-157.75022819,"2026-08-03T22:00:04.054Z","UAV 1"
"FRMORT002","FFE-On-Location ""Location={-5499132.853573, -2251193.466895, 2310064.199617}""  Name of Weapons to Fire: Indirect-Fire-Gun:m9333he. Number-Of-Rounds: 1. Height-Above-Terrain: 0","-",21.39124517,-157.73722922,"2026-08-03T22:00:04.054Z","UAV 1"
"FRTRK1001","Move to {-5498755.048693, -2250824.434840, 2311307.787782}","-",21.38846772,-157.75028759,"2026-08-03T22:00:04.054Z","UAV 1"
"FRMORT001","FFE-On-Location ""Location={-5499191.503627, -2251825.311346, 2309314.511859}""  Name of Weapons to Fire: Indirect-Fire-Gun:m9333he. Number-Of-Rounds: 1. Height-Above-Terrain: 0","-",21.39116652,-157.73700854,"2026-08-03T22:00:04.054Z","UAV 1"
"FRLAV002","Move to {-5499315.048189, -2250231.003964, 2310734.853397}","-",21.38990990,-157.74175367,"2026-08-03T22:00:04.054Z","UAV 1"
"FRLAV006","Move to {-5499315.048189, -2250231.003964, 2310734.853397}","-",21.38987130,-157.74207500,"2026-08-03T22:00:04.054Z","UAV 1"
"FRM113007","Move to {-5499315.048189, -2250231.003964, 2310734.853397}","-",21.39009862,-157.74184604,"2026-08-03T22:00:04.054Z","UAV 1"
"FRM113002","Move to {-5499315.048189, -2250231.003964, 2310734.853397}","-",21.38983395,-157.74169886,"2026-08-03T22:00:04.054Z","UAV 1"
"FRLAV008","Move to {-5499315.048189, -2250231.003964, 2310734.853397}","-",21.39001870,-157.74174893,"2026-08-03T22:00:04.054Z","UAV 1"
"FRM113006","Move to {-5499315.048189, -2250231.003964, 2310734.853397}","-",21.38990586,-157.74190826,"2026-08-03T22:00:04.054Z","UAV 1"
"FRMORT004","None","-",21.39105358,-157.73697074,"2026-08-03T22:00:04.054Z","UAV 1"
"FRTRK1005","Move to {-5498755.048693, -2250824.434840, 2311307.787782}","-",21.38820153,-157.75009564,"2026-08-03T22:00:04.054Z","UAV 1"
"FRLAV001","Move to {-5499315.048189, -2250231.003964, 2310734.853397}","-",21.38973780,-157.74171337,"2026-08-03T22:00:04.054Z","UAV 1"
"FRTRK2001","Move to {-5498755.048693, -2250824.434840, 2311307.787782}","-",21.38837884,-157.75033616,"2026-08-03T22:00:04.054Z","UAV 1"
"FRTRK2002","Move to {-5498755.048693, -2250824.434840, 2311307.787782}","-",21.38828836,-157.75045918,"2026-08-03T22:00:04.054Z","UAV 1"
"FRM113001","Move to {-5499315.048189, -2250231.003964, 2310734.853397}","-",21.38989703,-157.74163464,"2026-08-03T22:00:04.054Z","UAV 1"
"FRLAV005","Move to {-5499315.048189, -2250231.003964, 2310734.853397}","-",21.38998282,-157.74192950,"2026-08-03T22:00:04.054Z","UAV 1"
"FRTRK1002","Move to {-5498755.048693, -2250824.434840, 2311307.787782}","-",21.38836013,-157.75052088,"2026-08-03T22:00:04.054Z","UAV 1"
"FRM113004","Move to {-5499315.048189, -2250231.003964, 2310734.853397}","-",21.38979368,-157.74195200,"2026-08-03T22:00:04.054Z","UAV 1"
"FRTRK2003","Move to {-5498755.048693, -2250824.434840, 2311307.787782}","-",21.38811911,-157.75019390,"2026-08-03T22:00:04.054Z","UAV 1"
"FRLAV004","Move to {-5499315.048189, -2250231.003964, 2310734.853397}","-",21.38964951,-157.74151112,"2026-08-03T22:00:04.054Z","UAV 1"
"FRTRK2004","Move to {-5498755.048693, -2250824.434840, 2311307.787782}","-",21.38828678,-157.75026757,"2026-08-03T22:00:04.054Z","UAV 1"
"FRTRK1003","Move to {-5498755.048693, -2250824.434840, 2311307.787782}","-",21.38832180,-157.75022819,"2026-08-03T22:00:04.054Z","UAV 1"
"FRMORT002","FFE-On-Location ""Location={-5499132.853573, -2251193.466895, 2310064.199617}""  Name of Weapons to Fire: Indirect-Fire-Gun:m9333he. Number-Of-Rounds: 1. Height-Above-Terrain: 0","-",21.39124517,-157.73722922,"2026-08-03T22:00:04.054Z","UAV 1"
"FRTRK1001","Move to {-5498755.048693, -2250824.434840, 2311307.787782}","-",21.38846772,-157.75028759,"2026-08-03T22:00:04.054Z","UAV 1"
"FRMORT001","FFE-On-Location ""Location={-5499191.503627, -2251825.311346, 2309314.511859}""  Name of Weapons to Fire: Indirect-Fire-Gun:m9333he. Number-Of-Rounds: 1. Height-Above-Terrain: 0","-",21.39116652,-157.73700854,"2026-08-03T22:00:04.054Z","UAV 1"
"FRLAV002","Move to {-5499315.048189, -2250231.003964, 2310734.853397}","-",21.38990990,-157.74175367,"2026-08-03T22:00:04.054Z","UAV 1"
"FRLAV006","Move to {-5499315.048189, -2250231.003964, 2310734.853397}","-",21.38987130,-157.74207500,"2026-08-03T22:00:04.054Z","UAV 1"
"FRM113007","Move to {-5499315.048189, -2250231.003964, 2310734.853397}","-",21.39009862,-157.74184604,"2026-08-03T22:00:04.054Z","UAV 1"
"FRM113002","Move to {-5499315.048189, -2250231.003964, 2310734.853397}","-",21.38983395,-157.74169886,"2026-08-03T22:00:04.054Z","UAV 1"
"FRLAV008","Move to {-5499315.048189, -2250231.003964, 2310734.853397}","-",21.39001870,-157.74174893,"2026-08-03T22:00:04.054Z","UAV 1"
"FRM113006","Move to {-5499315.048189, -2250231.003964, 2310734.853397}","-",21.38990586,-157.74190826,"2026-08-03T22:00:04.054Z","UAV 1"
"FRMORT004","None","-",21.39105358,-157.73697074,"2026-08-03T22:00:04.054Z","UAV 1"
"FRTRK1005","Move to {-5498755.048693, -2250824.434840, 2311307.787782}","-",21.38820153,-157.75009564,"2026-08-03T22:00:04.054Z","UAV 1"
"FRLAV001","Move to {-5499315.048189, -2250231.003964, 2310734.853397}","-",21.38973780,-157.74171337,"2026-08-03T22:00:04.054Z","UAV 1"
"FRTRK2001","Move to {-5498755.048693, -2250824.434840, 2311307.787782}","-",21.38837884,-157.75033616,"2026-08-03T22:00:04.054Z","UAV 1"
"FRTRK2002","Move to {-5498755.048693, -2250824.434840, 2311307.787782}","-",21.38828836,-157.75045918,"2026-08-03T22:00:04.054Z","UAV 1"
"FRM113001","Move to {-5499315.048189, -2250231.003964, 2310734.853397}","-",21.38989703,-157.74163464,"2026-08-03T22:00:04.054Z","UAV 1"
"FRLAV005","Move to {-5499315.048189, -2250231.003964, 2310734.853397}","-",21.38998282,-157.74192950,"2026-08-03T22:00:04.054Z","UAV 1"
"FRTRK1002","Move to {-5498755.048693, -2250824.434840, 2311307.787782}","-",21.38836013,-157.75052088,"2026-08-03T22:00:04.054Z","UAV 1"
"FRM113004","Move to {-5499315.048189, -2250231.003964, 2310734.853397}","-",21.38979368,-157.74195200,"2026-08-03T22:00:04.054Z","UAV 1"
"FRTRK2003","Move to {-5498755.048693, -2250824.434840, 2311307.787782}","-",21.38811911,-157.75019390,"2026-08-03T22:00:04.054Z","UAV 1"
"FRLAV004","Move to {-5499315.048189, -2250231.003964, 2310734.853397}","-",21.38964951,-157.74151112,"2026-08-03T22:00:04.054Z","UAV 1"
"FRM109001","Move to {-5499516.453323, -2249726.423604, 2310685.859186}","-",21.39516299,-157.73702171,"2026-08-03T22:00:16.205Z","UAV 1"
"FRM109001","Move to {-5499516.453323, -2249726.423604, 2310685.859186}","-",21.39520138,-157.73709745,"2026-08-03T22:00:18.078Z","UAV 1"
"FRM901001","None","-",21.39546138,-157.73719974,"2026-08-03T22:00:18.078Z","UAV 1"
"FRAHS001","FFE-On-Location ""Location={-5499191.503627, -2251825.311346, 2309314.511859}""  Name of Weapons to Fire: Indirect-Fire-Gun:M107-155mm. Number-Of-Rounds: 1. Height-Above-Terrain: 0","-",21.39511611,-157.73746058,"2026-08-03T22:00:18.078Z","UAV 1"
"FRM109003","Move to {-5499516.453323, -2249726.423604, 2310685.859186}","-",21.39550982,-157.73749337,"2026-08-03T22:00:18.078Z","UAV 1"
"FRM109002","Move to {-5499315.048189, -2250231.003964, 2310734.853397}","-",21.39540524,-157.73738565,"2026-08-03T22:00:18.078Z","UAV 1"
"FRAHS002","FFE-On-Location ""Location={-5499132.853573, -2251193.466895, 2310064.199617}""  Name of Weapons to Fire: Indirect-Fire-Gun:M107-155mm. Number-Of-Rounds: 1. Height-Above-Terrain: 0","-",21.39520418,-157.73742074,"2026-08-03T22:00:18.078Z","UAV 1"
"FRAHS001","FFE-On-Location ""Location={-5499191.503627, -2251825.311346, 2309314.511859}""  Name of Weapons to Fire: Indirect-Fire-Gun:M107-155mm. Number-Of-Rounds: 1. Height-Above-Terrain: 0","-",21.39511611,-157.73746058,"2026-08-03T22:00:20.359Z","UAV 1"
"FRM109003","Move to {-5499516.453323, -2249726.423604, 2310685.859186}","-",21.39542308,-157.73768022,"2026-08-03T22:00:20.359Z","UAV 1"
"FRM109002","Move to {-5499315.048189, -2250231.003964, 2310734.853397}","-",21.39531851,-157.73757250,"2026-08-03T22:00:20.359Z","UAV 1"
"FRAHS002","FFE-On-Location ""Location={-5499132.853573, -2251193.466895, 2310064.199617}""  Name of Weapons to Fire: Indirect-Fire-Gun:M107-155mm. Number-Of-Rounds: 1. Height-Above-Terrain: 0","-",21.39520418,-157.73742074,"2026-08-03T22:00:20.359Z","UAV 1"
"ENM1A2003","Move to {-5499107.729384, -2250754.164082, 2310538.606898}","-",21.37332119,-157.74325039,"2026-08-03T22:00:00.000Z","UAV 1"
"ENT72007","Move to {-5499107.729384, -2250754.164082, 2310538.606898}","-",21.37116467,-157.74185204,"2026-08-03T22:00:00.000Z","UAV 1"
"ENT72003","Move to {-5499107.729384, -2250754.164082, 2310538.606898}","-",21.37142877,-157.74159647,"2026-08-03T22:00:00.000Z","UAV 1"
"ENT72012","Move to {-5499107.729384, -2250754.164082, 2310538.606898}","-",21.37135548,-157.74170428,"2026-08-03T22:00:00.000Z","UAV 1"
"ENMORT005","FFE-On-Location ""Location={-5499123.141030, -2250320.406046, 2311025.754248}""  Name of Weapons to Fire: Indirect-Fire-Gun:m9333he. Number-Of-Rounds: 1. Height-Above-Terrain: 0","-",21.37463885,-157.73701809,"2026-08-03T22:00:00.000Z","UAV 1"
"ENM1A2001","Move to {-5499107.729384, -2250754.164082, 2310538.606898}","-",21.37344826,-157.74288997,"2026-08-03T22:00:00.000Z","UAV 1"
"FRT69007","Move to {-5499315.048189, -2250231.003964, 2310734.853397}","-",21.38070294,-157.73204111,"2026-08-03T22:00:00.000Z","UAV 1"
"ENT72008","Move to {-5499107.729384, -2250754.164082, 2310538.606898}","-",21.37134233,-157.74168365,"2026-08-03T22:00:00.000Z","UAV 1"
"FRT69002","Move to {-5499315.048189, -2250231.003964, 2310734.853397}","-",21.38062312,-157.73220904,"2026-08-03T22:00:00.000Z","UAV 1"
"FRT69001","Move to {-5499315.048189, -2250231.003964, 2310734.853397}","-",21.38083049,-157.73220700,"2026-08-03T22:00:00.000Z","UAV 1"
"ENT72002","Move to {-5499107.729384, -2250754.164082, 2310538.606898}","-",21.37128608,-157.74157543,"2026-08-03T22:00:00.000Z","UAV 1"
"ENMORT004","FFE-On-Location ""Location={-5498511.672389, -2250935.799735, 2311770.746054}""  Name of Weapons to Fire: Indirect-Fire-Gun:m9333he. Number-Of-Rounds: 1. Height-Above-Terrain: 0","-",21.37449517,-157.73695548,"2026-08-03T22:00:00.000Z","UAV 1"
"ENM35004","Move to {-5499460.953457, -2250814.454542, 2309743.262342}","-",21.37321699,-157.73305944,"2026-08-03T22:00:00.000Z","UAV 1"
"ENGAZ001","Move to {-5499460.953457, -2250814.454542, 2309743.262342}","-",21.37337528,-157.73279257,"2026-08-03T22:00:00.000Z","UAV 1"
"ENBTR60006","Move to {-5499107.729384, -2250754.164082, 2310538.606898}","-",21.36897336,-157.74047149,"2026-08-03T22:00:00.000Z","UAV 1"
"FRT69006","Move to {-5499315.048189, -2250231.003964, 2310734.853397}","-",21.38096188,-157.73222439,"2026-08-03T22:00:00.000Z","UAV 1"
"ENBTR80004","Move to {-5499107.729384, -2250754.164082, 2310538.606898}","-",21.36892854,-157.74027557,"2026-08-03T22:00:00.000Z","UAV 1"
"ENBTR60003","Move to {-5499107.729384, -2250754.164082, 2310538.606898}","-",21.36886321,-157.74068485,"2026-08-03T22:00:00.000Z","UAV 1"
"ENM1A2002","Move to {-5499107.729384, -2250754.164082, 2310538.606898}","-",21.37356068,-157.74317200,"2026-08-03T22:00:00.000Z","UAV 1"
"ENCAESAR004","FFE-On-Location ""Location={-5499123.141030, -2250320.406046, 2311025.754248}""  Name of Weapons to Fire: Indirect-Fire-Gun:M107-155mm. Number-Of-Rounds: 1. Height-Above-Terrain: 0","-",21.36735946,-157.73175490,"2026-08-03T22:00:00.000Z","UAV 1"
"FRT69003","Move to {-5499315.048189, -2250231.003964, 2310734.853397}","-",21.38097332,-157.73240275,"2026-08-03T22:00:00.000Z","UAV 1"
"FRT69005","Move to {-5499315.048189, -2250231.003964, 2310734.853397}","-",21.38100014,-157.73233777,"2026-08-03T22:00:00.000Z","UAV 1"
"ENT72011","Move to {-5499107.729384, -2250754.164082, 2310538.606898}","-",21.37128822,-157.74162582,"2026-08-03T22:00:00.000Z","UAV 1"
"ENT72004","Move to {-5499107.729384, -2250754.164082, 2310538.606898}","-",21.37154521,-157.74163288,"2026-08-03T22:00:00.000Z","UAV 1"
"ENM35002","Move to {-5499460.953457, -2250814.454542, 2309743.262342}","-",21.37340544,-157.73283903,"2026-08-03T22:00:00.000Z","UAV 1"
"ENGAZ003","Move to {-5499460.953457, -2250814.454542, 2309743.262342}","-",21.37338431,-157.73326221,"2026-08-03T22:00:00.000Z","UAV 1"
"ENM35001","Move to {-5499460.953457, -2250814.454542, 2309743.262342}","-",21.37314687,-157.73312307,"2026-08-03T22:00:00.000Z","UAV 1"
"ENT72010","Move to {-5499107.729384, -2250754.164082, 2310538.606898}","-",21.37154256,-157.74155229,"2026-08-03T22:00:00.000Z","UAV 1"
"ENT72006","Move to {-5499107.729384, -2250754.164082, 2310538.606898}","-",21.37145835,-157.74180319,"2026-08-03T22:00:00.000Z","UAV 1"
"ENCAESAR003","FFE-On-Location ""Location={-5498511.672389, -2250935.799735, 2311770.746054}""  Name of Weapons to Fire: Indirect-Fire-Gun:M107-155mm. Number-Of-Rounds: 1. Height-Above-Terrain: 0","-",21.36719878,-157.73183038,"2026-08-03T22:00:00.000Z","UAV 1"
"ENMORT001","FFE-On-Location ""Location={-5499123.141030, -2250320.406046, 2311025.754248}""  Name of Weapons to Fire: Indirect-Fire-Gun:m9333he. Number-Of-Rounds: 1. Height-Above-Terrain: 0","-",21.37454920,-157.73726779,"2026-08-03T22:00:00.000Z","UAV 1"
"FRT69008","Move to {-5499315.048189, -2250231.003964, 2310734.853397}","-",21.38096961,-157.73244663,"2026-08-03T22:00:00.000Z","UAV 1"
"FRT69009","Move to {-5499315.048189, -2250231.003964, 2310734.853397}","-",21.38066035,-157.73234161,"2026-08-03T22:00:00.000Z","UAV 1"
"ENGAZ004","Move to {-5499460.953457, -2250814.454542, 2309743.262342}","-",21.37336764,-157.73318922,"2026-08-03T22:00:00.000Z","UAV 1"
"ENMORT003","FFE-On-Location ""Location={-5498358.113175, -2250865.429793, 2312201.552453}""  Name of Weapons to Fire: Indirect-Fire-Gun:m9333he. Number-Of-Rounds: 1. Height-Above-Terrain: 0","-",21.37448817,-157.73726715,"2026-08-03T22:00:00.000Z","UAV 1"
"FRT69010","Move to {-5499315.048189, -2250231.003964, 2310734.853397}","-",21.38075758,-157.73208913,"2026-08-03T22:00:00.000Z","UAV 1"
"ENM1A2004","Move to {-5499107.729384, -2250754.164082, 2310538.606898}","-",21.37346980,-157.74313700,"2026-08-03T22:00:00.000Z","UAV 1"
"ENM35003","Move to {-5499460.953457, -2250814.454542, 2309743.262342}","-",21.37355752,-157.73315653,"2026-08-03T22:00:00.000Z","UAV 1"
"ENBTR60005","Move to {-5499107.729384, -2250754.164082, 2310538.606898}","-",21.36897693,-157.74069464,"2026-08-03T22:00:00.000Z","UAV 1"
"ENM1A2003","Move to {-5499107.729384, -2250754.164082, 2310538.606898}","-",21.37332119,-157.74325039,"2026-08-03T22:00:00.000Z","UAV 1"
"ENT72007","Move to {-5499107.729384, -2250754.164082, 2310538.606898}","-",21.37116467,-157.74185204,"2026-08-03T22:00:00.000Z","UAV 1"
"ENT72003","Move to {-5499107.729384, -2250754.164082, 2310538.606898}","-",21.37142877,-157.74159647,"2026-08-03T22:00:00.000Z","UAV 1"
"ENT72012","Move to {-5499107.729384, -2250754.164082, 2310538.606898}","-",21.37135548,-157.74170428,"2026-08-03T22:00:00.000Z","UAV 1"
"ENMORT005","FFE-On-Location ""Location={-5499123.141030, -2250320.406046, 2311025.754248}""  Name of Weapons to Fire: Indirect-Fire-Gun:m9333he. Number-Of-Rounds: 1. Height-Above-Terrain: 0","-",21.37463885,-157.73701809,"2026-08-03T22:00:00.000Z","UAV 1"
"ENM1A2001","Move to {-5499107.729384, -2250754.164082, 2310538.606898}","-",21.37344826,-157.74288997,"2026-08-03T22:00:00.000Z","UAV 1"
"FRT69007","Move to {-5499315.048189, -2250231.003964, 2310734.853397}","-",21.38070294,-157.73204111,"2026-08-03T22:00:00.000Z","UAV 1"
"ENT72008","Move to {-5499107.729384, -2250754.164082, 2310538.606898}","-",21.37134233,-157.74168365,"2026-08-03T22:00:00.000Z","UAV 1"
"FRT69002","Move to {-5499315.048189, -2250231.003964, 2310734.853397}","-",21.38062312,-157.73220904,"2026-08-03T22:00:00.000Z","UAV 1"
"FRT69001","Move to {-5499315.048189, -2250231.003964, 2310734.853397}","-",21.38083049,-157.73220700,"2026-08-03T22:00:00.000Z","UAV 1"
"ENT72002","Move to {-5499107.729384, -2250754.164082, 2310538.606898}","-",21.37128608,-157.74157543,"2026-08-03T22:00:00.000Z","UAV 1"
"ENMORT004","FFE-On-Location ""Location={-5498511.672389, -2250935.799735, 2311770.746054}""  Name of Weapons to Fire: Indirect-Fire-Gun:m9333he. Number-Of-Rounds: 1. Height-Above-Terrain: 0","-",21.37449517,-157.73695548,"2026-08-03T22:00:00.000Z","UAV 1"
"ENM35004","Move to {-5499460.953457, -2250814.454542, 2309743.262342}","-",21.37321699,-157.73305944,"2026-08-03T22:00:00.000Z","UAV 1"
"ENGAZ001","Move to {-5499460.953457, -2250814.454542, 2309743.262342}","-",21.37337528,-157.73279257,"2026-08-03T22:00:00.000Z","UAV 1"
"ENBTR60006","Move to {-5499107.729384, -2250754.164082, 2310538.606898}","-",21.36897336,-157.74047149,"2026-08-03T22:00:00.000Z","UAV 1"
"FRT69006","Move to {-5499315.048189, -2250231.003964, 2310734.853397}","-",21.38096188,-157.73222439,"2026-08-03T22:00:00.000Z","UAV 1"
"ENBTR80004","Move to {-5499107.729384, -2250754.164082, 2310538.606898}","-",21.36892854,-157.74027557,"2026-08-03T22:00:00.000Z","UAV 1"
"ENBTR60003","Move to {-5499107.729384, -2250754.164082, 2310538.606898}","-",21.36886321,-157.74068485,"2026-08-03T22:00:00.000Z","UAV 1"
"ENM1A2002","Move to {-5499107.729384, -2250754.164082, 2310538.606898}","-",21.37356068,-157.74317200,"2026-08-03T22:00:00.000Z","UAV 1"
"ENCAESAR004","FFE-On-Location ""Location={-5499123.141030, -2250320.406046, 2311025.754248}""  Name of Weapons to Fire: Indirect-Fire-Gun:M107-155mm. Number-Of-Rounds: 1. Height-Above-Terrain: 0","-",21.36735946,-157.73175490,"2026-08-03T22:00:00.000Z","UAV 1"
"FRT69003","Move to {-5499315.048189, -2250231.003964, 2310734.853397}","-",21.38097332,-157.73240275,"2026-08-03T22:00:00.000Z","UAV 1"
"FRT69005","Move to {-5499315.048189, -2250231.003964, 2310734.853397}","-",21.38100014,-157.73233777,"2026-08-03T22:00:00.000Z","UAV 1"
"ENT72011","Move to {-5499107.729384, -2250754.164082, 2310538.606898}","-",21.37128822,-157.74162582,"2026-08-03T22:00:00.000Z","UAV 1"
"ENT72004","Move to {-5499107.729384, -2250754.164082, 2310538.606898}","-",21.37154521,-157.74163288,"2026-08-03T22:00:00.000Z","UAV 1"
"ENM35002","Move to {-5499460.953457, -2250814.454542, 2309743.262342}","-",21.37340544,-157.73283903,"2026-08-03T22:00:00.000Z","UAV 1"
"ENGAZ003","Move to {-5499460.953457, -2250814.454542, 2309743.262342}","-",21.37338431,-157.73326221,"2026-08-03T22:00:00.000Z","UAV 1"
"ENM35001","Move to {-5499460.953457, -2250814.454542, 2309743.262342}","-",21.37314687,-157.73312307,"2026-08-03T22:00:00.000Z","UAV 1"
"ENT72010","Move to {-5499107.729384, -2250754.164082, 2310538.606898}","-",21.37154256,-157.74155229,"2026-08-03T22:00:00.000Z","UAV 1"
"ENT72006","Move to {-5499107.729384, -2250754.164082, 2310538.606898}","-",21.37145835,-157.74180319,"2026-08-03T22:00:00.000Z","UAV 1"
"ENCAESAR003","FFE-On-Location ""Location={-5498511.672389, -2250935.799735, 2311770.746054}""  Name of Weapons to Fire: Indirect-Fire-Gun:M107-155mm. Number-Of-Rounds: 1. Height-Above-Terrain: 0","-",21.36719878,-157.73183038,"2026-08-03T22:00:00.000Z","UAV 1"
"ENMORT001","FFE-On-Location ""Location={-5499123.141030, -2250320.406046, 2311025.754248}""  Name of Weapons to Fire: Indirect-Fire-Gun:m9333he. Number-Of-Rounds: 1. Height-Above-Terrain: 0","-",21.37454920,-157.73726779,"2026-08-03T22:00:00.000Z","UAV 1"
"FRT69008","Move to {-5499315.048189, -2250231.003964, 2310734.853397}","-",21.38096961,-157.73244663,"2026-08-03T22:00:00.000Z","UAV 1"
"FRT69009","Move to {-5499315.048189, -2250231.003964, 2310734.853397}","-",21.38066035,-157.73234161,"2026-08-03T22:00:00.000Z","UAV 1"
"ENGAZ004","Move to {-5499460.953457, -2250814.454542, 2309743.262342}","-",21.37336764,-157.73318922,"2026-08-03T22:00:00.000Z","UAV 1"
"ENMORT003","FFE-On-Location ""Location={-5498358.113175, -2250865.429793, 2312201.552453}""  Name of Weapons to Fire: Indirect-Fire-Gun:m9333he. Number-Of-Rounds: 1. Height-Above-Terrain: 0","-",21.37448817,-157.73726715,"2026-08-03T22:00:00.000Z","UAV 1"
"FRT69010","Move to {-5499315.048189, -2250231.003964, 2310734.853397}","-",21.38075758,-157.73208913,"2026-08-03T22:00:00.000Z","UAV 1"
"ENM1A2004","Move to {-5499107.729384, -2250754.164082, 2310538.606898}","-",21.37346980,-157.74313700,"2026-08-03T22:00:00.000Z","UAV 1"
"ENM35003","Move to {-5499460.953457, -2250814.454542, 2309743.262342}","-",21.37355752,-157.73315653,"2026-08-03T22:00:00.000Z","UAV 1"
"ENBTR60005","Move to {-5499107.729384, -2250754.164082, 2310538.606898}","-",21.36897693,-157.74069464,"2026-08-03T22:00:00.000Z","UAV 1"
"FRTRK2004","Move to {-5498755.048693, -2250824.434840, 2311307.787782}","-",21.38827558,-157.75027238,"2026-08-03T22:00:04.025Z","UAV 1"
"FRTRK1003","Move to {-5498755.048693, -2250824.434840, 2311307.787782}","-",21.38831417,-157.75022985,"2026-08-03T22:00:04.025Z","UAV 1"
"FRMORT002","FFE-On-Location ""Location={-5499132.853573, -2251193.466895, 2310064.199617}""  Name of Weapons to Fire: Indirect-Fire-Gun:m9333he. Number-Of-Rounds: 1. Height-Above-Terrain: 0","-",21.39124517,-157.73722922,"2026-08-03T22:00:04.025Z","UAV 1"
"FRTRK1001","Move to {-5498755.048693, -2250824.434840, 2311307.787782}","-",21.38845541,-157.75028788,"2026-08-03T22:00:04.025Z","UAV 1"
"FRMORT001","FFE-On-Location ""Location={-5499191.503627, -2251825.311346, 2309314.511859}""  Name of Weapons to Fire: Indirect-Fire-Gun:m9333he. Number-Of-Rounds: 1. Height-Above-Terrain: 0","-",21.39116652,-157.73700854,"2026-08-03T22:00:04.025Z","UAV 1"
"FRLAV002","Move to {-5499315.048189, -2250231.003964, 2310734.853397}","-",21.38990972,-157.74175378,"2026-08-03T22:00:04.025Z","UAV 1"
"FRLAV006","Move to {-5499315.048189, -2250231.003964, 2310734.853397}","-",21.38987113,-157.74207511,"2026-08-03T22:00:04.025Z","UAV 1"
"FRM113007","Move to {-5499315.048189, -2250231.003964, 2310734.853397}","-",21.39009843,-157.74184604,"2026-08-03T22:00:04.025Z","UAV 1"
"FRM113002","Move to {-5499315.048189, -2250231.003964, 2310734.853397}","-",21.38983385,-157.74169886,"2026-08-03T22:00:04.025Z","UAV 1"
"FRLAV008","Move to {-5499315.048189, -2250231.003964, 2310734.853397}","-",21.39001852,-157.74174904,"2026-08-03T22:00:04.025Z","UAV 1"
"FRM113006","Move to {-5499315.048189, -2250231.003964, 2310734.853397}","-",21.38990568,-157.74190826,"2026-08-03T22:00:04.025Z","UAV 1"
"FRMORT004","None","-",21.39105358,-157.73697074,"2026-08-03T22:00:04.025Z","UAV 1"
"FRTRK1005","Move to {-5498755.048693, -2250824.434840, 2311307.787782}","-",21.38820270,-157.75010000,"2026-08-03T22:00:04.025Z","UAV 1"
"FRLAV001","Move to {-5499315.048189, -2250231.003964, 2310734.853397}","-",21.38973763,-157.74171348,"2026-08-03T22:00:04.025Z","UAV 1"
"FRTRK2001","Move to {-5498755.048693, -2250824.434840, 2311307.787782}","-",21.38836770,-157.75033656,"2026-08-03T22:00:04.025Z","UAV 1"
"FRTRK2002","Move to {-5498755.048693, -2250824.434840, 2311307.787782}","-",21.38827847,-157.75045747,"2026-08-03T22:00:04.025Z","UAV 1"
"FRM113001","Move to {-5499315.048189, -2250231.003964, 2310734.853397}","-",21.38989687,-157.74163464,"2026-08-03T22:00:04.025Z","UAV 1"
"FRLAV005","Move to {-5499315.048189, -2250231.003964, 2310734.853397}","-",21.38998263,-157.74192962,"2026-08-03T22:00:04.025Z","UAV 1"
"FRTRK1002","Move to {-5498755.048693, -2250824.434840, 2311307.787782}","-",21.38835082,-157.75051987,"2026-08-03T22:00:04.025Z","UAV 1"
"FRM113004","Move to {-5499315.048189, -2250231.003964, 2310734.853397}","-",21.38980436,-157.74196534,"2026-08-03T22:00:04.025Z","UAV 1"
"FRTRK2003","Move to {-5498755.048693, -2250824.434840, 2311307.787782}","-",21.38811456,-157.75019627,"2026-08-03T22:00:04.025Z","UAV 1"
"FRLAV004","Move to {-5499315.048189, -2250231.003964, 2310734.853397}","-",21.38965444,-157.74153350,"2026-08-03T22:00:04.025Z","UAV 1"
"FRTRK1004","Move to {-5498755.048693, -2250824.434840, 2311307.787782}","-",21.38812444,-157.75024565,"2026-08-03T22:00:04.025Z","UAV 1"
"FRTRK2004","Move to {-5498755.048693, -2250824.434840, 2311307.787782}","-",21.38827558,-157.75027238,"2026-08-03T22:00:04.025Z","UAV 1"
"FRTRK1003","Move to {-5498755.048693, -2250824.434840, 2311307.787782}","-",21.38831417,-157.75022985,"2026-08-03T22:00:04.025Z","UAV 1"
"FRMORT002","FFE-On-Location ""Location={-5499132.853573, -2251193.466895, 2310064.199617}""  Name of Weapons to Fire: Indirect-Fire-Gun:m9333he. Number-Of-Rounds: 1. Height-Above-Terrain: 0","-",21.39124517,-157.73722922,"2026-08-03T22:00:04.025Z","UAV 1"
"FRTRK1001","Move to {-5498755.048693, -2250824.434840, 2311307.787782}","-",21.38845541,-157.75028788,"2026-08-03T22:00:04.025Z","UAV 1"
"FRMORT001","FFE-On-Location ""Location={-5499191.503627, -2251825.311346, 2309314.511859}""  Name of Weapons to Fire: Indirect-Fire-Gun:m9333he. Number-Of-Rounds: 1. Height-Above-Terrain: 0","-",21.39116652,-157.73700854,"2026-08-03T22:00:04.025Z","UAV 1"
"FRLAV002","Move to {-5499315.048189, -2250231.003964, 2310734.853397}","-",21.38990972,-157.74175378,"2026-08-03T22:00:04.025Z","UAV 1"
"FRLAV006","Move to {-5499315.048189, -2250231.003964, 2310734.853397}","-",21.38987113,-157.74207511,"2026-08-03T22:00:04.025Z","UAV 1"
"FRM113007","Move to {-5499315.048189, -2250231.003964, 2310734.853397}","-",21.39009843,-157.74184604,"2026-08-03T22:00:04.025Z","UAV 1"
"FRM113002","Move to {-5499315.048189, -2250231.003964, 2310734.853397}","-",21.38983385,-157.74169886,"2026-08-03T22:00:04.025Z","UAV 1"
"FRLAV008","Move to {-5499315.048189, -2250231.003964, 2310734.853397}","-",21.39001852,-157.74174904,"2026-08-03T22:00:04.025Z","UAV 1"
"FRM113006","Move to {-5499315.048189, -2250231.003964, 2310734.853397}","-",21.38990568,-157.74190826,"2026-08-03T22:00:04.025Z","UAV 1"
"FRMORT004","None","-",21.39105358,-157.73697074,"2026-08-03T22:00:04.025Z","UAV 1"
"FRTRK1005","Move to {-5498755.048693, -2250824.434840, 2311307.787782}","-",21.38820270,-157.75010000,"2026-08-03T22:00:04.025Z","UAV 1"
"FRLAV001","Move to {-5499315.048189, -2250231.003964, 2310734.853397}","-",21.38973763,-157.74171348,"2026-08-03T22:00:04.025Z","UAV 1"
"FRTRK2001","Move to {-5498755.048693, -2250824.434840, 2311307.787782}","-",21.38836770,-157.75033656,"2026-08-03T22:00:04.025Z","UAV 1"
"FRTRK2002","Move to {-5498755.048693, -2250824.434840, 2311307.787782}","-",21.38827847,-157.75045747,"2026-08-03T22:00:04.025Z","UAV 1"
"FRM113001","Move to {-5499315.048189, -2250231.003964, 2310734.853397}","-",21.38989687,-157.74163464,"2026-08-03T22:00:04.025Z","UAV 1"
"FRLAV005","Move to {-5499315.048189, -2250231.003964, 2310734.853397}","-",21.38998263,-157.74192962,"2026-08-03T22:00:04.025Z","UAV 1"
"FRTRK1002","Move to {-5498755.048693, -2250824.434840, 2311307.787782}","-",21.38835082,-157.75051987,"2026-08-03T22:00:04.025Z","UAV 1"
"FRM113004","Move to {-5499315.048189, -2250231.003964, 2310734.853397}","-",21.38980436,-157.74196534,"2026-08-03T22:00:04.025Z","UAV 1"
"FRTRK2003","Move to {-5498755.048693, -2250824.434840, 2311307.787782}","-",21.38811456,-157.75019627,"2026-08-03T22:00:04.025Z","UAV 1"
"FRLAV004","Move to {-5499315.048189, -2250231.003964, 2310734.853397}","-",21.38965444,-157.74153350,"2026-08-03T22:00:04.025Z","UAV 1"
"FRTRK1004","Move to {-5498755.048693, -2250824.434840, 2311307.787782}","-",21.38812444,-157.75024565,"2026-08-03T22:00:04.025Z","UAV 1"
"FRTRK2004","Move to {-5498755.048693, -2250824.434840, 2311307.787782}","-",21.38827558,-157.75027238,"2026-08-03T22:00:04.025Z","UAV 1"
"FRTRK1003","Move to {-5498755.048693, -2250824.434840, 2311307.787782}","-",21.38831417,-157.75022985,"2026-08-03T22:00:04.025Z","UAV 1"
"FRMORT002","FFE-On-Location ""Location={-5499132.853573, -2251193.466895, 2310064.199617}""  Name of Weapons to Fire: Indirect-Fire-Gun:m9333he. Number-Of-Rounds: 1. Height-Above-Terrain: 0","-",21.39124517,-157.73722922,"2026-08-03T22:00:04.025Z","UAV 1"
"FRTRK1001","Move to {-5498755.048693, -2250824.434840, 2311307.787782}","-",21.38845541,-157.75028788,"2026-08-03T22:00:04.025Z","UAV 1"
"FRMORT001","FFE-On-Location ""Location={-5499191.503627, -2251825.311346, 2309314.511859}""  Name of Weapons to Fire: Indirect-Fire-Gun:m9333he. Number-Of-Rounds: 1. Height-Above-Terrain: 0","-",21.39116652,-157.73700854,"2026-08-03T22:00:04.025Z","UAV 1"
"FRLAV002","Move to {-5499315.048189, -2250231.003964, 2310734.853397}","-",21.38990972,-157.74175378,"2026-08-03T22:00:04.025Z","UAV 1"
"FRLAV006","Move to {-5499315.048189, -2250231.003964, 2310734.853397}","-",21.38987113,-157.74207511,"2026-08-03T22:00:04.025Z","UAV 1"
"FRM113007","Move to {-5499315.048189, -2250231.003964, 2310734.853397}","-",21.39009843,-157.74184604,"2026-08-03T22:00:04.025Z","UAV 1"
"FRM113002","Move to {-5499315.048189, -2250231.003964, 2310734.853397}","-",21.38983385,-157.74169886,"2026-08-03T22:00:04.025Z","UAV 1"
"FRLAV008","Move to {-5499315.048189, -2250231.003964, 2310734.853397}","-",21.39001852,-157.74174904,"2026-08-03T22:00:04.025Z","UAV 1"
"FRM113006","Move to {-5499315.048189, -2250231.003964, 2310734.853397}","-",21.38990568,-157.74190826,"2026-08-03T22:00:04.025Z","UAV 1"
"FRMORT004","None","-",21.39105358,-157.73697074,"2026-08-03T22:00:04.025Z","UAV 1"
"FRTRK1005","Move to {-5498755.048693, -2250824.434840, 2311307.787782}","-",21.38820270,-157.75010000,"2026-08-03T22:00:04.025Z","UAV 1"
"FRLAV001","Move to {-5499315.048189, -2250231.003964, 2310734.853397}","-",21.38973763,-157.74171348,"2026-08-03T22:00:04.025Z","UAV 1"
"FRTRK2001","Move to {-5498755.048693, -2250824.434840, 2311307.787782}","-",21.38836770,-157.75033656,"2026-08-03T22:00:04.025Z","UAV 1"
"FRTRK2002","Move to {-5498755.048693, -2250824.434840, 2311307.787782}","-",21.38827847,-157.75045747,"2026-08-03T22:00:04.025Z","UAV 1"
"FRM113001","Move to {-5499315.048189, -2250231.003964, 2310734.853397}","-",21.38989687,-157.74163464,"2026-08-03T22:00:04.025Z","UAV 1"
"FRLAV005","Move to {-5499315.048189, -2250231.003964, 2310734.853397}","-",21.38998263,-157.74192962,"2026-08-03T22:00:04.025Z","UAV 1"
"FRTRK1002","Move to {-5498755.048693, -2250824.434840, 2311307.787782}","-",21.38835082,-157.75051987,"2026-08-03T22:00:04.025Z","UAV 1"
"FRM113004","Move to {-5499315.048189, -2250231.003964, 2310734.853397}","-",21.38980436,-157.74196534,"2026-08-03T22:00:04.025Z","UAV 1"
"FRTRK2003","Move to {-5498755.048693, -2250824.434840, 2311307.787782}","-",21.38811456,-157.75019627,"2026-08-03T22:00:04.025Z","UAV 1"
"FRLAV004","Move to {-5499315.048189, -2250231.003964, 2310734.853397}","-",21.38965444,-157.74153350,"2026-08-03T22:00:04.025Z","UAV 1"
"FRTRK1004","Move to {-5498755.048693, -2250824.434840, 2311307.787782}","-",21.38812444,-157.75024565,"2026-08-03T22:00:04.025Z","UAV 1"
"FRM901001","None","-",21.39546138,-157.73719974,"2026-08-03T22:00:16.168Z","UAV 1"
"FRAHS001","FFE-On-Location ""Location={-5499191.503627, -2251825.311346, 2309314.511859}""  Name of Weapons to Fire: Indirect-Fire-Gun:M107-155mm. Number-Of-Rounds: 1. Height-Above-Terrain: 0","-",21.39511611,-157.73746058,"2026-08-03T22:00:16.168Z","UAV 1"
"FRM109003","Move to {-5499516.453323, -2249726.423604, 2310685.859186}","-",21.39546527,-157.73741663,"2026-08-03T22:00:16.168Z","UAV 1"
"FRM109002","Move to {-5499315.048189, -2250231.003964, 2310734.853397}","-",21.39536070,-157.73730891,"2026-08-03T22:00:16.168Z","UAV 1"
"FRM109001","Move to {-5499516.453323, -2249726.423604, 2310685.859186}","-",21.39515683,-157.73702071,"2026-08-03T22:00:16.168Z","UAV 1"
"FRAHS002","FFE-On-Location ""Location={-5499132.853573, -2251193.466895, 2310064.199617}""  Name of Weapons to Fire: Indirect-Fire-Gun:M107-155mm. Number-Of-Rounds: 1. Height-Above-Terrain: 0","-",21.39520418,-157.73742074,"2026-08-03T22:00:16.168Z","UAV 1"
"FRM901001","None","-",21.39546138,-157.73719974,"2026-08-03T22:00:18.262Z","UAV 1"
"FRAHS001","FFE-On-Location ""Location={-5499191.503627, -2251825.311346, 2309314.511859}""  Name of Weapons to Fire: Indirect-Fire-Gun:M107-155mm. Number-Of-Rounds: 1. Height-Above-Terrain: 0","-",21.39511611,-157.73746058,"2026-08-03T22:00:18.262Z","UAV 1"
"FRM109003","Move to {-5499516.453323, -2249726.423604, 2310685.859186}","-",21.39550906,-157.73748344,"2026-08-03T22:00:18.262Z","UAV 1"
"FRM109002","Move to {-5499315.048189, -2250231.003964, 2310734.853397}","-",21.39540449,-157.73737572,"2026-08-03T22:00:18.262Z","UAV 1"
"FRM109001","Move to {-5499516.453323, -2249726.423604, 2310685.859186}","-",21.39520062,-157.73708751,"2026-08-03T22:00:18.262Z","UAV 1"
"FRAHS002","FFE-On-Location ""Location={-5499132.853573, -2251193.466895, 2310064.199617}""  Name of Weapons to Fire: Indirect-Fire-Gun:M107-155mm. Number-Of-Rounds: 1. Height-Above-Terrain: 0","-",21.39520418,-157.73742074,"2026-08-03T22:00:18.262Z","UAV 1"
"FRAHS001","FFE-On-Location ""Location={-5499191.503627, -2251825.311346, 2309314.511859}""  Name of Weapons to Fire: Indirect-Fire-Gun:M107-155mm. Number-Of-Rounds: 1. Height-Above-Terrain: 0","-",21.39511611,-157.73746058,"2026-08-03T22:00:20.471Z","UAV 1"
"FRM109003","Move to {-5499516.453323, -2249726.423604, 2310685.859186}","-",21.39543706,-157.73766370,"2026-08-03T22:00:20.471Z","UAV 1"
"FRM109002","Move to {-5499315.048189, -2250231.003964, 2310734.853397}","-",21.39533249,-157.73755598,"2026-08-03T22:00:20.471Z","UAV 1"
"ENM1A2003","Move to {-5499107.729384, -2250754.164082, 2310538.606898}","-",21.37332110,-157.74325039,"2026-08-03T22:00:00.000Z","UAV 1"
"ENT72007","Move to {-5499107.729384, -2250754.164082, 2310538.606898}","-",21.37116459,-157.74185204,"2026-08-03T22:00:00.000Z","UAV 1"
"ENT72003","Move to {-5499107.729384, -2250754.164082, 2310538.606898}","-",21.37142870,-157.74159647,"2026-08-03T22:00:00.000Z","UAV 1"
"ENT72012","Move to {-5499107.729384, -2250754.164082, 2310538.606898}","-",21.37135540,-157.74170428,"2026-08-03T22:00:00.000Z","UAV 1"
"ENMORT005","FFE-On-Location ""Location={-5499123.141030, -2250320.406046, 2311025.754248}""  Name of Weapons to Fire: Indirect-Fire-Gun:m9333he. Number-Of-Rounds: 1. Height-Above-Terrain: 0","-",21.37463885,-157.73701809,"2026-08-03T22:00:00.000Z","UAV 1"
"ENM1A2001","Move to {-5499107.729384, -2250754.164082, 2310538.606898}","-",21.37344826,-157.74288997,"2026-08-03T22:00:00.000Z","UAV 1"
"FRT69007","Move to {-5499315.048189, -2250231.003964, 2310734.853397}","-",21.38070294,-157.73204111,"2026-08-03T22:00:00.000Z","UAV 1"
"ENT72008","Move to {-5499107.729384, -2250754.164082, 2310538.606898}","-",21.37134233,-157.74168365,"2026-08-03T22:00:00.000Z","UAV 1"
"FRT69002","Move to {-5499315.048189, -2250231.003964, 2310734.853397}","-",21.38062312,-157.73220904,"2026-08-03T22:00:00.000Z","UAV 1"
"FRT69001","Move to {-5499315.048189, -2250231.003964, 2310734.853397}","-",21.38083049,-157.73220700,"2026-08-03T22:00:00.000Z","UAV 1"
"ENT72002","Move to {-5499107.729384, -2250754.164082, 2310538.606898}","-",21.37128608,-157.74157543,"2026-08-03T22:00:00.000Z","UAV 1"
"ENMORT004","FFE-On-Location ""Location={-5498511.672389, -2250935.799735, 2311770.746054}""  Name of Weapons to Fire: Indirect-Fire-Gun:m9333he. Number-Of-Rounds: 1. Height-Above-Terrain: 0","-",21.37449517,-157.73695548,"2026-08-03T22:00:00.000Z","UAV 1"
"ENM35004","Move to {-5499460.953457, -2250814.454542, 2309743.262342}","-",21.37321699,-157.73305944,"2026-08-03T22:00:00.000Z","UAV 1"
"ENGAZ001","Move to {-5499460.953457, -2250814.454542, 2309743.262342}","-",21.37337528,-157.73279257,"2026-08-03T22:00:00.000Z","UAV 1"
"ENBTR60006","Move to {-5499107.729384, -2250754.164082, 2310538.606898}","-",21.36897336,-157.74047149,"2026-08-03T22:00:00.000Z","UAV 1"
"FRT69006","Move to {-5499315.048189, -2250231.003964, 2310734.853397}","-",21.38096188,-157.73222439,"2026-08-03T22:00:00.000Z","UAV 1"
"ENBTR80004","Move to {-5499107.729384, -2250754.164082, 2310538.606898}","-",21.36892854,-157.74027557,"2026-08-03T22:00:00.000Z","UAV 1"
"ENBTR60003","Move to {-5499107.729384, -2250754.164082, 2310538.606898}","-",21.36886321,-157.74068485,"2026-08-03T22:00:00.000Z","UAV 1"
"ENM1A2002","Move to {-5499107.729384, -2250754.164082, 2310538.606898}","-",21.37356068,-157.74317200,"2026-08-03T22:00:00.000Z","UAV 1"
"ENCAESAR004","FFE-On-Location ""Location={-5499123.141030, -2250320.406046, 2311025.754248}""  Name of Weapons to Fire: Indirect-Fire-Gun:M107-155mm. Number-Of-Rounds: 1. Height-Above-Terrain: 0","-",21.36735946,-157.73175490,"2026-08-03T22:00:00.000Z","UAV 1"
"FRT69003","Move to {-5499315.048189, -2250231.003964, 2310734.853397}","-",21.38097332,-157.73240275,"2026-08-03T22:00:00.000Z","UAV 1"
"FRT69005","Move to {-5499315.048189, -2250231.003964, 2310734.853397}","-",21.38100014,-157.73233777,"2026-08-03T22:00:00.000Z","UAV 1"
"ENT72011","Move to {-5499107.729384, -2250754.164082, 2310538.606898}","-",21.37128822,-157.74162582,"2026-08-03T22:00:00.000Z","UAV 1"
"ENT72004","Move to {-5499107.729384, -2250754.164082, 2310538.606898}","-",21.37154521,-157.74163288,"2026-08-03T22:00:00.000Z","UAV 1"
"ENM35002","Move to {-5499460.953457, -2250814.454542, 2309743.262342}","-",21.37340544,-157.73283903,"2026-08-03T22:00:00.000Z","UAV 1"
"ENGAZ003","Move to {-5499460.953457, -2250814.454542, 2309743.262342}","-",21.37338431,-157.73326221,"2026-08-03T22:00:00.000Z","UAV 1"
"ENM35001","Move to {-5499460.953457, -2250814.454542, 2309743.262342}","-",21.37314687,-157.73312307,"2026-08-03T22:00:00.000Z","UAV 1"
"ENT72010","Move to {-5499107.729384, -2250754.164082, 2310538.606898}","-",21.37154256,-157.74155229,"2026-08-03T22:00:00.000Z","UAV 1"
"ENT72006","Move to {-5499107.729384, -2250754.164082, 2310538.606898}","-",21.37145835,-157.74180319,"2026-08-03T22:00:00.000Z","UAV 1"
"ENCAESAR003","FFE-On-Location ""Location={-5498511.672389, -2250935.799735, 2311770.746054}""  Name of Weapons to Fire: Indirect-Fire-Gun:M107-155mm. Number-Of-Rounds: 1. Height-Above-Terrain: 0","-",21.36719878,-157.73183038,"2026-08-03T22:00:00.000Z","UAV 1"
"ENMORT001","FFE-On-Location ""Location={-5499123.141030, -2250320.406046, 2311025.754248}""  Name of Weapons to Fire: Indirect-Fire-Gun:m9333he. Number-Of-Rounds: 1. Height-Above-Terrain: 0","-",21.37454920,-157.73726779,"2026-08-03T22:00:00.000Z","UAV 1"
"FRT69008","Move to {-5499315.048189, -2250231.003964, 2310734.853397}","-",21.38096961,-157.73244663,"2026-08-03T22:00:00.000Z","UAV 1"
"FRT69009","Move to {-5499315.048189, -2250231.003964, 2310734.853397}","-",21.38066035,-157.73234161,"2026-08-03T22:00:00.000Z","UAV 1"
"ENGAZ004","Move to {-5499460.953457, -2250814.454542, 2309743.262342}","-",21.37336764,-157.73318922,"2026-08-03T22:00:00.000Z","UAV 1"
"ENMORT003","FFE-On-Location ""Location={-5498358.113175, -2250865.429793, 2312201.552453}""  Name of Weapons to Fire: Indirect-Fire-Gun:m9333he. Number-Of-Rounds: 1. Height-Above-Terrain: 0","-",21.37448817,-157.73726715,"2026-08-03T22:00:00.000Z","UAV 1"
"FRT69010","Move to {-5499315.048189, -2250231.003964, 2310734.853397}","-",21.38075758,-157.73208913,"2026-08-03T22:00:00.000Z","UAV 1"
"ENM1A2004","Move to {-5499107.729384, -2250754.164082, 2310538.606898}","-",21.37346980,-157.74313700,"2026-08-03T22:00:00.000Z","UAV 1"
"ENM35003","Move to {-5499460.953457, -2250814.454542, 2309743.262342}","-",21.37355752,-157.73315653,"2026-08-03T22:00:00.000Z","UAV 1"
"ENBTR60005","Move to {-5499107.729384, -2250754.164082, 2310538.606898}","-",21.36897693,-157.74069464,"2026-08-03T22:00:00.000Z","UAV 1"
"ENM1A2003","Move to {-5499107.729384, -2250754.164082, 2310538.606898}","-",21.37332110,-157.74325039,"2026-08-03T22:00:00.000Z","UAV 1"
"ENT72007","Move to {-5499107.729384, -2250754.164082, 2310538.606898}","-",21.37116459,-157.74185204,"2026-08-03T22:00:00.000Z","UAV 1"
"ENT72003","Move to {-5499107.729384, -2250754.164082, 2310538.606898}","-",21.37142870,-157.74159647,"2026-08-03T22:00:00.000Z","UAV 1"
"ENT72012","Move to {-5499107.729384, -2250754.164082, 2310538.606898}","-",21.37135540,-157.74170428,"2026-08-03T22:00:00.000Z","UAV 1"
"ENMORT005","FFE-On-Location ""Location={-5499123.141030, -2250320.406046, 2311025.754248}""  Name of Weapons to Fire: Indirect-Fire-Gun:m9333he. Number-Of-Rounds: 1. Height-Above-Terrain: 0","-",21.37463885,-157.73701809,"2026-08-03T22:00:00.000Z","UAV 1"
"ENM1A2001","Move to {-5499107.729384, -2250754.164082, 2310538.606898}","-",21.37344826,-157.74288997,"2026-08-03T22:00:00.000Z","UAV 1"
"FRT69007","Move to {-5499315.048189, -2250231.003964, 2310734.853397}","-",21.38070294,-157.73204111,"2026-08-03T22:00:00.000Z","UAV 1"
"ENT72008","Move to {-5499107.729384, -2250754.164082, 2310538.606898}","-",21.37134233,-157.74168365,"2026-08-03T22:00:00.000Z","UAV 1"
"FRT69002","Move to {-5499315.048189, -2250231.003964, 2310734.853397}","-",21.38062312,-157.73220904,"2026-08-03T22:00:00.000Z","UAV 1"
"FRT69001","Move to {-5499315.048189, -2250231.003964, 2310734.853397}","-",21.38083049,-157.73220700,"2026-08-03T22:00:00.000Z","UAV 1"
"ENT72002","Move to {-5499107.729384, -2250754.164082, 2310538.606898}","-",21.37128608,-157.74157543,"2026-08-03T22:00:00.000Z","UAV 1"
"ENMORT004","FFE-On-Location ""Location={-5498511.672389, -2250935.799735, 2311770.746054}""  Name of Weapons to Fire: Indirect-Fire-Gun:m9333he. Number-Of-Rounds: 1. Height-Above-Terrain: 0","-",21.37449517,-157.73695548,"2026-08-03T22:00:00.000Z","UAV 1"
"ENM35004","Move to {-5499460.953457, -2250814.454542, 2309743.262342}","-",21.37321699,-157.73305944,"2026-08-03T22:00:00.000Z","UAV 1"
"ENGAZ001","Move to {-5499460.953457, -2250814.454542, 2309743.262342}","-",21.37337528,-157.73279257,"2026-08-03T22:00:00.000Z","UAV 1"
"ENBTR60006","Move to {-5499107.729384, -2250754.164082, 2310538.606898}","-",21.36897336,-157.74047149,"2026-08-03T22:00:00.000Z","UAV 1"
"FRT69006","Move to {-5499315.048189, -2250231.003964, 2310734.853397}","-",21.38096188,-157.73222439,"2026-08-03T22:00:00.000Z","UAV 1"
"ENBTR80004","Move to {-5499107.729384, -2250754.164082, 2310538.606898}","-",21.36892854,-157.74027557,"2026-08-03T22:00:00.000Z","UAV 1"
"ENBTR60003","Move to {-5499107.729384, -2250754.164082, 2310538.606898}","-",21.36886321,-157.74068485,"2026-08-03T22:00:00.000Z","UAV 1"
"ENM1A2002","Move to {-5499107.729384, -2250754.164082, 2310538.606898}","-",21.37356068,-157.74317200,"2026-08-03T22:00:00.000Z","UAV 1"
"ENCAESAR004","FFE-On-Location ""Location={-5499123.141030, -2250320.406046, 2311025.754248}""  Name of Weapons to Fire: Indirect-Fire-Gun:M107-155mm. Number-Of-Rounds: 1. Height-Above-Terrain: 0","-",21.36735946,-157.73175490,"2026-08-03T22:00:00.000Z","UAV 1"
"FRT69003","Move to {-5499315.048189, -2250231.003964, 2310734.853397}","-",21.38097332,-157.73240275,"2026-08-03T22:00:00.000Z","UAV 1"
"FRT69005","Move to {-5499315.048189, -2250231.003964, 2310734.853397}","-",21.38100014,-157.73233777,"2026-08-03T22:00:00.000Z","UAV 1"
"ENT72011","Move to {-5499107.729384, -2250754.164082, 2310538.606898}","-",21.37128822,-157.74162582,"2026-08-03T22:00:00.000Z","UAV 1"
"ENT72004","Move to {-5499107.729384, -2250754.164082, 2310538.606898}","-",21.37154521,-157.74163288,"2026-08-03T22:00:00.000Z","UAV 1"
"ENM35002","Move to {-5499460.953457, -2250814.454542, 2309743.262342}","-",21.37340544,-157.73283903,"2026-08-03T22:00:00.000Z","UAV 1"
"ENGAZ003","Move to {-5499460.953457, -2250814.454542, 2309743.262342}","-",21.37338431,-157.73326221,"2026-08-03T22:00:00.000Z","UAV 1"
"ENM35001","Move to {-5499460.953457, -2250814.454542, 2309743.262342}","-",21.37314687,-157.73312307,"2026-08-03T22:00:00.000Z","UAV 1"
"ENT72010","Move to {-5499107.729384, -2250754.164082, 2310538.606898}","-",21.37154256,-157.74155229,"2026-08-03T22:00:00.000Z","UAV 1"
"ENT72006","Move to {-5499107.729384, -2250754.164082, 2310538.606898}","-",21.37145835,-157.74180319,"2026-08-03T22:00:00.000Z","UAV 1"
"ENCAESAR003","FFE-On-Location ""Location={-5498511.672389, -2250935.799735, 2311770.746054}""  Name of Weapons to Fire: Indirect-Fire-Gun:M107-155mm. Number-Of-Rounds: 1. Height-Above-Terrain: 0","-",21.36719878,-157.73183038,"2026-08-03T22:00:00.000Z","UAV 1"
"ENMORT001","FFE-On-Location ""Location={-5499123.141030, -2250320.406046, 2311025.754248}""  Name of Weapons to Fire: Indirect-Fire-Gun:m9333he. Number-Of-Rounds: 1. Height-Above-Terrain: 0","-",21.37454920,-157.73726779,"2026-08-03T22:00:00.000Z","UAV 1"
"FRT69008","Move to {-5499315.048189, -2250231.003964, 2310734.853397}","-",21.38096961,-157.73244663,"2026-08-03T22:00:00.000Z","UAV 1"
"FRT69009","Move to {-5499315.048189, -2250231.003964, 2310734.853397}","-",21.38066035,-157.73234161,"2026-08-03T22:00:00.000Z","UAV 1"
"ENGAZ004","Move to {-5499460.953457, -2250814.454542, 2309743.262342}","-",21.37336764,-157.73318922,"2026-08-03T22:00:00.000Z","UAV 1"
"ENMORT003","FFE-On-Location ""Location={-5498358.113175, -2250865.429793, 2312201.552453}""  Name of Weapons to Fire: Indirect-Fire-Gun:m9333he. Number-Of-Rounds: 1. Height-Above-Terrain: 0","-",21.37448817,-157.73726715,"2026-08-03T22:00:00.000Z","UAV 1"
"FRT69010","Move to {-5499315.048189, -2250231.003964, 2310734.853397}","-",21.38075758,-157.73208913,"2026-08-03T22:00:00.000Z","UAV 1"
"ENM1A2004","Move to {-5499107.729384, -2250754.164082, 2310538.606898}","-",21.37346980,-157.74313700,"2026-08-03T22:00:00.000Z","UAV 1"
"ENM35003","Move to {-5499460.953457, -2250814.454542, 2309743.262342}","-",21.37355752,-157.73315653,"2026-08-03T22:00:00.000Z","UAV 1"
"ENBTR60005","Move to {-5499107.729384, -2250754.164082, 2310538.606898}","-",21.36897693,-157.74069464,"2026-08-03T22:00:00.000Z","UAV 1"
"ENMORT005","FFE-On-Location ""Location={-5499123.141030, -2250320.406046, 2311025.754248}""  Name of Weapons to Fire: Indirect-Fire-Gun:m9333he. Number-Of-Rounds: 1. Height-Above-Terrain: 0","-",21.37463885,-157.73701809,"2026-08-03T22:00:01.990Z","UAV 1"
"FRT69007","Move to {-5499315.048189, -2250231.003964, 2310734.853397}","-",21.38076781,-157.73209624,"2026-08-03T22:00:01.990Z","UAV 1"
"FRT69002","Move to {-5499315.048189, -2250231.003964, 2310734.853397}","-",21.38068799,-157.73226417,"2026-08-03T22:00:01.990Z","UAV 1"
"ENMORT004","FFE-On-Location ""Location={-5498511.672389, -2250935.799735, 2311770.746054}""  Name of Weapons to Fire: Indirect-Fire-Gun:m9333he. Number-Of-Rounds: 1. Height-Above-Terrain: 0","-",21.37449517,-157.73695548,"2026-08-03T22:00:01.990Z","UAV 1"
"ENM35004","Move to {-5499460.953457, -2250814.454542, 2309743.262342}","-",21.37326184,-157.73308814,"2026-08-03T22:00:01.990Z","UAV 1"
"FRT69006","Move to {-5499315.048189, -2250231.003964, 2310734.853397}","-",21.38102675,-157.73227952,"2026-08-03T22:00:01.990Z","UAV 1"
"FRT69003","Move to {-5499315.048189, -2250231.003964, 2310734.853397}","-",21.38103818,-157.73245788,"2026-08-03T22:00:01.990Z","UAV 1"
"FRT69005","Move to {-5499315.048189, -2250231.003964, 2310734.853397}","-",21.38106501,-157.73239290,"2026-08-03T22:00:01.990Z","UAV 1"
"ENGAZ003","Move to {-5499460.953457, -2250814.454542, 2309743.262342}","-",21.37345113,-157.73330460,"2026-08-03T22:00:01.990Z","UAV 1"
"ENM35001","Move to {-5499460.953457, -2250814.454542, 2309743.262342}","-",21.37319150,-157.73315160,"2026-08-03T22:00:01.990Z","UAV 1"
"ENMORT001","FFE-On-Location ""Location={-5499123.141030, -2250320.406046, 2311025.754248}""  Name of Weapons to Fire: Indirect-Fire-Gun:m9333he. Number-Of-Rounds: 1. Height-Above-Terrain: 0","-",21.37454920,-157.73726779,"2026-08-03T22:00:01.990Z","UAV 1"
"FRT69008","Move to {-5499315.048189, -2250231.003964, 2310734.853397}","-",21.38103447,-157.73250176,"2026-08-03T22:00:01.990Z","UAV 1"
"FRT69009","Move to {-5499315.048189, -2250231.003964, 2310734.853397}","-",21.38072522,-157.73239674,"2026-08-03T22:00:01.990Z","UAV 1"
"ENMORT003","FFE-On-Location ""Location={-5498358.113175, -2250865.429793, 2312201.552453}""  Name of Weapons to Fire: Indirect-Fire-Gun:m9333he. Number-Of-Rounds: 1. Height-Above-Terrain: 0","-",21.37448817,-157.73726715,"2026-08-03T22:00:01.990Z","UAV 1"
"FRT69010","Move to {-5499315.048189, -2250231.003964, 2310734.853397}","-",21.38082245,-157.73214426,"2026-08-03T22:00:01.990Z","UAV 1"
"ENM35003","Move to {-5499460.953457, -2250814.454542, 2309743.262342}","-",21.37360374,-157.73318638,"2026-08-03T22:00:01.990Z","UAV 1"
"ENMORT005","FFE-On-Location ""Location={-5499123.141030, -2250320.406046, 2311025.754248}""  Name of Weapons to Fire: Indirect-Fire-Gun:m9333he. Number-Of-Rounds: 1. Height-Above-Terrain: 0","-",21.37463885,-157.73701809,"2026-08-03T22:00:01.990Z","UAV 1"
"FRT69007","Move to {-5499315.048189, -2250231.003964, 2310734.853397}","-",21.38076781,-157.73209624,"2026-08-03T22:00:01.990Z","UAV 1"
"FRT69002","Move to {-5499315.048189, -2250231.003964, 2310734.853397}","-",21.38068799,-157.73226417,"2026-08-03T22:00:01.990Z","UAV 1"
"ENMORT004","FFE-On-Location ""Location={-5498511.672389, -2250935.799735, 2311770.746054}""  Name of Weapons to Fire: Indirect-Fire-Gun:m9333he. Number-Of-Rounds: 1. Height-Above-Terrain: 0","-",21.37449517,-157.73695548,"2026-08-03T22:00:01.990Z","UAV 1"
"ENM35004","Move to {-5499460.953457, -2250814.454542, 2309743.262342}","-",21.37326184,-157.73308814,"2026-08-03T22:00:01.990Z","UAV 1"
"FRT69006","Move to {-5499315.048189, -2250231.003964, 2310734.853397}","-",21.38102675,-157.73227952,"2026-08-03T22:00:01.990Z","UAV 1"
"FRT69003","Move to {-5499315.048189, -2250231.003964, 2310734.853397}","-",21.38103818,-157.73245788,"2026-08-03T22:00:01.990Z","UAV 1"
"FRT69005","Move to {-5499315.048189, -2250231.003964, 2310734.853397}","-",21.38106501,-157.73239290,"2026-08-03T22:00:01.990Z","UAV 1"
"ENGAZ003","Move to {-5499460.953457, -2250814.454542, 2309743.262342}","-",21.37345113,-157.73330460,"2026-08-03T22:00:01.990Z","UAV 1"
"ENM35001","Move to {-5499460.953457, -2250814.454542, 2309743.262342}","-",21.37319150,-157.73315160,"2026-08-03T22:00:01.990Z","UAV 1"
"ENMORT001","FFE-On-Location ""Location={-5499123.141030, -2250320.406046, 2311025.754248}""  Name of Weapons to Fire: Indirect-Fire-Gun:m9333he. Number-Of-Rounds: 1. Height-Above-Terrain: 0","-",21.37454920,-157.73726779,"2026-08-03T22:00:01.990Z","UAV 1"
"FRT69008","Move to {-5499315.048189, -2250231.003964, 2310734.853397}","-",21.38103447,-157.73250176,"2026-08-03T22:00:01.990Z","UAV 1"
"FRT69009","Move to {-5499315.048189, -2250231.003964, 2310734.853397}","-",21.38072522,-157.73239674,"2026-08-03T22:00:01.990Z","UAV 1"
"ENMORT003","FFE-On-Location ""Location={-5498358.113175, -2250865.429793, 2312201.552453}""  Name of Weapons to Fire: Indirect-Fire-Gun:m9333he. Number-Of-Rounds: 1. Height-Above-Terrain: 0","-",21.37448817,-157.73726715,"2026-08-03T22:00:01.990Z","UAV 1"
"FRT69010","Move to {-5499315.048189, -2250231.003964, 2310734.853397}","-",21.38082245,-157.73214426,"2026-08-03T22:00:01.990Z","UAV 1"
"ENM35003","Move to {-5499460.953457, -2250814.454542, 2309743.262342}","-",21.37360374,-157.73318638,"2026-08-03T22:00:01.990Z","UAV 1"
"FRTRK2004","Move to {-5498755.048693, -2250824.434840, 2311307.787782}","-",21.38827469,-157.75027110,"2026-08-03T22:00:03.964Z","UAV 1"
"FRTRK1003","Move to {-5498755.048693, -2250824.434840, 2311307.787782}","-",21.38831202,-157.75023504,"2026-08-03T22:00:03.964Z","UAV 1"
"FRMORT002","FFE-On-Location ""Location={-5499132.853573, -2251193.466895, 2310064.199617}""  Name of Weapons to Fire: Indirect-Fire-Gun:m9333he. Number-Of-Rounds: 1. Height-Above-Terrain: 0","-",21.39124517,-157.73722922,"2026-08-03T22:00:03.964Z","UAV 1"
"FRTRK1001","Move to {-5498755.048693, -2250824.434840, 2311307.787782}","-",21.38845401,-157.75029322,"2026-08-03T22:00:03.964Z","UAV 1"
"FRMORT001","FFE-On-Location ""Location={-5499191.503627, -2251825.311346, 2309314.511859}""  Name of Weapons to Fire: Indirect-Fire-Gun:m9333he. Number-Of-Rounds: 1. Height-Above-Terrain: 0","-",21.39116652,-157.73700854,"2026-08-03T22:00:03.964Z","UAV 1"
"FRLAV002","Move to {-5499315.048189, -2250231.003964, 2310734.853397}","-",21.38990950,-157.74175392,"2026-08-03T22:00:03.964Z","UAV 1"
"FRLAV006","Move to {-5499315.048189, -2250231.003964, 2310734.853397}","-",21.38987091,-157.74207525,"2026-08-03T22:00:03.964Z","UAV 1"
"FRM113007","Move to {-5499315.048189, -2250231.003964, 2310734.853397}","-",21.39009819,-157.74184604,"2026-08-03T22:00:03.964Z","UAV 1"
"FRM113002","Move to {-5499315.048189, -2250231.003964, 2310734.853397}","-",21.38983372,-157.74169886,"2026-08-03T22:00:03.964Z","UAV 1"
"FRLAV008","Move to {-5499315.048189, -2250231.003964, 2310734.853397}","-",21.39001829,-157.74174918,"2026-08-03T22:00:03.964Z","UAV 1"
"FRM113006","Move to {-5499315.048189, -2250231.003964, 2310734.853397}","-",21.38990547,-157.74190826,"2026-08-03T22:00:03.964Z","UAV 1"
"FRMORT004","None","-",21.39105358,-157.73697074,"2026-08-03T22:00:03.964Z","UAV 1"
"FRTRK1005","Move to {-5498755.048693, -2250824.434840, 2311307.787782}","-",21.38819963,-157.75010471,"2026-08-03T22:00:03.964Z","UAV 1"
"FRLAV001","Move to {-5499315.048189, -2250231.003964, 2310734.853397}","-",21.38973743,-157.74171360,"2026-08-03T22:00:03.964Z","UAV 1"
"FRTRK2001","Move to {-5498755.048693, -2250824.434840, 2311307.787782}","-",21.38836587,-157.75034163,"2026-08-03T22:00:03.964Z","UAV 1"
"FRTRK2002","Move to {-5498755.048693, -2250824.434840, 2311307.787782}","-",21.38827682,-157.75046171,"2026-08-03T22:00:03.964Z","UAV 1"
"FRM113001","Move to {-5499315.048189, -2250231.003964, 2310734.853397}","-",21.38989669,-157.74163464,"2026-08-03T22:00:03.964Z","UAV 1"
"FRLAV005","Move to {-5499315.048189, -2250231.003964, 2310734.853397}","-",21.38998241,-157.74192975,"2026-08-03T22:00:03.964Z","UAV 1"
"FRTRK1002","Move to {-5498755.048693, -2250824.434840, 2311307.787782}","-",21.38834921,-157.75052364,"2026-08-03T22:00:03.964Z","UAV 1"
"FRM113004","Move to {-5499315.048189, -2250231.003964, 2310734.853397}","-",21.38979609,-157.74195673,"2026-08-03T22:00:03.964Z","UAV 1"
"FRLAV007","Move to {-5499315.048189, -2250231.003964, 2310734.853397}","-",21.39004145,-157.74177880,"2026-08-03T22:00:03.964Z","UAV 1"
"FRTRK2003","Move to {-5498755.048693, -2250824.434840, 2311307.787782}","-",21.38811203,-157.75020119,"2026-08-03T22:00:03.964Z","UAV 1"
"FRLAV004","Move to {-5499315.048189, -2250231.003964, 2310734.853397}","-",21.38965553,-157.74152961,"2026-08-03T22:00:03.964Z","UAV 1"
"FRTRK1004","Move to {-5498755.048693, -2250824.434840, 2311307.787782}","-",21.38812223,-157.75025061,"2026-08-03T22:00:03.964Z","UAV 1"
"FRTRK2004","Move to {-5498755.048693, -2250824.434840, 2311307.787782}","-",21.38827469,-157.75027110,"2026-08-03T22:00:03.964Z","UAV 1"
"FRTRK1003","Move to {-5498755.048693, -2250824.434840, 2311307.787782}","-",21.38831202,-157.75023504,"2026-08-03T22:00:03.964Z","UAV 1"
"FRMORT002","FFE-On-Location ""Location={-5499132.853573, -2251193.466895, 2310064.199617}""  Name of Weapons to Fire: Indirect-Fire-Gun:m9333he. Number-Of-Rounds: 1. Height-Above-Terrain: 0","-",21.39124517,-157.73722922,"2026-08-03T22:00:03.964Z","UAV 1"
"FRTRK1001","Move to {-5498755.048693, -2250824.434840, 2311307.787782}","-",21.38845401,-157.75029322,"2026-08-03T22:00:03.964Z","UAV 1"
"FRMORT001","FFE-On-Location ""Location={-5499191.503627, -2251825.311346, 2309314.511859}""  Name of Weapons to Fire: Indirect-Fire-Gun:m9333he. Number-Of-Rounds: 1. Height-Above-Terrain: 0","-",21.39116652,-157.73700854,"2026-08-03T22:00:03.964Z","UAV 1"
"FRLAV002","Move to {-5499315.048189, -2250231.003964, 2310734.853397}","-",21.38990950,-157.74175392,"2026-08-03T22:00:03.964Z","UAV 1"
"FRLAV006","Move to {-5499315.048189, -2250231.003964, 2310734.853397}","-",21.38987091,-157.74207525,"2026-08-03T22:00:03.964Z","UAV 1"
"FRM113007","Move to {-5499315.048189, -2250231.003964, 2310734.853397}","-",21.39009819,-157.74184604,"2026-08-03T22:00:03.964Z","UAV 1"
"FRM113002","Move to {-5499315.048189, -2250231.003964, 2310734.853397}","-",21.38983372,-157.74169886,"2026-08-03T22:00:03.964Z","UAV 1"
"FRLAV008","Move to {-5499315.048189, -2250231.003964, 2310734.853397}","-",21.39001829,-157.74174918,"2026-08-03T22:00:03.964Z","UAV 1"
"FRM113006","Move to {-5499315.048189, -2250231.003964, 2310734.853397}","-",21.38990547,-157.74190826,"2026-08-03T22:00:03.964Z","UAV 1"
"FRMORT004","None","-",21.39105358,-157.73697074,"2026-08-03T22:00:03.964Z","UAV 1"
"FRTRK1005","Move to {-5498755.048693, -2250824.434840, 2311307.787782}","-",21.38819963,-157.75010471,"2026-08-03T22:00:03.964Z","UAV 1"
"FRLAV001","Move to {-5499315.048189, -2250231.003964, 2310734.853397}","-",21.38973743,-157.74171360,"2026-08-03T22:00:03.964Z","UAV 1"
"FRTRK2001","Move to {-5498755.048693, -2250824.434840, 2311307.787782}","-",21.38836587,-157.75034163,"2026-08-03T22:00:03.964Z","UAV 1"
"FRTRK2002","Move to {-5498755.048693, -2250824.434840, 2311307.787782}","-",21.38827682,-157.75046171,"2026-08-03T22:00:03.964Z","UAV 1"
"FRM113001","Move to {-5499315.048189, -2250231.003964, 2310734.853397}","-",21.38989669,-157.74163464,"2026-08-03T22:00:03.964Z","UAV 1"
"FRLAV005","Move to {-5499315.048189, -2250231.003964, 2310734.853397}","-",21.38998241,-157.74192975,"2026-08-03T22:00:03.964Z","UAV 1"
"FRTRK1002","Move to {-5498755.048693, -2250824.434840, 2311307.787782}","-",21.38834921,-157.75052364,"2026-08-03T22:00:03.964Z","UAV 1"
"FRM113004","Move to {-5499315.048189, -2250231.003964, 2310734.853397}","-",21.38979609,-157.74195673,"2026-08-03T22:00:03.964Z","UAV 1"
"FRLAV007","Move to {-5499315.048189, -2250231.003964, 2310734.853397}","-",21.39004145,-157.74177880,"2026-08-03T22:00:03.964Z","UAV 1"
"FRTRK2003","Move to {-5498755.048693, -2250824.434840, 2311307.787782}","-",21.38811203,-157.75020119,"2026-08-03T22:00:03.964Z","UAV 1"
"FRLAV004","Move to {-5499315.048189, -2250231.003964, 2310734.853397}","-",21.38965553,-157.74152961,"2026-08-03T22:00:03.964Z","UAV 1"
"FRTRK1004","Move to {-5498755.048693, -2250824.434840, 2311307.787782}","-",21.38812223,-157.75025061,"2026-08-03T22:00:03.964Z","UAV 1"
"FRM901001","None","-",21.39546138,-157.73719974,"2026-08-03T22:00:16.254Z","UAV 1"
"FRAHS001","FFE-On-Location ""Location={-5499191.503627, -2251825.311346, 2309314.511859}""  Name of Weapons to Fire: Indirect-Fire-Gun:M107-155mm. Number-Of-Rounds: 1. Height-Above-Terrain: 0","-",21.39511611,-157.73746058,"2026-08-03T22:00:16.254Z","UAV 1"
"FRM109003","Move to {-5499516.453323, -2249726.423604, 2310685.859186}","-",21.39546692,-157.73741680,"2026-08-03T22:00:16.254Z","UAV 1"
"FRM109002","Move to {-5499315.048189, -2250231.003964, 2310734.853397}","-",21.39536235,-157.73730908,"2026-08-03T22:00:16.254Z","UAV 1"
"FRM109001","Move to {-5499516.453323, -2249726.423604, 2310685.859186}","-",21.39515848,-157.73702088,"2026-08-03T22:00:16.254Z","UAV 1"
"FRAHS002","FFE-On-Location ""Location={-5499132.853573, -2251193.466895, 2310064.199617}""  Name of Weapons to Fire: Indirect-Fire-Gun:M107-155mm. Number-Of-Rounds: 1. Height-Above-Terrain: 0","-",21.39520418,-157.73742074,"2026-08-03T22:00:16.254Z","UAV 1"
"FRM109004","Move to {-5499315.048189, -2250231.003964, 2310734.853397}","-",21.39459433,-157.73788733,"2026-08-03T22:00:16.254Z","UAV 1"
"FRM901001","None","-",21.39546138,-157.73719974,"2026-08-03T22:00:18.345Z","UAV 1"
"FRAHS001","FFE-On-Location ""Location={-5499191.503627, -2251825.311346, 2309314.511859}""  Name of Weapons to Fire: Indirect-Fire-Gun:M107-155mm. Number-Of-Rounds: 1. Height-Above-Terrain: 0","-",21.39511611,-157.73746058,"2026-08-03T22:00:18.345Z","UAV 1"
"FRM109003","Move to {-5499516.453323, -2249726.423604, 2310685.859186}","-",21.39550829,-157.73749327,"2026-08-03T22:00:18.345Z","UAV 1"
"FRM109002","Move to {-5499315.048189, -2250231.003964, 2310734.853397}","-",21.39540371,-157.73738555,"2026-08-03T22:00:18.345Z","UAV 1"
"FRM109001","Move to {-5499516.453323, -2249726.423604, 2310685.859186}","-",21.39519985,-157.73709735,"2026-08-03T22:00:18.345Z","UAV 1"
"FRAHS002","FFE-On-Location ""Location={-5499132.853573, -2251193.466895, 2310064.199617}""  Name of Weapons to Fire: Indirect-Fire-Gun:M107-155mm. Number-Of-Rounds: 1. Height-Above-Terrain: 0","-",21.39520418,-157.73742074,"2026-08-03T22:00:18.345Z","UAV 1"
"FRAHS001","FFE-On-Location ""Location={-5499191.503627, -2251825.311346, 2309314.511859}""  Name of Weapons to Fire: Indirect-Fire-Gun:M107-155mm. Number-Of-Rounds: 1. Height-Above-Terrain: 0","-",21.39511611,-157.73746058,"2026-08-03T22:00:20.226Z","UAV 1"
"FRM109003","Move to {-5499516.453323, -2249726.423604, 2310685.859186}","-",21.39544695,-157.73764791,"2026-08-03T22:00:20.226Z","UAV 1"
"FRM109002","Move to {-5499315.048189, -2250231.003964, 2310734.853397}","-",21.39534238,-157.73754019,"2026-08-03T22:00:20.226Z","UAV 1"
"FRAHS001","FFE-On-Location ""Location={-5499191.503627, -2251825.311346, 2309314.511859}""  Name of Weapons to Fire: Indirect-Fire-Gun:M107-155mm. Number-Of-Rounds: 1. Height-Above-Terrain: 0","-",21.39511611,-157.73746058,"2026-08-03T22:00:20.226Z","UAV 1"
"FRM109003","Move to {-5499516.453323, -2249726.423604, 2310685.859186}","-",21.39544695,-157.73764791,"2026-08-03T22:00:20.226Z","UAV 1"
"FRM109002","Move to {-5499315.048189, -2250231.003964, 2310734.853397}","-",21.39534238,-157.73754019,"2026-08-03T22:00:20.226Z","UAV 1"
"ENM1A2003","Move to {-5499107.729384, -2250754.164082, 2310538.606898}","-",21.37332109,-157.74325039,"2026-08-03T22:00:00.000Z","UAV 1"
"ENT72007","Move to {-5499107.729384, -2250754.164082, 2310538.606898}","-",21.37116459,-157.74185204,"2026-08-03T22:00:00.000Z","UAV 1"
"ENT72003","Move to {-5499107.729384, -2250754.164082, 2310538.606898}","-",21.37142869,-157.74159647,"2026-08-03T22:00:00.000Z","UAV 1"
"ENT72012","Move to {-5499107.729384, -2250754.164082, 2310538.606898}","-",21.37135540,-157.74170428,"2026-08-03T22:00:00.000Z","UAV 1"
"ENMORT005","FFE-On-Location ""Location={-5499123.141030, -2250320.406046, 2311025.754248}""  Name of Weapons to Fire: Indirect-Fire-Gun:m9333he. Number-Of-Rounds: 1. Height-Above-Terrain: 0","-",21.37463885,-157.73701809,"2026-08-03T22:00:00.000Z","UAV 1"
"ENM1A2001","Move to {-5499107.729384, -2250754.164082, 2310538.606898}","-",21.37344826,-157.74288997,"2026-08-03T22:00:00.000Z","UAV 1"
"FRT69007","Move to {-5499315.048189, -2250231.003964, 2310734.853397}","-",21.38070294,-157.73204111,"2026-08-03T22:00:00.000Z","UAV 1"
"ENT72008","Move to {-5499107.729384, -2250754.164082, 2310538.606898}","-",21.37134233,-157.74168365,"2026-08-03T22:00:00.000Z","UAV 1"
"FRT69002","Move to {-5499315.048189, -2250231.003964, 2310734.853397}","-",21.38062312,-157.73220904,"2026-08-03T22:00:00.000Z","UAV 1"
"FRT69001","Move to {-5499315.048189, -2250231.003964, 2310734.853397}","-",21.38083049,-157.73220700,"2026-08-03T22:00:00.000Z","UAV 1"
"ENT72002","Move to {-5499107.729384, -2250754.164082, 2310538.606898}","-",21.37128608,-157.74157543,"2026-08-03T22:00:00.000Z","UAV 1"
"ENMORT004","FFE-On-Location ""Location={-5498511.672389, -2250935.799735, 2311770.746054}""  Name of Weapons to Fire: Indirect-Fire-Gun:m9333he. Number-Of-Rounds: 1. Height-Above-Terrain: 0","-",21.37449517,-157.73695548,"2026-08-03T22:00:00.000Z","UAV 1"
"ENM35004","Move to {-5499460.953457, -2250814.454542, 2309743.262342}","-",21.37321699,-157.73305944,"2026-08-03T22:00:00.000Z","UAV 1"
"ENGAZ001","Move to {-5499460.953457, -2250814.454542, 2309743.262342}","-",21.37337528,-157.73279257,"2026-08-03T22:00:00.000Z","UAV 1"
"ENBTR60006","Move to {-5499107.729384, -2250754.164082, 2310538.606898}","-",21.36897336,-157.74047149,"2026-08-03T22:00:00.000Z","UAV 1"
"FRT69006","Move to {-5499315.048189, -2250231.003964, 2310734.853397}","-",21.38096188,-157.73222439,"2026-08-03T22:00:00.000Z","UAV 1"
"ENBTR80004","Move to {-5499107.729384, -2250754.164082, 2310538.606898}","-",21.36892854,-157.74027557,"2026-08-03T22:00:00.000Z","UAV 1"
"ENBTR60003","Move to {-5499107.729384, -2250754.164082, 2310538.606898}","-",21.36886321,-157.74068485,"2026-08-03T22:00:00.000Z","UAV 1"
"ENM1A2002","Move to {-5499107.729384, -2250754.164082, 2310538.606898}","-",21.37356068,-157.74317200,"2026-08-03T22:00:00.000Z","UAV 1"
"ENCAESAR004","FFE-On-Location ""Location={-5499123.141030, -2250320.406046, 2311025.754248}""  Name of Weapons to Fire: Indirect-Fire-Gun:M107-155mm. Number-Of-Rounds: 1. Height-Above-Terrain: 0","-",21.36735946,-157.73175490,"2026-08-03T22:00:00.000Z","UAV 1"
"FRT69003","Move to {-5499315.048189, -2250231.003964, 2310734.853397}","-",21.38097332,-157.73240275,"2026-08-03T22:00:00.000Z","UAV 1"
"FRT69005","Move to {-5499315.048189, -2250231.003964, 2310734.853397}","-",21.38100014,-157.73233777,"2026-08-03T22:00:00.000Z","UAV 1"
"ENT72011","Move to {-5499107.729384, -2250754.164082, 2310538.606898}","-",21.37128822,-157.74162582,"2026-08-03T22:00:00.000Z","UAV 1"
"ENT72004","Move to {-5499107.729384, -2250754.164082, 2310538.606898}","-",21.37154521,-157.74163288,"2026-08-03T22:00:00.000Z","UAV 1"
"ENM35002","Move to {-5499460.953457, -2250814.454542, 2309743.262342}","-",21.37340544,-157.73283903,"2026-08-03T22:00:00.000Z","UAV 1"
"ENGAZ003","Move to {-5499460.953457, -2250814.454542, 2309743.262342}","-",21.37338431,-157.73326221,"2026-08-03T22:00:00.000Z","UAV 1"
"ENM35001","Move to {-5499460.953457, -2250814.454542, 2309743.262342}","-",21.37314687,-157.73312307,"2026-08-03T22:00:00.000Z","UAV 1"
"ENT72010","Move to {-5499107.729384, -2250754.164082, 2310538.606898}","-",21.37154256,-157.74155229,"2026-08-03T22:00:00.000Z","UAV 1"
"ENT72006","Move to {-5499107.729384, -2250754.164082, 2310538.606898}","-",21.37145835,-157.74180319,"2026-08-03T22:00:00.000Z","UAV 1"
"ENCAESAR003","FFE-On-Location ""Location={-5498511.672389, -2250935.799735, 2311770.746054}""  Name of Weapons to Fire: Indirect-Fire-Gun:M107-155mm. Number-Of-Rounds: 1. Height-Above-Terrain: 0","-",21.36719878,-157.73183038,"2026-08-03T22:00:00.000Z","UAV 1"
"ENMORT001","FFE-On-Location ""Location={-5499123.141030, -2250320.406046, 2311025.754248}""  Name of Weapons to Fire: Indirect-Fire-Gun:m9333he. Number-Of-Rounds: 1. Height-Above-Terrain: 0","-",21.37454920,-157.73726779,"2026-08-03T22:00:00.000Z","UAV 1"
"FRT69008","Move to {-5499315.048189, -2250231.003964, 2310734.853397}","-",21.38096961,-157.73244663,"2026-08-03T22:00:00.000Z","UAV 1"
"FRT69009","Move to {-5499315.048189, -2250231.003964, 2310734.853397}","-",21.38066035,-157.73234161,"2026-08-03T22:00:00.000Z","UAV 1"
"ENGAZ004","Move to {-5499460.953457, -2250814.454542, 2309743.262342}","-",21.37336764,-157.73318922,"2026-08-03T22:00:00.000Z","UAV 1"
"ENMORT003","FFE-On-Location ""Location={-5498358.113175, -2250865.429793, 2312201.552453}""  Name of Weapons to Fire: Indirect-Fire-Gun:m9333he. Number-Of-Rounds: 1. Height-Above-Terrain: 0","-",21.37448817,-157.73726715,"2026-08-03T22:00:00.000Z","UAV 1"
"FRT69010","Move to {-5499315.048189, -2250231.003964, 2310734.853397}","-",21.38075758,-157.73208913,"2026-08-03T22:00:00.000Z","UAV 1"
"ENM1A2004","Move to {-5499107.729384, -2250754.164082, 2310538.606898}","-",21.37346980,-157.74313700,"2026-08-03T22:00:00.000Z","UAV 1"
"ENM35003","Move to {-5499460.953457, -2250814.454542, 2309743.262342}","-",21.37355752,-157.73315653,"2026-08-03T22:00:00.000Z","UAV 1"
"ENBTR60005","Move to {-5499107.729384, -2250754.164082, 2310538.606898}","-",21.36897693,-157.74069464,"2026-08-03T22:00:00.000Z","UAV 1"
"FRTRK2004","Move to {-5498755.048693, -2250824.434840, 2311307.787782}","-",21.38827278,-157.75027074,"2026-08-03T22:00:03.862Z","UAV 1"
"FRT80001","Move to {-5499315.048189, -2250231.003964, 2310734.853397}","-",21.37550806,-157.75288382,"2026-08-03T22:00:03.862Z","UAV 1"
"FRTRK1003","Move to {-5498755.048693, -2250824.434840, 2311307.787782}","-",21.38830869,-157.75024342,"2026-08-03T22:00:03.862Z","UAV 1"
"FRT80002","Move to {-5499315.048189, -2250231.003964, 2310734.853397}","-",21.37535816,-157.75325908,"2026-08-03T22:00:03.862Z","UAV 1"
"FRMORT002","FFE-On-Location ""Location={-5499132.853573, -2251193.466895, 2310064.199617}""  Name of Weapons to Fire: Indirect-Fire-Gun:m9333he. Number-Of-Rounds: 1. Height-Above-Terrain: 0","-",21.39124517,-157.73722922,"2026-08-03T22:00:03.862Z","UAV 1"
"FRTRK1001","Move to {-5498755.048693, -2250824.434840, 2311307.787782}","-",21.38845104,-157.75030185,"2026-08-03T22:00:03.862Z","UAV 1"
"FRMORT001","FFE-On-Location ""Location={-5499191.503627, -2251825.311346, 2309314.511859}""  Name of Weapons to Fire: Indirect-Fire-Gun:m9333he. Number-Of-Rounds: 1. Height-Above-Terrain: 0","-",21.39116652,-157.73700854,"2026-08-03T22:00:03.862Z","UAV 1"
"FRLAV002","Move to {-5499315.048189, -2250231.003964, 2310734.853397}","-",21.38990914,-157.74175414,"2026-08-03T22:00:03.862Z","UAV 1"
"FRLAV006","Move to {-5499315.048189, -2250231.003964, 2310734.853397}","-",21.38987054,-157.74207547,"2026-08-03T22:00:03.862Z","UAV 1"
"FRM113007","Move to {-5499315.048189, -2250231.003964, 2310734.853397}","-",21.39009780,-157.74184604,"2026-08-03T22:00:03.862Z","UAV 1"
"FRM113002","Move to {-5499315.048189, -2250231.003964, 2310734.853397}","-",21.38983352,-157.74169886,"2026-08-03T22:00:03.862Z","UAV 1"
"FRLAV008","Move to {-5499315.048189, -2250231.003964, 2310734.853397}","-",21.39001791,-157.74174941,"2026-08-03T22:00:03.862Z","UAV 1"
"FRT80008","Move to {-5499315.048189, -2250231.003964, 2310734.853397}","-",21.37550809,-157.75300652,"2026-08-03T22:00:03.862Z","UAV 1"
"FRM113006","Move to {-5499315.048189, -2250231.003964, 2310734.853397}","-",21.38990512,-157.74190826,"2026-08-03T22:00:03.862Z","UAV 1"
"FRMORT004","None","-",21.39105358,-157.73697074,"2026-08-03T22:00:03.862Z","UAV 1"
"FRTRK1005","Move to {-5498755.048693, -2250824.434840, 2311307.787782}","-",21.38819535,-157.75011219,"2026-08-03T22:00:03.862Z","UAV 1"
"FRT80006","Move to {-5499315.048189, -2250231.003964, 2310734.853397}","-",21.37532312,-157.75292295,"2026-08-03T22:00:03.862Z","UAV 1"
"FRT80007","Move to {-5499315.048189, -2250231.003964, 2310734.853397}","-",21.37512269,-157.75286959,"2026-08-03T22:00:03.862Z","UAV 1"
"FRLAV001","Move to {-5499315.048189, -2250231.003964, 2310734.853397}","-",21.38973710,-157.74171381,"2026-08-03T22:00:03.862Z","UAV 1"
"FRTRK2001","Move to {-5498755.048693, -2250824.434840, 2311307.787782}","-",21.38836259,-157.75035077,"2026-08-03T22:00:03.862Z","UAV 1"
"FRTRK2002","Move to {-5498755.048693, -2250824.434840, 2311307.787782}","-",21.38827257,-157.75047202,"2026-08-03T22:00:03.862Z","UAV 1"
"FRM113001","Move to {-5499315.048189, -2250231.003964, 2310734.853397}","-",21.38989638,-157.74163464,"2026-08-03T22:00:03.862Z","UAV 1"
"FRLAV005","Move to {-5499315.048189, -2250231.003964, 2310734.853397}","-",21.38998203,-157.74192999,"2026-08-03T22:00:03.862Z","UAV 1"
"FRTRK1002","Move to {-5498755.048693, -2250824.434840, 2311307.787782}","-",21.38834478,-157.75053405,"2026-08-03T22:00:03.862Z","UAV 1"
"FRM113004","Move to {-5499315.048189, -2250231.003964, 2310734.853397}","-",21.38979401,-157.74195643,"2026-08-03T22:00:03.862Z","UAV 1"
"FRTRK2003","Move to {-5498755.048693, -2250824.434840, 2311307.787782}","-",21.38810791,-157.75020980,"2026-08-03T22:00:03.862Z","UAV 1"
"FRLAV004","Move to {-5499315.048189, -2250231.003964, 2310734.853397}","-",21.38965786,-157.74151828,"2026-08-03T22:00:03.862Z","UAV 1"
"FRTRK1004","Move to {-5498755.048693, -2250824.434840, 2311307.787782}","-",21.38811839,-157.75025965,"2026-08-03T22:00:03.862Z","UAV 1"
"FRTRK2004","Move to {-5498755.048693, -2250824.434840, 2311307.787782}","-",21.38827278,-157.75027074,"2026-08-03T22:00:03.862Z","UAV 1"
"FRT80001","Move to {-5499315.048189, -2250231.003964, 2310734.853397}","-",21.37550806,-157.75288382,"2026-08-03T22:00:03.862Z","UAV 1"
"FRTRK1003","Move to {-5498755.048693, -2250824.434840, 2311307.787782}","-",21.38830869,-157.75024342,"2026-08-03T22:00:03.862Z","UAV 1"
"FRT80002","Move to {-5499315.048189, -2250231.003964, 2310734.853397}","-",21.37535816,-157.75325908,"2026-08-03T22:00:03.862Z","UAV 1"
"FRMORT002","FFE-On-Location ""Location={-5499132.853573, -2251193.466895, 2310064.199617}""  Name of Weapons to Fire: Indirect-Fire-Gun:m9333he. Number-Of-Rounds: 1. Height-Above-Terrain: 0","-",21.39124517,-157.73722922,"2026-08-03T22:00:03.862Z","UAV 1"
"FRTRK1001","Move to {-5498755.048693, -2250824.434840, 2311307.787782}","-",21.38845104,-157.75030185,"2026-08-03T22:00:03.862Z","UAV 1"
"FRMORT001","FFE-On-Location ""Location={-5499191.503627, -2251825.311346, 2309314.511859}""  Name of Weapons to Fire: Indirect-Fire-Gun:m9333he. Number-Of-Rounds: 1. Height-Above-Terrain: 0","-",21.39116652,-157.73700854,"2026-08-03T22:00:03.862Z","UAV 1"
"FRLAV002","Move to {-5499315.048189, -2250231.003964, 2310734.853397}","-",21.38990914,-157.74175414,"2026-08-03T22:00:03.862Z","UAV 1"
"FRLAV006","Move to {-5499315.048189, -2250231.003964, 2310734.853397}","-",21.38987054,-157.74207547,"2026-08-03T22:00:03.862Z","UAV 1"
"FRM113007","Move to {-5499315.048189, -2250231.003964, 2310734.853397}","-",21.39009780,-157.74184604,"2026-08-03T22:00:03.862Z","UAV 1"
"FRM113002","Move to {-5499315.048189, -2250231.003964, 2310734.853397}","-",21.38983352,-157.74169886,"2026-08-03T22:00:03.862Z","UAV 1"
"FRLAV008","Move to {-5499315.048189, -2250231.003964, 2310734.853397}","-",21.39001791,-157.74174941,"2026-08-03T22:00:03.862Z","UAV 1"
"FRT80008","Move to {-5499315.048189, -2250231.003964, 2310734.853397}","-",21.37550809,-157.75300652,"2026-08-03T22:00:03.862Z","UAV 1"
"FRM113006","Move to {-5499315.048189, -2250231.003964, 2310734.853397}","-",21.38990512,-157.74190826,"2026-08-03T22:00:03.862Z","UAV 1"
"FRMORT004","None","-",21.39105358,-157.73697074,"2026-08-03T22:00:03.862Z","UAV 1"
"FRTRK1005","Move to {-5498755.048693, -2250824.434840, 2311307.787782}","-",21.38819535,-157.75011219,"2026-08-03T22:00:03.862Z","UAV 1"
"FRT80006","Move to {-5499315.048189, -2250231.003964, 2310734.853397}","-",21.37532312,-157.75292295,"2026-08-03T22:00:03.862Z","UAV 1"
"FRT80007","Move to {-5499315.048189, -2250231.003964, 2310734.853397}","-",21.37512269,-157.75286959,"2026-08-03T22:00:03.862Z","UAV 1"
"FRLAV001","Move to {-5499315.048189, -2250231.003964, 2310734.853397}","-",21.38973710,-157.74171381,"2026-08-03T22:00:03.862Z","UAV 1"
"FRTRK2001","Move to {-5498755.048693, -2250824.434840, 2311307.787782}","-",21.38836259,-157.75035077,"2026-08-03T22:00:03.862Z","UAV 1"
"FRTRK2002","Move to {-5498755.048693, -2250824.434840, 2311307.787782}","-",21.38827257,-157.75047202,"2026-08-03T22:00:03.862Z","UAV 1"
"FRM113001","Move to {-5499315.048189, -2250231.003964, 2310734.853397}","-",21.38989638,-157.74163464,"2026-08-03T22:00:03.862Z","UAV 1"
"FRLAV005","Move to {-5499315.048189, -2250231.003964, 2310734.853397}","-",21.38998203,-157.74192999,"2026-08-03T22:00:03.862Z","UAV 1"
"FRTRK1002","Move to {-5498755.048693, -2250824.434840, 2311307.787782}","-",21.38834478,-157.75053405,"2026-08-03T22:00:03.862Z","UAV 1"
"FRM113004","Move to {-5499315.048189, -2250231.003964, 2310734.853397}","-",21.38979401,-157.74195643,"2026-08-03T22:00:03.862Z","UAV 1"
"FRTRK2003","Move to {-5498755.048693, -2250824.434840, 2311307.787782}","-",21.38810791,-157.75020980,"2026-08-03T22:00:03.862Z","UAV 1"
"FRLAV004","Move to {-5499315.048189, -2250231.003964, 2310734.853397}","-",21.38965786,-157.74151828,"2026-08-03T22:00:03.862Z","UAV 1"
"FRTRK1004","Move to {-5498755.048693, -2250824.434840, 2311307.787782}","-",21.38811839,-157.75025965,"2026-08-03T22:00:03.862Z","UAV 1"
"FRM901001","None","-",21.39546138,-157.73719974,"2026-08-03T22:00:16.093Z","UAV 1"
"FRM109002","Move to {-5499315.048189, -2250231.003964, 2310734.853397}","-",21.39536329,-157.73730925,"2026-08-03T22:00:16.093Z","UAV 1"
"FRM109001","Move to {-5499516.453323, -2249726.423604, 2310685.859186}","-",21.39515943,-157.73702105,"2026-08-03T22:00:16.093Z","UAV 1"
"FRAHS002","FFE-On-Location ""Location={-5499132.853573, -2251193.466895, 2310064.199617}""  Name of Weapons to Fire: Indirect-Fire-Gun:M107-155mm. Number-Of-Rounds: 1. Height-Above-Terrain: 0","-",21.39520418,-157.73742074,"2026-08-03T22:00:16.093Z","UAV 1"
"FRM901001","None","-",21.39546138,-157.73719974,"2026-08-03T22:00:18.257Z","UAV 1"
"FRM109002","Move to {-5499315.048189, -2250231.003964, 2310734.853397}","-",21.39540424,-157.73739419,"2026-08-03T22:00:18.257Z","UAV 1"
"FRM109001","Move to {-5499516.453323, -2249726.423604, 2310685.859186}","-",21.39520038,-157.73710599,"2026-08-03T22:00:18.257Z","UAV 1"
"FRAHS002","FFE-On-Location ""Location={-5499132.853573, -2251193.466895, 2310064.199617}""  Name of Weapons to Fire: Indirect-Fire-Gun:M107-155mm. Number-Of-Rounds: 1. Height-Above-Terrain: 0","-",21.39520418,-157.73742074,"2026-08-03T22:00:18.257Z","UAV 1"
"FRAHS001","FFE-On-Location ""Location={-5499191.503627, -2251825.311346, 2309314.511859}""  Name of Weapons to Fire: Indirect-Fire-Gun:M107-155mm. Number-Of-Rounds: 1. Height-Above-Terrain: 0","-",21.39511611,-157.73746058,"2026-08-03T22:00:18.257Z","UAV 1"
"FRM109003","Move to {-5499516.453323, -2249726.423604, 2310685.859186}","-",21.39550882,-157.73750191,"2026-08-03T22:00:18.257Z","UAV 1"
"FRM109002","Move to {-5499315.048189, -2250231.003964, 2310734.853397}","-",21.39532416,-157.73756164,"2026-08-03T22:00:20.304Z","UAV 1"
"FRAHS002","FFE-On-Location ""Location={-5499132.853573, -2251193.466895, 2310064.199617}""  Name of Weapons to Fire: Indirect-Fire-Gun:M107-155mm. Number-Of-Rounds: 1. Height-Above-Terrain: 0","-",21.39520418,-157.73742074,"2026-08-03T22:00:20.304Z","UAV 1"
"FRAHS001","FFE-On-Location ""Location={-5499191.503627, -2251825.311346, 2309314.511859}""  Name of Weapons to Fire: Indirect-Fire-Gun:M107-155mm. Number-Of-Rounds: 1. Height-Above-Terrain: 0","-",21.39511611,-157.73746058,"2026-08-03T22:00:20.304Z","UAV 1"
"FRM109003","Move to {-5499516.453323, -2249726.423604, 2310685.859186}","-",21.39542873,-157.73766936,"2026-08-03T22:00:20.304Z","UAV 1"
"ENM1A2003","Move to {-5499107.729384, -2250754.164082, 2310538.606898}","-",21.37332111,-157.74325039,"2026-08-03T22:00:00.000Z","UAV 1"
"ENT72007","Move to {-5499107.729384, -2250754.164082, 2310538.606898}","-",21.37116460,-157.74185204,"2026-08-03T22:00:00.000Z","UAV 1"
"ENT72003","Move to {-5499107.729384, -2250754.164082, 2310538.606898}","-",21.37142871,-157.74159647,"2026-08-03T22:00:00.000Z","UAV 1"
"ENT72012","Move to {-5499107.729384, -2250754.164082, 2310538.606898}","-",21.37135541,-157.74170428,"2026-08-03T22:00:00.000Z","UAV 1"
"ENMORT005","FFE-On-Location ""Location={-5499123.141030, -2250320.406046, 2311025.754248}""  Name of Weapons to Fire: Indirect-Fire-Gun:m9333he. Number-Of-Rounds: 1. Height-Above-Terrain: 0","-",21.37463885,-157.73701809,"2026-08-03T22:00:00.000Z","UAV 1"
"ENM1A2001","Move to {-5499107.729384, -2250754.164082, 2310538.606898}","-",21.37344826,-157.74288997,"2026-08-03T22:00:00.000Z","UAV 1"
"FRT69007","Move to {-5499315.048189, -2250231.003964, 2310734.853397}","-",21.38070294,-157.73204111,"2026-08-03T22:00:00.000Z","UAV 1"
"ENT72008","Move to {-5499107.729384, -2250754.164082, 2310538.606898}","-",21.37134233,-157.74168365,"2026-08-03T22:00:00.000Z","UAV 1"
"FRT69002","Move to {-5499315.048189, -2250231.003964, 2310734.853397}","-",21.38062312,-157.73220904,"2026-08-03T22:00:00.000Z","UAV 1"
"FRT69001","Move to {-5499315.048189, -2250231.003964, 2310734.853397}","-",21.38083049,-157.73220700,"2026-08-03T22:00:00.000Z","UAV 1"
"ENT72002","Move to {-5499107.729384, -2250754.164082, 2310538.606898}","-",21.37128608,-157.74157543,"2026-08-03T22:00:00.000Z","UAV 1"
"ENMORT004","FFE-On-Location ""Location={-5498511.672389, -2250935.799735, 2311770.746054}""  Name of Weapons to Fire: Indirect-Fire-Gun:m9333he. Number-Of-Rounds: 1. Height-Above-Terrain: 0","-",21.37449517,-157.73695548,"2026-08-03T22:00:00.000Z","UAV 1"
"ENM35004","Move to {-5499460.953457, -2250814.454542, 2309743.262342}","-",21.37321699,-157.73305944,"2026-08-03T22:00:00.000Z","UAV 1"
"ENGAZ001","Move to {-5499460.953457, -2250814.454542, 2309743.262342}","-",21.37337528,-157.73279257,"2026-08-03T22:00:00.000Z","UAV 1"
"ENBTR60006","Move to {-5499107.729384, -2250754.164082, 2310538.606898}","-",21.36897336,-157.74047149,"2026-08-03T22:00:00.000Z","UAV 1"
"FRT69006","Move to {-5499315.048189, -2250231.003964, 2310734.853397}","-",21.38096188,-157.73222439,"2026-08-03T22:00:00.000Z","UAV 1"
"ENBTR80004","Move to {-5499107.729384, -2250754.164082, 2310538.606898}","-",21.36892854,-157.74027557,"2026-08-03T22:00:00.000Z","UAV 1"
"ENBTR60003","Move to {-5499107.729384, -2250754.164082, 2310538.606898}","-",21.36886321,-157.74068485,"2026-08-03T22:00:00.000Z","UAV 1"
"ENM1A2002","Move to {-5499107.729384, -2250754.164082, 2310538.606898}","-",21.37356068,-157.74317200,"2026-08-03T22:00:00.000Z","UAV 1"
"ENCAESAR004","FFE-On-Location ""Location={-5499123.141030, -2250320.406046, 2311025.754248}""  Name of Weapons to Fire: Indirect-Fire-Gun:M107-155mm. Number-Of-Rounds: 1. Height-Above-Terrain: 0","-",21.36735946,-157.73175490,"2026-08-03T22:00:00.000Z","UAV 1"
"FRT69003","Move to {-5499315.048189, -2250231.003964, 2310734.853397}","-",21.38097332,-157.73240275,"2026-08-03T22:00:00.000Z","UAV 1"
"FRT69005","Move to {-5499315.048189, -2250231.003964, 2310734.853397}","-",21.38100014,-157.73233777,"2026-08-03T22:00:00.000Z","UAV 1"
"ENT72011","Move to {-5499107.729384, -2250754.164082, 2310538.606898}","-",21.37128822,-157.74162582,"2026-08-03T22:00:00.000Z","UAV 1"
"ENT72004","Move to {-5499107.729384, -2250754.164082, 2310538.606898}","-",21.37154521,-157.74163288,"2026-08-03T22:00:00.000Z","UAV 1"
"ENM35002","Move to {-5499460.953457, -2250814.454542, 2309743.262342}","-",21.37340544,-157.73283903,"2026-08-03T22:00:00.000Z","UAV 1"
"ENGAZ003","Move to {-5499460.953457, -2250814.454542, 2309743.262342}","-",21.37338431,-157.73326221,"2026-08-03T22:00:00.000Z","UAV 1"
"ENM35001","Move to {-5499460.953457, -2250814.454542, 2309743.262342}","-",21.37314687,-157.73312307,"2026-08-03T22:00:00.000Z","UAV 1"
"ENT72010","Move to {-5499107.729384, -2250754.164082, 2310538.606898}","-",21.37154256,-157.74155229,"2026-08-03T22:00:00.000Z","UAV 1"
"ENT72006","Move to {-5499107.729384, -2250754.164082, 2310538.606898}","-",21.37145835,-157.74180319,"2026-08-03T22:00:00.000Z","UAV 1"
"ENCAESAR003","FFE-On-Location ""Location={-5498511.672389, -2250935.799735, 2311770.746054}""  Name of Weapons to Fire: Indirect-Fire-Gun:M107-155mm. Number-Of-Rounds: 1. Height-Above-Terrain: 0","-",21.36719878,-157.73183038,"2026-08-03T22:00:00.000Z","UAV 1"
"ENMORT001","FFE-On-Location ""Location={-5499123.141030, -2250320.406046, 2311025.754248}""  Name of Weapons to Fire: Indirect-Fire-Gun:m9333he. Number-Of-Rounds: 1. Height-Above-Terrain: 0","-",21.37454920,-157.73726779,"2026-08-03T22:00:00.000Z","UAV 1"
"FRT69008","Move to {-5499315.048189, -2250231.003964, 2310734.853397}","-",21.38096961,-157.73244663,"2026-08-03T22:00:00.000Z","UAV 1"
"FRT69009","Move to {-5499315.048189, -2250231.003964, 2310734.853397}","-",21.38066035,-157.73234161,"2026-08-03T22:00:00.000Z","UAV 1"
"ENGAZ004","Move to {-5499460.953457, -2250814.454542, 2309743.262342}","-",21.37336764,-157.73318922,"2026-08-03T22:00:00.000Z","UAV 1"
"ENMORT003","FFE-On-Location ""Location={-5498358.113175, -2250865.429793, 2312201.552453}""  Name of Weapons to Fire: Indirect-Fire-Gun:m9333he. Number-Of-Rounds: 1. Height-Above-Terrain: 0","-",21.37448817,-157.73726715,"2026-08-03T22:00:00.000Z","UAV 1"
"FRT69010","Move to {-5499315.048189, -2250231.003964, 2310734.853397}","-",21.38075758,-157.73208913,"2026-08-03T22:00:00.000Z","UAV 1"
"ENM1A2004","Move to {-5499107.729384, -2250754.164082, 2310538.606898}","-",21.37346980,-157.74313700,"2026-08-03T22:00:00.000Z","UAV 1"
"ENM35003","Move to {-5499460.953457, -2250814.454542, 2309743.262342}","-",21.37355752,-157.73315653,"2026-08-03T22:00:00.000Z","UAV 1"
"ENBTR60005","Move to {-5499107.729384, -2250754.164082, 2310538.606898}","-",21.36897693,-157.74069464,"2026-08-03T22:00:00.000Z","UAV 1"
"FRTRK2004","Move to {-5498755.048693, -2250824.434840, 2311307.787782}","-",21.38827101,-157.75026541,"2026-08-03T22:00:03.947Z","UAV 1"
"FRTRK1003","Move to {-5498755.048693, -2250824.434840, 2311307.787782}","-",21.38830862,-157.75023381,"2026-08-03T22:00:03.947Z","UAV 1"
"FRMORT002","FFE-On-Location ""Location={-5499132.853573, -2251193.466895, 2310064.199617}""  Name of Weapons to Fire: Indirect-Fire-Gun:m9333he. Number-Of-Rounds: 1. Height-Above-Terrain: 0","-",21.39124517,-157.73722922,"2026-08-03T22:00:03.947Z","UAV 1"
"FRTRK1001","Move to {-5498755.048693, -2250824.434840, 2311307.787782}","-",21.38844993,-157.75029188,"2026-08-03T22:00:03.947Z","UAV 1"
"FRMORT001","FFE-On-Location ""Location={-5499191.503627, -2251825.311346, 2309314.511859}""  Name of Weapons to Fire: Indirect-Fire-Gun:m9333he. Number-Of-Rounds: 1. Height-Above-Terrain: 0","-",21.39116652,-157.73700854,"2026-08-03T22:00:03.947Z","UAV 1"
"FRLAV002","Move to {-5499315.048189, -2250231.003964, 2310734.853397}","-",21.38990945,-157.74175395,"2026-08-03T22:00:03.947Z","UAV 1"
"FRLAV006","Move to {-5499315.048189, -2250231.003964, 2310734.853397}","-",21.38987085,-157.74207528,"2026-08-03T22:00:03.947Z","UAV 1"
"FRM113007","Move to {-5499315.048189, -2250231.003964, 2310734.853397}","-",21.39009813,-157.74184604,"2026-08-03T22:00:03.947Z","UAV 1"
"FRM113002","Move to {-5499315.048189, -2250231.003964, 2310734.853397}","-",21.38983372,-157.74169886,"2026-08-03T22:00:03.947Z","UAV 1"
"FRLAV008","Move to {-5499315.048189, -2250231.003964, 2310734.853397}","-",21.39001823,-157.74174922,"2026-08-03T22:00:03.947Z","UAV 1"
"FRM113006","Move to {-5499315.048189, -2250231.003964, 2310734.853397}","-",21.38990545,-157.74190826,"2026-08-03T22:00:03.947Z","UAV 1"
"FRMORT004","None","-",21.39105358,-157.73697074,"2026-08-03T22:00:03.947Z","UAV 1"
"FRTRK1005","Move to {-5498755.048693, -2250824.434840, 2311307.787782}","-",21.38819679,-157.75010389,"2026-08-03T22:00:03.947Z","UAV 1"
"FRLAV001","Move to {-5499315.048189, -2250231.003964, 2310734.853397}","-",21.38973740,-157.74171362,"2026-08-03T22:00:03.947Z","UAV 1"
"FRTRK2001","Move to {-5498755.048693, -2250824.434840, 2311307.787782}","-",21.38836190,-157.75034023,"2026-08-03T22:00:03.947Z","UAV 1"
"FRTRK2002","Move to {-5498755.048693, -2250824.434840, 2311307.787782}","-",21.38827181,-157.75046122,"2026-08-03T22:00:03.947Z","UAV 1"
"FRM113001","Move to {-5499315.048189, -2250231.003964, 2310734.853397}","-",21.38989668,-157.74163464,"2026-08-03T22:00:03.947Z","UAV 1"
"FRLAV005","Move to {-5499315.048189, -2250231.003964, 2310734.853397}","-",21.38998235,-157.74192979,"2026-08-03T22:00:03.947Z","UAV 1"
"FRTRK1002","Move to {-5498755.048693, -2250824.434840, 2311307.787782}","-",21.38834418,-157.75052301,"2026-08-03T22:00:03.947Z","UAV 1"
"FRM113004","Move to {-5499315.048189, -2250231.003964, 2310734.853397}","-",21.38980385,-157.74196557,"2026-08-03T22:00:03.947Z","UAV 1"
"FRTRK2003","Move to {-5498755.048693, -2250824.434840, 2311307.787782}","-",21.38810840,-157.75019986,"2026-08-03T22:00:03.947Z","UAV 1"
"FRLAV004","Move to {-5499315.048189, -2250231.003964, 2310734.853397}","-",21.38965601,-157.74151340,"2026-08-03T22:00:03.947Z","UAV 1"
"FRTRK1004","Move to {-5498755.048693, -2250824.434840, 2311307.787782}","-",21.38811839,-157.75024921,"2026-08-03T22:00:03.947Z","UAV 1"
"FRTRK2004","Move to {-5498755.048693, -2250824.434840, 2311307.787782}","-",21.38827101,-157.75026541,"2026-08-03T22:00:03.947Z","UAV 1"
"FRTRK1003","Move to {-5498755.048693, -2250824.434840, 2311307.787782}","-",21.38830862,-157.75023381,"2026-08-03T22:00:03.947Z","UAV 1"
"FRMORT002","FFE-On-Location ""Location={-5499132.853573, -2251193.466895, 2310064.199617}""  Name of Weapons to Fire: Indirect-Fire-Gun:m9333he. Number-Of-Rounds: 1. Height-Above-Terrain: 0","-",21.39124517,-157.73722922,"2026-08-03T22:00:03.947Z","UAV 1"
"FRTRK1001","Move to {-5498755.048693, -2250824.434840, 2311307.787782}","-",21.38844993,-157.75029188,"2026-08-03T22:00:03.947Z","UAV 1"
"FRMORT001","FFE-On-Location ""Location={-5499191.503627, -2251825.311346, 2309314.511859}""  Name of Weapons to Fire: Indirect-Fire-Gun:m9333he. Number-Of-Rounds: 1. Height-Above-Terrain: 0","-",21.39116652,-157.73700854,"2026-08-03T22:00:03.947Z","UAV 1"
"FRLAV002","Move to {-5499315.048189, -2250231.003964, 2310734.853397}","-",21.38990945,-157.74175395,"2026-08-03T22:00:03.947Z","UAV 1"
"FRLAV006","Move to {-5499315.048189, -2250231.003964, 2310734.853397}","-",21.38987085,-157.74207528,"2026-08-03T22:00:03.947Z","UAV 1"
"FRM113007","Move to {-5499315.048189, -2250231.003964, 2310734.853397}","-",21.39009813,-157.74184604,"2026-08-03T22:00:03.947Z","UAV 1"
"FRM113002","Move to {-5499315.048189, -2250231.003964, 2310734.853397}","-",21.38983372,-157.74169886,"2026-08-03T22:00:03.947Z","UAV 1"
"FRLAV008","Move to {-5499315.048189, -2250231.003964, 2310734.853397}","-",21.39001823,-157.74174922,"2026-08-03T22:00:03.947Z","UAV 1"
"FRM113006","Move to {-5499315.048189, -2250231.003964, 2310734.853397}","-",21.38990545,-157.74190826,"2026-08-03T22:00:03.947Z","UAV 1"
"FRMORT004","None","-",21.39105358,-157.73697074,"2026-08-03T22:00:03.947Z","UAV 1"
"FRTRK1005","Move to {-5498755.048693, -2250824.434840, 2311307.787782}","-",21.38819679,-157.75010389,"2026-08-03T22:00:03.947Z","UAV 1"
"FRLAV001","Move to {-5499315.048189, -2250231.003964, 2310734.853397}","-",21.38973740,-157.74171362,"2026-08-03T22:00:03.947Z","UAV 1"
"FRTRK2001","Move to {-5498755.048693, -2250824.434840, 2311307.787782}","-",21.38836190,-157.75034023,"2026-08-03T22:00:03.947Z","UAV 1"
"FRTRK2002","Move to {-5498755.048693, -2250824.434840, 2311307.787782}","-",21.38827181,-157.75046122,"2026-08-03T22:00:03.947Z","UAV 1"
"FRM113001","Move to {-5499315.048189, -2250231.003964, 2310734.853397}","-",21.38989668,-157.74163464,"2026-08-03T22:00:03.947Z","UAV 1"
"FRLAV005","Move to {-5499315.048189, -2250231.003964, 2310734.853397}","-",21.38998235,-157.74192979,"2026-08-03T22:00:03.947Z","UAV 1"
"FRTRK1002","Move to {-5498755.048693, -2250824.434840, 2311307.787782}","-",21.38834418,-157.75052301,"2026-08-03T22:00:03.947Z","UAV 1"
"FRM113004","Move to {-5499315.048189, -2250231.003964, 2310734.853397}","-",21.38980385,-157.74196557,"2026-08-03T22:00:03.947Z","UAV 1"
"FRTRK2003","Move to {-5498755.048693, -2250824.434840, 2311307.787782}","-",21.38810840,-157.75019986,"2026-08-03T22:00:03.947Z","UAV 1"
"FRLAV004","Move to {-5499315.048189, -2250231.003964, 2310734.853397}","-",21.38965601,-157.74151340,"2026-08-03T22:00:03.947Z","UAV 1"
"FRTRK1004","Move to {-5498755.048693, -2250824.434840, 2311307.787782}","-",21.38811839,-157.75024921,"2026-08-03T22:00:03.947Z","UAV 1"
"FRM901001","None","-",21.39546138,-157.73719974,"2026-08-03T22:00:16.440Z","UAV 1"
"FRAHS001","FFE-On-Location ""Location={-5499191.503627, -2251825.311346, 2309314.511859}""  Name of Weapons to Fire: Indirect-Fire-Gun:M107-155mm. Number-Of-Rounds: 1. Height-Above-Terrain: 0","-",21.39511611,-157.73746058,"2026-08-03T22:00:16.440Z","UAV 1"
"FRM109003","Move to {-5499516.453323, -2249726.423604, 2310685.859186}","-",21.39547364,-157.73741831,"2026-08-03T22:00:16.440Z","UAV 1"
"FRM109002","Move to {-5499315.048189, -2250231.003964, 2310734.853397}","-",21.39536907,-157.73731059,"2026-08-03T22:00:16.440Z","UAV 1"
"FRM109001","Move to {-5499516.453323, -2249726.423604, 2310685.859186}","-",21.39516520,-157.73702238,"2026-08-03T22:00:16.440Z","UAV 1"
"FRAHS002","FFE-On-Location ""Location={-5499132.853573, -2251193.466895, 2310064.199617}""  Name of Weapons to Fire: Indirect-Fire-Gun:M107-155mm. Number-Of-Rounds: 1. Height-Above-Terrain: 0","-",21.39520418,-157.73742074,"2026-08-03T22:00:16.440Z","UAV 1"
"FRM901001","None","-",21.39546138,-157.73719974,"2026-08-03T22:00:18.146Z","UAV 1"
"FRAHS001","FFE-On-Location ""Location={-5499191.503627, -2251825.311346, 2309314.511859}""  Name of Weapons to Fire: Indirect-Fire-Gun:M107-155mm. Number-Of-Rounds: 1. Height-Above-Terrain: 0","-",21.39511611,-157.73746058,"2026-08-03T22:00:18.146Z","UAV 1"
"FRM109003","Move to {-5499516.453323, -2249726.423604, 2310685.859186}","-",21.39550986,-157.73748790,"2026-08-03T22:00:18.146Z","UAV 1"
"FRM109002","Move to {-5499315.048189, -2250231.003964, 2310734.853397}","-",21.39540529,-157.73738018,"2026-08-03T22:00:18.146Z","UAV 1"
"FRM109001","Move to {-5499516.453323, -2249726.423604, 2310685.859186}","-",21.39520142,-157.73709197,"2026-08-03T22:00:18.146Z","UAV 1"
"FRAHS002","FFE-On-Location ""Location={-5499132.853573, -2251193.466895, 2310064.199617}""  Name of Weapons to Fire: Indirect-Fire-Gun:M107-155mm. Number-Of-Rounds: 1. Height-Above-Terrain: 0","-",21.39520418,-157.73742074,"2026-08-03T22:00:18.146Z","UAV 1"
"FRAHS001","FFE-On-Location ""Location={-5499191.503627, -2251825.311346, 2309314.511859}""  Name of Weapons to Fire: Indirect-Fire-Gun:M107-155mm. Number-Of-Rounds: 1. Height-Above-Terrain: 0","-",21.39511611,-157.73746058,"2026-08-03T22:00:20.441Z","UAV 1"
"FRM109003","Move to {-5499516.453323, -2249726.423604, 2310685.859186}","-",21.39542693,-157.73767538,"2026-08-03T22:00:20.441Z","UAV 1"
"FRM109002","Move to {-5499315.048189, -2250231.003964, 2310734.853397}","-",21.39532235,-157.73756766,"2026-08-03T22:00:20.441Z","UAV 1"
"ENM1A2003","Move to {-5499107.729384, -2250754.164082, 2310538.606898}","-",21.37332110,-157.74325039,"2026-08-03T22:00:00.000Z","UAV 1"
"ENT72007","Move to {-5499107.729384, -2250754.164082, 2310538.606898}","-",21.37116460,-157.74185204,"2026-08-03T22:00:00.000Z","UAV 1"
"ENT72003","Move to {-5499107.729384, -2250754.164082, 2310538.606898}","-",21.37142870,-157.74159647,"2026-08-03T22:00:00.000Z","UAV 1"
"ENT72012","Move to {-5499107.729384, -2250754.164082, 2310538.606898}","-",21.37135540,-157.74170428,"2026-08-03T22:00:00.000Z","UAV 1"
"ENMORT005","FFE-On-Location ""Location={-5499123.141030, -2250320.406046, 2311025.754248}""  Name of Weapons to Fire: Indirect-Fire-Gun:m9333he. Number-Of-Rounds: 1. Height-Above-Terrain: 0","-",21.37463885,-157.73701809,"2026-08-03T22:00:00.000Z","UAV 1"
"ENM1A2001","Move to {-5499107.729384, -2250754.164082, 2310538.606898}","-",21.37344826,-157.74288997,"2026-08-03T22:00:00.000Z","UAV 1"
"FRT69007","Move to {-5499315.048189, -2250231.003964, 2310734.853397}","-",21.38070294,-157.73204111,"2026-08-03T22:00:00.000Z","UAV 1"
"ENT72008","Move to {-5499107.729384, -2250754.164082, 2310538.606898}","-",21.37134233,-157.74168365,"2026-08-03T22:00:00.000Z","UAV 1"
"FRT69002","Move to {-5499315.048189, -2250231.003964, 2310734.853397}","-",21.38062312,-157.73220904,"2026-08-03T22:00:00.000Z","UAV 1"
"FRT69001","Move to {-5499315.048189, -2250231.003964, 2310734.853397}","-",21.38083049,-157.73220700,"2026-08-03T22:00:00.000Z","UAV 1"
"ENT72002","Move to {-5499107.729384, -2250754.164082, 2310538.606898}","-",21.37128608,-157.74157543,"2026-08-03T22:00:00.000Z","UAV 1"
"ENMORT004","FFE-On-Location ""Location={-5498511.672389, -2250935.799735, 2311770.746054}""  Name of Weapons to Fire: Indirect-Fire-Gun:m9333he. Number-Of-Rounds: 1. Height-Above-Terrain: 0","-",21.37449517,-157.73695548,"2026-08-03T22:00:00.000Z","UAV 1"
"ENM35004","Move to {-5499460.953457, -2250814.454542, 2309743.262342}","-",21.37321699,-157.73305944,"2026-08-03T22:00:00.000Z","UAV 1"
"ENGAZ001","Move to {-5499460.953457, -2250814.454542, 2309743.262342}","-",21.37337528,-157.73279257,"2026-08-03T22:00:00.000Z","UAV 1"
"ENBTR60006","Move to {-5499107.729384, -2250754.164082, 2310538.606898}","-",21.36897336,-157.74047149,"2026-08-03T22:00:00.000Z","UAV 1"
"FRT69006","Move to {-5499315.048189, -2250231.003964, 2310734.853397}","-",21.38096188,-157.73222439,"2026-08-03T22:00:00.000Z","UAV 1"
"ENBTR80004","Move to {-5499107.729384, -2250754.164082, 2310538.606898}","-",21.36892854,-157.74027557,"2026-08-03T22:00:00.000Z","UAV 1"
"ENBTR60003","Move to {-5499107.729384, -2250754.164082, 2310538.606898}","-",21.36886321,-157.74068485,"2026-08-03T22:00:00.000Z","UAV 1"
"ENM1A2002","Move to {-5499107.729384, -2250754.164082, 2310538.606898}","-",21.37356068,-157.74317200,"2026-08-03T22:00:00.000Z","UAV 1"
"ENCAESAR004","FFE-On-Location ""Location={-5499123.141030, -2250320.406046, 2311025.754248}""  Name of Weapons to Fire: Indirect-Fire-Gun:M107-155mm. Number-Of-Rounds: 1. Height-Above-Terrain: 0","-",21.36735946,-157.73175490,"2026-08-03T22:00:00.000Z","UAV 1"
"FRT69003","Move to {-5499315.048189, -2250231.003964, 2310734.853397}","-",21.38097332,-157.73240275,"2026-08-03T22:00:00.000Z","UAV 1"
"FRT69005","Move to {-5499315.048189, -2250231.003964, 2310734.853397}","-",21.38100014,-157.73233777,"2026-08-03T22:00:00.000Z","UAV 1"
"ENT72011","Move to {-5499107.729384, -2250754.164082, 2310538.606898}","-",21.37128822,-157.74162582,"2026-08-03T22:00:00.000Z","UAV 1"
"ENT72004","Move to {-5499107.729384, -2250754.164082, 2310538.606898}","-",21.37154521,-157.74163288,"2026-08-03T22:00:00.000Z","UAV 1"
"ENM35002","Move to {-5499460.953457, -2250814.454542, 2309743.262342}","-",21.37340544,-157.73283903,"2026-08-03T22:00:00.000Z","UAV 1"
"ENGAZ003","Move to {-5499460.953457, -2250814.454542, 2309743.262342}","-",21.37338431,-157.73326221,"2026-08-03T22:00:00.000Z","UAV 1"
"ENM35001","Move to {-5499460.953457, -2250814.454542, 2309743.262342}","-",21.37314687,-157.73312307,"2026-08-03T22:00:00.000Z","UAV 1"
"ENT72010","Move to {-5499107.729384, -2250754.164082, 2310538.606898}","-",21.37154256,-157.74155229,"2026-08-03T22:00:00.000Z","UAV 1"
"ENT72006","Move to {-5499107.729384, -2250754.164082, 2310538.606898}","-",21.37145835,-157.74180319,"2026-08-03T22:00:00.000Z","UAV 1"
"ENCAESAR003","FFE-On-Location ""Location={-5498511.672389, -2250935.799735, 2311770.746054}""  Name of Weapons to Fire: Indirect-Fire-Gun:M107-155mm. Number-Of-Rounds: 1. Height-Above-Terrain: 0","-",21.36719878,-157.73183038,"2026-08-03T22:00:00.000Z","UAV 1"
"ENMORT001","FFE-On-Location ""Location={-5499123.141030, -2250320.406046, 2311025.754248}""  Name of Weapons to Fire: Indirect-Fire-Gun:m9333he. Number-Of-Rounds: 1. Height-Above-Terrain: 0","-",21.37454920,-157.73726779,"2026-08-03T22:00:00.000Z","UAV 1"
"FRT69008","Move to {-5499315.048189, -2250231.003964, 2310734.853397}","-",21.38096961,-157.73244663,"2026-08-03T22:00:00.000Z","UAV 1"
"FRT69009","Move to {-5499315.048189, -2250231.003964, 2310734.853397}","-",21.38066035,-157.73234161,"2026-08-03T22:00:00.000Z","UAV 1"
"ENGAZ004","Move to {-5499460.953457, -2250814.454542, 2309743.262342}","-",21.37336764,-157.73318922,"2026-08-03T22:00:00.000Z","UAV 1"
"ENMORT003","FFE-On-Location ""Location={-5498358.113175, -2250865.429793, 2312201.552453}""  Name of Weapons to Fire: Indirect-Fire-Gun:m9333he. Number-Of-Rounds: 1. Height-Above-Terrain: 0","-",21.37448817,-157.73726715,"2026-08-03T22:00:00.000Z","UAV 1"
"FRT69010","Move to {-5499315.048189, -2250231.003964, 2310734.853397}","-",21.38075758,-157.73208913,"2026-08-03T22:00:00.000Z","UAV 1"
"ENM1A2004","Move to {-5499107.729384, -2250754.164082, 2310538.606898}","-",21.37346980,-157.74313700,"2026-08-03T22:00:00.000Z","UAV 1"
"ENM35003","Move to {-5499460.953457, -2250814.454542, 2309743.262342}","-",21.37355752,-157.73315653,"2026-08-03T22:00:00.000Z","UAV 1"
"ENBTR60005","Move to {-5499107.729384, -2250754.164082, 2310538.606898}","-",21.36897693,-157.74069464,"2026-08-03T22:00:00.000Z","UAV 1"
"FRTRK2004","Move to {-5498755.048693, -2250824.434840, 2311307.787782}","-",21.38827235,-157.75025623,"2026-08-03T22:00:03.994Z","UAV 1"
"FRTRK1003","Move to {-5498755.048693, -2250824.434840, 2311307.787782}","-",21.38830936,-157.75022950,"2026-08-03T22:00:03.994Z","UAV 1"
"FRMORT002","FFE-On-Location ""Location={-5499132.853573, -2251193.466895, 2310064.199617}""  Name of Weapons to Fire: Indirect-Fire-Gun:m9333he. Number-Of-Rounds: 1. Height-Above-Terrain: 0","-",21.39124517,-157.73722922,"2026-08-03T22:00:03.994Z","UAV 1"
"FRTRK1001","Move to {-5498755.048693, -2250824.434840, 2311307.787782}","-",21.38845116,-157.75028753,"2026-08-03T22:00:03.994Z","UAV 1"
"FRMORT001","FFE-On-Location ""Location={-5499191.503627, -2251825.311346, 2309314.511859}""  Name of Weapons to Fire: Indirect-Fire-Gun:m9333he. Number-Of-Rounds: 1. Height-Above-Terrain: 0","-",21.39116652,-157.73700854,"2026-08-03T22:00:03.994Z","UAV 1"
"FRLAV002","Move to {-5499315.048189, -2250231.003964, 2310734.853397}","-",21.38990961,-157.74175385,"2026-08-03T22:00:03.994Z","UAV 1"
"FRLAV006","Move to {-5499315.048189, -2250231.003964, 2310734.853397}","-",21.38987101,-157.74207518,"2026-08-03T22:00:03.994Z","UAV 1"
"FRM113007","Move to {-5499315.048189, -2250231.003964, 2310734.853397}","-",21.39009830,-157.74184604,"2026-08-03T22:00:03.994Z","UAV 1"
"FRM113002","Move to {-5499315.048189, -2250231.003964, 2310734.853397}","-",21.38983381,-157.74169886,"2026-08-03T22:00:03.994Z","UAV 1"
"FRLAV008","Move to {-5499315.048189, -2250231.003964, 2310734.853397}","-",21.39001840,-157.74174912,"2026-08-03T22:00:03.994Z","UAV 1"
"FRM113006","Move to {-5499315.048189, -2250231.003964, 2310734.853397}","-",21.38990560,-157.74190826,"2026-08-03T22:00:03.994Z","UAV 1"
"FRMORT004","None","-",21.39105358,-157.73697074,"2026-08-03T22:00:03.994Z","UAV 1"
"FRTRK1005","Move to {-5498755.048693, -2250824.434840, 2311307.787782}","-",21.38819680,-157.75009942,"2026-08-03T22:00:03.994Z","UAV 1"
"FRLAV001","Move to {-5499315.048189, -2250231.003964, 2310734.853397}","-",21.38973754,-157.74171353,"2026-08-03T22:00:03.994Z","UAV 1"
"FRTRK2001","Move to {-5498755.048693, -2250824.434840, 2311307.787782}","-",21.38836308,-157.75033567,"2026-08-03T22:00:03.994Z","UAV 1"
"FRTRK2002","Move to {-5498755.048693, -2250824.434840, 2311307.787782}","-",21.38827335,-157.75045646,"2026-08-03T22:00:03.994Z","UAV 1"
"FRM113001","Move to {-5499315.048189, -2250231.003964, 2310734.853397}","-",21.38989681,-157.74163464,"2026-08-03T22:00:03.994Z","UAV 1"
"FRLAV005","Move to {-5499315.048189, -2250231.003964, 2310734.853397}","-",21.38998252,-157.74192968,"2026-08-03T22:00:03.994Z","UAV 1"
"FRTRK1002","Move to {-5498755.048693, -2250824.434840, 2311307.787782}","-",21.38834570,-157.75051828,"2026-08-03T22:00:03.994Z","UAV 1"
"FRM113004","Move to {-5499315.048189, -2250231.003964, 2310734.853397}","-",21.38980556,-157.74196536,"2026-08-03T22:00:03.994Z","UAV 1"
"FRTRK2003","Move to {-5498755.048693, -2250824.434840, 2311307.787782}","-",21.38810920,-157.75019507,"2026-08-03T22:00:03.994Z","UAV 1"
"FRLAV004","Move to {-5499315.048189, -2250231.003964, 2310734.853397}","-",21.38965726,-157.74150074,"2026-08-03T22:00:03.994Z","UAV 1"
"FRTRK1004","Move to {-5498755.048693, -2250824.434840, 2311307.787782}","-",21.38811945,-157.75024441,"2026-08-03T22:00:03.994Z","UAV 1"
"FRTRK2004","Move to {-5498755.048693, -2250824.434840, 2311307.787782}","-",21.38827235,-157.75025623,"2026-08-03T22:00:03.994Z","UAV 1"
"FRTRK1003","Move to {-5498755.048693, -2250824.434840, 2311307.787782}","-",21.38830936,-157.75022950,"2026-08-03T22:00:03.994Z","UAV 1"
"FRMORT002","FFE-On-Location ""Location={-5499132.853573, -2251193.466895, 2310064.199617}""  Name of Weapons to Fire: Indirect-Fire-Gun:m9333he. Number-Of-Rounds: 1. Height-Above-Terrain: 0","-",21.39124517,-157.73722922,"2026-08-03T22:00:03.994Z","UAV 1"
"FRTRK1001","Move to {-5498755.048693, -2250824.434840, 2311307.787782}","-",21.38845116,-157.75028753,"2026-08-03T22:00:03.994Z","UAV 1"
"FRMORT001","FFE-On-Location ""Location={-5499191.503627, -2251825.311346, 2309314.511859}""  Name of Weapons to Fire: Indirect-Fire-Gun:m9333he. Number-Of-Rounds: 1. Height-Above-Terrain: 0","-",21.39116652,-157.73700854,"2026-08-03T22:00:03.994Z","UAV 1"
"FRLAV002","Move to {-5499315.048189, -2250231.003964, 2310734.853397}","-",21.38990961,-157.74175385,"2026-08-03T22:00:03.994Z","UAV 1"
"FRLAV006","Move to {-5499315.048189, -2250231.003964, 2310734.853397}","-",21.38987101,-157.74207518,"2026-08-03T22:00:03.994Z","UAV 1"
"FRM113007","Move to {-5499315.048189, -2250231.003964, 2310734.853397}","-",21.39009830,-157.74184604,"2026-08-03T22:00:03.994Z","UAV 1"
"FRM113002","Move to {-5499315.048189, -2250231.003964, 2310734.853397}","-",21.38983381,-157.74169886,"2026-08-03T22:00:03.994Z","UAV 1"
"FRLAV008","Move to {-5499315.048189, -2250231.003964, 2310734.853397}","-",21.39001840,-157.74174912,"2026-08-03T22:00:03.994Z","UAV 1"
"FRM113006","Move to {-5499315.048189, -2250231.003964, 2310734.853397}","-",21.38990560,-157.74190826,"2026-08-03T22:00:03.994Z","UAV 1"
"FRMORT004","None","-",21.39105358,-157.73697074,"2026-08-03T22:00:03.994Z","UAV 1"
"FRTRK1005","Move to {-5498755.048693, -2250824.434840, 2311307.787782}","-",21.38819680,-157.75009942,"2026-08-03T22:00:03.994Z","UAV 1"
"FRLAV001","Move to {-5499315.048189, -2250231.003964, 2310734.853397}","-",21.38973754,-157.74171353,"2026-08-03T22:00:03.994Z","UAV 1"
"FRTRK2001","Move to {-5498755.048693, -2250824.434840, 2311307.787782}","-",21.38836308,-157.75033567,"2026-08-03T22:00:03.994Z","UAV 1"
"FRTRK2002","Move to {-5498755.048693, -2250824.434840, 2311307.787782}","-",21.38827335,-157.75045646,"2026-08-03T22:00:03.994Z","UAV 1"
"FRM113001","Move to {-5499315.048189, -2250231.003964, 2310734.853397}","-",21.38989681,-157.74163464,"2026-08-03T22:00:03.994Z","UAV 1"
"FRLAV005","Move to {-5499315.048189, -2250231.003964, 2310734.853397}","-",21.38998252,-157.74192968,"2026-08-03T22:00:03.994Z","UAV 1"
"FRTRK1002","Move to {-5498755.048693, -2250824.434840, 2311307.787782}","-",21.38834570,-157.75051828,"2026-08-03T22:00:03.994Z","UAV 1"
"FRM113004","Move to {-5499315.048189, -2250231.003964, 2310734.853397}","-",21.38980556,-157.74196536,"2026-08-03T22:00:03.994Z","UAV 1"
"FRTRK2003","Move to {-5498755.048693, -2250824.434840, 2311307.787782}","-",21.38810920,-157.75019507,"2026-08-03T22:00:03.994Z","UAV 1"
"FRLAV004","Move to {-5499315.048189, -2250231.003964, 2310734.853397}","-",21.38965726,-157.74150074,"2026-08-03T22:00:03.994Z","UAV 1"
"FRTRK1004","Move to {-5498755.048693, -2250824.434840, 2311307.787782}","-",21.38811945,-157.75024441,"2026-08-03T22:00:03.994Z","UAV 1"
"FRAHS001","FFE-On-Location ""Location={-5499191.503627, -2251825.311346, 2309314.511859}""  Name of Weapons to Fire: Indirect-Fire-Gun:M107-155mm. Number-Of-Rounds: 1. Height-Above-Terrain: 0","-",21.39511611,-157.73746058,"2026-08-03T22:00:05.800Z","UAV 1"
"FRM109002","FFE-On-Location ""Location={-5499132.853573, -2251193.466895, 2310064.199617}""  Name of Weapons to Fire: Indirect-Fire-Gun:M107-155mm. Number-Of-Rounds: 1. Height-Above-Terrain: 0","-",21.39535746,-157.73730886,"2026-08-03T22:00:05.800Z","UAV 1"
"FRM109001","FFE-On-Location ""Location={-5499191.503627, -2251825.311346, 2309314.511859}""  Name of Weapons to Fire: Indirect-Fire-Gun:M107-155mm. Number-Of-Rounds: 1. Height-Above-Terrain: 0","-",21.39515360,-157.73702065,"2026-08-03T22:00:05.800Z","UAV 1"
"FRAHS002","FFE-On-Location ""Location={-5499132.853573, -2251193.466895, 2310064.199617}""  Name of Weapons to Fire: Indirect-Fire-Gun:M107-155mm. Number-Of-Rounds: 1. Height-Above-Terrain: 0","-",21.39520418,-157.73742074,"2026-08-03T22:00:05.800Z","UAV 1"
"FRAHS001","FFE-On-Location ""Location={-5499191.503627, -2251825.311346, 2309314.511859}""  Name of Weapons to Fire: Indirect-Fire-Gun:M107-155mm. Number-Of-Rounds: 1. Height-Above-Terrain: 0","-",21.39511611,-157.73746058,"2026-08-03T22:00:05.800Z","UAV 1"
"FRM109002","FFE-On-Location ""Location={-5499132.853573, -2251193.466895, 2310064.199617}""  Name of Weapons to Fire: Indirect-Fire-Gun:M107-155mm. Number-Of-Rounds: 1. Height-Above-Terrain: 0","-",21.39535746,-157.73730886,"2026-08-03T22:00:05.800Z","UAV 1"
"FRM109001","FFE-On-Location ""Location={-5499191.503627, -2251825.311346, 2309314.511859}""  Name of Weapons to Fire: Indirect-Fire-Gun:M107-155mm. Number-Of-Rounds: 1. Height-Above-Terrain: 0","-",21.39515360,-157.73702065,"2026-08-03T22:00:05.800Z","UAV 1"
"FRAHS002","FFE-On-Location ""Location={-5499132.853573, -2251193.466895, 2310064.199617}""  Name of Weapons to Fire: Indirect-Fire-Gun:M107-155mm. Number-Of-Rounds: 1. Height-Above-Terrain: 0","-",21.39520418,-157.73742074,"2026-08-03T22:00:05.800Z","UAV 1"
"ENM1A2003","Move to {-5499107.729384, -2250754.164082, 2310538.606898}","-",21.37332109,-157.74325039,"2026-08-03T22:00:00.000Z","UAV 1"
"ENT72007","Move to {-5499107.729384, -2250754.164082, 2310538.606898}","-",21.37116459,-157.74185204,"2026-08-03T22:00:00.000Z","UAV 1"
"ENT72003","Move to {-5499107.729384, -2250754.164082, 2310538.606898}","-",21.37142869,-157.74159647,"2026-08-03T22:00:00.000Z","UAV 1"
"ENT72012","Move to {-5499107.729384, -2250754.164082, 2310538.606898}","-",21.37135540,-157.74170428,"2026-08-03T22:00:00.000Z","UAV 1"
"ENMORT005","FFE-On-Location ""Location={-5499123.141030, -2250320.406046, 2311025.754248}""  Name of Weapons to Fire: Indirect-Fire-Gun:m9333he. Number-Of-Rounds: 1. Height-Above-Terrain: 0","-",21.37463885,-157.73701809,"2026-08-03T22:00:00.000Z","UAV 1"
"ENM1A2001","Move to {-5499107.729384, -2250754.164082, 2310538.606898}","-",21.37344826,-157.74288997,"2026-08-03T22:00:00.000Z","UAV 1"
"FRT69007","Move to {-5499315.048189, -2250231.003964, 2310734.853397}","-",21.38070294,-157.73204111,"2026-08-03T22:00:00.000Z","UAV 1"
"ENT72008","Move to {-5499107.729384, -2250754.164082, 2310538.606898}","-",21.37134233,-157.74168365,"2026-08-03T22:00:00.000Z","UAV 1"
"FRT69002","Move to {-5499315.048189, -2250231.003964, 2310734.853397}","-",21.38062312,-157.73220904,"2026-08-03T22:00:00.000Z","UAV 1"
"FRT69001","Move to {-5499315.048189, -2250231.003964, 2310734.853397}","-",21.38083049,-157.73220700,"2026-08-03T22:00:00.000Z","UAV 1"
"ENT72002","Move to {-5499107.729384, -2250754.164082, 2310538.606898}","-",21.37128608,-157.74157543,"2026-08-03T22:00:00.000Z","UAV 1"
"ENMORT004","FFE-On-Location ""Location={-5498511.672389, -2250935.799735, 2311770.746054}""  Name of Weapons to Fire: Indirect-Fire-Gun:m9333he. Number-Of-Rounds: 1. Height-Above-Terrain: 0","-",21.37449517,-157.73695548,"2026-08-03T22:00:00.000Z","UAV 1"
"ENM35004","Move to {-5499460.953457, -2250814.454542, 2309743.262342}","-",21.37321699,-157.73305944,"2026-08-03T22:00:00.000Z","UAV 1"
"ENGAZ001","Move to {-5499460.953457, -2250814.454542, 2309743.262342}","-",21.37337528,-157.73279257,"2026-08-03T22:00:00.000Z","UAV 1"
"ENBTR60006","Move to {-5499107.729384, -2250754.164082, 2310538.606898}","-",21.36897336,-157.74047149,"2026-08-03T22:00:00.000Z","UAV 1"
"FRT69006","Move to {-5499315.048189, -2250231.003964, 2310734.853397}","-",21.38096188,-157.73222439,"2026-08-03T22:00:00.000Z","UAV 1"
"ENBTR80004","Move to {-5499107.729384, -2250754.164082, 2310538.606898}","-",21.36892854,-157.74027557,"2026-08-03T22:00:00.000Z","UAV 1"
"ENBTR60003","Move to {-5499107.729384, -2250754.164082, 2310538.606898}","-",21.36886321,-157.74068485,"2026-08-03T22:00:00.000Z","UAV 1"
"ENM1A2002","Move to {-5499107.729384, -2250754.164082, 2310538.606898}","-",21.37356068,-157.74317200,"2026-08-03T22:00:00.000Z","UAV 1"
"ENCAESAR004","FFE-On-Location ""Location={-5499123.141030, -2250320.406046, 2311025.754248}""  Name of Weapons to Fire: Indirect-Fire-Gun:M107-155mm. Number-Of-Rounds: 1. Height-Above-Terrain: 0","-",21.36735946,-157.73175490,"2026-08-03T22:00:00.000Z","UAV 1"
"FRT69003","Move to {-5499315.048189, -2250231.003964, 2310734.853397}","-",21.38097332,-157.73240275,"2026-08-03T22:00:00.000Z","UAV 1"
"FRT69005","Move to {-5499315.048189, -2250231.003964, 2310734.853397}","-",21.38100014,-157.73233777,"2026-08-03T22:00:00.000Z","UAV 1"
"ENT72011","Move to {-5499107.729384, -2250754.164082, 2310538.606898}","-",21.37128822,-157.74162582,"2026-08-03T22:00:00.000Z","UAV 1"
"ENT72004","Move to {-5499107.729384, -2250754.164082, 2310538.606898}","-",21.37154521,-157.74163288,"2026-08-03T22:00:00.000Z","UAV 1"
"ENM35002","Move to {-5499460.953457, -2250814.454542, 2309743.262342}","-",21.37340544,-157.73283903,"2026-08-03T22:00:00.000Z","UAV 1"
"ENGAZ003","Move to {-5499460.953457, -2250814.454542, 2309743.262342}","-",21.37338431,-157.73326221,"2026-08-03T22:00:00.000Z","UAV 1"
"ENM35001","Move to {-5499460.953457, -2250814.454542, 2309743.262342}","-",21.37314687,-157.73312307,"2026-08-03T22:00:00.000Z","UAV 1"
"ENT72010","Move to {-5499107.729384, -2250754.164082, 2310538.606898}","-",21.37154256,-157.74155229,"2026-08-03T22:00:00.000Z","UAV 1"
"ENT72006","Move to {-5499107.729384, -2250754.164082, 2310538.606898}","-",21.37145835,-157.74180319,"2026-08-03T22:00:00.000Z","UAV 1"
"ENCAESAR003","FFE-On-Location ""Location={-5498511.672389, -2250935.799735, 2311770.746054}""  Name of Weapons to Fire: Indirect-Fire-Gun:M107-155mm. Number-Of-Rounds: 1. Height-Above-Terrain: 0","-",21.36719878,-157.73183038,"2026-08-03T22:00:00.000Z","UAV 1"
"ENMORT001","FFE-On-Location ""Location={-5499123.141030, -2250320.406046, 2311025.754248}""  Name of Weapons to Fire: Indirect-Fire-Gun:m9333he. Number-Of-Rounds: 1. Height-Above-Terrain: 0","-",21.37454920,-157.73726779,"2026-08-03T22:00:00.000Z","UAV 1"
"FRT69008","Move to {-5499315.048189, -2250231.003964, 2310734.853397}","-",21.38096961,-157.73244663,"2026-08-03T22:00:00.000Z","UAV 1"
"FRT69009","Move to {-5499315.048189, -2250231.003964, 2310734.853397}","-",21.38066035,-157.73234161,"2026-08-03T22:00:00.000Z","UAV 1"
"ENGAZ004","Move to {-5499460.953457, -2250814.454542, 2309743.262342}","-",21.37336764,-157.73318922,"2026-08-03T22:00:00.000Z","UAV 1"
"ENMORT003","FFE-On-Location ""Location={-5498358.113175, -2250865.429793, 2312201.552453}""  Name of Weapons to Fire: Indirect-Fire-Gun:m9333he. Number-Of-Rounds: 1. Height-Above-Terrain: 0","-",21.37448817,-157.73726715,"2026-08-03T22:00:00.000Z","UAV 1"
"FRT69010","Move to {-5499315.048189, -2250231.003964, 2310734.853397}","-",21.38075758,-157.73208913,"2026-08-03T22:00:00.000Z","UAV 1"
"ENM1A2004","Move to {-5499107.729384, -2250754.164082, 2310538.606898}","-",21.37346980,-157.74313700,"2026-08-03T22:00:00.000Z","UAV 1"
"ENM35003","Move to {-5499460.953457, -2250814.454542, 2309743.262342}","-",21.37355752,-157.73315653,"2026-08-03T22:00:00.000Z","UAV 1"
"ENBTR60005","Move to {-5499107.729384, -2250754.164082, 2310538.606898}","-",21.36897693,-157.74069464,"2026-08-03T22:00:00.000Z","UAV 1"
"ENMORT005","FFE-On-Location ""Location={-5499123.141030, -2250320.406046, 2311025.754248}""  Name of Weapons to Fire: Indirect-Fire-Gun:m9333he. Number-Of-Rounds: 1. Height-Above-Terrain: 0","-",21.37463885,-157.73701809,"2026-08-03T22:00:01.827Z","UAV 1"
"FRT69007","Move to {-5499315.048189, -2250231.003964, 2310734.853397}","-",21.38075945,-157.73208583,"2026-08-03T22:00:01.827Z","UAV 1"
"FRT69002","Move to {-5499315.048189, -2250231.003964, 2310734.853397}","-",21.38067964,-157.73225376,"2026-08-03T22:00:01.827Z","UAV 1"
"ENMORT004","FFE-On-Location ""Location={-5498511.672389, -2250935.799735, 2311770.746054}""  Name of Weapons to Fire: Indirect-Fire-Gun:m9333he. Number-Of-Rounds: 1. Height-Above-Terrain: 0","-",21.37449517,-157.73695548,"2026-08-03T22:00:01.827Z","UAV 1"
"ENM35004","Move to {-5499460.953457, -2250814.454542, 2309743.262342}","-",21.37325541,-157.73308227,"2026-08-03T22:00:01.827Z","UAV 1"
"ENGAZ001","Move to {-5499460.953457, -2250814.454542, 2309743.262342}","-",21.37343498,-157.73282726,"2026-08-03T22:00:01.827Z","UAV 1"
"FRT69006","Move to {-5499315.048189, -2250231.003964, 2310734.853397}","-",21.38101840,-157.73226911,"2026-08-03T22:00:01.827Z","UAV 1"
"ENCAESAR004","FFE-On-Location ""Location={-5499123.141030, -2250320.406046, 2311025.754248}""  Name of Weapons to Fire: Indirect-Fire-Gun:M107-155mm. Number-Of-Rounds: 1. Height-Above-Terrain: 0","-",21.36735947,-157.73175490,"2026-08-03T22:00:01.827Z","UAV 1"
"FRT69003","Move to {-5499315.048189, -2250231.003964, 2310734.853397}","-",21.38102983,-157.73244747,"2026-08-03T22:00:01.827Z","UAV 1"
"FRT69005","Move to {-5499315.048189, -2250231.003964, 2310734.853397}","-",21.38105666,-157.73238249,"2026-08-03T22:00:01.827Z","UAV 1"
"ENGAZ003","Move to {-5499460.953457, -2250814.454542, 2309743.262342}","-",21.37344177,-157.73329602,"2026-08-03T22:00:01.827Z","UAV 1"
"ENM35001","Move to {-5499460.953457, -2250814.454542, 2309743.262342}","-",21.37318508,-157.73314579,"2026-08-03T22:00:01.827Z","UAV 1"
"ENCAESAR003","FFE-On-Location ""Location={-5498511.672389, -2250935.799735, 2311770.746054}""  Name of Weapons to Fire: Indirect-Fire-Gun:M107-155mm. Number-Of-Rounds: 1. Height-Above-Terrain: 0","-",21.36719879,-157.73183038,"2026-08-03T22:00:01.827Z","UAV 1"
"ENMORT001","FFE-On-Location ""Location={-5499123.141030, -2250320.406046, 2311025.754248}""  Name of Weapons to Fire: Indirect-Fire-Gun:m9333he. Number-Of-Rounds: 1. Height-Above-Terrain: 0","-",21.37454920,-157.73726779,"2026-08-03T22:00:01.827Z","UAV 1"
"FRT69008","Move to {-5499315.048189, -2250231.003964, 2310734.853397}","-",21.38102612,-157.73249135,"2026-08-03T22:00:01.827Z","UAV 1"
"FRT69009","Move to {-5499315.048189, -2250231.003964, 2310734.853397}","-",21.38071686,-157.73238633,"2026-08-03T22:00:01.827Z","UAV 1"
"ENMORT003","FFE-On-Location ""Location={-5498358.113175, -2250865.429793, 2312201.552453}""  Name of Weapons to Fire: Indirect-Fire-Gun:m9333he. Number-Of-Rounds: 1. Height-Above-Terrain: 0","-",21.37448817,-157.73726715,"2026-08-03T22:00:01.827Z","UAV 1"
"FRT69010","Move to {-5499315.048189, -2250231.003964, 2310734.853397}","-",21.38081410,-157.73213385,"2026-08-03T22:00:01.827Z","UAV 1"
"ENM35003","Move to {-5499460.953457, -2250814.454542, 2309743.262342}","-",21.37359725,-157.73318014,"2026-08-03T22:00:01.827Z","UAV 1"
"ENCAESAR002","FFE-On-Location ""Location={-5498358.113175, -2250865.429793, 2312201.552453}""  Name of Weapons to Fire: Indirect-Fire-Gun:M107-155mm. Number-Of-Rounds: 1. Height-Above-Terrain: 0","-",21.36709792,-157.73185356,"2026-08-03T22:00:01.827Z","UAV 1"
"ENMORT005","FFE-On-Location ""Location={-5499123.141030, -2250320.406046, 2311025.754248}""  Name of Weapons to Fire: Indirect-Fire-Gun:m9333he. Number-Of-Rounds: 1. Height-Above-Terrain: 0","-",21.37463885,-157.73701809,"2026-08-03T22:00:01.827Z","UAV 1"
"FRT69007","Move to {-5499315.048189, -2250231.003964, 2310734.853397}","-",21.38075945,-157.73208583,"2026-08-03T22:00:01.827Z","UAV 1"
"FRT69002","Move to {-5499315.048189, -2250231.003964, 2310734.853397}","-",21.38067964,-157.73225376,"2026-08-03T22:00:01.827Z","UAV 1"
"ENMORT004","FFE-On-Location ""Location={-5498511.672389, -2250935.799735, 2311770.746054}""  Name of Weapons to Fire: Indirect-Fire-Gun:m9333he. Number-Of-Rounds: 1. Height-Above-Terrain: 0","-",21.37449517,-157.73695548,"2026-08-03T22:00:01.827Z","UAV 1"
"ENM35004","Move to {-5499460.953457, -2250814.454542, 2309743.262342}","-",21.37325541,-157.73308227,"2026-08-03T22:00:01.827Z","UAV 1"
"ENGAZ001","Move to {-5499460.953457, -2250814.454542, 2309743.262342}","-",21.37343498,-157.73282726,"2026-08-03T22:00:01.827Z","UAV 1"
"FRT69006","Move to {-5499315.048189, -2250231.003964, 2310734.853397}","-",21.38101840,-157.73226911,"2026-08-03T22:00:01.827Z","UAV 1"
"ENCAESAR004","FFE-On-Location ""Location={-5499123.141030, -2250320.406046, 2311025.754248}""  Name of Weapons to Fire: Indirect-Fire-Gun:M107-155mm. Number-Of-Rounds: 1. Height-Above-Terrain: 0","-",21.36735947,-157.73175490,"2026-08-03T22:00:01.827Z","UAV 1"
"FRT69003","Move to {-5499315.048189, -2250231.003964, 2310734.853397}","-",21.38102983,-157.73244747,"2026-08-03T22:00:01.827Z","UAV 1"
"FRT69005","Move to {-5499315.048189, -2250231.003964, 2310734.853397}","-",21.38105666,-157.73238249,"2026-08-03T22:00:01.827Z","UAV 1"
"ENGAZ003","Move to {-5499460.953457, -2250814.454542, 2309743.262342}","-",21.37344177,-157.73329602,"2026-08-03T22:00:01.827Z","UAV 1"
"ENM35001","Move to {-5499460.953457, -2250814.454542, 2309743.262342}","-",21.37318508,-157.73314579,"2026-08-03T22:00:01.827Z","UAV 1"
"ENCAESAR003","FFE-On-Location ""Location={-5498511.672389, -2250935.799735, 2311770.746054}""  Name of Weapons to Fire: Indirect-Fire-Gun:M107-155mm. Number-Of-Rounds: 1. Height-Above-Terrain: 0","-",21.36719879,-157.73183038,"2026-08-03T22:00:01.827Z","UAV 1"
"ENMORT001","FFE-On-Location ""Location={-5499123.141030, -2250320.406046, 2311025.754248}""  Name of Weapons to Fire: Indirect-Fire-Gun:m9333he. Number-Of-Rounds: 1. Height-Above-Terrain: 0","-",21.37454920,-157.73726779,"2026-08-03T22:00:01.827Z","UAV 1"
"FRT69008","Move to {-5499315.048189, -2250231.003964, 2310734.853397}","-",21.38102612,-157.73249135,"2026-08-03T22:00:01.827Z","UAV 1"
"FRT69009","Move to {-5499315.048189, -2250231.003964, 2310734.853397}","-",21.38071686,-157.73238633,"2026-08-03T22:00:01.827Z","UAV 1"
"ENMORT003","FFE-On-Location ""Location={-5498358.113175, -2250865.429793, 2312201.552453}""  Name of Weapons to Fire: Indirect-Fire-Gun:m9333he. Number-Of-Rounds: 1. Height-Above-Terrain: 0","-",21.37448817,-157.73726715,"2026-08-03T22:00:01.827Z","UAV 1"
"FRT69010","Move to {-5499315.048189, -2250231.003964, 2310734.853397}","-",21.38081410,-157.73213385,"2026-08-03T22:00:01.827Z","UAV 1"
"ENM35003","Move to {-5499460.953457, -2250814.454542, 2309743.262342}","-",21.37359725,-157.73318014,"2026-08-03T22:00:01.827Z","UAV 1"
"ENCAESAR002","FFE-On-Location ""Location={-5498358.113175, -2250865.429793, 2312201.552453}""  Name of Weapons to Fire: Indirect-Fire-Gun:M107-155mm. Number-Of-Rounds: 1. Height-Above-Terrain: 0","-",21.36709792,-157.73185356,"2026-08-03T22:00:01.827Z","UAV 1"
"FRTRK2004","Move to {-5498755.048693, -2250824.434840, 2311307.787782}","-",21.38827516,-157.75027091,"2026-08-03T22:00:03.955Z","UAV 1"
"FRTRK1003","Move to {-5498755.048693, -2250824.434840, 2311307.787782}","-",21.38831117,-157.75023562,"2026-08-03T22:00:03.955Z","UAV 1"
"FRTRK1001","Move to {-5498755.048693, -2250824.434840, 2311307.787782}","-",21.38845490,-157.75029441,"2026-08-03T22:00:03.955Z","UAV 1"
"FRAHS001","FFE-On-Location ""Location={-5499191.503627, -2251825.311346, 2309314.511859}""  Name of Weapons to Fire: Indirect-Fire-Gun:M107-155mm. Number-Of-Rounds: 1. Height-Above-Terrain: 0","-",21.39511611,-157.73746058,"2026-08-03T22:00:03.955Z","UAV 1"
"FRLAV002","Move to {-5499315.048189, -2250231.003964, 2310734.853397}","-",21.38990945,-157.74175395,"2026-08-03T22:00:03.955Z","UAV 1"
"FRLAV006","Move to {-5499315.048189, -2250231.003964, 2310734.853397}","-",21.38987085,-157.74207528,"2026-08-03T22:00:03.955Z","UAV 1"
"FRM113007","Move to {-5499315.048189, -2250231.003964, 2310734.853397}","-",21.39009812,-157.74184604,"2026-08-03T22:00:03.955Z","UAV 1"
"FRM113002","Move to {-5499315.048189, -2250231.003964, 2310734.853397}","-",21.38983369,-157.74169886,"2026-08-03T22:00:03.955Z","UAV 1"
"FRLAV008","Move to {-5499315.048189, -2250231.003964, 2310734.853397}","-",21.39001824,-157.74174921,"2026-08-03T22:00:03.955Z","UAV 1"
"FRM113006","Move to {-5499315.048189, -2250231.003964, 2310734.853397}","-",21.38990542,-157.74190826,"2026-08-03T22:00:03.955Z","UAV 1"
"FRTRK1005","Move to {-5498755.048693, -2250824.434840, 2311307.787782}","-",21.38819529,-157.75010367,"2026-08-03T22:00:03.955Z","UAV 1"
"FRM109002","FFE-On-Location ""Location={-5499132.853573, -2251193.466895, 2310064.199617}""  Name of Weapons to Fire: Indirect-Fire-Gun:M107-155mm. Number-Of-Rounds: 1. Height-Above-Terrain: 0","-",21.39535746,-157.73730886,"2026-08-03T22:00:03.955Z","UAV 1"
"FRLAV001","Move to {-5499315.048189, -2250231.003964, 2310734.853397}","-",21.38973738,-157.74171363,"2026-08-03T22:00:03.955Z","UAV 1"
"FRTRK2001","Move to {-5498755.048693, -2250824.434840, 2311307.787782}","-",21.38836654,-157.75034275,"2026-08-03T22:00:03.955Z","UAV 1"
"FRTRK2002","Move to {-5498755.048693, -2250824.434840, 2311307.787782}","-",21.38827712,-157.75046417,"2026-08-03T22:00:03.955Z","UAV 1"
"FRM113001","Move to {-5499315.048189, -2250231.003964, 2310734.853397}","-",21.38989671,-157.74163464,"2026-08-03T22:00:03.955Z","UAV 1"
"FRLAV005","Move to {-5499315.048189, -2250231.003964, 2310734.853397}","-",21.38998236,-157.74192978,"2026-08-03T22:00:03.955Z","UAV 1"
"FRM109001","FFE-On-Location ""Location={-5499191.503627, -2251825.311346, 2309314.511859}""  Name of Weapons to Fire: Indirect-Fire-Gun:M107-155mm. Number-Of-Rounds: 1. Height-Above-Terrain: 0","-",21.39515360,-157.73702065,"2026-08-03T22:00:03.955Z","UAV 1"
"FRTRK1002","Move to {-5498755.048693, -2250824.434840, 2311307.787782}","-",21.38834928,-157.75052609,"2026-08-03T22:00:03.955Z","UAV 1"
"FRM113004","Move to {-5499315.048189, -2250231.003964, 2310734.853397}","-",21.38979157,-157.74195263,"2026-08-03T22:00:03.955Z","UAV 1"
"FRTRK2003","Move to {-5498755.048693, -2250824.434840, 2311307.787782}","-",21.38811030,-157.75020113,"2026-08-03T22:00:03.955Z","UAV 1"
"FRAHS002","FFE-On-Location ""Location={-5499132.853573, -2251193.466895, 2310064.199617}""  Name of Weapons to Fire: Indirect-Fire-Gun:M107-155mm. Number-Of-Rounds: 1. Height-Above-Terrain: 0","-",21.39520418,-157.73742074,"2026-08-03T22:00:03.955Z","UAV 1"
"FRTRK1004","Move to {-5498755.048693, -2250824.434840, 2311307.787782}","-",21.38812158,-157.75025112,"2026-08-03T22:00:03.955Z","UAV 1"
"FRTRK2004","Move to {-5498755.048693, -2250824.434840, 2311307.787782}","-",21.38827516,-157.75027091,"2026-08-03T22:00:03.955Z","UAV 1"
"FRTRK1003","Move to {-5498755.048693, -2250824.434840, 2311307.787782}","-",21.38831117,-157.75023562,"2026-08-03T22:00:03.955Z","UAV 1"
"FRTRK1001","Move to {-5498755.048693, -2250824.434840, 2311307.787782}","-",21.38845490,-157.75029441,"2026-08-03T22:00:03.955Z","UAV 1"
"FRAHS001","FFE-On-Location ""Location={-5499191.503627, -2251825.311346, 2309314.511859}""  Name of Weapons to Fire: Indirect-Fire-Gun:M107-155mm. Number-Of-Rounds: 1. Height-Above-Terrain: 0","-",21.39511611,-157.73746058,"2026-08-03T22:00:03.955Z","UAV 1"
"FRLAV002","Move to {-5499315.048189, -2250231.003964, 2310734.853397}","-",21.38990945,-157.74175395,"2026-08-03T22:00:03.955Z","UAV 1"
"FRLAV006","Move to {-5499315.048189, -2250231.003964, 2310734.853397}","-",21.38987085,-157.74207528,"2026-08-03T22:00:03.955Z","UAV 1"
"FRM113007","Move to {-5499315.048189, -2250231.003964, 2310734.853397}","-",21.39009812,-157.74184604,"2026-08-03T22:00:03.955Z","UAV 1"
"FRM113002","Move to {-5499315.048189, -2250231.003964, 2310734.853397}","-",21.38983369,-157.74169886,"2026-08-03T22:00:03.955Z","UAV 1"
"FRLAV008","Move to {-5499315.048189, -2250231.003964, 2310734.853397}","-",21.39001824,-157.74174921,"2026-08-03T22:00:03.955Z","UAV 1"
"FRM113006","Move to {-5499315.048189, -2250231.003964, 2310734.853397}","-",21.38990542,-157.74190826,"2026-08-03T22:00:03.955Z","UAV 1"
"FRTRK1005","Move to {-5498755.048693, -2250824.434840, 2311307.787782}","-",21.38819529,-157.75010367,"2026-08-03T22:00:03.955Z","UAV 1"
"FRM109002","FFE-On-Location ""Location={-5499132.853573, -2251193.466895, 2310064.199617}""  Name of Weapons to Fire: Indirect-Fire-Gun:M107-155mm. Number-Of-Rounds: 1. Height-Above-Terrain: 0","-",21.39535746,-157.73730886,"2026-08-03T22:00:03.955Z","UAV 1"
"FRLAV001","Move to {-5499315.048189, -2250231.003964, 2310734.853397}","-",21.38973738,-157.74171363,"2026-08-03T22:00:03.955Z","UAV 1"
"FRTRK2001","Move to {-5498755.048693, -2250824.434840, 2311307.787782}","-",21.38836654,-157.75034275,"2026-08-03T22:00:03.955Z","UAV 1"
"FRTRK2002","Move to {-5498755.048693, -2250824.434840, 2311307.787782}","-",21.38827712,-157.75046417,"2026-08-03T22:00:03.955Z","UAV 1"
"FRM113001","Move to {-5499315.048189, -2250231.003964, 2310734.853397}","-",21.38989671,-157.74163464,"2026-08-03T22:00:03.955Z","UAV 1"
"FRLAV005","Move to {-5499315.048189, -2250231.003964, 2310734.853397}","-",21.38998236,-157.74192978,"2026-08-03T22:00:03.955Z","UAV 1"
"FRM109001","FFE-On-Location ""Location={-5499191.503627, -2251825.311346, 2309314.511859}""  Name of Weapons to Fire: Indirect-Fire-Gun:M107-155mm. Number-Of-Rounds: 1. Height-Above-Terrain: 0","-",21.39515360,-157.73702065,"2026-08-03T22:00:03.955Z","UAV 1"
"FRTRK1002","Move to {-5498755.048693, -2250824.434840, 2311307.787782}","-",21.38834928,-157.75052609,"2026-08-03T22:00:03.955Z","UAV 1"
"FRM113004","Move to {-5499315.048189, -2250231.003964, 2310734.853397}","-",21.38979157,-157.74195263,"2026-08-03T22:00:03.955Z","UAV 1"
"FRTRK2003","Move to {-5498755.048693, -2250824.434840, 2311307.787782}","-",21.38811030,-157.75020113,"2026-08-03T22:00:03.955Z","UAV 1"
"FRAHS002","FFE-On-Location ""Location={-5499132.853573, -2251193.466895, 2310064.199617}""  Name of Weapons to Fire: Indirect-Fire-Gun:M107-155mm. Number-Of-Rounds: 1. Height-Above-Terrain: 0","-",21.39520418,-157.73742074,"2026-08-03T22:00:03.955Z","UAV 1"
"FRTRK1004","Move to {-5498755.048693, -2250824.434840, 2311307.787782}","-",21.38812158,-157.75025112,"2026-08-03T22:00:03.955Z","UAV 1"
"FRTRK2004","Move to {-5498755.048693, -2250824.434840, 2311307.787782}","-",21.38827516,-157.75027091,"2026-08-03T22:00:03.955Z","UAV 1"
"FRTRK1003","Move to {-5498755.048693, -2250824.434840, 2311307.787782}","-",21.38831117,-157.75023562,"2026-08-03T22:00:03.955Z","UAV 1"
"FRTRK1001","Move to {-5498755.048693, -2250824.434840, 2311307.787782}","-",21.38845490,-157.75029441,"2026-08-03T22:00:03.955Z","UAV 1"
"FRAHS001","FFE-On-Location ""Location={-5499191.503627, -2251825.311346, 2309314.511859}""  Name of Weapons to Fire: Indirect-Fire-Gun:M107-155mm. Number-Of-Rounds: 1. Height-Above-Terrain: 0","-",21.39511611,-157.73746058,"2026-08-03T22:00:03.955Z","UAV 1"
"FRLAV002","Move to {-5499315.048189, -2250231.003964, 2310734.853397}","-",21.38990945,-157.74175395,"2026-08-03T22:00:03.955Z","UAV 1"
"FRLAV006","Move to {-5499315.048189, -2250231.003964, 2310734.853397}","-",21.38987085,-157.74207528,"2026-08-03T22:00:03.955Z","UAV 1"
"FRM113007","Move to {-5499315.048189, -2250231.003964, 2310734.853397}","-",21.39009812,-157.74184604,"2026-08-03T22:00:03.955Z","UAV 1"
"FRM113002","Move to {-5499315.048189, -2250231.003964, 2310734.853397}","-",21.38983369,-157.74169886,"2026-08-03T22:00:03.955Z","UAV 1"
"FRLAV008","Move to {-5499315.048189, -2250231.003964, 2310734.853397}","-",21.39001824,-157.74174921,"2026-08-03T22:00:03.955Z","UAV 1"
"FRM113006","Move to {-5499315.048189, -2250231.003964, 2310734.853397}","-",21.38990542,-157.74190826,"2026-08-03T22:00:03.955Z","UAV 1"
"FRTRK1005","Move to {-5498755.048693, -2250824.434840, 2311307.787782}","-",21.38819529,-157.75010367,"2026-08-03T22:00:03.955Z","UAV 1"
"FRM109002","FFE-On-Location ""Location={-5499132.853573, -2251193.466895, 2310064.199617}""  Name of Weapons to Fire: Indirect-Fire-Gun:M107-155mm. Number-Of-Rounds: 1. Height-Above-Terrain: 0","-",21.39535746,-157.73730886,"2026-08-03T22:00:03.955Z","UAV 1"
"FRLAV001","Move to {-5499315.048189, -2250231.003964, 2310734.853397}","-",21.38973738,-157.74171363,"2026-08-03T22:00:03.955Z","UAV 1"
"FRTRK2001","Move to {-5498755.048693, -2250824.434840, 2311307.787782}","-",21.38836654,-157.75034275,"2026-08-03T22:00:03.955Z","UAV 1"
"FRTRK2002","Move to {-5498755.048693, -2250824.434840, 2311307.787782}","-",21.38827712,-157.75046417,"2026-08-03T22:00:03.955Z","UAV 1"
"FRM113001","Move to {-5499315.048189, -2250231.003964, 2310734.853397}","-",21.38989671,-157.74163464,"2026-08-03T22:00:03.955Z","UAV 1"
"FRLAV005","Move to {-5499315.048189, -2250231.003964, 2310734.853397}","-",21.38998236,-157.74192978,"2026-08-03T22:00:03.955Z","UAV 1"
"FRM109001","FFE-On-Location ""Location={-5499191.503627, -2251825.311346, 2309314.511859}""  Name of Weapons to Fire: Indirect-Fire-Gun:M107-155mm. Number-Of-Rounds: 1. Height-Above-Terrain: 0","-",21.39515360,-157.73702065,"2026-08-03T22:00:03.955Z","UAV 1"
"FRTRK1002","Move to {-5498755.048693, -2250824.434840, 2311307.787782}","-",21.38834928,-157.75052609,"2026-08-03T22:00:03.955Z","UAV 1"
"FRM113004","Move to {-5499315.048189, -2250231.003964, 2310734.853397}","-",21.38979157,-157.74195263,"2026-08-03T22:00:03.955Z","UAV 1"
"FRTRK2003","Move to {-5498755.048693, -2250824.434840, 2311307.787782}","-",21.38811030,-157.75020113,"2026-08-03T22:00:03.955Z","UAV 1"
"FRAHS002","FFE-On-Location ""Location={-5499132.853573, -2251193.466895, 2310064.199617}""  Name of Weapons to Fire: Indirect-Fire-Gun:M107-155mm. Number-Of-Rounds: 1. Height-Above-Terrain: 0","-",21.39520418,-157.73742074,"2026-08-03T22:00:03.955Z","UAV 1"
"FRTRK1004","Move to {-5498755.048693, -2250824.434840, 2311307.787782}","-",21.38812158,-157.75025112,"2026-08-03T22:00:03.955Z","UAV 1"
"FRCMD002","Move to {-5499516.453323, -2249726.423604, 2310685.859186}","-",21.38912796,-157.75074166,"2026-08-03T22:01:26.158Z","UAV 1"
"FRCMD002","Move to {-5499516.453323, -2249726.423604, 2310685.859186}","-",21.38909985,-157.75074461,"2026-08-03T22:01:28.245Z","UAV 1"
"FRCMD002","Move to {-5499516.453323, -2249726.423604, 2310685.859186}","-",21.38909985,-157.75074461,"2026-08-03T22:01:28.245Z","UAV 1"
"FRCMD002","Move to {-5499516.453323, -2249726.423604, 2310685.859186}","-",21.38907244,-157.75074748,"2026-08-03T22:01:30.280Z","UAV 1"
"FRT80008","None","-",21.38044382,-157.75166089,"2026-08-03T22:03:53.606Z","UAV 1"
"FRT80008","None","-",21.38044382,-157.75166089,"2026-08-03T22:03:53.606Z","UAV 1"
"FRT80008","None","-",21.38044382,-157.75166089,"2026-08-03T22:03:55.740Z","UAV 1"
"ENMORT005","None","-",21.37463885,-157.73701809,"2026-08-03T22:03:55.740Z","UAV 1"
"FRTRK1003","Move to {-5498755.048693, -2250824.434840, 2311307.787782}","-",21.38745389,-157.74448627,"2026-08-03T22:03:55.740Z","UAV 1"
"FRT69001","Move to {-5499315.048189, -2250231.003964, 2310734.853397}","-",21.38092028,-157.73404863,"2026-08-03T22:03:55.740Z","UAV 1"
"ENMORT004","None","-",21.37449517,-157.73695548,"2026-08-03T22:03:55.740Z","UAV 1"
"FRMORT002","None","-",21.39124517,-157.73722922,"2026-08-03T22:03:55.740Z","UAV 1"
"FRTRK1001","Move to {-5498755.048693, -2250824.434840, 2311307.787782}","-",21.38753077,-157.74453985,"2026-08-03T22:03:55.740Z","UAV 1"
"FRM113003","Move to {-5499315.048189, -2250231.003964, 2310734.853397}","-",21.39003998,-157.74223618,"2026-08-03T22:03:55.740Z","UAV 1"
"FRT80005","None","-",21.38084254,-157.74641405,"2026-08-03T22:03:55.740Z","UAV 1"
"FRMORT001","None","-",21.39116652,-157.73700854,"2026-08-03T22:03:55.740Z","UAV 1"
"FRLAV006","Move to {-5499315.048189, -2250231.003964, 2310734.853397}","-",21.38997333,-157.74154834,"2026-08-03T22:03:55.740Z","UAV 1"
"FRT69005","Move to {-5499315.048189, -2250231.003964, 2310734.853397}","-",21.38107264,-157.73402664,"2026-08-03T22:03:55.740Z","UAV 1"
"FRM113007","Move to {-5499315.048189, -2250231.003964, 2310734.853397}","-",21.39010008,-157.74239413,"2026-08-03T22:03:55.740Z","UAV 1"
"FRM113002","Move to {-5499315.048189, -2250231.003964, 2310734.853397}","-",21.39000842,-157.74174386,"2026-08-03T22:03:55.740Z","UAV 1"
"FRM113006","Move to {-5499315.048189, -2250231.003964, 2310734.853397}","-",21.39010113,-157.74230798,"2026-08-03T22:03:55.740Z","UAV 1"
"FRMORT004","None","-",21.39105358,-157.73697074,"2026-08-03T22:03:55.740Z","UAV 1"
"ENMORT001","None","-",21.37454920,-157.73726779,"2026-08-03T22:03:55.740Z","UAV 1"
"FRM109003","Move to {-5499516.453323, -2249726.423604, 2310685.859186}","-",21.39056948,-157.74220754,"2026-08-03T22:03:55.740Z","UAV 1"
"FRM109002","Move to {-5499315.048189, -2250231.003964, 2310734.853397}","-",21.38996036,-157.74085108,"2026-08-03T22:03:55.740Z","UAV 1"
"FRLAV001","Move to {-5499315.048189, -2250231.003964, 2310734.853397}","-",21.38975598,-157.74170217,"2026-08-03T22:03:55.740Z","UAV 1"
"FRT80003","None","-",21.38089589,-157.74646199,"2026-08-03T22:03:55.740Z","UAV 1"
"ENMORT002","None","-",21.37448557,-157.73696566,"2026-08-03T22:03:55.740Z","UAV 1"
"FRMORT003","None","-",21.39122072,-157.73728393,"2026-08-03T22:03:55.740Z","UAV 1"
"FRM113005","Move to {-5499315.048189, -2250231.003964, 2310734.853397}","-",21.38848078,-157.74298402,"2026-08-03T22:03:55.740Z","UAV 1"
"FRM109001","Move to {-5499516.453323, -2249726.423604, 2310685.859186}","-",21.39047144,-157.74183185,"2026-08-03T22:03:55.740Z","UAV 1"
"FRM113004","Move to {-5499315.048189, -2250231.003964, 2310734.853397}","-",21.39007151,-157.74227916,"2026-08-03T22:03:55.740Z","UAV 1"
"FRLAV007","Move to {-5499315.048189, -2250231.003964, 2310734.853397}","-",21.38975916,-157.74138781,"2026-08-03T22:03:55.740Z","UAV 1"
"FRTRK2003","Move to {-5498755.048693, -2250824.434840, 2311307.787782}","-",21.38735532,-157.74445721,"2026-08-03T22:03:55.740Z","UAV 1"
"FRT69010","Move to {-5499315.048189, -2250231.003964, 2310734.853397}","-",21.38085576,-157.73407918,"2026-08-03T22:03:55.740Z","UAV 1"
"FRM109004","Move to {-5499315.048189, -2250231.003964, 2310734.853397}","-",21.38993626,-157.74077073,"2026-08-03T22:03:55.740Z","UAV 1"
"FRLAV004","Move to {-5499315.048189, -2250231.003964, 2310734.853397}","-",21.38960222,-157.74119413,"2026-08-03T22:03:55.740Z","UAV 1"
"ENM35003","Move to {-5499460.953457, -2250814.454542, 2309743.262342}","-",21.37136101,-157.74163067,"2026-08-03T22:03:55.740Z","UAV 1"
"M107 1","None","-",21.36711185,-157.73186078,"2026-08-03T22:03:55.740Z","UAV 1"
"M107 2","None","-",21.36735621,-157.73177135,"2026-08-03T22:03:55.740Z","UAV 1"
"M107 3","None","-",21.36720689,-157.73183752,"2026-08-03T22:03:55.740Z","UAV 1"
"M107 7","None","-",21.36726898,-157.73197872,"2026-08-03T22:03:55.740Z","UAV 1"
"FRT80008","None","-",21.38044382,-157.75166089,"2026-08-03T22:03:57.785Z","UAV 1"
"ENMORT005","None","-",21.37463885,-157.73701809,"2026-08-03T22:03:57.785Z","UAV 1"
"FRT69001","Move to {-5499315.048189, -2250231.003964, 2310734.853397}","-",21.38092028,-157.73404863,"2026-08-03T22:03:57.785Z","UAV 1"
"ENMORT004","None","-",21.37449517,-157.73695548,"2026-08-03T22:03:57.785Z","UAV 1"
"FRMORT002","None","-",21.39124517,-157.73722922,"2026-08-03T22:03:57.785Z","UAV 1"
"FRM113003","Move to {-5499315.048189, -2250231.003964, 2310734.853397}","-",21.39004062,-157.74223589,"2026-08-03T22:03:57.785Z","UAV 1"
"FRMORT001","None","-",21.39116652,-157.73700854,"2026-08-03T22:03:57.785Z","UAV 1"
"FRLAV006","Move to {-5499315.048189, -2250231.003964, 2310734.853397}","-",21.38997683,-157.74154907,"2026-08-03T22:03:57.785Z","UAV 1"
"FRT69005","Move to {-5499315.048189, -2250231.003964, 2310734.853397}","-",21.38107264,-157.73402664,"2026-08-03T22:03:57.785Z","UAV 1"
"FRM113007","Move to {-5499315.048189, -2250231.003964, 2310734.853397}","-",21.39010202,-157.74239329,"2026-08-03T22:03:57.785Z","UAV 1"
"FRM113002","Move to {-5499315.048189, -2250231.003964, 2310734.853397}","-",21.39000848,-157.74174418,"2026-08-03T22:03:57.785Z","UAV 1"
"FRM113006","Move to {-5499315.048189, -2250231.003964, 2310734.853397}","-",21.39010210,-157.74230755,"2026-08-03T22:03:57.785Z","UAV 1"
"FRMORT004","None","-",21.39105358,-157.73697074,"2026-08-03T22:03:57.785Z","UAV 1"
"ENMORT001","None","-",21.37454920,-157.73726779,"2026-08-03T22:03:57.785Z","UAV 1"
"FRM109003","Move to {-5499516.453323, -2249726.423604, 2310685.859186}","-",21.39057081,-157.74220629,"2026-08-03T22:03:57.785Z","UAV 1"
"FRM109002","Move to {-5499315.048189, -2250231.003964, 2310734.853397}","-",21.38996035,-157.74085108,"2026-08-03T22:03:57.785Z","UAV 1"
"FRLAV001","Move to {-5499315.048189, -2250231.003964, 2310734.853397}","-",21.38975748,-157.74170124,"2026-08-03T22:03:57.785Z","UAV 1"
"ENMORT002","None","-",21.37448557,-157.73696566,"2026-08-03T22:03:57.785Z","UAV 1"
"FRMORT003","None","-",21.39122072,-157.73728393,"2026-08-03T22:03:57.785Z","UAV 1"
"FRM113005","Move to {-5499315.048189, -2250231.003964, 2310734.853397}","-",21.38847355,-157.74298727,"2026-08-03T22:03:57.785Z","UAV 1"
"FRM109001","Move to {-5499516.453323, -2249726.423604, 2310685.859186}","-",21.39047275,-157.74183056,"2026-08-03T22:03:57.785Z","UAV 1"
"FRM113004","Move to {-5499315.048189, -2250231.003964, 2310734.853397}","-",21.39006975,-157.74227995,"2026-08-03T22:03:57.785Z","UAV 1"
"FRLAV007","Move to {-5499315.048189, -2250231.003964, 2310734.853397}","-",21.38975764,-157.74138867,"2026-08-03T22:03:57.785Z","UAV 1"
"FRT69010","Move to {-5499315.048189, -2250231.003964, 2310734.853397}","-",21.38085576,-157.73407917,"2026-08-03T22:03:57.785Z","UAV 1"
"FRM109004","Move to {-5499315.048189, -2250231.003964, 2310734.853397}","-",21.38993626,-157.74077073,"2026-08-03T22:03:57.785Z","UAV 1"
"FRLAV004","Move to {-5499315.048189, -2250231.003964, 2310734.853397}","-",21.38960251,-157.74119438,"2026-08-03T22:03:57.785Z","UAV 1"
"M107 1","None","-",21.36711185,-157.73186078,"2026-08-03T22:03:57.785Z","UAV 1"
"M107 2","None","-",21.36735621,-157.73177135,"2026-08-03T22:03:57.785Z","UAV 1"
"M107 3","None","-",21.36720689,-157.73183752,"2026-08-03T22:03:57.785Z","UAV 1"
"M107 7","None","-",21.36726898,-157.73197872,"2026-08-03T22:03:57.785Z","UAV 1"
"ENMORT003","None","-",21.37448817,-157.73726715,"2026-08-03T22:03:57.785Z","UAV 1"
"FRT80008","None","-",21.38044382,-157.75166089,"2026-08-03T22:03:57.785Z","UAV 1"
"ENMORT005","None","-",21.37463885,-157.73701809,"2026-08-03T22:03:57.785Z","UAV 1"
"FRT69001","Move to {-5499315.048189, -2250231.003964, 2310734.853397}","-",21.38092028,-157.73404863,"2026-08-03T22:03:57.785Z","UAV 1"
"ENMORT004","None","-",21.37449517,-157.73695548,"2026-08-03T22:03:57.785Z","UAV 1"
"FRMORT002","None","-",21.39124517,-157.73722922,"2026-08-03T22:03:57.785Z","UAV 1"
"FRM113003","Move to {-5499315.048189, -2250231.003964, 2310734.853397}","-",21.39004062,-157.74223589,"2026-08-03T22:03:57.785Z","UAV 1"
"FRMORT001","None","-",21.39116652,-157.73700854,"2026-08-03T22:03:57.785Z","UAV 1"
"FRLAV006","Move to {-5499315.048189, -2250231.003964, 2310734.853397}","-",21.38997683,-157.74154907,"2026-08-03T22:03:57.785Z","UAV 1"
"FRT69005","Move to {-5499315.048189, -2250231.003964, 2310734.853397}","-",21.38107264,-157.73402664,"2026-08-03T22:03:57.785Z","UAV 1"
"FRM113007","Move to {-5499315.048189, -2250231.003964, 2310734.853397}","-",21.39010202,-157.74239329,"2026-08-03T22:03:57.785Z","UAV 1"
"FRM113002","Move to {-5499315.048189, -2250231.003964, 2310734.853397}","-",21.39000848,-157.74174418,"2026-08-03T22:03:57.785Z","UAV 1"
"FRM113006","Move to {-5499315.048189, -2250231.003964, 2310734.853397}","-",21.39010210,-157.74230755,"2026-08-03T22:03:57.785Z","UAV 1"
"FRMORT004","None","-",21.39105358,-157.73697074,"2026-08-03T22:03:57.785Z","UAV 1"
"ENMORT001","None","-",21.37454920,-157.73726779,"2026-08-03T22:03:57.785Z","UAV 1"
"FRM109003","Move to {-5499516.453323, -2249726.423604, 2310685.859186}","-",21.39057081,-157.74220629,"2026-08-03T22:03:57.785Z","UAV 1"
"FRM109002","Move to {-5499315.048189, -2250231.003964, 2310734.853397}","-",21.38996035,-157.74085108,"2026-08-03T22:03:57.785Z","UAV 1"
"FRLAV001","Move to {-5499315.048189, -2250231.003964, 2310734.853397}","-",21.38975748,-157.74170124,"2026-08-03T22:03:57.785Z","UAV 1"
"ENMORT002","None","-",21.37448557,-157.73696566,"2026-08-03T22:03:57.785Z","UAV 1"
"FRMORT003","None","-",21.39122072,-157.73728393,"2026-08-03T22:03:57.785Z","UAV 1"
"FRM113005","Move to {-5499315.048189, -2250231.003964, 2310734.853397}","-",21.38847355,-157.74298727,"2026-08-03T22:03:57.785Z","UAV 1"
"FRM109001","Move to {-5499516.453323, -2249726.423604, 2310685.859186}","-",21.39047275,-157.74183056,"2026-08-03T22:03:57.785Z","UAV 1"
"FRM113004","Move to {-5499315.048189, -2250231.003964, 2310734.853397}","-",21.39006975,-157.74227995,"2026-08-03T22:03:57.785Z","UAV 1"
"FRLAV007","Move to {-5499315.048189, -2250231.003964, 2310734.853397}","-",21.38975764,-157.74138867,"2026-08-03T22:03:57.785Z","UAV 1"
"FRT69010","Move to {-5499315.048189, -2250231.003964, 2310734.853397}","-",21.38085576,-157.73407917,"2026-08-03T22:03:57.785Z","UAV 1"
"FRM109004","Move to {-5499315.048189, -2250231.003964, 2310734.853397}","-",21.38993626,-157.74077073,"2026-08-03T22:03:57.785Z","UAV 1"
"FRLAV004","Move to {-5499315.048189, -2250231.003964, 2310734.853397}","-",21.38960251,-157.74119438,"2026-08-03T22:03:57.785Z","UAV 1"
"M107 1","None","-",21.36711185,-157.73186078,"2026-08-03T22:03:57.785Z","UAV 1"
"M107 2","None","-",21.36735621,-157.73177135,"2026-08-03T22:03:57.785Z","UAV 1"
"M107 3","None","-",21.36720689,-157.73183752,"2026-08-03T22:03:57.785Z","UAV 1"
"M107 7","None","-",21.36726898,-157.73197872,"2026-08-03T22:03:57.785Z","UAV 1"
"ENMORT003","None","-",21.37448817,-157.73726715,"2026-08-03T22:03:57.785Z","UAV 1"
"FRT80008","None","-",21.38044382,-157.75166089,"2026-08-03T22:03:59.847Z","UAV 1"
"ENMORT005","None","-",21.37463885,-157.73701809,"2026-08-03T22:03:59.847Z","UAV 1"
"FRT69001","Move to {-5499315.048189, -2250231.003964, 2310734.853397}","-",21.38092028,-157.73404863,"2026-08-03T22:03:59.847Z","UAV 1"
"ENMORT004","None","-",21.37449517,-157.73695548,"2026-08-03T22:03:59.847Z","UAV 1"
"FRMORT002","None","-",21.39124517,-157.73722922,"2026-08-03T22:03:59.847Z","UAV 1"
"FRM113003","Move to {-5499315.048189, -2250231.003964, 2310734.853397}","-",21.39004065,-157.74223588,"2026-08-03T22:03:59.847Z","UAV 1"
"FRMORT001","None","-",21.39116652,-157.73700854,"2026-08-03T22:03:59.847Z","UAV 1"
"FRLAV006","Move to {-5499315.048189, -2250231.003964, 2310734.853397}","-",21.38997564,-157.74154884,"2026-08-03T22:03:59.847Z","UAV 1"
"FRT69005","Move to {-5499315.048189, -2250231.003964, 2310734.853397}","-",21.38107264,-157.73402663,"2026-08-03T22:03:59.847Z","UAV 1"
"FRM113007","Move to {-5499315.048189, -2250231.003964, 2310734.853397}","-",21.39010249,-157.74239308,"2026-08-03T22:03:59.847Z","UAV 1"
"FRM113002","Move to {-5499315.048189, -2250231.003964, 2310734.853397}","-",21.39000841,-157.74174397,"2026-08-03T22:03:59.847Z","UAV 1"
"FRM113006","Move to {-5499315.048189, -2250231.003964, 2310734.853397}","-",21.39010236,-157.74230744,"2026-08-03T22:03:59.847Z","UAV 1"
"FRMORT004","None","-",21.39105358,-157.73697074,"2026-08-03T22:03:59.847Z","UAV 1"
"ENMORT001","None","-",21.37454920,-157.73726779,"2026-08-03T22:03:59.847Z","UAV 1"
"FRM109003","Move to {-5499516.453323, -2249726.423604, 2310685.859186}","-",21.39057219,-157.74220500,"2026-08-03T22:03:59.847Z","UAV 1"
"FRM109002","Move to {-5499315.048189, -2250231.003964, 2310734.853397}","-",21.38996035,-157.74085108,"2026-08-03T22:03:59.847Z","UAV 1"
"FRLAV001","Move to {-5499315.048189, -2250231.003964, 2310734.853397}","-",21.38975811,-157.74170085,"2026-08-03T22:03:59.847Z","UAV 1"
"ENMORT002","None","-",21.37448557,-157.73696566,"2026-08-03T22:03:59.847Z","UAV 1"
"FRMORT003","None","-",21.39122072,-157.73728393,"2026-08-03T22:03:59.847Z","UAV 1"
"FRM113005","Move to {-5499315.048189, -2250231.003964, 2310734.853397}","-",21.38846156,-157.74299265,"2026-08-03T22:03:59.847Z","UAV 1"
"FRM109001","Move to {-5499516.453323, -2249726.423604, 2310685.859186}","-",21.39047409,-157.74182925,"2026-08-03T22:03:59.847Z","UAV 1"
"FRM113004","Move to {-5499315.048189, -2250231.003964, 2310734.853397}","-",21.39007085,-157.74227946,"2026-08-03T22:03:59.847Z","UAV 1"
"FRT69010","Move to {-5499315.048189, -2250231.003964, 2310734.853397}","-",21.38085576,-157.73407917,"2026-08-03T22:03:59.847Z","UAV 1"
"FRM109004","Move to {-5499315.048189, -2250231.003964, 2310734.853397}","-",21.38993626,-157.74077073,"2026-08-03T22:03:59.847Z","UAV 1"
"FRLAV004","Move to {-5499315.048189, -2250231.003964, 2310734.853397}","-",21.38960319,-157.74119497,"2026-08-03T22:03:59.847Z","UAV 1"
"M107 1","None","-",21.36711185,-157.73186078,"2026-08-03T22:03:59.847Z","UAV 1"
"M107 2","None","-",21.36735621,-157.73177135,"2026-08-03T22:03:59.847Z","UAV 1"
"M107 3","None","-",21.36720689,-157.73183752,"2026-08-03T22:03:59.847Z","UAV 1"
"M107 7","None","-",21.36726898,-157.73197872,"2026-08-03T22:03:59.847Z","UAV 1"
"ENMORT003","None","-",21.37448817,-157.73726715,"2026-08-03T22:03:59.847Z","UAV 1"
"FRT80005","None","-",21.38084254,-157.74641405,"2026-08-03T22:03:59.847Z","UAV 1"
"FRT80003","None","-",21.38089589,-157.74646199,"2026-08-03T22:03:59.847Z","UAV 1"
"FRT80008","None","-",21.38044382,-157.75166089,"2026-08-03T22:03:59.847Z","UAV 1"
"ENMORT005","None","-",21.37463885,-157.73701809,"2026-08-03T22:03:59.847Z","UAV 1"
"FRT69001","Move to {-5499315.048189, -2250231.003964, 2310734.853397}","-",21.38092028,-157.73404863,"2026-08-03T22:03:59.847Z","UAV 1"
"ENMORT004","None","-",21.37449517,-157.73695548,"2026-08-03T22:03:59.847Z","UAV 1"
"FRMORT002","None","-",21.39124517,-157.73722922,"2026-08-03T22:03:59.847Z","UAV 1"
"FRM113003","Move to {-5499315.048189, -2250231.003964, 2310734.853397}","-",21.39004065,-157.74223588,"2026-08-03T22:03:59.847Z","UAV 1"
"FRMORT001","None","-",21.39116652,-157.73700854,"2026-08-03T22:03:59.847Z","UAV 1"
"FRLAV006","Move to {-5499315.048189, -2250231.003964, 2310734.853397}","-",21.38997564,-157.74154884,"2026-08-03T22:03:59.847Z","UAV 1"
"FRT69005","Move to {-5499315.048189, -2250231.003964, 2310734.853397}","-",21.38107264,-157.73402663,"2026-08-03T22:03:59.847Z","UAV 1"
"FRM113007","Move to {-5499315.048189, -2250231.003964, 2310734.853397}","-",21.39010249,-157.74239308,"2026-08-03T22:03:59.847Z","UAV 1"
"FRM113002","Move to {-5499315.048189, -2250231.003964, 2310734.853397}","-",21.39000841,-157.74174397,"2026-08-03T22:03:59.847Z","UAV 1"
"FRM113006","Move to {-5499315.048189, -2250231.003964, 2310734.853397}","-",21.39010236,-157.74230744,"2026-08-03T22:03:59.847Z","UAV 1"
"FRMORT004","None","-",21.39105358,-157.73697074,"2026-08-03T22:03:59.847Z","UAV 1"
"ENMORT001","None","-",21.37454920,-157.73726779,"2026-08-03T22:03:59.847Z","UAV 1"
"FRM109003","Move to {-5499516.453323, -2249726.423604, 2310685.859186}","-",21.39057219,-157.74220500,"2026-08-03T22:03:59.847Z","UAV 1"
"FRM109002","Move to {-5499315.048189, -2250231.003964, 2310734.853397}","-",21.38996035,-157.74085108,"2026-08-03T22:03:59.847Z","UAV 1"
"FRLAV001","Move to {-5499315.048189, -2250231.003964, 2310734.853397}","-",21.38975811,-157.74170085,"2026-08-03T22:03:59.847Z","UAV 1"
"ENMORT002","None","-",21.37448557,-157.73696566,"2026-08-03T22:03:59.847Z","UAV 1"
"FRMORT003","None","-",21.39122072,-157.73728393,"2026-08-03T22:03:59.847Z","UAV 1"
"FRM113005","Move to {-5499315.048189, -2250231.003964, 2310734.853397}","-",21.38846156,-157.74299265,"2026-08-03T22:03:59.847Z","UAV 1"
"FRM109001","Move to {-5499516.453323, -2249726.423604, 2310685.859186}","-",21.39047409,-157.74182925,"2026-08-03T22:03:59.847Z","UAV 1"
"FRM113004","Move to {-5499315.048189, -2250231.003964, 2310734.853397}","-",21.39007085,-157.74227946,"2026-08-03T22:03:59.847Z","UAV 1"
"FRT69010","Move to {-5499315.048189, -2250231.003964, 2310734.853397}","-",21.38085576,-157.73407917,"2026-08-03T22:03:59.847Z","UAV 1"
"FRM109004","Move to {-5499315.048189, -2250231.003964, 2310734.853397}","-",21.38993626,-157.74077073,"2026-08-03T22:03:59.847Z","UAV 1"
"FRLAV004","Move to {-5499315.048189, -2250231.003964, 2310734.853397}","-",21.38960319,-157.74119497,"2026-08-03T22:03:59.847Z","UAV 1"
"M107 1","None","-",21.36711185,-157.73186078,"2026-08-03T22:03:59.847Z","UAV 1"
"M107 2","None","-",21.36735621,-157.73177135,"2026-08-03T22:03:59.847Z","UAV 1"
"M107 3","None","-",21.36720689,-157.73183752,"2026-08-03T22:03:59.847Z","UAV 1"
"M107 7","None","-",21.36726898,-157.73197872,"2026-08-03T22:03:59.847Z","UAV 1"
"ENMORT003","None","-",21.37448817,-157.73726715,"2026-08-03T22:03:59.847Z","UAV 1"
"FRT80005","None","-",21.38084254,-157.74641405,"2026-08-03T22:03:59.847Z","UAV 1"
"FRT80003","None","-",21.38089589,-157.74646199,"2026-08-03T22:03:59.847Z","UAV 1"
"ENMORT005","None","-",21.37463885,-157.73701809,"2026-08-03T22:04:01.880Z","UAV 1"
"FRT69001","Move to {-5499315.048189, -2250231.003964, 2310734.853397}","-",21.38092028,-157.73404863,"2026-08-03T22:04:01.880Z","UAV 1"
"ENMORT004","None","-",21.37449517,-157.73695548,"2026-08-03T22:04:01.880Z","UAV 1"
"FRMORT002","None","-",21.39124517,-157.73722922,"2026-08-03T22:04:01.880Z","UAV 1"
"FRM113003","Move to {-5499315.048189, -2250231.003964, 2310734.853397}","-",21.39003998,-157.74223618,"2026-08-03T22:04:01.880Z","UAV 1"
"FRMORT001","None","-",21.39116652,-157.73700854,"2026-08-03T22:04:01.880Z","UAV 1"
"FRLAV006","Move to {-5499315.048189, -2250231.003964, 2310734.853397}","-",21.38997384,-157.74154854,"2026-08-03T22:04:01.880Z","UAV 1"
"FRT69005","Move to {-5499315.048189, -2250231.003964, 2310734.853397}","-",21.38107264,-157.73402663,"2026-08-03T22:04:01.880Z","UAV 1"
"FRM113007","Move to {-5499315.048189, -2250231.003964, 2310734.853397}","-",21.39010160,-157.74239347,"2026-08-03T22:04:01.880Z","UAV 1"
"FRM113002","Move to {-5499315.048189, -2250231.003964, 2310734.853397}","-",21.39000841,-157.74174410,"2026-08-03T22:04:01.880Z","UAV 1"
"FRM113006","Move to {-5499315.048189, -2250231.003964, 2310734.853397}","-",21.39010161,-157.74230777,"2026-08-03T22:04:01.880Z","UAV 1"
"FRMORT004","None","-",21.39105358,-157.73697074,"2026-08-03T22:04:01.880Z","UAV 1"
"ENMORT001","None","-",21.37454920,-157.73726779,"2026-08-03T22:04:01.880Z","UAV 1"
"FRM109003","Move to {-5499516.453323, -2249726.423604, 2310685.859186}","-",21.39057356,-157.74220373,"2026-08-03T22:04:01.880Z","UAV 1"
"FRM109002","Move to {-5499315.048189, -2250231.003964, 2310734.853397}","-",21.38996035,-157.74085108,"2026-08-03T22:04:01.880Z","UAV 1"
"FRLAV001","Move to {-5499315.048189, -2250231.003964, 2310734.853397}","-",21.38975734,-157.74170133,"2026-08-03T22:04:01.880Z","UAV 1"
"FRMORT003","None","-",21.39122072,-157.73728393,"2026-08-03T22:04:01.880Z","UAV 1"
"FRM113005","Move to {-5499315.048189, -2250231.003964, 2310734.853397}","-",21.38844810,-157.74299870,"2026-08-03T22:04:01.880Z","UAV 1"
"FRM109001","Move to {-5499516.453323, -2249726.423604, 2310685.859186}","-",21.39047541,-157.74182796,"2026-08-03T22:04:01.880Z","UAV 1"
"FRM113004","Move to {-5499315.048189, -2250231.003964, 2310734.853397}","-",21.39007402,-157.74227804,"2026-08-03T22:04:01.880Z","UAV 1"
"FRT69010","Move to {-5499315.048189, -2250231.003964, 2310734.853397}","-",21.38085576,-157.73407917,"2026-08-03T22:04:01.880Z","UAV 1"
"FRM109004","Move to {-5499315.048189, -2250231.003964, 2310734.853397}","-",21.38993626,-157.74077073,"2026-08-03T22:04:01.880Z","UAV 1"
"FRLAV004","Move to {-5499315.048189, -2250231.003964, 2310734.853397}","-",21.38960424,-157.74119587,"2026-08-03T22:04:01.880Z","UAV 1"
"M107 1","None","-",21.36711185,-157.73186078,"2026-08-03T22:04:01.880Z","UAV 1"
"M107 2","None","-",21.36735621,-157.73177135,"2026-08-03T22:04:01.880Z","UAV 1"
"M107 3","None","-",21.36720689,-157.73183752,"2026-08-03T22:04:01.880Z","UAV 1"
"M107 7","None","-",21.36726898,-157.73197872,"2026-08-03T22:04:01.880Z","UAV 1"
"ENMORT003","None","-",21.37448817,-157.73726715,"2026-08-03T22:04:01.880Z","UAV 1"
"FRT80005","None","-",21.38084254,-157.74641405,"2026-08-03T22:04:01.880Z","UAV 1"
"FRT80003","None","-",21.38089589,-157.74646199,"2026-08-03T22:04:01.880Z","UAV 1"
"ENMORT005","None","-",21.37463885,-157.73701809,"2026-08-03T22:04:01.880Z","UAV 1"
"FRT69001","Move to {-5499315.048189, -2250231.003964, 2310734.853397}","-",21.38092028,-157.73404863,"2026-08-03T22:04:01.880Z","UAV 1"
"ENMORT004","None","-",21.37449517,-157.73695548,"2026-08-03T22:04:01.880Z","UAV 1"
"FRMORT002","None","-",21.39124517,-157.73722922,"2026-08-03T22:04:01.880Z","UAV 1"
"FRM113003","Move to {-5499315.048189, -2250231.003964, 2310734.853397}","-",21.39003998,-157.74223618,"2026-08-03T22:04:01.880Z","UAV 1"
"FRMORT001","None","-",21.39116652,-157.73700854,"2026-08-03T22:04:01.880Z","UAV 1"
"FRLAV006","Move to {-5499315.048189, -2250231.003964, 2310734.853397}","-",21.38997384,-157.74154854,"2026-08-03T22:04:01.880Z","UAV 1"
"FRT69005","Move to {-5499315.048189, -2250231.003964, 2310734.853397}","-",21.38107264,-157.73402663,"2026-08-03T22:04:01.880Z","UAV 1"
"FRM113007","Move to {-5499315.048189, -2250231.003964, 2310734.853397}","-",21.39010160,-157.74239347,"2026-08-03T22:04:01.880Z","UAV 1"
"FRM113002","Move to {-5499315.048189, -2250231.003964, 2310734.853397}","-",21.39000841,-157.74174410,"2026-08-03T22:04:01.880Z","UAV 1"
"FRM113006","Move to {-5499315.048189, -2250231.003964, 2310734.853397}","-",21.39010161,-157.74230777,"2026-08-03T22:04:01.880Z","UAV 1"
"FRMORT004","None","-",21.39105358,-157.73697074,"2026-08-03T22:04:01.880Z","UAV 1"
"ENMORT001","None","-",21.37454920,-157.73726779,"2026-08-03T22:04:01.880Z","UAV 1"
"FRM109003","Move to {-5499516.453323, -2249726.423604, 2310685.859186}","-",21.39057356,-157.74220373,"2026-08-03T22:04:01.880Z","UAV 1"
"FRM109002","Move to {-5499315.048189, -2250231.003964, 2310734.853397}","-",21.38996035,-157.74085108,"2026-08-03T22:04:01.880Z","UAV 1"
"FRLAV001","Move to {-5499315.048189, -2250231.003964, 2310734.853397}","-",21.38975734,-157.74170133,"2026-08-03T22:04:01.880Z","UAV 1"
"FRMORT003","None","-",21.39122072,-157.73728393,"2026-08-03T22:04:01.880Z","UAV 1"
"FRM113005","Move to {-5499315.048189, -2250231.003964, 2310734.853397}","-",21.38844810,-157.74299870,"2026-08-03T22:04:01.880Z","UAV 1"
"FRM109001","Move to {-5499516.453323, -2249726.423604, 2310685.859186}","-",21.39047541,-157.74182796,"2026-08-03T22:04:01.880Z","UAV 1"
"FRM113004","Move to {-5499315.048189, -2250231.003964, 2310734.853397}","-",21.39007402,-157.74227804,"2026-08-03T22:04:01.880Z","UAV 1"
"FRT69010","Move to {-5499315.048189, -2250231.003964, 2310734.853397}","-",21.38085576,-157.73407917,"2026-08-03T22:04:01.880Z","UAV 1"
"FRM109004","Move to {-5499315.048189, -2250231.003964, 2310734.853397}","-",21.38993626,-157.74077073,"2026-08-03T22:04:01.880Z","UAV 1"
"FRLAV004","Move to {-5499315.048189, -2250231.003964, 2310734.853397}","-",21.38960424,-157.74119587,"2026-08-03T22:04:01.880Z","UAV 1"
"M107 1","None","-",21.36711185,-157.73186078,"2026-08-03T22:04:01.880Z","UAV 1"
"M107 2","None","-",21.36735621,-157.73177135,"2026-08-03T22:04:01.880Z","UAV 1"
"M107 3","None","-",21.36720689,-157.73183752,"2026-08-03T22:04:01.880Z","UAV 1"
"M107 7","None","-",21.36726898,-157.73197872,"2026-08-03T22:04:01.880Z","UAV 1"
"ENMORT003","None","-",21.37448817,-157.73726715,"2026-08-03T22:04:01.880Z","UAV 1"
"FRT80005","None","-",21.38084254,-157.74641405,"2026-08-03T22:04:01.880Z","UAV 1"
"FRT80003","None","-",21.38089589,-157.74646199,"2026-08-03T22:04:01.880Z","UAV 1"
"ENMORT005","None","-",21.37463885,-157.73701809,"2026-08-03T22:04:03.935Z","UAV 1"
"FRT69001","Move to {-5499315.048189, -2250231.003964, 2310734.853397}","-",21.38092028,-157.73404863,"2026-08-03T22:04:03.935Z","UAV 1"
"ENMORT004","None","-",21.37449517,-157.73695548,"2026-08-03T22:04:03.935Z","UAV 1"
"FRMORT002","None","-",21.39124517,-157.73722922,"2026-08-03T22:04:03.935Z","UAV 1"
"FRM113003","Move to {-5499315.048189, -2250231.003964, 2310734.853397}","-",21.39003855,-157.74223683,"2026-08-03T22:04:03.935Z","UAV 1"
"FRMORT001","None","-",21.39116652,-157.73700854,"2026-08-03T22:04:03.935Z","UAV 1"
"FRLAV006","Move to {-5499315.048189, -2250231.003964, 2310734.853397}","-",21.38997730,-157.74154915,"2026-08-03T22:04:03.935Z","UAV 1"
"FRT69005","Move to {-5499315.048189, -2250231.003964, 2310734.853397}","-",21.38107264,-157.73402663,"2026-08-03T22:04:03.935Z","UAV 1"
"FRM113007","Move to {-5499315.048189, -2250231.003964, 2310734.853397}","-",21.39010170,-157.74239343,"2026-08-03T22:04:03.935Z","UAV 1"
"FRM113002","Move to {-5499315.048189, -2250231.003964, 2310734.853397}","-",21.39000822,-157.74174350,"2026-08-03T22:04:03.935Z","UAV 1"
"FRM113006","Move to {-5499315.048189, -2250231.003964, 2310734.853397}","-",21.39010082,-157.74230812,"2026-08-03T22:04:03.935Z","UAV 1"
"FRMORT004","None","-",21.39105358,-157.73697074,"2026-08-03T22:04:03.935Z","UAV 1"
"ENMORT001","None","-",21.37454920,-157.73726779,"2026-08-03T22:04:03.935Z","UAV 1"
"FRM109003","Move to {-5499516.453323, -2249726.423604, 2310685.859186}","-",21.39057177,-157.74220540,"2026-08-03T22:04:03.935Z","UAV 1"
"FRM109002","Move to {-5499315.048189, -2250231.003964, 2310734.853397}","-",21.38996035,-157.74085108,"2026-08-03T22:04:03.935Z","UAV 1"
"FRLAV001","Move to {-5499315.048189, -2250231.003964, 2310734.853397}","-",21.38975581,-157.74170227,"2026-08-03T22:04:03.935Z","UAV 1"
"FRMORT003","None","-",21.39122072,-157.73728393,"2026-08-03T22:04:03.935Z","UAV 1"
"FRM113005","Move to {-5499315.048189, -2250231.003964, 2310734.853397}","-",21.38843467,-157.74300473,"2026-08-03T22:04:03.935Z","UAV 1"
"FRM109001","Move to {-5499516.453323, -2249726.423604, 2310685.859186}","-",21.39047209,-157.74183121,"2026-08-03T22:04:03.935Z","UAV 1"
"FRT69010","Move to {-5499315.048189, -2250231.003964, 2310734.853397}","-",21.38085576,-157.73407917,"2026-08-03T22:04:03.935Z","UAV 1"
"FRM109004","Move to {-5499315.048189, -2250231.003964, 2310734.853397}","-",21.38993626,-157.74077074,"2026-08-03T22:04:03.935Z","UAV 1"
"FRLAV004","Move to {-5499315.048189, -2250231.003964, 2310734.853397}","-",21.38960563,-157.74119705,"2026-08-03T22:04:03.935Z","UAV 1"
"M107 1","None","-",21.36711185,-157.73186078,"2026-08-03T22:04:03.935Z","UAV 1"
"M107 2","None","-",21.36735621,-157.73177135,"2026-08-03T22:04:03.935Z","UAV 1"
"M107 3","None","-",21.36720689,-157.73183752,"2026-08-03T22:04:03.935Z","UAV 1"
"M107 7","None","-",21.36726898,-157.73197872,"2026-08-03T22:04:03.935Z","UAV 1"
"ENMORT003","None","-",21.37448817,-157.73726715,"2026-08-03T22:04:03.935Z","UAV 1"
"FRT80005","None","-",21.38084254,-157.74641405,"2026-08-03T22:04:03.935Z","UAV 1"
"FRT80003","None","-",21.38089589,-157.74646199,"2026-08-03T22:04:03.935Z","UAV 1"
"ENM35003","Move to {-5499460.953457, -2250814.454542, 2309743.262342}","-",21.37137605,-157.74157733,"2026-08-03T22:04:03.935Z","UAV 1"
"ENMORT005","None","-",21.37463885,-157.73701809,"2026-08-03T22:04:03.935Z","UAV 1"
"FRT69001","Move to {-5499315.048189, -2250231.003964, 2310734.853397}","-",21.38092028,-157.73404863,"2026-08-03T22:04:03.935Z","UAV 1"
"ENMORT004","None","-",21.37449517,-157.73695548,"2026-08-03T22:04:03.935Z","UAV 1"
"FRMORT002","None","-",21.39124517,-157.73722922,"2026-08-03T22:04:03.935Z","UAV 1"
"FRM113003","Move to {-5499315.048189, -2250231.003964, 2310734.853397}","-",21.39003855,-157.74223683,"2026-08-03T22:04:03.935Z","UAV 1"
"FRMORT001","None","-",21.39116652,-157.73700854,"2026-08-03T22:04:03.935Z","UAV 1"
"FRLAV006","Move to {-5499315.048189, -2250231.003964, 2310734.853397}","-",21.38997730,-157.74154915,"2026-08-03T22:04:03.935Z","UAV 1"
"FRT69005","Move to {-5499315.048189, -2250231.003964, 2310734.853397}","-",21.38107264,-157.73402663,"2026-08-03T22:04:03.935Z","UAV 1"
"FRM113007","Move to {-5499315.048189, -2250231.003964, 2310734.853397}","-",21.39010170,-157.74239343,"2026-08-03T22:04:03.935Z","UAV 1"
"FRM113002","Move to {-5499315.048189, -2250231.003964, 2310734.853397}","-",21.39000822,-157.74174350,"2026-08-03T22:04:03.935Z","UAV 1"
"FRM113006","Move to {-5499315.048189, -2250231.003964, 2310734.853397}","-",21.39010082,-157.74230812,"2026-08-03T22:04:03.935Z","UAV 1"
"FRMORT004","None","-",21.39105358,-157.73697074,"2026-08-03T22:04:03.935Z","UAV 1"
"ENMORT001","None","-",21.37454920,-157.73726779,"2026-08-03T22:04:03.935Z","UAV 1"
"FRM109003","Move to {-5499516.453323, -2249726.423604, 2310685.859186}","-",21.39057177,-157.74220540,"2026-08-03T22:04:03.935Z","UAV 1"
"FRM109002","Move to {-5499315.048189, -2250231.003964, 2310734.853397}","-",21.38996035,-157.74085108,"2026-08-03T22:04:03.935Z","UAV 1"
"FRLAV001","Move to {-5499315.048189, -2250231.003964, 2310734.853397}","-",21.38975581,-157.74170227,"2026-08-03T22:04:03.935Z","UAV 1"
"FRMORT003","None","-",21.39122072,-157.73728393,"2026-08-03T22:04:03.935Z","UAV 1"
"FRM113005","Move to {-5499315.048189, -2250231.003964, 2310734.853397}","-",21.38843467,-157.74300473,"2026-08-03T22:04:03.935Z","UAV 1"
"FRM109001","Move to {-5499516.453323, -2249726.423604, 2310685.859186}","-",21.39047209,-157.74183121,"2026-08-03T22:04:03.935Z","UAV 1"
"FRT69010","Move to {-5499315.048189, -2250231.003964, 2310734.853397}","-",21.38085576,-157.73407917,"2026-08-03T22:04:03.935Z","UAV 1"
"FRM109004","Move to {-5499315.048189, -2250231.003964, 2310734.853397}","-",21.38993626,-157.74077074,"2026-08-03T22:04:03.935Z","UAV 1"
"FRLAV004","Move to {-5499315.048189, -2250231.003964, 2310734.853397}","-",21.38960563,-157.74119705,"2026-08-03T22:04:03.935Z","UAV 1"
"M107 1","None","-",21.36711185,-157.73186078,"2026-08-03T22:04:03.935Z","UAV 1"
"M107 2","None","-",21.36735621,-157.73177135,"2026-08-03T22:04:03.935Z","UAV 1"
"M107 3","None","-",21.36720689,-157.73183752,"2026-08-03T22:04:03.935Z","UAV 1"
"M107 7","None","-",21.36726898,-157.73197872,"2026-08-03T22:04:03.935Z","UAV 1"
"ENMORT003","None","-",21.37448817,-157.73726715,"2026-08-03T22:04:03.935Z","UAV 1"
"FRT80005","None","-",21.38084254,-157.74641405,"2026-08-03T22:04:03.935Z","UAV 1"
"FRT80003","None","-",21.38089589,-157.74646199,"2026-08-03T22:04:03.935Z","UAV 1"
"ENM35003","Move to {-5499460.953457, -2250814.454542, 2309743.262342}","-",21.37137605,-157.74157733,"2026-08-03T22:04:03.935Z","UAV 1"
"ENMORT005","None","-",21.37463885,-157.73701809,"2026-08-03T22:04:05.988Z","UAV 1"
"FRT69001","Move to {-5499315.048189, -2250231.003964, 2310734.853397}","-",21.38092028,-157.73404862,"2026-08-03T22:04:05.988Z","UAV 1"
"ENMORT004","None","-",21.37449517,-157.73695548,"2026-08-03T22:04:05.988Z","UAV 1"
"FRMORT002","None","-",21.39124517,-157.73722922,"2026-08-03T22:04:05.988Z","UAV 1"
"FRM113003","Move to {-5499315.048189, -2250231.003964, 2310734.853397}","-",21.39003942,-157.74223643,"2026-08-03T22:04:05.988Z","UAV 1"
"FRMORT001","None","-",21.39116652,-157.73700854,"2026-08-03T22:04:05.988Z","UAV 1"
"FRLAV006","Move to {-5499315.048189, -2250231.003964, 2310734.853397}","-",21.38997504,-157.74154878,"2026-08-03T22:04:05.988Z","UAV 1"
"FRT69005","Move to {-5499315.048189, -2250231.003964, 2310734.853397}","-",21.38107264,-157.73402663,"2026-08-03T22:04:05.988Z","UAV 1"
"FRM113007","Move to {-5499315.048189, -2250231.003964, 2310734.853397}","-",21.39010127,-157.74239361,"2026-08-03T22:04:05.988Z","UAV 1"
"FRM113002","Move to {-5499315.048189, -2250231.003964, 2310734.853397}","-",21.39000844,-157.74174427,"2026-08-03T22:04:05.988Z","UAV 1"
"FRM113006","Move to {-5499315.048189, -2250231.003964, 2310734.853397}","-",21.39010060,-157.74230822,"2026-08-03T22:04:05.988Z","UAV 1"
"FRMORT004","None","-",21.39105358,-157.73697074,"2026-08-03T22:04:05.988Z","UAV 1"
"ENMORT001","None","-",21.37454920,-157.73726779,"2026-08-03T22:04:05.988Z","UAV 1"
"FRM109003","Move to {-5499516.453323, -2249726.423604, 2310685.859186}","-",21.39057031,-157.74220676,"2026-08-03T22:04:05.988Z","UAV 1"
"FRM109002","Move to {-5499315.048189, -2250231.003964, 2310734.853397}","-",21.38996035,-157.74085108,"2026-08-03T22:04:05.988Z","UAV 1"
"FRLAV001","Move to {-5499315.048189, -2250231.003964, 2310734.853397}","-",21.38975477,-157.74170291,"2026-08-03T22:04:05.988Z","UAV 1"
"FRMORT003","None","-",21.39122072,-157.73728393,"2026-08-03T22:04:05.988Z","UAV 1"
"FRM113005","Move to {-5499315.048189, -2250231.003964, 2310734.853397}","-",21.38842184,-157.74301049,"2026-08-03T22:04:05.988Z","UAV 1"
"FRM109001","Move to {-5499516.453323, -2249726.423604, 2310685.859186}","-",21.39047078,-157.74183250,"2026-08-03T22:04:05.988Z","UAV 1"
"FRT69010","Move to {-5499315.048189, -2250231.003964, 2310734.853397}","-",21.38085576,-157.73407917,"2026-08-03T22:04:05.988Z","UAV 1"
"FRM109004","Move to {-5499315.048189, -2250231.003964, 2310734.853397}","-",21.38993626,-157.74077074,"2026-08-03T22:04:05.988Z","UAV 1"
"FRLAV004","Move to {-5499315.048189, -2250231.003964, 2310734.853397}","-",21.38960705,-157.74119827,"2026-08-03T22:04:05.988Z","UAV 1"
"M107 1","None","-",21.36711185,-157.73186078,"2026-08-03T22:04:05.988Z","UAV 1"
"M107 2","None","-",21.36735621,-157.73177135,"2026-08-03T22:04:05.988Z","UAV 1"
"M107 3","None","-",21.36720689,-157.73183752,"2026-08-03T22:04:05.988Z","UAV 1"
"M107 7","None","-",21.36726898,-157.73197872,"2026-08-03T22:04:05.988Z","UAV 1"
"ENMORT003","None","-",21.37448817,-157.73726715,"2026-08-03T22:04:05.988Z","UAV 1"
"FRT80005","None","-",21.38084254,-157.74641405,"2026-08-03T22:04:05.988Z","UAV 1"
"FRT80003","None","-",21.38089589,-157.74646199,"2026-08-03T22:04:05.988Z","UAV 1"
"ENM35003","Move to {-5499460.953457, -2250814.454542, 2309743.262342}","-",21.37138627,-157.74154105,"2026-08-03T22:04:05.988Z","UAV 1"
"ENMORT005","None","-",21.37463885,-157.73701809,"2026-08-03T22:04:05.988Z","UAV 1"
"FRT69001","Move to {-5499315.048189, -2250231.003964, 2310734.853397}","-",21.38092028,-157.73404862,"2026-08-03T22:04:05.988Z","UAV 1"
"ENMORT004","None","-",21.37449517,-157.73695548,"2026-08-03T22:04:05.988Z","UAV 1"
"FRMORT002","None","-",21.39124517,-157.73722922,"2026-08-03T22:04:05.988Z","UAV 1"
"FRM113003","Move to {-5499315.048189, -2250231.003964, 2310734.853397}","-",21.39003942,-157.74223643,"2026-08-03T22:04:05.988Z","UAV 1"
"FRMORT001","None","-",21.39116652,-157.73700854,"2026-08-03T22:04:05.988Z","UAV 1"
"FRLAV006","Move to {-5499315.048189, -2250231.003964, 2310734.853397}","-",21.38997504,-157.74154878,"2026-08-03T22:04:05.988Z","UAV 1"
"FRT69005","Move to {-5499315.048189, -2250231.003964, 2310734.853397}","-",21.38107264,-157.73402663,"2026-08-03T22:04:05.988Z","UAV 1"
"FRM113007","Move to {-5499315.048189, -2250231.003964, 2310734.853397}","-",21.39010127,-157.74239361,"2026-08-03T22:04:05.988Z","UAV 1"
"FRM113002","Move to {-5499315.048189, -2250231.003964, 2310734.853397}","-",21.39000844,-157.74174427,"2026-08-03T22:04:05.988Z","UAV 1"
"FRM113006","Move to {-5499315.048189, -2250231.003964, 2310734.853397}","-",21.39010060,-157.74230822,"2026-08-03T22:04:05.988Z","UAV 1"
"FRMORT004","None","-",21.39105358,-157.73697074,"2026-08-03T22:04:05.988Z","UAV 1"
"ENMORT001","None","-",21.37454920,-157.73726779,"2026-08-03T22:04:05.988Z","UAV 1"
"FRM109003","Move to {-5499516.453323, -2249726.423604, 2310685.859186}","-",21.39057031,-157.74220676,"2026-08-03T22:04:05.988Z","UAV 1"
"FRM109002","Move to {-5499315.048189, -2250231.003964, 2310734.853397}","-",21.38996035,-157.74085108,"2026-08-03T22:04:05.988Z","UAV 1"
"FRLAV001","Move to {-5499315.048189, -2250231.003964, 2310734.853397}","-",21.38975477,-157.74170291,"2026-08-03T22:04:05.988Z","UAV 1"
"FRMORT003","None","-",21.39122072,-157.73728393,"2026-08-03T22:04:05.988Z","UAV 1"
"FRM113005","Move to {-5499315.048189, -2250231.003964, 2310734.853397}","-",21.38842184,-157.74301049,"2026-08-03T22:04:05.988Z","UAV 1"
"FRM109001","Move to {-5499516.453323, -2249726.423604, 2310685.859186}","-",21.39047078,-157.74183250,"2026-08-03T22:04:05.988Z","UAV 1"
"FRT69010","Move to {-5499315.048189, -2250231.003964, 2310734.853397}","-",21.38085576,-157.73407917,"2026-08-03T22:04:05.988Z","UAV 1"
"FRM109004","Move to {-5499315.048189, -2250231.003964, 2310734.853397}","-",21.38993626,-157.74077074,"2026-08-03T22:04:05.988Z","UAV 1"
"FRLAV004","Move to {-5499315.048189, -2250231.003964, 2310734.853397}","-",21.38960705,-157.74119827,"2026-08-03T22:04:05.988Z","UAV 1"
"M107 1","None","-",21.36711185,-157.73186078,"2026-08-03T22:04:05.988Z","UAV 1"
"M107 2","None","-",21.36735621,-157.73177135,"2026-08-03T22:04:05.988Z","UAV 1"
"M107 3","None","-",21.36720689,-157.73183752,"2026-08-03T22:04:05.988Z","UAV 1"
"M107 7","None","-",21.36726898,-157.73197872,"2026-08-03T22:04:05.988Z","UAV 1"
"ENMORT003","None","-",21.37448817,-157.73726715,"2026-08-03T22:04:05.988Z","UAV 1"
"FRT80005","None","-",21.38084254,-157.74641405,"2026-08-03T22:04:05.988Z","UAV 1"
"FRT80003","None","-",21.38089589,-157.74646199,"2026-08-03T22:04:05.988Z","UAV 1"
"ENM35003","Move to {-5499460.953457, -2250814.454542, 2309743.262342}","-",21.37138627,-157.74154105,"2026-08-03T22:04:05.988Z","UAV 1"
"ENMORT005","None","-",21.37463885,-157.73701809,"2026-08-03T22:04:05.988Z","UAV 1"
"FRT69001","Move to {-5499315.048189, -2250231.003964, 2310734.853397}","-",21.38092028,-157.73404862,"2026-08-03T22:04:05.988Z","UAV 1"
"ENMORT004","None","-",21.37449517,-157.73695548,"2026-08-03T22:04:05.988Z","UAV 1"
"FRMORT002","None","-",21.39124517,-157.73722922,"2026-08-03T22:04:05.988Z","UAV 1"
"FRM113003","Move to {-5499315.048189, -2250231.003964, 2310734.853397}","-",21.39003942,-157.74223643,"2026-08-03T22:04:05.988Z","UAV 1"
"FRMORT001","None","-",21.39116652,-157.73700854,"2026-08-03T22:04:05.988Z","UAV 1"
"FRLAV006","Move to {-5499315.048189, -2250231.003964, 2310734.853397}","-",21.38997504,-157.74154878,"2026-08-03T22:04:05.988Z","UAV 1"
"FRT69005","Move to {-5499315.048189, -2250231.003964, 2310734.853397}","-",21.38107264,-157.73402663,"2026-08-03T22:04:05.988Z","UAV 1"
"FRM113007","Move to {-5499315.048189, -2250231.003964, 2310734.853397}","-",21.39010127,-157.74239361,"2026-08-03T22:04:05.988Z","UAV 1"
"FRM113002","Move to {-5499315.048189, -2250231.003964, 2310734.853397}","-",21.39000844,-157.74174427,"2026-08-03T22:04:05.988Z","UAV 1"
"FRM113006","Move to {-5499315.048189, -2250231.003964, 2310734.853397}","-",21.39010060,-157.74230822,"2026-08-03T22:04:05.988Z","UAV 1"
"FRMORT004","None","-",21.39105358,-157.73697074,"2026-08-03T22:04:05.988Z","UAV 1"
"ENMORT001","None","-",21.37454920,-157.73726779,"2026-08-03T22:04:05.988Z","UAV 1"
"FRM109003","Move to {-5499516.453323, -2249726.423604, 2310685.859186}","-",21.39057031,-157.74220676,"2026-08-03T22:04:05.988Z","UAV 1"
"FRM109002","Move to {-5499315.048189, -2250231.003964, 2310734.853397}","-",21.38996035,-157.74085108,"2026-08-03T22:04:05.988Z","UAV 1"
"FRLAV001","Move to {-5499315.048189, -2250231.003964, 2310734.853397}","-",21.38975477,-157.74170291,"2026-08-03T22:04:05.988Z","UAV 1"
"FRMORT003","None","-",21.39122072,-157.73728393,"2026-08-03T22:04:05.988Z","UAV 1"
"FRM113005","Move to {-5499315.048189, -2250231.003964, 2310734.853397}","-",21.38842184,-157.74301049,"2026-08-03T22:04:05.988Z","UAV 1"
"FRM109001","Move to {-5499516.453323, -2249726.423604, 2310685.859186}","-",21.39047078,-157.74183250,"2026-08-03T22:04:05.988Z","UAV 1"
"FRT69010","Move to {-5499315.048189, -2250231.003964, 2310734.853397}","-",21.38085576,-157.73407917,"2026-08-03T22:04:05.988Z","UAV 1"
"FRM109004","Move to {-5499315.048189, -2250231.003964, 2310734.853397}","-",21.38993626,-157.74077074,"2026-08-03T22:04:05.988Z","UAV 1"
"FRLAV004","Move to {-5499315.048189, -2250231.003964, 2310734.853397}","-",21.38960705,-157.74119827,"2026-08-03T22:04:05.988Z","UAV 1"
"M107 1","None","-",21.36711185,-157.73186078,"2026-08-03T22:04:05.988Z","UAV 1"
"M107 2","None","-",21.36735621,-157.73177135,"2026-08-03T22:04:05.988Z","UAV 1"
"M107 3","None","-",21.36720689,-157.73183752,"2026-08-03T22:04:05.988Z","UAV 1"
"M107 7","None","-",21.36726898,-157.73197872,"2026-08-03T22:04:05.988Z","UAV 1"
"ENMORT003","None","-",21.37448817,-157.73726715,"2026-08-03T22:04:05.988Z","UAV 1"
"FRT80005","None","-",21.38084254,-157.74641405,"2026-08-03T22:04:05.988Z","UAV 1"
"FRT80003","None","-",21.38089589,-157.74646199,"2026-08-03T22:04:05.988Z","UAV 1"
"ENM35003","Move to {-5499460.953457, -2250814.454542, 2309743.262342}","-",21.37138627,-157.74154105,"2026-08-03T22:04:05.988Z","UAV 1"
"ENMORT005","None","-",21.37463885,-157.73701809,"2026-08-03T22:04:08.083Z","UAV 1"
"FRT69001","Move to {-5499315.048189, -2250231.003964, 2310734.853397}","-",21.38092028,-157.73404862,"2026-08-03T22:04:08.083Z","UAV 1"
"FRMORT002","None","-",21.39124517,-157.73722922,"2026-08-03T22:04:08.083Z","UAV 1"
"FRMORT001","None","-",21.39116652,-157.73700854,"2026-08-03T22:04:08.083Z","UAV 1"
"FRLAV006","Move to {-5499315.048189, -2250231.003964, 2310734.853397}","-",21.38997277,-157.74154853,"2026-08-03T22:04:08.083Z","UAV 1"
"FRT69005","Move to {-5499315.048189, -2250231.003964, 2310734.853397}","-",21.38107264,-157.73402663,"2026-08-03T22:04:08.083Z","UAV 1"
"FRM113007","Move to {-5499315.048189, -2250231.003964, 2310734.853397}","-",21.39010131,-157.74239360,"2026-08-03T22:04:08.083Z","UAV 1"
"FRM113002","Move to {-5499315.048189, -2250231.003964, 2310734.853397}","-",21.39000804,-157.74174297,"2026-08-03T22:04:08.083Z","UAV 1"
"FRM113006","Move to {-5499315.048189, -2250231.003964, 2310734.853397}","-",21.39010071,-157.74230817,"2026-08-03T22:04:08.083Z","UAV 1"
"FRMORT004","None","-",21.39105358,-157.73697074,"2026-08-03T22:04:08.083Z","UAV 1"
"ENMORT001","None","-",21.37454920,-157.73726779,"2026-08-03T22:04:08.083Z","UAV 1"
"FRM109003","Move to {-5499516.453323, -2249726.423604, 2310685.859186}","-",21.39056916,-157.74220783,"2026-08-03T22:04:08.083Z","UAV 1"
"FRM109002","Move to {-5499315.048189, -2250231.003964, 2310734.853397}","-",21.38996035,-157.74085108,"2026-08-03T22:04:08.083Z","UAV 1"
"FRLAV001","Move to {-5499315.048189, -2250231.003964, 2310734.853397}","-",21.38975499,-157.74170278,"2026-08-03T22:04:08.083Z","UAV 1"
"FRMORT003","None","-",21.39122072,-157.73728393,"2026-08-03T22:04:08.083Z","UAV 1"
"FRM113005","Move to {-5499315.048189, -2250231.003964, 2310734.853397}","-",21.38840996,-157.74301582,"2026-08-03T22:04:08.083Z","UAV 1"
"FRM109001","Move to {-5499516.453323, -2249726.423604, 2310685.859186}","-",21.39046961,-157.74183364,"2026-08-03T22:04:08.083Z","UAV 1"
"FRT69010","Move to {-5499315.048189, -2250231.003964, 2310734.853397}","-",21.38085576,-157.73407917,"2026-08-03T22:04:08.083Z","UAV 1"
"FRM109004","Move to {-5499315.048189, -2250231.003964, 2310734.853397}","-",21.38993626,-157.74077074,"2026-08-03T22:04:08.083Z","UAV 1"
"FRLAV004","Move to {-5499315.048189, -2250231.003964, 2310734.853397}","-",21.38960818,-157.74119924,"2026-08-03T22:04:08.083Z","UAV 1"
"M107 1","None","-",21.36711185,-157.73186078,"2026-08-03T22:04:08.083Z","UAV 1"
"M107 2","None","-",21.36735621,-157.73177135,"2026-08-03T22:04:08.083Z","UAV 1"
"M107 3","None","-",21.36720689,-157.73183752,"2026-08-03T22:04:08.083Z","UAV 1"
"M107 7","None","-",21.36726898,-157.73197872,"2026-08-03T22:04:08.083Z","UAV 1"
"ENMORT003","None","-",21.37448817,-157.73726715,"2026-08-03T22:04:08.083Z","UAV 1"
"FRT80005","None","-",21.38084254,-157.74641405,"2026-08-03T22:04:08.083Z","UAV 1"
"FRT80003","None","-",21.38089589,-157.74646199,"2026-08-03T22:04:08.083Z","UAV 1"
"ENM35003","Move to {-5499460.953457, -2250814.454542, 2309743.262342}","-",21.37139318,-157.74151656,"2026-08-03T22:04:08.083Z","UAV 1"
"ENMORT005","None","-",21.37463885,-157.73701809,"2026-08-03T22:04:08.083Z","UAV 1"
"FRT69001","Move to {-5499315.048189, -2250231.003964, 2310734.853397}","-",21.38092028,-157.73404862,"2026-08-03T22:04:08.083Z","UAV 1"
"FRMORT002","None","-",21.39124517,-157.73722922,"2026-08-03T22:04:08.083Z","UAV 1"
"FRMORT001","None","-",21.39116652,-157.73700854,"2026-08-03T22:04:08.083Z","UAV 1"
"FRLAV006","Move to {-5499315.048189, -2250231.003964, 2310734.853397}","-",21.38997277,-157.74154853,"2026-08-03T22:04:08.083Z","UAV 1"
"FRT69005","Move to {-5499315.048189, -2250231.003964, 2310734.853397}","-",21.38107264,-157.73402663,"2026-08-03T22:04:08.083Z","UAV 1"
"FRM113007","Move to {-5499315.048189, -2250231.003964, 2310734.853397}","-",21.39010131,-157.74239360,"2026-08-03T22:04:08.083Z","UAV 1"
"FRM113002","Move to {-5499315.048189, -2250231.003964, 2310734.853397}","-",21.39000804,-157.74174297,"2026-08-03T22:04:08.083Z","UAV 1"
"FRM113006","Move to {-5499315.048189, -2250231.003964, 2310734.853397}","-",21.39010071,-157.74230817,"2026-08-03T22:04:08.083Z","UAV 1"
"FRMORT004","None","-",21.39105358,-157.73697074,"2026-08-03T22:04:08.083Z","UAV 1"
"ENMORT001","None","-",21.37454920,-157.73726779,"2026-08-03T22:04:08.083Z","UAV 1"
"FRM109003","Move to {-5499516.453323, -2249726.423604, 2310685.859186}","-",21.39056916,-157.74220783,"2026-08-03T22:04:08.083Z","UAV 1"
"FRM109002","Move to {-5499315.048189, -2250231.003964, 2310734.853397}","-",21.38996035,-157.74085108,"2026-08-03T22:04:08.083Z","UAV 1"
"FRLAV001","Move to {-5499315.048189, -2250231.003964, 2310734.853397}","-",21.38975499,-157.74170278,"2026-08-03T22:04:08.083Z","UAV 1"
"FRMORT003","None","-",21.39122072,-157.73728393,"2026-08-03T22:04:08.083Z","UAV 1"
"FRM113005","Move to {-5499315.048189, -2250231.003964, 2310734.853397}","-",21.38840996,-157.74301582,"2026-08-03T22:04:08.083Z","UAV 1"
"FRM109001","Move to {-5499516.453323, -2249726.423604, 2310685.859186}","-",21.39046961,-157.74183364,"2026-08-03T22:04:08.083Z","UAV 1"
"FRT69010","Move to {-5499315.048189, -2250231.003964, 2310734.853397}","-",21.38085576,-157.73407917,"2026-08-03T22:04:08.083Z","UAV 1"
"FRM109004","Move to {-5499315.048189, -2250231.003964, 2310734.853397}","-",21.38993626,-157.74077074,"2026-08-03T22:04:08.083Z","UAV 1"
"FRLAV004","Move to {-5499315.048189, -2250231.003964, 2310734.853397}","-",21.38960818,-157.74119924,"2026-08-03T22:04:08.083Z","UAV 1"
"M107 1","None","-",21.36711185,-157.73186078,"2026-08-03T22:04:08.083Z","UAV 1"
"M107 2","None","-",21.36735621,-157.73177135,"2026-08-03T22:04:08.083Z","UAV 1"
"M107 3","None","-",21.36720689,-157.73183752,"2026-08-03T22:04:08.083Z","UAV 1"
"M107 7","None","-",21.36726898,-157.73197872,"2026-08-03T22:04:08.083Z","UAV 1"
"ENMORT003","None","-",21.37448817,-157.73726715,"2026-08-03T22:04:08.083Z","UAV 1"
"FRT80005","None","-",21.38084254,-157.74641405,"2026-08-03T22:04:08.083Z","UAV 1"
"FRT80003","None","-",21.38089589,-157.74646199,"2026-08-03T22:04:08.083Z","UAV 1"
"ENM35003","Move to {-5499460.953457, -2250814.454542, 2309743.262342}","-",21.37139318,-157.74151656,"2026-08-03T22:04:08.083Z","UAV 1"
"ENMORT005","None","-",21.37463885,-157.73701809,"2026-08-03T22:04:08.083Z","UAV 1"
"FRT69001","Move to {-5499315.048189, -2250231.003964, 2310734.853397}","-",21.38092028,-157.73404862,"2026-08-03T22:04:08.083Z","UAV 1"
"FRMORT002","None","-",21.39124517,-157.73722922,"2026-08-03T22:04:08.083Z","UAV 1"
"FRMORT001","None","-",21.39116652,-157.73700854,"2026-08-03T22:04:08.083Z","UAV 1"
"FRLAV006","Move to {-5499315.048189, -2250231.003964, 2310734.853397}","-",21.38997277,-157.74154853,"2026-08-03T22:04:08.083Z","UAV 1"
"FRT69005","Move to {-5499315.048189, -2250231.003964, 2310734.853397}","-",21.38107264,-157.73402663,"2026-08-03T22:04:08.083Z","UAV 1"
"FRM113007","Move to {-5499315.048189, -2250231.003964, 2310734.853397}","-",21.39010131,-157.74239360,"2026-08-03T22:04:08.083Z","UAV 1"
"FRM113002","Move to {-5499315.048189, -2250231.003964, 2310734.853397}","-",21.39000804,-157.74174297,"2026-08-03T22:04:08.083Z","UAV 1"
"FRM113006","Move to {-5499315.048189, -2250231.003964, 2310734.853397}","-",21.39010071,-157.74230817,"2026-08-03T22:04:08.083Z","UAV 1"
"FRMORT004","None","-",21.39105358,-157.73697074,"2026-08-03T22:04:08.083Z","UAV 1"
"ENMORT001","None","-",21.37454920,-157.73726779,"2026-08-03T22:04:08.083Z","UAV 1"
"FRM109003","Move to {-5499516.453323, -2249726.423604, 2310685.859186}","-",21.39056916,-157.74220783,"2026-08-03T22:04:08.083Z","UAV 1"
"FRM109002","Move to {-5499315.048189, -2250231.003964, 2310734.853397}","-",21.38996035,-157.74085108,"2026-08-03T22:04:08.083Z","UAV 1"
"FRLAV001","Move to {-5499315.048189, -2250231.003964, 2310734.853397}","-",21.38975499,-157.74170278,"2026-08-03T22:04:08.083Z","UAV 1"
"FRMORT003","None","-",21.39122072,-157.73728393,"2026-08-03T22:04:08.083Z","UAV 1"
"FRM113005","Move to {-5499315.048189, -2250231.003964, 2310734.853397}","-",21.38840996,-157.74301582,"2026-08-03T22:04:08.083Z","UAV 1"
"FRM109001","Move to {-5499516.453323, -2249726.423604, 2310685.859186}","-",21.39046961,-157.74183364,"2026-08-03T22:04:08.083Z","UAV 1"
"FRT69010","Move to {-5499315.048189, -2250231.003964, 2310734.853397}","-",21.38085576,-157.73407917,"2026-08-03T22:04:08.083Z","UAV 1"
"FRM109004","Move to {-5499315.048189, -2250231.003964, 2310734.853397}","-",21.38993626,-157.74077074,"2026-08-03T22:04:08.083Z","UAV 1"
"FRLAV004","Move to {-5499315.048189, -2250231.003964, 2310734.853397}","-",21.38960818,-157.74119924,"2026-08-03T22:04:08.083Z","UAV 1"
"M107 1","None","-",21.36711185,-157.73186078,"2026-08-03T22:04:08.083Z","UAV 1"
"M107 2","None","-",21.36735621,-157.73177135,"2026-08-03T22:04:08.083Z","UAV 1"
"M107 3","None","-",21.36720689,-157.73183752,"2026-08-03T22:04:08.083Z","UAV 1"
"M107 7","None","-",21.36726898,-157.73197872,"2026-08-03T22:04:08.083Z","UAV 1"
"ENMORT003","None","-",21.37448817,-157.73726715,"2026-08-03T22:04:08.083Z","UAV 1"
"FRT80005","None","-",21.38084254,-157.74641405,"2026-08-03T22:04:08.083Z","UAV 1"
"FRT80003","None","-",21.38089589,-157.74646199,"2026-08-03T22:04:08.083Z","UAV 1"
"ENM35003","Move to {-5499460.953457, -2250814.454542, 2309743.262342}","-",21.37139318,-157.74151656,"2026-08-03T22:04:08.083Z","UAV 1"
"ENMORT005","None","-",21.37463885,-157.73701809,"2026-08-03T22:04:08.083Z","UAV 1"
"FRT69001","Move to {-5499315.048189, -2250231.003964, 2310734.853397}","-",21.38092028,-157.73404862,"2026-08-03T22:04:08.083Z","UAV 1"
"FRMORT002","None","-",21.39124517,-157.73722922,"2026-08-03T22:04:08.083Z","UAV 1"
"FRMORT001","None","-",21.39116652,-157.73700854,"2026-08-03T22:04:08.083Z","UAV 1"
"FRLAV006","Move to {-5499315.048189, -2250231.003964, 2310734.853397}","-",21.38997277,-157.74154853,"2026-08-03T22:04:08.083Z","UAV 1"
"FRT69005","Move to {-5499315.048189, -2250231.003964, 2310734.853397}","-",21.38107264,-157.73402663,"2026-08-03T22:04:08.083Z","UAV 1"
"FRM113007","Move to {-5499315.048189, -2250231.003964, 2310734.853397}","-",21.39010131,-157.74239360,"2026-08-03T22:04:08.083Z","UAV 1"
"FRM113002","Move to {-5499315.048189, -2250231.003964, 2310734.853397}","-",21.39000804,-157.74174297,"2026-08-03T22:04:08.083Z","UAV 1"
"FRM113006","Move to {-5499315.048189, -2250231.003964, 2310734.853397}","-",21.39010071,-157.74230817,"2026-08-03T22:04:08.083Z","UAV 1"
"FRMORT004","None","-",21.39105358,-157.73697074,"2026-08-03T22:04:08.083Z","UAV 1"
"ENMORT001","None","-",21.37454920,-157.73726779,"2026-08-03T22:04:08.083Z","UAV 1"
"FRM109003","Move to {-5499516.453323, -2249726.423604, 2310685.859186}","-",21.39056916,-157.74220783,"2026-08-03T22:04:08.083Z","UAV 1"
"FRM109002","Move to {-5499315.048189, -2250231.003964, 2310734.853397}","-",21.38996035,-157.74085108,"2026-08-03T22:04:08.083Z","UAV 1"
"FRLAV001","Move to {-5499315.048189, -2250231.003964, 2310734.853397}","-",21.38975499,-157.74170278,"2026-08-03T22:04:08.083Z","UAV 1"
"FRMORT003","None","-",21.39122072,-157.73728393,"2026-08-03T22:04:08.083Z","UAV 1"
"FRM113005","Move to {-5499315.048189, -2250231.003964, 2310734.853397}","-",21.38840996,-157.74301582,"2026-08-03T22:04:08.083Z","UAV 1"
"FRM109001","Move to {-5499516.453323, -2249726.423604, 2310685.859186}","-",21.39046961,-157.74183364,"2026-08-03T22:04:08.083Z","UAV 1"
"FRT69010","Move to {-5499315.048189, -2250231.003964, 2310734.853397}","-",21.38085576,-157.73407917,"2026-08-03T22:04:08.083Z","UAV 1"
"FRM109004","Move to {-5499315.048189, -2250231.003964, 2310734.853397}","-",21.38993626,-157.74077074,"2026-08-03T22:04:08.083Z","UAV 1"
"FRLAV004","Move to {-5499315.048189, -2250231.003964, 2310734.853397}","-",21.38960818,-157.74119924,"2026-08-03T22:04:08.083Z","UAV 1"
"M107 1","None","-",21.36711185,-157.73186078,"2026-08-03T22:04:08.083Z","UAV 1"
"M107 2","None","-",21.36735621,-157.73177135,"2026-08-03T22:04:08.083Z","UAV 1"
"M107 3","None","-",21.36720689,-157.73183752,"2026-08-03T22:04:08.083Z","UAV 1"
"M107 7","None","-",21.36726898,-157.73197872,"2026-08-03T22:04:08.083Z","UAV 1"
"ENMORT003","None","-",21.37448817,-157.73726715,"2026-08-03T22:04:08.083Z","UAV 1"
"FRT80005","None","-",21.38084254,-157.74641405,"2026-08-03T22:04:08.083Z","UAV 1"
"FRT80003","None","-",21.38089589,-157.74646199,"2026-08-03T22:04:08.083Z","UAV 1"
"ENM35003","Move to {-5499460.953457, -2250814.454542, 2309743.262342}","-",21.37139318,-157.74151656,"2026-08-03T22:04:08.083Z","UAV 1"
"ENMORT005","None","-",21.37463885,-157.73701809,"2026-08-03T22:04:10.219Z","UAV 1"
"FRT69001","Move to {-5499315.048189, -2250231.003964, 2310734.853397}","-",21.38092028,-157.73404862,"2026-08-03T22:04:10.219Z","UAV 1"
"FRMORT002","None","-",21.39124517,-157.73722922,"2026-08-03T22:04:10.219Z","UAV 1"
"FRMORT001","None","-",21.39116652,-157.73700854,"2026-08-03T22:04:10.219Z","UAV 1"
"FRLAV006","Move to {-5499315.048189, -2250231.003964, 2310734.853397}","-",21.38997589,-157.74154894,"2026-08-03T22:04:10.219Z","UAV 1"
"FRT69005","Move to {-5499315.048189, -2250231.003964, 2310734.853397}","-",21.38107264,-157.73402663,"2026-08-03T22:04:10.219Z","UAV 1"
"FRM113007","Move to {-5499315.048189, -2250231.003964, 2310734.853397}","-",21.39010089,-157.74239378,"2026-08-03T22:04:10.219Z","UAV 1"
"FRM113002","Move to {-5499315.048189, -2250231.003964, 2310734.853397}","-",21.39000809,-157.74174317,"2026-08-03T22:04:10.219Z","UAV 1"
"FRM113006","Move to {-5499315.048189, -2250231.003964, 2310734.853397}","-",21.39010102,-157.74230804,"2026-08-03T22:04:10.219Z","UAV 1"
"FRMORT004","None","-",21.39105358,-157.73697074,"2026-08-03T22:04:10.219Z","UAV 1"
"ENMORT001","None","-",21.37454920,-157.73726779,"2026-08-03T22:04:10.219Z","UAV 1"
"FRM109003","Move to {-5499516.453323, -2249726.423604, 2310685.859186}","-",21.39056823,-157.74220870,"2026-08-03T22:04:10.219Z","UAV 1"
"FRM109002","Move to {-5499315.048189, -2250231.003964, 2310734.853397}","-",21.38996035,-157.74085108,"2026-08-03T22:04:10.219Z","UAV 1"
"FRLAV001","Move to {-5499315.048189, -2250231.003964, 2310734.853397}","-",21.38975639,-157.74170191,"2026-08-03T22:04:10.219Z","UAV 1"
"FRMORT003","None","-",21.39122072,-157.73728393,"2026-08-03T22:04:10.219Z","UAV 1"
"FRM113005","Move to {-5499315.048189, -2250231.003964, 2310734.853397}","-",21.38840040,-157.74302012,"2026-08-03T22:04:10.219Z","UAV 1"
"FRM109001","Move to {-5499516.453323, -2249726.423604, 2310685.859186}","-",21.39046859,-157.74183464,"2026-08-03T22:04:10.219Z","UAV 1"
"FRT69010","Move to {-5499315.048189, -2250231.003964, 2310734.853397}","-",21.38085576,-157.73407916,"2026-08-03T22:04:10.219Z","UAV 1"
"FRM109004","Move to {-5499315.048189, -2250231.003964, 2310734.853397}","-",21.38993626,-157.74077074,"2026-08-03T22:04:10.219Z","UAV 1"
"FRLAV004","Move to {-5499315.048189, -2250231.003964, 2310734.853397}","-",21.38960460,-157.74119620,"2026-08-03T22:04:10.219Z","UAV 1"
"M107 1","None","-",21.36711185,-157.73186078,"2026-08-03T22:04:10.219Z","UAV 1"
"M107 2","None","-",21.36735621,-157.73177135,"2026-08-03T22:04:10.219Z","UAV 1"
"M107 3","None","-",21.36720689,-157.73183752,"2026-08-03T22:04:10.219Z","UAV 1"
"M107 7","None","-",21.36726898,-157.73197872,"2026-08-03T22:04:10.219Z","UAV 1"
"ENMORT003","None","-",21.37448817,-157.73726715,"2026-08-03T22:04:10.219Z","UAV 1"
"ENMORT005","None","-",21.37463885,-157.73701809,"2026-08-03T22:04:10.219Z","UAV 1"
"FRT69001","Move to {-5499315.048189, -2250231.003964, 2310734.853397}","-",21.38092028,-157.73404862,"2026-08-03T22:04:10.219Z","UAV 1"
"FRMORT002","None","-",21.39124517,-157.73722922,"2026-08-03T22:04:10.219Z","UAV 1"
"FRMORT001","None","-",21.39116652,-157.73700854,"2026-08-03T22:04:10.219Z","UAV 1"
"FRLAV006","Move to {-5499315.048189, -2250231.003964, 2310734.853397}","-",21.38997589,-157.74154894,"2026-08-03T22:04:10.219Z","UAV 1"
"FRT69005","Move to {-5499315.048189, -2250231.003964, 2310734.853397}","-",21.38107264,-157.73402663,"2026-08-03T22:04:10.219Z","UAV 1"
"FRM113007","Move to {-5499315.048189, -2250231.003964, 2310734.853397}","-",21.39010089,-157.74239378,"2026-08-03T22:04:10.219Z","UAV 1"
"FRM113002","Move to {-5499315.048189, -2250231.003964, 2310734.853397}","-",21.39000809,-157.74174317,"2026-08-03T22:04:10.219Z","UAV 1"
"FRM113006","Move to {-5499315.048189, -2250231.003964, 2310734.853397}","-",21.39010102,-157.74230804,"2026-08-03T22:04:10.219Z","UAV 1"
"FRMORT004","None","-",21.39105358,-157.73697074,"2026-08-03T22:04:10.219Z","UAV 1"
"ENMORT001","None","-",21.37454920,-157.73726779,"2026-08-03T22:04:10.219Z","UAV 1"
"FRM109003","Move to {-5499516.453323, -2249726.423604, 2310685.859186}","-",21.39056823,-157.74220870,"2026-08-03T22:04:10.219Z","UAV 1"
"FRM109002","Move to {-5499315.048189, -2250231.003964, 2310734.853397}","-",21.38996035,-157.74085108,"2026-08-03T22:04:10.219Z","UAV 1"
"FRLAV001","Move to {-5499315.048189, -2250231.003964, 2310734.853397}","-",21.38975639,-157.74170191,"2026-08-03T22:04:10.219Z","UAV 1"
"FRMORT003","None","-",21.39122072,-157.73728393,"2026-08-03T22:04:10.219Z","UAV 1"
"FRM113005","Move to {-5499315.048189, -2250231.003964, 2310734.853397}","-",21.38840040,-157.74302012,"2026-08-03T22:04:10.219Z","UAV 1"
"FRM109001","Move to {-5499516.453323, -2249726.423604, 2310685.859186}","-",21.39046859,-157.74183464,"2026-08-03T22:04:10.219Z","UAV 1"
"FRT69010","Move to {-5499315.048189, -2250231.003964, 2310734.853397}","-",21.38085576,-157.73407916,"2026-08-03T22:04:10.219Z","UAV 1"
"FRM109004","Move to {-5499315.048189, -2250231.003964, 2310734.853397}","-",21.38993626,-157.74077074,"2026-08-03T22:04:10.219Z","UAV 1"
"FRLAV004","Move to {-5499315.048189, -2250231.003964, 2310734.853397}","-",21.38960460,-157.74119620,"2026-08-03T22:04:10.219Z","UAV 1"
"M107 1","None","-",21.36711185,-157.73186078,"2026-08-03T22:04:10.219Z","UAV 1"
"M107 2","None","-",21.36735621,-157.73177135,"2026-08-03T22:04:10.219Z","UAV 1"
"M107 3","None","-",21.36720689,-157.73183752,"2026-08-03T22:04:10.219Z","UAV 1"
"M107 7","None","-",21.36726898,-157.73197872,"2026-08-03T22:04:10.219Z","UAV 1"
"ENMORT003","None","-",21.37448817,-157.73726715,"2026-08-03T22:04:10.219Z","UAV 1"
"ENMORT005","None","-",21.37463885,-157.73701809,"2026-08-03T22:04:10.219Z","UAV 1"
"FRT69001","Move to {-5499315.048189, -2250231.003964, 2310734.853397}","-",21.38092028,-157.73404862,"2026-08-03T22:04:10.219Z","UAV 1"
"FRMORT002","None","-",21.39124517,-157.73722922,"2026-08-03T22:04:10.219Z","UAV 1"
"FRMORT001","None","-",21.39116652,-157.73700854,"2026-08-03T22:04:10.219Z","UAV 1"
"FRLAV006","Move to {-5499315.048189, -2250231.003964, 2310734.853397}","-",21.38997589,-157.74154894,"2026-08-03T22:04:10.219Z","UAV 1"
"FRT69005","Move to {-5499315.048189, -2250231.003964, 2310734.853397}","-",21.38107264,-157.73402663,"2026-08-03T22:04:10.219Z","UAV 1"
"FRM113007","Move to {-5499315.048189, -2250231.003964, 2310734.853397}","-",21.39010089,-157.74239378,"2026-08-03T22:04:10.219Z","UAV 1"
"FRM113002","Move to {-5499315.048189, -2250231.003964, 2310734.853397}","-",21.39000809,-157.74174317,"2026-08-03T22:04:10.219Z","UAV 1"
"FRM113006","Move to {-5499315.048189, -2250231.003964, 2310734.853397}","-",21.39010102,-157.74230804,"2026-08-03T22:04:10.219Z","UAV 1"
"FRMORT004","None","-",21.39105358,-157.73697074,"2026-08-03T22:04:10.219Z","UAV 1"
"ENMORT001","None","-",21.37454920,-157.73726779,"2026-08-03T22:04:10.219Z","UAV 1"
"FRM109003","Move to {-5499516.453323, -2249726.423604, 2310685.859186}","-",21.39056823,-157.74220870,"2026-08-03T22:04:10.219Z","UAV 1"
"FRM109002","Move to {-5499315.048189, -2250231.003964, 2310734.853397}","-",21.38996035,-157.74085108,"2026-08-03T22:04:10.219Z","UAV 1"
"FRLAV001","Move to {-5499315.048189, -2250231.003964, 2310734.853397}","-",21.38975639,-157.74170191,"2026-08-03T22:04:10.219Z","UAV 1"
"FRMORT003","None","-",21.39122072,-157.73728393,"2026-08-03T22:04:10.219Z","UAV 1"
"FRM113005","Move to {-5499315.048189, -2250231.003964, 2310734.853397}","-",21.38840040,-157.74302012,"2026-08-03T22:04:10.219Z","UAV 1"
"FRM109001","Move to {-5499516.453323, -2249726.423604, 2310685.859186}","-",21.39046859,-157.74183464,"2026-08-03T22:04:10.219Z","UAV 1"
"FRT69010","Move to {-5499315.048189, -2250231.003964, 2310734.853397}","-",21.38085576,-157.73407916,"2026-08-03T22:04:10.219Z","UAV 1"
"FRM109004","Move to {-5499315.048189, -2250231.003964, 2310734.853397}","-",21.38993626,-157.74077074,"2026-08-03T22:04:10.219Z","UAV 1"
"FRLAV004","Move to {-5499315.048189, -2250231.003964, 2310734.853397}","-",21.38960460,-157.74119620,"2026-08-03T22:04:10.219Z","UAV 1"
"M107 1","None","-",21.36711185,-157.73186078,"2026-08-03T22:04:10.219Z","UAV 1"
"M107 2","None","-",21.36735621,-157.73177135,"2026-08-03T22:04:10.219Z","UAV 1"
"M107 3","None","-",21.36720689,-157.73183752,"2026-08-03T22:04:10.219Z","UAV 1"
"M107 7","None","-",21.36726898,-157.73197872,"2026-08-03T22:04:10.219Z","UAV 1"
"ENMORT003","None","-",21.37448817,-157.73726715,"2026-08-03T22:04:10.219Z","UAV 1"
"ENMORT005","None","-",21.37463885,-157.73701809,"2026-08-03T22:04:12.212Z","UAV 1"
"FRT69001","Move to {-5499315.048189, -2250231.003964, 2310734.853397}","-",21.38092028,-157.73404862,"2026-08-03T22:04:12.212Z","UAV 1"
"FRMORT002","None","-",21.39124517,-157.73722922,"2026-08-03T22:04:12.212Z","UAV 1"
"FRMORT001","None","-",21.39116652,-157.73700854,"2026-08-03T22:04:12.212Z","UAV 1"
"FRLAV006","Move to {-5499315.048189, -2250231.003964, 2310734.853397}","-",21.38997332,-157.74154863,"2026-08-03T22:04:12.212Z","UAV 1"
"FRT69005","Move to {-5499315.048189, -2250231.003964, 2310734.853397}","-",21.38107264,-157.73402662,"2026-08-03T22:04:12.212Z","UAV 1"
"FRM113007","Move to {-5499315.048189, -2250231.003964, 2310734.853397}","-",21.39010113,-157.74239368,"2026-08-03T22:04:12.212Z","UAV 1"
"FRM113002","Move to {-5499315.048189, -2250231.003964, 2310734.853397}","-",21.39000880,-157.74174581,"2026-08-03T22:04:12.212Z","UAV 1"
"FRM113006","Move to {-5499315.048189, -2250231.003964, 2310734.853397}","-",21.39010102,-157.74230803,"2026-08-03T22:04:12.212Z","UAV 1"
"FRMORT004","None","-",21.39105358,-157.73697074,"2026-08-03T22:04:12.212Z","UAV 1"
"ENMORT001","None","-",21.37454920,-157.73726779,"2026-08-03T22:04:12.212Z","UAV 1"
"FRM109003","Move to {-5499516.453323, -2249726.423604, 2310685.859186}","-",21.39056758,-157.74220931,"2026-08-03T22:04:12.212Z","UAV 1"
"FRM109002","Move to {-5499315.048189, -2250231.003964, 2310734.853397}","-",21.38996035,-157.74085108,"2026-08-03T22:04:12.212Z","UAV 1"
"FRLAV001","Move to {-5499315.048189, -2250231.003964, 2310734.853397}","-",21.38975773,-157.74170109,"2026-08-03T22:04:12.212Z","UAV 1"
"FRMORT003","None","-",21.39122072,-157.73728393,"2026-08-03T22:04:12.212Z","UAV 1"
"FRM113005","Move to {-5499315.048189, -2250231.003964, 2310734.853397}","-",21.38839473,-157.74302266,"2026-08-03T22:04:12.212Z","UAV 1"
"FRM109001","Move to {-5499516.453323, -2249726.423604, 2310685.859186}","-",21.39046781,-157.74183540,"2026-08-03T22:04:12.212Z","UAV 1"
"FRT69010","Move to {-5499315.048189, -2250231.003964, 2310734.853397}","-",21.38085576,-157.73407916,"2026-08-03T22:04:12.212Z","UAV 1"
"FRM109004","Move to {-5499315.048189, -2250231.003964, 2310734.853397}","-",21.38993625,-157.74077074,"2026-08-03T22:04:12.212Z","UAV 1"
"FRLAV004","Move to {-5499315.048189, -2250231.003964, 2310734.853397}","-",21.38960339,-157.74119516,"2026-08-03T22:04:12.212Z","UAV 1"
"M107 1","None","-",21.36711185,-157.73186078,"2026-08-03T22:04:12.212Z","UAV 1"
"M107 2","None","-",21.36735621,-157.73177135,"2026-08-03T22:04:12.212Z","UAV 1"
"M107 3","None","-",21.36720689,-157.73183752,"2026-08-03T22:04:12.212Z","UAV 1"
"M107 7","None","-",21.36726898,-157.73197872,"2026-08-03T22:04:12.212Z","UAV 1"
"ENMORT003","None","-",21.37448817,-157.73726715,"2026-08-03T22:04:12.212Z","UAV 1"
"FRLAV007","Move to {-5499315.048189, -2250231.003964, 2310734.853397}","-",21.38975638,-157.74138938,"2026-08-03T22:04:12.212Z","UAV 1"
"ENMORT005","None","-",21.37463885,-157.73701809,"2026-08-03T22:04:12.212Z","UAV 1"
"FRT69001","Move to {-5499315.048189, -2250231.003964, 2310734.853397}","-",21.38092028,-157.73404862,"2026-08-03T22:04:12.212Z","UAV 1"
"FRMORT002","None","-",21.39124517,-157.73722922,"2026-08-03T22:04:12.212Z","UAV 1"
"FRMORT001","None","-",21.39116652,-157.73700854,"2026-08-03T22:04:12.212Z","UAV 1"
"FRLAV006","Move to {-5499315.048189, -2250231.003964, 2310734.853397}","-",21.38997332,-157.74154863,"2026-08-03T22:04:12.212Z","UAV 1"
"FRT69005","Move to {-5499315.048189, -2250231.003964, 2310734.853397}","-",21.38107264,-157.73402662,"2026-08-03T22:04:12.212Z","UAV 1"
"FRM113007","Move to {-5499315.048189, -2250231.003964, 2310734.853397}","-",21.39010113,-157.74239368,"2026-08-03T22:04:12.212Z","UAV 1"
"FRM113002","Move to {-5499315.048189, -2250231.003964, 2310734.853397}","-",21.39000880,-157.74174581,"2026-08-03T22:04:12.212Z","UAV 1"
"FRM113006","Move to {-5499315.048189, -2250231.003964, 2310734.853397}","-",21.39010102,-157.74230803,"2026-08-03T22:04:12.212Z","UAV 1"
"FRMORT004","None","-",21.39105358,-157.73697074,"2026-08-03T22:04:12.212Z","UAV 1"
"ENMORT001","None","-",21.37454920,-157.73726779,"2026-08-03T22:04:12.212Z","UAV 1"
"FRM109003","Move to {-5499516.453323, -2249726.423604, 2310685.859186}","-",21.39056758,-157.74220931,"2026-08-03T22:04:12.212Z","UAV 1"
"FRM109002","Move to {-5499315.048189, -2250231.003964, 2310734.853397}","-",21.38996035,-157.74085108,"2026-08-03T22:04:12.212Z","UAV 1"
"FRLAV001","Move to {-5499315.048189, -2250231.003964, 2310734.853397}","-",21.38975773,-157.74170109,"2026-08-03T22:04:12.212Z","UAV 1"
"FRMORT003","None","-",21.39122072,-157.73728393,"2026-08-03T22:04:12.212Z","UAV 1"
"FRM113005","Move to {-5499315.048189, -2250231.003964, 2310734.853397}","-",21.38839473,-157.74302266,"2026-08-03T22:04:12.212Z","UAV 1"
"FRM109001","Move to {-5499516.453323, -2249726.423604, 2310685.859186}","-",21.39046781,-157.74183540,"2026-08-03T22:04:12.212Z","UAV 1"
"FRT69010","Move to {-5499315.048189, -2250231.003964, 2310734.853397}","-",21.38085576,-157.73407916,"2026-08-03T22:04:12.212Z","UAV 1"
"FRM109004","Move to {-5499315.048189, -2250231.003964, 2310734.853397}","-",21.38993625,-157.74077074,"2026-08-03T22:04:12.212Z","UAV 1"
"FRLAV004","Move to {-5499315.048189, -2250231.003964, 2310734.853397}","-",21.38960339,-157.74119516,"2026-08-03T22:04:12.212Z","UAV 1"
"M107 1","None","-",21.36711185,-157.73186078,"2026-08-03T22:04:12.212Z","UAV 1"
"M107 2","None","-",21.36735621,-157.73177135,"2026-08-03T22:04:12.212Z","UAV 1"
"M107 3","None","-",21.36720689,-157.73183752,"2026-08-03T22:04:12.212Z","UAV 1"
"M107 7","None","-",21.36726898,-157.73197872,"2026-08-03T22:04:12.212Z","UAV 1"
"ENMORT003","None","-",21.37448817,-157.73726715,"2026-08-03T22:04:12.212Z","UAV 1"
"FRLAV007","Move to {-5499315.048189, -2250231.003964, 2310734.853397}","-",21.38975638,-157.74138938,"2026-08-03T22:04:12.212Z","UAV 1"
"ENMORT005","None","-",21.37463885,-157.73701809,"2026-08-03T22:04:12.212Z","UAV 1"
"FRT69001","Move to {-5499315.048189, -2250231.003964, 2310734.853397}","-",21.38092028,-157.73404862,"2026-08-03T22:04:12.212Z","UAV 1"
"FRMORT002","None","-",21.39124517,-157.73722922,"2026-08-03T22:04:12.212Z","UAV 1"
"FRMORT001","None","-",21.39116652,-157.73700854,"2026-08-03T22:04:12.212Z","UAV 1"
"FRLAV006","Move to {-5499315.048189, -2250231.003964, 2310734.853397}","-",21.38997332,-157.74154863,"2026-08-03T22:04:12.212Z","UAV 1"
"FRT69005","Move to {-5499315.048189, -2250231.003964, 2310734.853397}","-",21.38107264,-157.73402662,"2026-08-03T22:04:12.212Z","UAV 1"
"FRM113007","Move to {-5499315.048189, -2250231.003964, 2310734.853397}","-",21.39010113,-157.74239368,"2026-08-03T22:04:12.212Z","UAV 1"
"FRM113002","Move to {-5499315.048189, -2250231.003964, 2310734.853397}","-",21.39000880,-157.74174581,"2026-08-03T22:04:12.212Z","UAV 1"
"FRM113006","Move to {-5499315.048189, -2250231.003964, 2310734.853397}","-",21.39010102,-157.74230803,"2026-08-03T22:04:12.212Z","UAV 1"
"FRMORT004","None","-",21.39105358,-157.73697074,"2026-08-03T22:04:12.212Z","UAV 1"
"ENMORT001","None","-",21.37454920,-157.73726779,"2026-08-03T22:04:12.212Z","UAV 1"
"FRM109003","Move to {-5499516.453323, -2249726.423604, 2310685.859186}","-",21.39056758,-157.74220931,"2026-08-03T22:04:12.212Z","UAV 1"
"FRM109002","Move to {-5499315.048189, -2250231.003964, 2310734.853397}","-",21.38996035,-157.74085108,"2026-08-03T22:04:12.212Z","UAV 1"
"FRLAV001","Move to {-5499315.048189, -2250231.003964, 2310734.853397}","-",21.38975773,-157.74170109,"2026-08-03T22:04:12.212Z","UAV 1"
"FRMORT003","None","-",21.39122072,-157.73728393,"2026-08-03T22:04:12.212Z","UAV 1"
"FRM113005","Move to {-5499315.048189, -2250231.003964, 2310734.853397}","-",21.38839473,-157.74302266,"2026-08-03T22:04:12.212Z","UAV 1"
"FRM109001","Move to {-5499516.453323, -2249726.423604, 2310685.859186}","-",21.39046781,-157.74183540,"2026-08-03T22:04:12.212Z","UAV 1"
"FRT69010","Move to {-5499315.048189, -2250231.003964, 2310734.853397}","-",21.38085576,-157.73407916,"2026-08-03T22:04:12.212Z","UAV 1"
"FRM109004","Move to {-5499315.048189, -2250231.003964, 2310734.853397}","-",21.38993625,-157.74077074,"2026-08-03T22:04:12.212Z","UAV 1"
"FRLAV004","Move to {-5499315.048189, -2250231.003964, 2310734.853397}","-",21.38960339,-157.74119516,"2026-08-03T22:04:12.212Z","UAV 1"
"M107 1","None","-",21.36711185,-157.73186078,"2026-08-03T22:04:12.212Z","UAV 1"
"M107 2","None","-",21.36735621,-157.73177135,"2026-08-03T22:04:12.212Z","UAV 1"
"M107 3","None","-",21.36720689,-157.73183752,"2026-08-03T22:04:12.212Z","UAV 1"
"M107 7","None","-",21.36726898,-157.73197872,"2026-08-03T22:04:12.212Z","UAV 1"
"ENMORT003","None","-",21.37448817,-157.73726715,"2026-08-03T22:04:12.212Z","UAV 1"
"FRLAV007","Move to {-5499315.048189, -2250231.003964, 2310734.853397}","-",21.38975638,-157.74138938,"2026-08-03T22:04:12.212Z","UAV 1"
"ENMORT005","None","-",21.37463885,-157.73701809,"2026-08-03T22:04:12.212Z","UAV 1"
"FRT69001","Move to {-5499315.048189, -2250231.003964, 2310734.853397}","-",21.38092028,-157.73404862,"2026-08-03T22:04:12.212Z","UAV 1"
"FRMORT002","None","-",21.39124517,-157.73722922,"2026-08-03T22:04:12.212Z","UAV 1"
"FRMORT001","None","-",21.39116652,-157.73700854,"2026-08-03T22:04:12.212Z","UAV 1"
"FRLAV006","Move to {-5499315.048189, -2250231.003964, 2310734.853397}","-",21.38997332,-157.74154863,"2026-08-03T22:04:12.212Z","UAV 1"
"FRT69005","Move to {-5499315.048189, -2250231.003964, 2310734.853397}","-",21.38107264,-157.73402662,"2026-08-03T22:04:12.212Z","UAV 1"
"FRM113007","Move to {-5499315.048189, -2250231.003964, 2310734.853397}","-",21.39010113,-157.74239368,"2026-08-03T22:04:12.212Z","UAV 1"
"FRM113002","Move to {-5499315.048189, -2250231.003964, 2310734.853397}","-",21.39000880,-157.74174581,"2026-08-03T22:04:12.212Z","UAV 1"
"FRM113006","Move to {-5499315.048189, -2250231.003964, 2310734.853397}","-",21.39010102,-157.74230803,"2026-08-03T22:04:12.212Z","UAV 1"
"FRMORT004","None","-",21.39105358,-157.73697074,"2026-08-03T22:04:12.212Z","UAV 1"
"ENMORT001","None","-",21.37454920,-157.73726779,"2026-08-03T22:04:12.212Z","UAV 1"
"FRM109003","Move to {-5499516.453323, -2249726.423604, 2310685.859186}","-",21.39056758,-157.74220931,"2026-08-03T22:04:12.212Z","UAV 1"
"FRM109002","Move to {-5499315.048189, -2250231.003964, 2310734.853397}","-",21.38996035,-157.74085108,"2026-08-03T22:04:12.212Z","UAV 1"
"FRLAV001","Move to {-5499315.048189, -2250231.003964, 2310734.853397}","-",21.38975773,-157.74170109,"2026-08-03T22:04:12.212Z","UAV 1"
"FRMORT003","None","-",21.39122072,-157.73728393,"2026-08-03T22:04:12.212Z","UAV 1"
"FRM113005","Move to {-5499315.048189, -2250231.003964, 2310734.853397}","-",21.38839473,-157.74302266,"2026-08-03T22:04:12.212Z","UAV 1"
"FRM109001","Move to {-5499516.453323, -2249726.423604, 2310685.859186}","-",21.39046781,-157.74183540,"2026-08-03T22:04:12.212Z","UAV 1"
"FRT69010","Move to {-5499315.048189, -2250231.003964, 2310734.853397}","-",21.38085576,-157.73407916,"2026-08-03T22:04:12.212Z","UAV 1"
"FRM109004","Move to {-5499315.048189, -2250231.003964, 2310734.853397}","-",21.38993625,-157.74077074,"2026-08-03T22:04:12.212Z","UAV 1"
"FRLAV004","Move to {-5499315.048189, -2250231.003964, 2310734.853397}","-",21.38960339,-157.74119516,"2026-08-03T22:04:12.212Z","UAV 1"
"M107 1","None","-",21.36711185,-157.73186078,"2026-08-03T22:04:12.212Z","UAV 1"
"M107 2","None","-",21.36735621,-157.73177135,"2026-08-03T22:04:12.212Z","UAV 1"
"M107 3","None","-",21.36720689,-157.73183752,"2026-08-03T22:04:12.212Z","UAV 1"
"M107 7","None","-",21.36726898,-157.73197872,"2026-08-03T22:04:12.212Z","UAV 1"
"ENMORT003","None","-",21.37448817,-157.73726715,"2026-08-03T22:04:12.212Z","UAV 1"
"FRLAV007","Move to {-5499315.048189, -2250231.003964, 2310734.853397}","-",21.38975638,-157.74138938,"2026-08-03T22:04:12.212Z","UAV 1"
"ENMORT005","None","-",21.37463885,-157.73701809,"2026-08-03T22:04:14.380Z","UAV 1"
"FRT69001","Move to {-5499315.048189, -2250231.003964, 2310734.853397}","-",21.38092028,-157.73404862,"2026-08-03T22:04:14.380Z","UAV 1"
"FRMORT002","None","-",21.39124517,-157.73722922,"2026-08-03T22:04:14.380Z","UAV 1"
"FRMORT001","None","-",21.39116652,-157.73700854,"2026-08-03T22:04:14.380Z","UAV 1"
"FRLAV006","Move to {-5499315.048189, -2250231.003964, 2310734.853397}","-",21.38997561,-157.74154892,"2026-08-03T22:04:14.380Z","UAV 1"
"FRT69005","Move to {-5499315.048189, -2250231.003964, 2310734.853397}","-",21.38107264,-157.73402662,"2026-08-03T22:04:14.380Z","UAV 1"
"FRM113007","Move to {-5499315.048189, -2250231.003964, 2310734.853397}","-",21.39010214,-157.74239324,"2026-08-03T22:04:14.380Z","UAV 1"
"FRM113002","Move to {-5499315.048189, -2250231.003964, 2310734.853397}","-",21.39000805,-157.74174311,"2026-08-03T22:04:14.380Z","UAV 1"
"FRM113006","Move to {-5499315.048189, -2250231.003964, 2310734.853397}","-",21.39010210,-157.74230756,"2026-08-03T22:04:14.380Z","UAV 1"
"FRMORT004","None","-",21.39105358,-157.73697074,"2026-08-03T22:04:14.380Z","UAV 1"
"ENMORT001","None","-",21.37454920,-157.73726779,"2026-08-03T22:04:14.380Z","UAV 1"
"FRM109003","Move to {-5499516.453323, -2249726.423604, 2310685.859186}","-",21.39056713,-157.74220972,"2026-08-03T22:04:14.380Z","UAV 1"
"FRM109002","Move to {-5499315.048189, -2250231.003964, 2310734.853397}","-",21.38996035,-157.74085108,"2026-08-03T22:04:14.380Z","UAV 1"
"FRLAV001","Move to {-5499315.048189, -2250231.003964, 2310734.853397}","-",21.38975800,-157.74170092,"2026-08-03T22:04:14.380Z","UAV 1"
"FRMORT003","None","-",21.39122072,-157.73728393,"2026-08-03T22:04:14.380Z","UAV 1"
"FRM113005","Move to {-5499315.048189, -2250231.003964, 2310734.853397}","-",21.38839276,-157.74302355,"2026-08-03T22:04:14.380Z","UAV 1"
"FRM109001","Move to {-5499516.453323, -2249726.423604, 2310685.859186}","-",21.39046719,-157.74183601,"2026-08-03T22:04:14.380Z","UAV 1"
"FRT69010","Move to {-5499315.048189, -2250231.003964, 2310734.853397}","-",21.38085576,-157.73407916,"2026-08-03T22:04:14.380Z","UAV 1"
"FRM109004","Move to {-5499315.048189, -2250231.003964, 2310734.853397}","-",21.38993625,-157.74077074,"2026-08-03T22:04:14.380Z","UAV 1"
"FRLAV004","Move to {-5499315.048189, -2250231.003964, 2310734.853397}","-",21.38960248,-157.74119439,"2026-08-03T22:04:14.380Z","UAV 1"
"M107 1","None","-",21.36711185,-157.73186078,"2026-08-03T22:04:14.380Z","UAV 1"
"M107 2","None","-",21.36735621,-157.73177135,"2026-08-03T22:04:14.380Z","UAV 1"
"M107 3","None","-",21.36720689,-157.73183752,"2026-08-03T22:04:14.380Z","UAV 1"
"M107 7","None","-",21.36726898,-157.73197872,"2026-08-03T22:04:14.380Z","UAV 1"
"ENMORT003","None","-",21.37448817,-157.73726715,"2026-08-03T22:04:14.380Z","UAV 1"
"FRLAV007","Move to {-5499315.048189, -2250231.003964, 2310734.853397}","-",21.38975488,-157.74139022,"2026-08-03T22:04:14.380Z","UAV 1"
"FRT80005","None","-",21.38084254,-157.74641405,"2026-08-03T22:04:14.380Z","UAV 1"
"FRT80003","None","-",21.38089589,-157.74646199,"2026-08-03T22:04:14.380Z","UAV 1"
"ENMORT002","None","-",21.37448557,-157.73696566,"2026-08-03T22:04:14.380Z","UAV 1"
"ENMORT005","None","-",21.37463885,-157.73701809,"2026-08-03T22:04:14.380Z","UAV 1"
"FRT69001","Move to {-5499315.048189, -2250231.003964, 2310734.853397}","-",21.38092028,-157.73404862,"2026-08-03T22:04:14.380Z","UAV 1"
"FRMORT002","None","-",21.39124517,-157.73722922,"2026-08-03T22:04:14.380Z","UAV 1"
"FRMORT001","None","-",21.39116652,-157.73700854,"2026-08-03T22:04:14.380Z","UAV 1"
"FRLAV006","Move to {-5499315.048189, -2250231.003964, 2310734.853397}","-",21.38997561,-157.74154892,"2026-08-03T22:04:14.380Z","UAV 1"
"FRT69005","Move to {-5499315.048189, -2250231.003964, 2310734.853397}","-",21.38107264,-157.73402662,"2026-08-03T22:04:14.380Z","UAV 1"
"FRM113007","Move to {-5499315.048189, -2250231.003964, 2310734.853397}","-",21.39010214,-157.74239324,"2026-08-03T22:04:14.380Z","UAV 1"
"FRM113002","Move to {-5499315.048189, -2250231.003964, 2310734.853397}","-",21.39000805,-157.74174311,"2026-08-03T22:04:14.380Z","UAV 1"
"FRM113006","Move to {-5499315.048189, -2250231.003964, 2310734.853397}","-",21.39010210,-157.74230756,"2026-08-03T22:04:14.380Z","UAV 1"
"FRMORT004","None","-",21.39105358,-157.73697074,"2026-08-03T22:04:14.380Z","UAV 1"
"ENMORT001","None","-",21.37454920,-157.73726779,"2026-08-03T22:04:14.380Z","UAV 1"
"FRM109003","Move to {-5499516.453323, -2249726.423604, 2310685.859186}","-",21.39056713,-157.74220972,"2026-08-03T22:04:14.380Z","UAV 1"
"FRM109002","Move to {-5499315.048189, -2250231.003964, 2310734.853397}","-",21.38996035,-157.74085108,"2026-08-03T22:04:14.380Z","UAV 1"
"FRLAV001","Move to {-5499315.048189, -2250231.003964, 2310734.853397}","-",21.38975800,-157.74170092,"2026-08-03T22:04:14.380Z","UAV 1"
"FRMORT003","None","-",21.39122072,-157.73728393,"2026-08-03T22:04:14.380Z","UAV 1"
"FRM113005","Move to {-5499315.048189, -2250231.003964, 2310734.853397}","-",21.38839276,-157.74302355,"2026-08-03T22:04:14.380Z","UAV 1"
"FRM109001","Move to {-5499516.453323, -2249726.423604, 2310685.859186}","-",21.39046719,-157.74183601,"2026-08-03T22:04:14.380Z","UAV 1"
"FRT69010","Move to {-5499315.048189, -2250231.003964, 2310734.853397}","-",21.38085576,-157.73407916,"2026-08-03T22:04:14.380Z","UAV 1"
"FRM109004","Move to {-5499315.048189, -2250231.003964, 2310734.853397}","-",21.38993625,-157.74077074,"2026-08-03T22:04:14.380Z","UAV 1"
"FRLAV004","Move to {-5499315.048189, -2250231.003964, 2310734.853397}","-",21.38960248,-157.74119439,"2026-08-03T22:04:14.380Z","UAV 1"
"M107 1","None","-",21.36711185,-157.73186078,"2026-08-03T22:04:14.380Z","UAV 1"
"M107 2","None","-",21.36735621,-157.73177135,"2026-08-03T22:04:14.380Z","UAV 1"
"M107 3","None","-",21.36720689,-157.73183752,"2026-08-03T22:04:14.380Z","UAV 1"
"M107 7","None","-",21.36726898,-157.73197872,"2026-08-03T22:04:14.380Z","UAV 1"
"ENMORT003","None","-",21.37448817,-157.73726715,"2026-08-03T22:04:14.380Z","UAV 1"
"FRLAV007","Move to {-5499315.048189, -2250231.003964, 2310734.853397}","-",21.38975488,-157.74139022,"2026-08-03T22:04:14.380Z","UAV 1"
"FRT80005","None","-",21.38084254,-157.74641405,"2026-08-03T22:04:14.380Z","UAV 1"
"FRT80003","None","-",21.38089589,-157.74646199,"2026-08-03T22:04:14.380Z","UAV 1"
"ENMORT002","None","-",21.37448557,-157.73696566,"2026-08-03T22:04:14.380Z","UAV 1"
"ENMORT005","None","-",21.37463885,-157.73701809,"2026-08-03T22:04:14.380Z","UAV 1"
"FRT69001","Move to {-5499315.048189, -2250231.003964, 2310734.853397}","-",21.38092028,-157.73404862,"2026-08-03T22:04:14.380Z","UAV 1"
"FRMORT002","None","-",21.39124517,-157.73722922,"2026-08-03T22:04:14.380Z","UAV 1"
"FRMORT001","None","-",21.39116652,-157.73700854,"2026-08-03T22:04:14.380Z","UAV 1"
"FRLAV006","Move to {-5499315.048189, -2250231.003964, 2310734.853397}","-",21.38997561,-157.74154892,"2026-08-03T22:04:14.380Z","UAV 1"
"FRT69005","Move to {-5499315.048189, -2250231.003964, 2310734.853397}","-",21.38107264,-157.73402662,"2026-08-03T22:04:14.380Z","UAV 1"
"FRM113007","Move to {-5499315.048189, -2250231.003964, 2310734.853397}","-",21.39010214,-157.74239324,"2026-08-03T22:04:14.380Z","UAV 1"
"FRM113002","Move to {-5499315.048189, -2250231.003964, 2310734.853397}","-",21.39000805,-157.74174311,"2026-08-03T22:04:14.380Z","UAV 1"
"FRM113006","Move to {-5499315.048189, -2250231.003964, 2310734.853397}","-",21.39010210,-157.74230756,"2026-08-03T22:04:14.380Z","UAV 1"
"FRMORT004","None","-",21.39105358,-157.73697074,"2026-08-03T22:04:14.380Z","UAV 1"
"ENMORT001","None","-",21.37454920,-157.73726779,"2026-08-03T22:04:14.380Z","UAV 1"
"FRM109003","Move to {-5499516.453323, -2249726.423604, 2310685.859186}","-",21.39056713,-157.74220972,"2026-08-03T22:04:14.380Z","UAV 1"
"FRM109002","Move to {-5499315.048189, -2250231.003964, 2310734.853397}","-",21.38996035,-157.74085108,"2026-08-03T22:04:14.380Z","UAV 1"
"FRLAV001","Move to {-5499315.048189, -2250231.003964, 2310734.853397}","-",21.38975800,-157.74170092,"2026-08-03T22:04:14.380Z","UAV 1"
"FRMORT003","None","-",21.39122072,-157.73728393,"2026-08-03T22:04:14.380Z","UAV 1"
"FRM113005","Move to {-5499315.048189, -2250231.003964, 2310734.853397}","-",21.38839276,-157.74302355,"2026-08-03T22:04:14.380Z","UAV 1"
"FRM109001","Move to {-5499516.453323, -2249726.423604, 2310685.859186}","-",21.39046719,-157.74183601,"2026-08-03T22:04:14.380Z","UAV 1"
"FRT69010","Move to {-5499315.048189, -2250231.003964, 2310734.853397}","-",21.38085576,-157.73407916,"2026-08-03T22:04:14.380Z","UAV 1"
"FRM109004","Move to {-5499315.048189, -2250231.003964, 2310734.853397}","-",21.38993625,-157.74077074,"2026-08-03T22:04:14.380Z","UAV 1"
"FRLAV004","Move to {-5499315.048189, -2250231.003964, 2310734.853397}","-",21.38960248,-157.74119439,"2026-08-03T22:04:14.380Z","UAV 1"
"M107 1","None","-",21.36711185,-157.73186078,"2026-08-03T22:04:14.380Z","UAV 1"
"M107 2","None","-",21.36735621,-157.73177135,"2026-08-03T22:04:14.380Z","UAV 1"
"M107 3","None","-",21.36720689,-157.73183752,"2026-08-03T22:04:14.380Z","UAV 1"
"M107 7","None","-",21.36726898,-157.73197872,"2026-08-03T22:04:14.380Z","UAV 1"
"ENMORT003","None","-",21.37448817,-157.73726715,"2026-08-03T22:04:14.380Z","UAV 1"
"FRLAV007","Move to {-5499315.048189, -2250231.003964, 2310734.853397}","-",21.38975488,-157.74139022,"2026-08-03T22:04:14.380Z","UAV 1"
"FRT80005","None","-",21.38084254,-157.74641405,"2026-08-03T22:04:14.380Z","UAV 1"
"FRT80003","None","-",21.38089589,-157.74646199,"2026-08-03T22:04:14.380Z","UAV 1"
"ENMORT002","None","-",21.37448557,-157.73696566,"2026-08-03T22:04:14.380Z","UAV 1"
"ENMORT005","None","-",21.37463885,-157.73701809,"2026-08-03T22:04:16.347Z","UAV 1"
"FRT69001","Move to {-5499315.048189, -2250231.003964, 2310734.853397}","-",21.38092028,-157.73404861,"2026-08-03T22:04:16.347Z","UAV 1"
"FRMORT002","None","-",21.39124517,-157.73722922,"2026-08-03T22:04:16.347Z","UAV 1"
"FRMORT001","None","-",21.39116652,-157.73700854,"2026-08-03T22:04:16.347Z","UAV 1"
"FRLAV006","Move to {-5499315.048189, -2250231.003964, 2310734.853397}","-",21.38997455,-157.74154879,"2026-08-03T22:04:16.347Z","UAV 1"
"FRT69005","Move to {-5499315.048189, -2250231.003964, 2310734.853397}","-",21.38107264,-157.73402662,"2026-08-03T22:04:16.347Z","UAV 1"
"FRM113007","Move to {-5499315.048189, -2250231.003964, 2310734.853397}","-",21.39010200,-157.74239330,"2026-08-03T22:04:16.347Z","UAV 1"
"FRM113002","Move to {-5499315.048189, -2250231.003964, 2310734.853397}","-",21.39000863,-157.74174544,"2026-08-03T22:04:16.347Z","UAV 1"
"FRM113006","Move to {-5499315.048189, -2250231.003964, 2310734.853397}","-",21.39010181,-157.74230768,"2026-08-03T22:04:16.347Z","UAV 1"
"FRMORT004","None","-",21.39105358,-157.73697074,"2026-08-03T22:04:16.347Z","UAV 1"
"ENMORT001","None","-",21.37454920,-157.73726779,"2026-08-03T22:04:16.347Z","UAV 1"
"FRM109003","Move to {-5499516.453323, -2249726.423604, 2310685.859186}","-",21.39056695,-157.74220989,"2026-08-03T22:04:16.347Z","UAV 1"
"FRM109002","Move to {-5499315.048189, -2250231.003964, 2310734.853397}","-",21.38996035,-157.74085108,"2026-08-03T22:04:16.347Z","UAV 1"
"FRLAV001","Move to {-5499315.048189, -2250231.003964, 2310734.853397}","-",21.38975694,-157.74170158,"2026-08-03T22:04:16.347Z","UAV 1"
"FRMORT003","None","-",21.39122072,-157.73728393,"2026-08-03T22:04:16.347Z","UAV 1"
"FRM113005","Move to {-5499315.048189, -2250231.003964, 2310734.853397}","-",21.38839493,-157.74302257,"2026-08-03T22:04:16.347Z","UAV 1"
"FRM109001","Move to {-5499516.453323, -2249726.423604, 2310685.859186}","-",21.39046684,-157.74183635,"2026-08-03T22:04:16.347Z","UAV 1"
"FRT69010","Move to {-5499315.048189, -2250231.003964, 2310734.853397}","-",21.38085576,-157.73407916,"2026-08-03T22:04:16.347Z","UAV 1"
"FRM109004","Move to {-5499315.048189, -2250231.003964, 2310734.853397}","-",21.38993625,-157.74077074,"2026-08-03T22:04:16.347Z","UAV 1"
"FRLAV004","Move to {-5499315.048189, -2250231.003964, 2310734.853397}","-",21.38960204,-157.74119402,"2026-08-03T22:04:16.347Z","UAV 1"
"M107 1","None","-",21.36711185,-157.73186078,"2026-08-03T22:04:16.347Z","UAV 1"
"M107 2","None","-",21.36735621,-157.73177135,"2026-08-03T22:04:16.347Z","UAV 1"
"M107 3","None","-",21.36720689,-157.73183752,"2026-08-03T22:04:16.347Z","UAV 1"
"M107 7","None","-",21.36726898,-157.73197872,"2026-08-03T22:04:16.347Z","UAV 1"
"ENMORT003","None","-",21.37448817,-157.73726715,"2026-08-03T22:04:16.347Z","UAV 1"
"FRLAV007","Move to {-5499315.048189, -2250231.003964, 2310734.853397}","-",21.38975432,-157.74139054,"2026-08-03T22:04:16.347Z","UAV 1"
"ENMORT002","None","-",21.37448557,-157.73696566,"2026-08-03T22:04:16.347Z","UAV 1"
"FRM113001","Move to {-5499315.048189, -2250231.003964, 2310734.853397}","-",21.38996414,-157.74174274,"2026-08-03T22:04:16.347Z","UAV 1"
"ENMORT005","None","-",21.37463885,-157.73701809,"2026-08-03T22:04:16.347Z","UAV 1"
"FRT69001","Move to {-5499315.048189, -2250231.003964, 2310734.853397}","-",21.38092028,-157.73404861,"2026-08-03T22:04:16.347Z","UAV 1"
"FRMORT002","None","-",21.39124517,-157.73722922,"2026-08-03T22:04:16.347Z","UAV 1"
"FRMORT001","None","-",21.39116652,-157.73700854,"2026-08-03T22:04:16.347Z","UAV 1"
"FRLAV006","Move to {-5499315.048189, -2250231.003964, 2310734.853397}","-",21.38997455,-157.74154879,"2026-08-03T22:04:16.347Z","UAV 1"
"FRT69005","Move to {-5499315.048189, -2250231.003964, 2310734.853397}","-",21.38107264,-157.73402662,"2026-08-03T22:04:16.347Z","UAV 1"
"FRM113007","Move to {-5499315.048189, -2250231.003964, 2310734.853397}","-",21.39010200,-157.74239330,"2026-08-03T22:04:16.347Z","UAV 1"
"FRM113002","Move to {-5499315.048189, -2250231.003964, 2310734.853397}","-",21.39000863,-157.74174544,"2026-08-03T22:04:16.347Z","UAV 1"
"FRM113006","Move to {-5499315.048189, -2250231.003964, 2310734.853397}","-",21.39010181,-157.74230768,"2026-08-03T22:04:16.347Z","UAV 1"
"FRMORT004","None","-",21.39105358,-157.73697074,"2026-08-03T22:04:16.347Z","UAV 1"
"ENMORT001","None","-",21.37454920,-157.73726779,"2026-08-03T22:04:16.347Z","UAV 1"
"FRM109003","Move to {-5499516.453323, -2249726.423604, 2310685.859186}","-",21.39056695,-157.74220989,"2026-08-03T22:04:16.347Z","UAV 1"
"FRM109002","Move to {-5499315.048189, -2250231.003964, 2310734.853397}","-",21.38996035,-157.74085108,"2026-08-03T22:04:16.347Z","UAV 1"
"FRLAV001","Move to {-5499315.048189, -2250231.003964, 2310734.853397}","-",21.38975694,-157.74170158,"2026-08-03T22:04:16.347Z","UAV 1"
"FRMORT003","None","-",21.39122072,-157.73728393,"2026-08-03T22:04:16.347Z","UAV 1"
"FRM113005","Move to {-5499315.048189, -2250231.003964, 2310734.853397}","-",21.38839493,-157.74302257,"2026-08-03T22:04:16.347Z","UAV 1"
"FRM109001","Move to {-5499516.453323, -2249726.423604, 2310685.859186}","-",21.39046684,-157.74183635,"2026-08-03T22:04:16.347Z","UAV 1"
"FRT69010","Move to {-5499315.048189, -2250231.003964, 2310734.853397}","-",21.38085576,-157.73407916,"2026-08-03T22:04:16.347Z","UAV 1"
"FRM109004","Move to {-5499315.048189, -2250231.003964, 2310734.853397}","-",21.38993625,-157.74077074,"2026-08-03T22:04:16.347Z","UAV 1"
"FRLAV004","Move to {-5499315.048189, -2250231.003964, 2310734.853397}","-",21.38960204,-157.74119402,"2026-08-03T22:04:16.347Z","UAV 1"
"M107 1","None","-",21.36711185,-157.73186078,"2026-08-03T22:04:16.347Z","UAV 1"
"M107 2","None","-",21.36735621,-157.73177135,"2026-08-03T22:04:16.347Z","UAV 1"
"M107 3","None","-",21.36720689,-157.73183752,"2026-08-03T22:04:16.347Z","UAV 1"
"M107 7","None","-",21.36726898,-157.73197872,"2026-08-03T22:04:16.347Z","UAV 1"
"ENMORT003","None","-",21.37448817,-157.73726715,"2026-08-03T22:04:16.347Z","UAV 1"
"FRLAV007","Move to {-5499315.048189, -2250231.003964, 2310734.853397}","-",21.38975432,-157.74139054,"2026-08-03T22:04:16.347Z","UAV 1"
"ENMORT002","None","-",21.37448557,-157.73696566,"2026-08-03T22:04:16.347Z","UAV 1"
"FRM113001","Move to {-5499315.048189, -2250231.003964, 2310734.853397}","-",21.38996414,-157.74174274,"2026-08-03T22:04:16.347Z","UAV 1"
"ENMORT005","None","-",21.37463885,-157.73701809,"2026-08-03T22:04:16.347Z","UAV 1"
"FRT69001","Move to {-5499315.048189, -2250231.003964, 2310734.853397}","-",21.38092028,-157.73404861,"2026-08-03T22:04:16.347Z","UAV 1"
"FRMORT002","None","-",21.39124517,-157.73722922,"2026-08-03T22:04:16.347Z","UAV 1"
"FRMORT001","None","-",21.39116652,-157.73700854,"2026-08-03T22:04:16.347Z","UAV 1"
"FRLAV006","Move to {-5499315.048189, -2250231.003964, 2310734.853397}","-",21.38997455,-157.74154879,"2026-08-03T22:04:16.347Z","UAV 1"
"FRT69005","Move to {-5499315.048189, -2250231.003964, 2310734.853397}","-",21.38107264,-157.73402662,"2026-08-03T22:04:16.347Z","UAV 1"
"FRM113007","Move to {-5499315.048189, -2250231.003964, 2310734.853397}","-",21.39010200,-157.74239330,"2026-08-03T22:04:16.347Z","UAV 1"
"FRM113002","Move to {-5499315.048189, -2250231.003964, 2310734.853397}","-",21.39000863,-157.74174544,"2026-08-03T22:04:16.347Z","UAV 1"
"FRM113006","Move to {-5499315.048189, -2250231.003964, 2310734.853397}","-",21.39010181,-157.74230768,"2026-08-03T22:04:16.347Z","UAV 1"
"FRMORT004","None","-",21.39105358,-157.73697074,"2026-08-03T22:04:16.347Z","UAV 1"
"ENMORT001","None","-",21.37454920,-157.73726779,"2026-08-03T22:04:16.347Z","UAV 1"
"FRM109003","Move to {-5499516.453323, -2249726.423604, 2310685.859186}","-",21.39056695,-157.74220989,"2026-08-03T22:04:16.347Z","UAV 1"
"FRM109002","Move to {-5499315.048189, -2250231.003964, 2310734.853397}","-",21.38996035,-157.74085108,"2026-08-03T22:04:16.347Z","UAV 1"
"FRLAV001","Move to {-5499315.048189, -2250231.003964, 2310734.853397}","-",21.38975694,-157.74170158,"2026-08-03T22:04:16.347Z","UAV 1"
"FRMORT003","None","-",21.39122072,-157.73728393,"2026-08-03T22:04:16.347Z","UAV 1"
"FRM113005","Move to {-5499315.048189, -2250231.003964, 2310734.853397}","-",21.38839493,-157.74302257,"2026-08-03T22:04:16.347Z","UAV 1"
"FRM109001","Move to {-5499516.453323, -2249726.423604, 2310685.859186}","-",21.39046684,-157.74183635,"2026-08-03T22:04:16.347Z","UAV 1"
"FRT69010","Move to {-5499315.048189, -2250231.003964, 2310734.853397}","-",21.38085576,-157.73407916,"2026-08-03T22:04:16.347Z","UAV 1"
"FRM109004","Move to {-5499315.048189, -2250231.003964, 2310734.853397}","-",21.38993625,-157.74077074,"2026-08-03T22:04:16.347Z","UAV 1"
"FRLAV004","Move to {-5499315.048189, -2250231.003964, 2310734.853397}","-",21.38960204,-157.74119402,"2026-08-03T22:04:16.347Z","UAV 1"
"M107 1","None","-",21.36711185,-157.73186078,"2026-08-03T22:04:16.347Z","UAV 1"
"M107 2","None","-",21.36735621,-157.73177135,"2026-08-03T22:04:16.347Z","UAV 1"
"M107 3","None","-",21.36720689,-157.73183752,"2026-08-03T22:04:16.347Z","UAV 1"
"M107 7","None","-",21.36726898,-157.73197872,"2026-08-03T22:04:16.347Z","UAV 1"
"ENMORT003","None","-",21.37448817,-157.73726715,"2026-08-03T22:04:16.347Z","UAV 1"
"FRLAV007","Move to {-5499315.048189, -2250231.003964, 2310734.853397}","-",21.38975432,-157.74139054,"2026-08-03T22:04:16.347Z","UAV 1"
"ENMORT002","None","-",21.37448557,-157.73696566,"2026-08-03T22:04:16.347Z","UAV 1"
"FRM113001","Move to {-5499315.048189, -2250231.003964, 2310734.853397}","-",21.38996414,-157.74174274,"2026-08-03T22:04:16.347Z","UAV 1"
"ENMORT005","None","-",21.37463885,-157.73701809,"2026-08-03T22:04:16.347Z","UAV 1"
"FRT69001","Move to {-5499315.048189, -2250231.003964, 2310734.853397}","-",21.38092028,-157.73404861,"2026-08-03T22:04:16.347Z","UAV 1"
"FRMORT002","None","-",21.39124517,-157.73722922,"2026-08-03T22:04:16.347Z","UAV 1"
"FRMORT001","None","-",21.39116652,-157.73700854,"2026-08-03T22:04:16.347Z","UAV 1"
"FRLAV006","Move to {-5499315.048189, -2250231.003964, 2310734.853397}","-",21.38997455,-157.74154879,"2026-08-03T22:04:16.347Z","UAV 1"
"FRT69005","Move to {-5499315.048189, -2250231.003964, 2310734.853397}","-",21.38107264,-157.73402662,"2026-08-03T22:04:16.347Z","UAV 1"
"FRM113007","Move to {-5499315.048189, -2250231.003964, 2310734.853397}","-",21.39010200,-157.74239330,"2026-08-03T22:04:16.347Z","UAV 1"
"FRM113002","Move to {-5499315.048189, -2250231.003964, 2310734.853397}","-",21.39000863,-157.74174544,"2026-08-03T22:04:16.347Z","UAV 1"
"FRM113006","Move to {-5499315.048189, -2250231.003964, 2310734.853397}","-",21.39010181,-157.74230768,"2026-08-03T22:04:16.347Z","UAV 1"
"FRMORT004","None","-",21.39105358,-157.73697074,"2026-08-03T22:04:16.347Z","UAV 1"
"ENMORT001","None","-",21.37454920,-157.73726779,"2026-08-03T22:04:16.347Z","UAV 1"
"FRM109003","Move to {-5499516.453323, -2249726.423604, 2310685.859186}","-",21.39056695,-157.74220989,"2026-08-03T22:04:16.347Z","UAV 1"
"FRM109002","Move to {-5499315.048189, -2250231.003964, 2310734.853397}","-",21.38996035,-157.74085108,"2026-08-03T22:04:16.347Z","UAV 1"
"FRLAV001","Move to {-5499315.048189, -2250231.003964, 2310734.853397}","-",21.38975694,-157.74170158,"2026-08-03T22:04:16.347Z","UAV 1"
"FRMORT003","None","-",21.39122072,-157.73728393,"2026-08-03T22:04:16.347Z","UAV 1"
"FRM113005","Move to {-5499315.048189, -2250231.003964, 2310734.853397}","-",21.38839493,-157.74302257,"2026-08-03T22:04:16.347Z","UAV 1"
"FRM109001","Move to {-5499516.453323, -2249726.423604, 2310685.859186}","-",21.39046684,-157.74183635,"2026-08-03T22:04:16.347Z","UAV 1"
"FRT69010","Move to {-5499315.048189, -2250231.003964, 2310734.853397}","-",21.38085576,-157.73407916,"2026-08-03T22:04:16.347Z","UAV 1"
"FRM109004","Move to {-5499315.048189, -2250231.003964, 2310734.853397}","-",21.38993625,-157.74077074,"2026-08-03T22:04:16.347Z","UAV 1"
"FRLAV004","Move to {-5499315.048189, -2250231.003964, 2310734.853397}","-",21.38960204,-157.74119402,"2026-08-03T22:04:16.347Z","UAV 1"
"M107 1","None","-",21.36711185,-157.73186078,"2026-08-03T22:04:16.347Z","UAV 1"
"M107 2","None","-",21.36735621,-157.73177135,"2026-08-03T22:04:16.347Z","UAV 1"
"M107 3","None","-",21.36720689,-157.73183752,"2026-08-03T22:04:16.347Z","UAV 1"
"M107 7","None","-",21.36726898,-157.73197872,"2026-08-03T22:04:16.347Z","UAV 1"
"ENMORT003","None","-",21.37448817,-157.73726715,"2026-08-03T22:04:16.347Z","UAV 1"
"FRLAV007","Move to {-5499315.048189, -2250231.003964, 2310734.853397}","-",21.38975432,-157.74139054,"2026-08-03T22:04:16.347Z","UAV 1"
"ENMORT002","None","-",21.37448557,-157.73696566,"2026-08-03T22:04:16.347Z","UAV 1"
"FRM113001","Move to {-5499315.048189, -2250231.003964, 2310734.853397}","-",21.38996414,-157.74174274,"2026-08-03T22:04:16.347Z","UAV 1"
"ENMORT005","None","-",21.37463885,-157.73701809,"2026-08-03T22:04:18.529Z","UAV 1"
"FRT69001","Move to {-5499315.048189, -2250231.003964, 2310734.853397}","-",21.38092028,-157.73404861,"2026-08-03T22:04:18.529Z","UAV 1"
"FRMORT002","None","-",21.39124517,-157.73722922,"2026-08-03T22:04:18.529Z","UAV 1"
"FRMORT001","None","-",21.39116652,-157.73700854,"2026-08-03T22:04:18.529Z","UAV 1"
"FRLAV006","Move to {-5499315.048189, -2250231.003964, 2310734.853397}","-",21.38997368,-157.74154872,"2026-08-03T22:04:18.529Z","UAV 1"
"FRT69005","Move to {-5499315.048189, -2250231.003964, 2310734.853397}","-",21.38107264,-157.73402662,"2026-08-03T22:04:18.529Z","UAV 1"
"FRM113007","Move to {-5499315.048189, -2250231.003964, 2310734.853397}","-",21.39010131,-157.74239360,"2026-08-03T22:04:18.529Z","UAV 1"
"FRM113002","Move to {-5499315.048189, -2250231.003964, 2310734.853397}","-",21.39000775,-157.74174201,"2026-08-03T22:04:18.529Z","UAV 1"
"FRM113006","Move to {-5499315.048189, -2250231.003964, 2310734.853397}","-",21.39010099,-157.74230805,"2026-08-03T22:04:18.529Z","UAV 1"
"FRMORT004","None","-",21.39105358,-157.73697074,"2026-08-03T22:04:18.529Z","UAV 1"
"ENMORT001","None","-",21.37454920,-157.73726779,"2026-08-03T22:04:18.529Z","UAV 1"
"FRM109003","Move to {-5499516.453323, -2249726.423604, 2310685.859186}","-",21.39056702,-157.74220983,"2026-08-03T22:04:18.529Z","UAV 1"
"FRM109002","Move to {-5499315.048189, -2250231.003964, 2310734.853397}","-",21.38996035,-157.74085108,"2026-08-03T22:04:18.529Z","UAV 1"
"FRLAV001","Move to {-5499315.048189, -2250231.003964, 2310734.853397}","-",21.38975530,-157.74170258,"2026-08-03T22:04:18.529Z","UAV 1"
"FRMORT003","None","-",21.39122072,-157.73728393,"2026-08-03T22:04:18.529Z","UAV 1"
"FRM113005","Move to {-5499315.048189, -2250231.003964, 2310734.853397}","-",21.38840143,-157.74301965,"2026-08-03T22:04:18.529Z","UAV 1"
"FRM109001","Move to {-5499516.453323, -2249726.423604, 2310685.859186}","-",21.39046671,-157.74183649,"2026-08-03T22:04:18.529Z","UAV 1"
"FRT69010","Move to {-5499315.048189, -2250231.003964, 2310734.853397}","-",21.38085576,-157.73407916,"2026-08-03T22:04:18.529Z","UAV 1"
"FRM109004","Move to {-5499315.048189, -2250231.003964, 2310734.853397}","-",21.38993625,-157.74077074,"2026-08-03T22:04:18.529Z","UAV 1"
"FRLAV004","Move to {-5499315.048189, -2250231.003964, 2310734.853397}","-",21.38960198,-157.74119396,"2026-08-03T22:04:18.529Z","UAV 1"
"M107 1","None","-",21.36711185,-157.73186078,"2026-08-03T22:04:18.529Z","UAV 1"
"M107 2","None","-",21.36735621,-157.73177135,"2026-08-03T22:04:18.529Z","UAV 1"
"M107 3","None","-",21.36720689,-157.73183752,"2026-08-03T22:04:18.529Z","UAV 1"
"M107 7","None","-",21.36726898,-157.73197872,"2026-08-03T22:04:18.529Z","UAV 1"
"ENMORT003","None","-",21.37448817,-157.73726715,"2026-08-03T22:04:18.529Z","UAV 1"
"FRLAV007","Move to {-5499315.048189, -2250231.003964, 2310734.853397}","-",21.38975805,-157.74138844,"2026-08-03T22:04:18.529Z","UAV 1"
"ENMORT002","None","-",21.37448557,-157.73696566,"2026-08-03T22:04:18.529Z","UAV 1"
"FRM113001","Move to {-5499315.048189, -2250231.003964, 2310734.853397}","-",21.38996452,-157.74174255,"2026-08-03T22:04:18.529Z","UAV 1"
"ENMORT005","None","-",21.37463885,-157.73701809,"2026-08-03T22:04:18.529Z","UAV 1"
"FRT69001","Move to {-5499315.048189, -2250231.003964, 2310734.853397}","-",21.38092028,-157.73404861,"2026-08-03T22:04:18.529Z","UAV 1"
"FRMORT002","None","-",21.39124517,-157.73722922,"2026-08-03T22:04:18.529Z","UAV 1"
"FRMORT001","None","-",21.39116652,-157.73700854,"2026-08-03T22:04:18.529Z","UAV 1"
"FRLAV006","Move to {-5499315.048189, -2250231.003964, 2310734.853397}","-",21.38997368,-157.74154872,"2026-08-03T22:04:18.529Z","UAV 1"
"FRT69005","Move to {-5499315.048189, -2250231.003964, 2310734.853397}","-",21.38107264,-157.73402662,"2026-08-03T22:04:18.529Z","UAV 1"
"FRM113007","Move to {-5499315.048189, -2250231.003964, 2310734.853397}","-",21.39010131,-157.74239360,"2026-08-03T22:04:18.529Z","UAV 1"
"FRM113002","Move to {-5499315.048189, -2250231.003964, 2310734.853397}","-",21.39000775,-157.74174201,"2026-08-03T22:04:18.529Z","UAV 1"
"FRM113006","Move to {-5499315.048189, -2250231.003964, 2310734.853397}","-",21.39010099,-157.74230805,"2026-08-03T22:04:18.529Z","UAV 1"
"FRMORT004","None","-",21.39105358,-157.73697074,"2026-08-03T22:04:18.529Z","UAV 1"
"ENMORT001","None","-",21.37454920,-157.73726779,"2026-08-03T22:04:18.529Z","UAV 1"
"FRM109003","Move to {-5499516.453323, -2249726.423604, 2310685.859186}","-",21.39056702,-157.74220983,"2026-08-03T22:04:18.529Z","UAV 1"
"FRM109002","Move to {-5499315.048189, -2250231.003964, 2310734.853397}","-",21.38996035,-157.74085108,"2026-08-03T22:04:18.529Z","UAV 1"
"FRLAV001","Move to {-5499315.048189, -2250231.003964, 2310734.853397}","-",21.38975530,-157.74170258,"2026-08-03T22:04:18.529Z","UAV 1"
"FRMORT003","None","-",21.39122072,-157.73728393,"2026-08-03T22:04:18.529Z","UAV 1"
"FRM113005","Move to {-5499315.048189, -2250231.003964, 2310734.853397}","-",21.38840143,-157.74301965,"2026-08-03T22:04:18.529Z","UAV 1"
"FRM109001","Move to {-5499516.453323, -2249726.423604, 2310685.859186}","-",21.39046671,-157.74183649,"2026-08-03T22:04:18.529Z","UAV 1"
"FRT69010","Move to {-5499315.048189, -2250231.003964, 2310734.853397}","-",21.38085576,-157.73407916,"2026-08-03T22:04:18.529Z","UAV 1"
"FRM109004","Move to {-5499315.048189, -2250231.003964, 2310734.853397}","-",21.38993625,-157.74077074,"2026-08-03T22:04:18.529Z","UAV 1"
"FRLAV004","Move to {-5499315.048189, -2250231.003964, 2310734.853397}","-",21.38960198,-157.74119396,"2026-08-03T22:04:18.529Z","UAV 1"
"M107 1","None","-",21.36711185,-157.73186078,"2026-08-03T22:04:18.529Z","UAV 1"
"M107 2","None","-",21.36735621,-157.73177135,"2026-08-03T22:04:18.529Z","UAV 1"
"M107 3","None","-",21.36720689,-157.73183752,"2026-08-03T22:04:18.529Z","UAV 1"
"M107 7","None","-",21.36726898,-157.73197872,"2026-08-03T22:04:18.529Z","UAV 1"
"ENMORT003","None","-",21.37448817,-157.73726715,"2026-08-03T22:04:18.529Z","UAV 1"
"FRLAV007","Move to {-5499315.048189, -2250231.003964, 2310734.853397}","-",21.38975805,-157.74138844,"2026-08-03T22:04:18.529Z","UAV 1"
"ENMORT002","None","-",21.37448557,-157.73696566,"2026-08-03T22:04:18.529Z","UAV 1"
"FRM113001","Move to {-5499315.048189, -2250231.003964, 2310734.853397}","-",21.38996452,-157.74174255,"2026-08-03T22:04:18.529Z","UAV 1"
"ENMORT005","None","-",21.37463885,-157.73701809,"2026-08-03T22:04:18.529Z","UAV 1"
"FRT69001","Move to {-5499315.048189, -2250231.003964, 2310734.853397}","-",21.38092028,-157.73404861,"2026-08-03T22:04:18.529Z","UAV 1"
"FRMORT002","None","-",21.39124517,-157.73722922,"2026-08-03T22:04:18.529Z","UAV 1"
"FRMORT001","None","-",21.39116652,-157.73700854,"2026-08-03T22:04:18.529Z","UAV 1"
"FRLAV006","Move to {-5499315.048189, -2250231.003964, 2310734.853397}","-",21.38997368,-157.74154872,"2026-08-03T22:04:18.529Z","UAV 1"
"FRT69005","Move to {-5499315.048189, -2250231.003964, 2310734.853397}","-",21.38107264,-157.73402662,"2026-08-03T22:04:18.529Z","UAV 1"
"FRM113007","Move to {-5499315.048189, -2250231.003964, 2310734.853397}","-",21.39010131,-157.74239360,"2026-08-03T22:04:18.529Z","UAV 1"
"FRM113002","Move to {-5499315.048189, -2250231.003964, 2310734.853397}","-",21.39000775,-157.74174201,"2026-08-03T22:04:18.529Z","UAV 1"
"FRM113006","Move to {-5499315.048189, -2250231.003964, 2310734.853397}","-",21.39010099,-157.74230805,"2026-08-03T22:04:18.529Z","UAV 1"
"FRMORT004","None","-",21.39105358,-157.73697074,"2026-08-03T22:04:18.529Z","UAV 1"
"ENMORT001","None","-",21.37454920,-157.73726779,"2026-08-03T22:04:18.529Z","UAV 1"
"FRM109003","Move to {-5499516.453323, -2249726.423604, 2310685.859186}","-",21.39056702,-157.74220983,"2026-08-03T22:04:18.529Z","UAV 1"
"FRM109002","Move to {-5499315.048189, -2250231.003964, 2310734.853397}","-",21.38996035,-157.74085108,"2026-08-03T22:04:18.529Z","UAV 1"
"FRLAV001","Move to {-5499315.048189, -2250231.003964, 2310734.853397}","-",21.38975530,-157.74170258,"2026-08-03T22:04:18.529Z","UAV 1"
"FRMORT003","None","-",21.39122072,-157.73728393,"2026-08-03T22:04:18.529Z","UAV 1"
"FRM113005","Move to {-5499315.048189, -2250231.003964, 2310734.853397}","-",21.38840143,-157.74301965,"2026-08-03T22:04:18.529Z","UAV 1"
"FRM109001","Move to {-5499516.453323, -2249726.423604, 2310685.859186}","-",21.39046671,-157.74183649,"2026-08-03T22:04:18.529Z","UAV 1"
"FRT69010","Move to {-5499315.048189, -2250231.003964, 2310734.853397}","-",21.38085576,-157.73407916,"2026-08-03T22:04:18.529Z","UAV 1"
"FRM109004","Move to {-5499315.048189, -2250231.003964, 2310734.853397}","-",21.38993625,-157.74077074,"2026-08-03T22:04:18.529Z","UAV 1"
"FRLAV004","Move to {-5499315.048189, -2250231.003964, 2310734.853397}","-",21.38960198,-157.74119396,"2026-08-03T22:04:18.529Z","UAV 1"
"M107 1","None","-",21.36711185,-157.73186078,"2026-08-03T22:04:18.529Z","UAV 1"
"M107 2","None","-",21.36735621,-157.73177135,"2026-08-03T22:04:18.529Z","UAV 1"
"M107 3","None","-",21.36720689,-157.73183752,"2026-08-03T22:04:18.529Z","UAV 1"
"M107 7","None","-",21.36726898,-157.73197872,"2026-08-03T22:04:18.529Z","UAV 1"
"ENMORT003","None","-",21.37448817,-157.73726715,"2026-08-03T22:04:18.529Z","UAV 1"
"FRLAV007","Move to {-5499315.048189, -2250231.003964, 2310734.853397}","-",21.38975805,-157.74138844,"2026-08-03T22:04:18.529Z","UAV 1"
"ENMORT002","None","-",21.37448557,-157.73696566,"2026-08-03T22:04:18.529Z","UAV 1"
"FRM113001","Move to {-5499315.048189, -2250231.003964, 2310734.853397}","-",21.38996452,-157.74174255,"2026-08-03T22:04:18.529Z","UAV 1"
"ENMORT005","None","-",21.37463885,-157.73701809,"2026-08-03T22:04:20.471Z","UAV 1"
"FRT69001","Move to {-5499315.048189, -2250231.003964, 2310734.853397}","-",21.38092028,-157.73404861,"2026-08-03T22:04:20.471Z","UAV 1"
"FRMORT002","None","-",21.39124517,-157.73722922,"2026-08-03T22:04:20.471Z","UAV 1"
"FRMORT001","None","-",21.39116652,-157.73700854,"2026-08-03T22:04:20.471Z","UAV 1"
"FRLAV006","Move to {-5499315.048189, -2250231.003964, 2310734.853397}","-",21.38997564,-157.74154893,"2026-08-03T22:04:20.471Z","UAV 1"
"FRT69005","Move to {-5499315.048189, -2250231.003964, 2310734.853397}","-",21.38107264,-157.73402662,"2026-08-03T22:04:20.471Z","UAV 1"
"FRM113007","Move to {-5499315.048189, -2250231.003964, 2310734.853397}","-",21.39010208,-157.74239326,"2026-08-03T22:04:20.471Z","UAV 1"
"FRM113002","Move to {-5499315.048189, -2250231.003964, 2310734.853397}","-",21.39000861,-157.74174559,"2026-08-03T22:04:20.471Z","UAV 1"
"FRM113006","Move to {-5499315.048189, -2250231.003964, 2310734.853397}","-",21.39010095,-157.74230806,"2026-08-03T22:04:20.471Z","UAV 1"
"FRMORT004","None","-",21.39105358,-157.73697074,"2026-08-03T22:04:20.471Z","UAV 1"
"ENMORT001","None","-",21.37454920,-157.73726779,"2026-08-03T22:04:20.471Z","UAV 1"
"FRM109003","Move to {-5499516.453323, -2249726.423604, 2310685.859186}","-",21.39056730,-157.74220957,"2026-08-03T22:04:20.471Z","UAV 1"
"FRM109002","Move to {-5499315.048189, -2250231.003964, 2310734.853397}","-",21.38996035,-157.74085109,"2026-08-03T22:04:20.471Z","UAV 1"
"FRLAV001","Move to {-5499315.048189, -2250231.003964, 2310734.853397}","-",21.38975459,-157.74170303,"2026-08-03T22:04:20.471Z","UAV 1"
"FRMORT003","None","-",21.39122072,-157.73728393,"2026-08-03T22:04:20.471Z","UAV 1"
"FRM113005","Move to {-5499315.048189, -2250231.003964, 2310734.853397}","-",21.38841009,-157.74301576,"2026-08-03T22:04:20.471Z","UAV 1"
"FRM109001","Move to {-5499516.453323, -2249726.423604, 2310685.859186}","-",21.39046681,-157.74183638,"2026-08-03T22:04:20.471Z","UAV 1"
"FRT69010","Move to {-5499315.048189, -2250231.003964, 2310734.853397}","-",21.38085576,-157.73407915,"2026-08-03T22:04:20.471Z","UAV 1"
"FRM109004","Move to {-5499315.048189, -2250231.003964, 2310734.853397}","-",21.38993625,-157.74077074,"2026-08-03T22:04:20.471Z","UAV 1"
"FRLAV004","Move to {-5499315.048189, -2250231.003964, 2310734.853397}","-",21.38960230,-157.74119423,"2026-08-03T22:04:20.471Z","UAV 1"
"M107 1","None","-",21.36711185,-157.73186078,"2026-08-03T22:04:20.471Z","UAV 1"
"M107 2","None","-",21.36735621,-157.73177135,"2026-08-03T22:04:20.471Z","UAV 1"
"M107 3","None","-",21.36720689,-157.73183752,"2026-08-03T22:04:20.471Z","UAV 1"
"M107 7","None","-",21.36726898,-157.73197872,"2026-08-03T22:04:20.471Z","UAV 1"
"ENMORT003","None","-",21.37448817,-157.73726715,"2026-08-03T22:04:20.471Z","UAV 1"
"FRLAV007","Move to {-5499315.048189, -2250231.003964, 2310734.853397}","-",21.38975558,-157.74138983,"2026-08-03T22:04:20.471Z","UAV 1"
"ENMORT002","None","-",21.37448557,-157.73696566,"2026-08-03T22:04:20.471Z","UAV 1"
"FRM113001","Move to {-5499315.048189, -2250231.003964, 2310734.853397}","-",21.38996403,-157.74174280,"2026-08-03T22:04:20.471Z","UAV 1"
"ENMORT005","None","-",21.37463885,-157.73701809,"2026-08-03T22:04:20.471Z","UAV 1"
"FRT69001","Move to {-5499315.048189, -2250231.003964, 2310734.853397}","-",21.38092028,-157.73404861,"2026-08-03T22:04:20.471Z","UAV 1"
"FRMORT002","None","-",21.39124517,-157.73722922,"2026-08-03T22:04:20.471Z","UAV 1"
"FRMORT001","None","-",21.39116652,-157.73700854,"2026-08-03T22:04:20.471Z","UAV 1"
"FRLAV006","Move to {-5499315.048189, -2250231.003964, 2310734.853397}","-",21.38997564,-157.74154893,"2026-08-03T22:04:20.471Z","UAV 1"
"FRT69005","Move to {-5499315.048189, -2250231.003964, 2310734.853397}","-",21.38107264,-157.73402662,"2026-08-03T22:04:20.471Z","UAV 1"
"FRM113007","Move to {-5499315.048189, -2250231.003964, 2310734.853397}","-",21.39010208,-157.74239326,"2026-08-03T22:04:20.471Z","UAV 1"
"FRM113002","Move to {-5499315.048189, -2250231.003964, 2310734.853397}","-",21.39000861,-157.74174559,"2026-08-03T22:04:20.471Z","UAV 1"
"FRM113006","Move to {-5499315.048189, -2250231.003964, 2310734.853397}","-",21.39010095,-157.74230806,"2026-08-03T22:04:20.471Z","UAV 1"
"FRMORT004","None","-",21.39105358,-157.73697074,"2026-08-03T22:04:20.471Z","UAV 1"
"ENMORT001","None","-",21.37454920,-157.73726779,"2026-08-03T22:04:20.471Z","UAV 1"
"FRM109003","Move to {-5499516.453323, -2249726.423604, 2310685.859186}","-",21.39056730,-157.74220957,"2026-08-03T22:04:20.471Z","UAV 1"
"FRM109002","Move to {-5499315.048189, -2250231.003964, 2310734.853397}","-",21.38996035,-157.74085109,"2026-08-03T22:04:20.471Z","UAV 1"
"FRLAV001","Move to {-5499315.048189, -2250231.003964, 2310734.853397}","-",21.38975459,-157.74170303,"2026-08-03T22:04:20.471Z","UAV 1"
"FRMORT003","None","-",21.39122072,-157.73728393,"2026-08-03T22:04:20.471Z","UAV 1"
"FRM113005","Move to {-5499315.048189, -2250231.003964, 2310734.853397}","-",21.38841009,-157.74301576,"2026-08-03T22:04:20.471Z","UAV 1"
"FRM109001","Move to {-5499516.453323, -2249726.423604, 2310685.859186}","-",21.39046681,-157.74183638,"2026-08-03T22:04:20.471Z","UAV 1"
"FRT69010","Move to {-5499315.048189, -2250231.003964, 2310734.853397}","-",21.38085576,-157.73407915,"2026-08-03T22:04:20.471Z","UAV 1"
"FRM109004","Move to {-5499315.048189, -2250231.003964, 2310734.853397}","-",21.38993625,-157.74077074,"2026-08-03T22:04:20.471Z","UAV 1"
"FRLAV004","Move to {-5499315.048189, -2250231.003964, 2310734.853397}","-",21.38960230,-157.74119423,"2026-08-03T22:04:20.471Z","UAV 1"
"M107 1","None","-",21.36711185,-157.73186078,"2026-08-03T22:04:20.471Z","UAV 1"
"M107 2","None","-",21.36735621,-157.73177135,"2026-08-03T22:04:20.471Z","UAV 1"
"M107 3","None","-",21.36720689,-157.73183752,"2026-08-03T22:04:20.471Z","UAV 1"
"M107 7","None","-",21.36726898,-157.73197872,"2026-08-03T22:04:20.471Z","UAV 1"
"ENMORT003","None","-",21.37448817,-157.73726715,"2026-08-03T22:04:20.471Z","UAV 1"
"FRLAV007","Move to {-5499315.048189, -2250231.003964, 2310734.853397}","-",21.38975558,-157.74138983,"2026-08-03T22:04:20.471Z","UAV 1"
"ENMORT002","None","-",21.37448557,-157.73696566,"2026-08-03T22:04:20.471Z","UAV 1"
"FRM113001","Move to {-5499315.048189, -2250231.003964, 2310734.853397}","-",21.38996403,-157.74174280,"2026-08-03T22:04:20.471Z","UAV 1"
"ENMORT005","None","-",21.37463885,-157.73701809,"2026-08-03T22:04:20.471Z","UAV 1"
"FRT69001","Move to {-5499315.048189, -2250231.003964, 2310734.853397}","-",21.38092028,-157.73404861,"2026-08-03T22:04:20.471Z","UAV 1"
"FRMORT002","None","-",21.39124517,-157.73722922,"2026-08-03T22:04:20.471Z","UAV 1"
"FRMORT001","None","-",21.39116652,-157.73700854,"2026-08-03T22:04:20.471Z","UAV 1"
"FRLAV006","Move to {-5499315.048189, -2250231.003964, 2310734.853397}","-",21.38997564,-157.74154893,"2026-08-03T22:04:20.471Z","UAV 1"
"FRT69005","Move to {-5499315.048189, -2250231.003964, 2310734.853397}","-",21.38107264,-157.73402662,"2026-08-03T22:04:20.471Z","UAV 1"
"FRM113007","Move to {-5499315.048189, -2250231.003964, 2310734.853397}","-",21.39010208,-157.74239326,"2026-08-03T22:04:20.471Z","UAV 1"
"FRM113002","Move to {-5499315.048189, -2250231.003964, 2310734.853397}","-",21.39000861,-157.74174559,"2026-08-03T22:04:20.471Z","UAV 1"
"FRM113006","Move to {-5499315.048189, -2250231.003964, 2310734.853397}","-",21.39010095,-157.74230806,"2026-08-03T22:04:20.471Z","UAV 1"
"FRMORT004","None","-",21.39105358,-157.73697074,"2026-08-03T22:04:20.471Z","UAV 1"
"ENMORT001","None","-",21.37454920,-157.73726779,"2026-08-03T22:04:20.471Z","UAV 1"
"FRM109003","Move to {-5499516.453323, -2249726.423604, 2310685.859186}","-",21.39056730,-157.74220957,"2026-08-03T22:04:20.471Z","UAV 1"
"FRM109002","Move to {-5499315.048189, -2250231.003964, 2310734.853397}","-",21.38996035,-157.74085109,"2026-08-03T22:04:20.471Z","UAV 1"
"FRLAV001","Move to {-5499315.048189, -2250231.003964, 2310734.853397}","-",21.38975459,-157.74170303,"2026-08-03T22:04:20.471Z","UAV 1"
"FRMORT003","None","-",21.39122072,-157.73728393,"2026-08-03T22:04:20.471Z","UAV 1"
"FRM113005","Move to {-5499315.048189, -2250231.003964, 2310734.853397}","-",21.38841009,-157.74301576,"2026-08-03T22:04:20.471Z","UAV 1"
"FRM109001","Move to {-5499516.453323, -2249726.423604, 2310685.859186}","-",21.39046681,-157.74183638,"2026-08-03T22:04:20.471Z","UAV 1"
"FRT69010","Move to {-5499315.048189, -2250231.003964, 2310734.853397}","-",21.38085576,-157.73407915,"2026-08-03T22:04:20.471Z","UAV 1"
"FRM109004","Move to {-5499315.048189, -2250231.003964, 2310734.853397}","-",21.38993625,-157.74077074,"2026-08-03T22:04:20.471Z","UAV 1"
"FRLAV004","Move to {-5499315.048189, -2250231.003964, 2310734.853397}","-",21.38960230,-157.74119423,"2026-08-03T22:04:20.471Z","UAV 1"
"M107 1","None","-",21.36711185,-157.73186078,"2026-08-03T22:04:20.471Z","UAV 1"
"M107 2","None","-",21.36735621,-157.73177135,"2026-08-03T22:04:20.471Z","UAV 1"
"M107 3","None","-",21.36720689,-157.73183752,"2026-08-03T22:04:20.471Z","UAV 1"
"M107 7","None","-",21.36726898,-157.73197872,"2026-08-03T22:04:20.471Z","UAV 1"
"ENMORT003","None","-",21.37448817,-157.73726715,"2026-08-03T22:04:20.471Z","UAV 1"
"FRLAV007","Move to {-5499315.048189, -2250231.003964, 2310734.853397}","-",21.38975558,-157.74138983,"2026-08-03T22:04:20.471Z","UAV 1"
"ENMORT002","None","-",21.37448557,-157.73696566,"2026-08-03T22:04:20.471Z","UAV 1"
"FRM113001","Move to {-5499315.048189, -2250231.003964, 2310734.853397}","-",21.38996403,-157.74174280,"2026-08-03T22:04:20.471Z","UAV 1"
"ENMORT005","None","-",21.37463885,-157.73701809,"2026-08-03T22:04:20.471Z","UAV 1"
"FRT69001","Move to {-5499315.048189, -2250231.003964, 2310734.853397}","-",21.38092028,-157.73404861,"2026-08-03T22:04:20.471Z","UAV 1"
"FRMORT002","None","-",21.39124517,-157.73722922,"2026-08-03T22:04:20.471Z","UAV 1"
"FRMORT001","None","-",21.39116652,-157.73700854,"2026-08-03T22:04:20.471Z","UAV 1"
"FRLAV006","Move to {-5499315.048189, -2250231.003964, 2310734.853397}","-",21.38997564,-157.74154893,"2026-08-03T22:04:20.471Z","UAV 1"
"FRT69005","Move to {-5499315.048189, -2250231.003964, 2310734.853397}","-",21.38107264,-157.73402662,"2026-08-03T22:04:20.471Z","UAV 1"
"FRM113007","Move to {-5499315.048189, -2250231.003964, 2310734.853397}","-",21.39010208,-157.74239326,"2026-08-03T22:04:20.471Z","UAV 1"
"FRM113002","Move to {-5499315.048189, -2250231.003964, 2310734.853397}","-",21.39000861,-157.74174559,"2026-08-03T22:04:20.471Z","UAV 1"
"FRM113006","Move to {-5499315.048189, -2250231.003964, 2310734.853397}","-",21.39010095,-157.74230806,"2026-08-03T22:04:20.471Z","UAV 1"
"FRMORT004","None","-",21.39105358,-157.73697074,"2026-08-03T22:04:20.471Z","UAV 1"
"ENMORT001","None","-",21.37454920,-157.73726779,"2026-08-03T22:04:20.471Z","UAV 1"
"FRM109003","Move to {-5499516.453323, -2249726.423604, 2310685.859186}","-",21.39056730,-157.74220957,"2026-08-03T22:04:20.471Z","UAV 1"
"FRM109002","Move to {-5499315.048189, -2250231.003964, 2310734.853397}","-",21.38996035,-157.74085109,"2026-08-03T22:04:20.471Z","UAV 1"
"FRLAV001","Move to {-5499315.048189, -2250231.003964, 2310734.853397}","-",21.38975459,-157.74170303,"2026-08-03T22:04:20.471Z","UAV 1"
"FRMORT003","None","-",21.39122072,-157.73728393,"2026-08-03T22:04:20.471Z","UAV 1"
"FRM113005","Move to {-5499315.048189, -2250231.003964, 2310734.853397}","-",21.38841009,-157.74301576,"2026-08-03T22:04:20.471Z","UAV 1"
"FRM109001","Move to {-5499516.453323, -2249726.423604, 2310685.859186}","-",21.39046681,-157.74183638,"2026-08-03T22:04:20.471Z","UAV 1"
"FRT69010","Move to {-5499315.048189, -2250231.003964, 2310734.853397}","-",21.38085576,-157.73407915,"2026-08-03T22:04:20.471Z","UAV 1"
"FRM109004","Move to {-5499315.048189, -2250231.003964, 2310734.853397}","-",21.38993625,-157.74077074,"2026-08-03T22:04:20.471Z","UAV 1"
"FRLAV004","Move to {-5499315.048189, -2250231.003964, 2310734.853397}","-",21.38960230,-157.74119423,"2026-08-03T22:04:20.471Z","UAV 1"
"M107 1","None","-",21.36711185,-157.73186078,"2026-08-03T22:04:20.471Z","UAV 1"
"M107 2","None","-",21.36735621,-157.73177135,"2026-08-03T22:04:20.471Z","UAV 1"
"M107 3","None","-",21.36720689,-157.73183752,"2026-08-03T22:04:20.471Z","UAV 1"
"M107 7","None","-",21.36726898,-157.73197872,"2026-08-03T22:04:20.471Z","UAV 1"
"ENMORT003","None","-",21.37448817,-157.73726715,"2026-08-03T22:04:20.471Z","UAV 1"
"FRLAV007","Move to {-5499315.048189, -2250231.003964, 2310734.853397}","-",21.38975558,-157.74138983,"2026-08-03T22:04:20.471Z","UAV 1"
"ENMORT002","None","-",21.37448557,-157.73696566,"2026-08-03T22:04:20.471Z","UAV 1"
"FRM113001","Move to {-5499315.048189, -2250231.003964, 2310734.853397}","-",21.38996403,-157.74174280,"2026-08-03T22:04:20.471Z","UAV 1"
"ENMORT005","None","-",21.37463885,-157.73701809,"2026-08-03T22:04:22.585Z","UAV 1"
"FRT69001","Move to {-5499315.048189, -2250231.003964, 2310734.853397}","-",21.38092028,-157.73404861,"2026-08-03T22:04:22.585Z","UAV 1"
"FRMORT002","None","-",21.39124517,-157.73722922,"2026-08-03T22:04:22.585Z","UAV 1"
"FRMORT001","None","-",21.39116652,-157.73700854,"2026-08-03T22:04:22.585Z","UAV 1"
"FRLAV006","Move to {-5499315.048189, -2250231.003964, 2310734.853397}","-",21.38997324,-157.74154870,"2026-08-03T22:04:22.585Z","UAV 1"
"FRT69005","Move to {-5499315.048189, -2250231.003964, 2310734.853397}","-",21.38107264,-157.73402661,"2026-08-03T22:04:22.585Z","UAV 1"
"FRM113007","Move to {-5499315.048189, -2250231.003964, 2310734.853397}","-",21.39010147,-157.74239353,"2026-08-03T22:04:22.585Z","UAV 1"
"FRM113002","Move to {-5499315.048189, -2250231.003964, 2310734.853397}","-",21.39000774,-157.74174196,"2026-08-03T22:04:22.585Z","UAV 1"
"FRM113006","Move to {-5499315.048189, -2250231.003964, 2310734.853397}","-",21.39010094,-157.74230807,"2026-08-03T22:04:22.585Z","UAV 1"
"FRMORT004","None","-",21.39105358,-157.73697074,"2026-08-03T22:04:22.585Z","UAV 1"
"ENMORT001","None","-",21.37454920,-157.73726779,"2026-08-03T22:04:22.585Z","UAV 1"
"FRM109003","Move to {-5499516.453323, -2249726.423604, 2310685.859186}","-",21.39056785,-157.74220905,"2026-08-03T22:04:22.585Z","UAV 1"
"FRM109002","Move to {-5499315.048189, -2250231.003964, 2310734.853397}","-",21.38996034,-157.74085109,"2026-08-03T22:04:22.585Z","UAV 1"
"FRLAV001","Move to {-5499315.048189, -2250231.003964, 2310734.853397}","-",21.38975524,-157.74170262,"2026-08-03T22:04:22.585Z","UAV 1"
"FRMORT003","None","-",21.39122072,-157.73728393,"2026-08-03T22:04:22.585Z","UAV 1"
"FRM113005","Move to {-5499315.048189, -2250231.003964, 2310734.853397}","-",21.38842144,-157.74301067,"2026-08-03T22:04:22.585Z","UAV 1"
"FRM109001","Move to {-5499516.453323, -2249726.423604, 2310685.859186}","-",21.39046717,-157.74183604,"2026-08-03T22:04:22.585Z","UAV 1"
"FRT69010","Move to {-5499315.048189, -2250231.003964, 2310734.853397}","-",21.38085576,-157.73407915,"2026-08-03T22:04:22.585Z","UAV 1"
"FRM109004","Move to {-5499315.048189, -2250231.003964, 2310734.853397}","-",21.38993625,-157.74077074,"2026-08-03T22:04:22.585Z","UAV 1"
"FRLAV004","Move to {-5499315.048189, -2250231.003964, 2310734.853397}","-",21.38960304,-157.74119487,"2026-08-03T22:04:22.585Z","UAV 1"
"M107 1","None","-",21.36711185,-157.73186078,"2026-08-03T22:04:22.585Z","UAV 1"
"M107 2","None","-",21.36735621,-157.73177135,"2026-08-03T22:04:22.585Z","UAV 1"
"M107 3","None","-",21.36720689,-157.73183752,"2026-08-03T22:04:22.585Z","UAV 1"
"M107 7","None","-",21.36726898,-157.73197872,"2026-08-03T22:04:22.585Z","UAV 1"
"ENMORT003","None","-",21.37448817,-157.73726715,"2026-08-03T22:04:22.585Z","UAV 1"
"FRLAV007","Move to {-5499315.048189, -2250231.003964, 2310734.853397}","-",21.38975764,-157.74138867,"2026-08-03T22:04:22.585Z","UAV 1"
"ENMORT002","None","-",21.37448557,-157.73696566,"2026-08-03T22:04:22.585Z","UAV 1"
"FRM113001","Move to {-5499315.048189, -2250231.003964, 2310734.853397}","-",21.38996408,-157.74174277,"2026-08-03T22:04:22.585Z","UAV 1"
"ENMORT005","None","-",21.37463885,-157.73701809,"2026-08-03T22:04:22.585Z","UAV 1"
"FRT69001","Move to {-5499315.048189, -2250231.003964, 2310734.853397}","-",21.38092028,-157.73404861,"2026-08-03T22:04:22.585Z","UAV 1"
"FRMORT002","None","-",21.39124517,-157.73722922,"2026-08-03T22:04:22.585Z","UAV 1"
"FRMORT001","None","-",21.39116652,-157.73700854,"2026-08-03T22:04:22.585Z","UAV 1"
"FRLAV006","Move to {-5499315.048189, -2250231.003964, 2310734.853397}","-",21.38997324,-157.74154870,"2026-08-03T22:04:22.585Z","UAV 1"
"FRT69005","Move to {-5499315.048189, -2250231.003964, 2310734.853397}","-",21.38107264,-157.73402661,"2026-08-03T22:04:22.585Z","UAV 1"
"FRM113007","Move to {-5499315.048189, -2250231.003964, 2310734.853397}","-",21.39010147,-157.74239353,"2026-08-03T22:04:22.585Z","UAV 1"
"FRM113002","Move to {-5499315.048189, -2250231.003964, 2310734.853397}","-",21.39000774,-157.74174196,"2026-08-03T22:04:22.585Z","UAV 1"
"FRM113006","Move to {-5499315.048189, -2250231.003964, 2310734.853397}","-",21.39010094,-157.74230807,"2026-08-03T22:04:22.585Z","UAV 1"
"FRMORT004","None","-",21.39105358,-157.73697074,"2026-08-03T22:04:22.585Z","UAV 1"
"ENMORT001","None","-",21.37454920,-157.73726779,"2026-08-03T22:04:22.585Z","UAV 1"
"FRM109003","Move to {-5499516.453323, -2249726.423604, 2310685.859186}","-",21.39056785,-157.74220905,"2026-08-03T22:04:22.585Z","UAV 1"
"FRM109002","Move to {-5499315.048189, -2250231.003964, 2310734.853397}","-",21.38996034,-157.74085109,"2026-08-03T22:04:22.585Z","UAV 1"
"FRLAV001","Move to {-5499315.048189, -2250231.003964, 2310734.853397}","-",21.38975524,-157.74170262,"2026-08-03T22:04:22.585Z","UAV 1"
"FRMORT003","None","-",21.39122072,-157.73728393,"2026-08-03T22:04:22.585Z","UAV 1"
"FRM113005","Move to {-5499315.048189, -2250231.003964, 2310734.853397}","-",21.38842144,-157.74301067,"2026-08-03T22:04:22.585Z","UAV 1"
"FRM109001","Move to {-5499516.453323, -2249726.423604, 2310685.859186}","-",21.39046717,-157.74183604,"2026-08-03T22:04:22.585Z","UAV 1"
"FRT69010","Move to {-5499315.048189, -2250231.003964, 2310734.853397}","-",21.38085576,-157.73407915,"2026-08-03T22:04:22.585Z","UAV 1"
"FRM109004","Move to {-5499315.048189, -2250231.003964, 2310734.853397}","-",21.38993625,-157.74077074,"2026-08-03T22:04:22.585Z","UAV 1"
"FRLAV004","Move to {-5499315.048189, -2250231.003964, 2310734.853397}","-",21.38960304,-157.74119487,"2026-08-03T22:04:22.585Z","UAV 1"
"M107 1","None","-",21.36711185,-157.73186078,"2026-08-03T22:04:22.585Z","UAV 1"
"M107 2","None","-",21.36735621,-157.73177135,"2026-08-03T22:04:22.585Z","UAV 1"
"M107 3","None","-",21.36720689,-157.73183752,"2026-08-03T22:04:22.585Z","UAV 1"
"M107 7","None","-",21.36726898,-157.73197872,"2026-08-03T22:04:22.585Z","UAV 1"
"ENMORT003","None","-",21.37448817,-157.73726715,"2026-08-03T22:04:22.585Z","UAV 1"
"FRLAV007","Move to {-5499315.048189, -2250231.003964, 2310734.853397}","-",21.38975764,-157.74138867,"2026-08-03T22:04:22.585Z","UAV 1"
"ENMORT002","None","-",21.37448557,-157.73696566,"2026-08-03T22:04:22.585Z","UAV 1"
"FRM113001","Move to {-5499315.048189, -2250231.003964, 2310734.853397}","-",21.38996408,-157.74174277,"2026-08-03T22:04:22.585Z","UAV 1"
"ENMORT005","None","-",21.37463885,-157.73701809,"2026-08-03T22:04:22.585Z","UAV 1"
"FRT69001","Move to {-5499315.048189, -2250231.003964, 2310734.853397}","-",21.38092028,-157.73404861,"2026-08-03T22:04:22.585Z","UAV 1"
"FRMORT002","None","-",21.39124517,-157.73722922,"2026-08-03T22:04:22.585Z","UAV 1"
"FRMORT001","None","-",21.39116652,-157.73700854,"2026-08-03T22:04:22.585Z","UAV 1"
"FRLAV006","Move to {-5499315.048189, -2250231.003964, 2310734.853397}","-",21.38997324,-157.74154870,"2026-08-03T22:04:22.585Z","UAV 1"
"FRT69005","Move to {-5499315.048189, -2250231.003964, 2310734.853397}","-",21.38107264,-157.73402661,"2026-08-03T22:04:22.585Z","UAV 1"
"FRM113007","Move to {-5499315.048189, -2250231.003964, 2310734.853397}","-",21.39010147,-157.74239353,"2026-08-03T22:04:22.585Z","UAV 1"
"FRM113002","Move to {-5499315.048189, -2250231.003964, 2310734.853397}","-",21.39000774,-157.74174196,"2026-08-03T22:04:22.585Z","UAV 1"
"FRM113006","Move to {-5499315.048189, -2250231.003964, 2310734.853397}","-",21.39010094,-157.74230807,"2026-08-03T22:04:22.585Z","UAV 1"
"FRMORT004","None","-",21.39105358,-157.73697074,"2026-08-03T22:04:22.585Z","UAV 1"
"ENMORT001","None","-",21.37454920,-157.73726779,"2026-08-03T22:04:22.585Z","UAV 1"
"FRM109003","Move to {-5499516.453323, -2249726.423604, 2310685.859186}","-",21.39056785,-157.74220905,"2026-08-03T22:04:22.585Z","UAV 1"
"FRM109002","Move to {-5499315.048189, -2250231.003964, 2310734.853397}","-",21.38996034,-157.74085109,"2026-08-03T22:04:22.585Z","UAV 1"
"FRLAV001","Move to {-5499315.048189, -2250231.003964, 2310734.853397}","-",21.38975524,-157.74170262,"2026-08-03T22:04:22.585Z","UAV 1"
"FRMORT003","None","-",21.39122072,-157.73728393,"2026-08-03T22:04:22.585Z","UAV 1"
"FRM113005","Move to {-5499315.048189, -2250231.003964, 2310734.853397}","-",21.38842144,-157.74301067,"2026-08-03T22:04:22.585Z","UAV 1"
"FRM109001","Move to {-5499516.453323, -2249726.423604, 2310685.859186}","-",21.39046717,-157.74183604,"2026-08-03T22:04:22.585Z","UAV 1"
"FRT69010","Move to {-5499315.048189, -2250231.003964, 2310734.853397}","-",21.38085576,-157.73407915,"2026-08-03T22:04:22.585Z","UAV 1"
"FRM109004","Move to {-5499315.048189, -2250231.003964, 2310734.853397}","-",21.38993625,-157.74077074,"2026-08-03T22:04:22.585Z","UAV 1"
"FRLAV004","Move to {-5499315.048189, -2250231.003964, 2310734.853397}","-",21.38960304,-157.74119487,"2026-08-03T22:04:22.585Z","UAV 1"
"M107 1","None","-",21.36711185,-157.73186078,"2026-08-03T22:04:22.585Z","UAV 1"
"M107 2","None","-",21.36735621,-157.73177135,"2026-08-03T22:04:22.585Z","UAV 1"
"M107 3","None","-",21.36720689,-157.73183752,"2026-08-03T22:04:22.585Z","UAV 1"
"M107 7","None","-",21.36726898,-157.73197872,"2026-08-03T22:04:22.585Z","UAV 1"
"ENMORT003","None","-",21.37448817,-157.73726715,"2026-08-03T22:04:22.585Z","UAV 1"
"FRLAV007","Move to {-5499315.048189, -2250231.003964, 2310734.853397}","-",21.38975764,-157.74138867,"2026-08-03T22:04:22.585Z","UAV 1"
"ENMORT002","None","-",21.37448557,-157.73696566,"2026-08-03T22:04:22.585Z","UAV 1"
"FRM113001","Move to {-5499315.048189, -2250231.003964, 2310734.853397}","-",21.38996408,-157.74174277,"2026-08-03T22:04:22.585Z","UAV 1"
"ENMORT005","None","-",21.37463885,-157.73701809,"2026-08-03T22:04:24.493Z","UAV 1"
"FRT69001","Move to {-5499315.048189, -2250231.003964, 2310734.853397}","-",21.38092028,-157.73404861,"2026-08-03T22:04:24.493Z","UAV 1"
"FRMORT002","None","-",21.39124517,-157.73722922,"2026-08-03T22:04:24.493Z","UAV 1"
"FRMORT001","None","-",21.39116652,-157.73700854,"2026-08-03T22:04:24.493Z","UAV 1"
"FRLAV006","Move to {-5499315.048189, -2250231.003964, 2310734.853397}","-",21.38997661,-157.74154903,"2026-08-03T22:04:24.493Z","UAV 1"
"FRT69005","Move to {-5499315.048189, -2250231.003964, 2310734.853397}","-",21.38107264,-157.73402661,"2026-08-03T22:04:24.493Z","UAV 1"
"FRM113007","Move to {-5499315.048189, -2250231.003964, 2310734.853397}","-",21.39010221,-157.74239321,"2026-08-03T22:04:24.493Z","UAV 1"
"FRM113002","Move to {-5499315.048189, -2250231.003964, 2310734.853397}","-",21.39000856,-157.74174580,"2026-08-03T22:04:24.493Z","UAV 1"
"FRM113006","Move to {-5499315.048189, -2250231.003964, 2310734.853397}","-",21.39010110,-157.74230800,"2026-08-03T22:04:24.493Z","UAV 1"
"FRMORT004","None","-",21.39105358,-157.73697074,"2026-08-03T22:04:24.493Z","UAV 1"
"ENMORT001","None","-",21.37454920,-157.73726779,"2026-08-03T22:04:24.493Z","UAV 1"
"FRM109003","Move to {-5499516.453323, -2249726.423604, 2310685.859186}","-",21.39056857,-157.74220839,"2026-08-03T22:04:24.493Z","UAV 1"
"FRM109002","Move to {-5499315.048189, -2250231.003964, 2310734.853397}","-",21.38996034,-157.74085109,"2026-08-03T22:04:24.493Z","UAV 1"
"FRLAV001","Move to {-5499315.048189, -2250231.003964, 2310734.853397}","-",21.38975667,-157.74170174,"2026-08-03T22:04:24.493Z","UAV 1"
"FRMORT003","None","-",21.39122072,-157.73728393,"2026-08-03T22:04:24.493Z","UAV 1"
"FRM113005","Move to {-5499315.048189, -2250231.003964, 2310734.853397}","-",21.38843225,-157.74300582,"2026-08-03T22:04:24.493Z","UAV 1"
"FRM109001","Move to {-5499516.453323, -2249726.423604, 2310685.859186}","-",21.39046769,-157.74183552,"2026-08-03T22:04:24.493Z","UAV 1"
"FRT69010","Move to {-5499315.048189, -2250231.003964, 2310734.853397}","-",21.38085576,-157.73407915,"2026-08-03T22:04:24.493Z","UAV 1"
"FRM109004","Move to {-5499315.048189, -2250231.003964, 2310734.853397}","-",21.38993625,-157.74077074,"2026-08-03T22:04:24.493Z","UAV 1"
"FRLAV004","Move to {-5499315.048189, -2250231.003964, 2310734.853397}","-",21.38960407,-157.74119574,"2026-08-03T22:04:24.493Z","UAV 1"
"M107 1","None","-",21.36711185,-157.73186078,"2026-08-03T22:04:24.493Z","UAV 1"
"M107 2","None","-",21.36735621,-157.73177135,"2026-08-03T22:04:24.493Z","UAV 1"
"M107 3","None","-",21.36720689,-157.73183752,"2026-08-03T22:04:24.493Z","UAV 1"
"M107 7","None","-",21.36726898,-157.73197872,"2026-08-03T22:04:24.493Z","UAV 1"
"ENMORT003","None","-",21.37448817,-157.73726715,"2026-08-03T22:04:24.493Z","UAV 1"
"FRLAV007","Move to {-5499315.048189, -2250231.003964, 2310734.853397}","-",21.38975522,-157.74139003,"2026-08-03T22:04:24.493Z","UAV 1"
"ENMORT002","None","-",21.37448557,-157.73696566,"2026-08-03T22:04:24.493Z","UAV 1"
"FRM113001","Move to {-5499315.048189, -2250231.003964, 2310734.853397}","-",21.38996304,-157.74174330,"2026-08-03T22:04:24.493Z","UAV 1"
"ENMORT005","None","-",21.37463885,-157.73701809,"2026-08-03T22:04:24.493Z","UAV 1"
"FRT69001","Move to {-5499315.048189, -2250231.003964, 2310734.853397}","-",21.38092028,-157.73404861,"2026-08-03T22:04:24.493Z","UAV 1"
"FRMORT002","None","-",21.39124517,-157.73722922,"2026-08-03T22:04:24.493Z","UAV 1"
"FRMORT001","None","-",21.39116652,-157.73700854,"2026-08-03T22:04:24.493Z","UAV 1"
"FRLAV006","Move to {-5499315.048189, -2250231.003964, 2310734.853397}","-",21.38997661,-157.74154903,"2026-08-03T22:04:24.493Z","UAV 1"
"FRT69005","Move to {-5499315.048189, -2250231.003964, 2310734.853397}","-",21.38107264,-157.73402661,"2026-08-03T22:04:24.493Z","UAV 1"
"FRM113007","Move to {-5499315.048189, -2250231.003964, 2310734.853397}","-",21.39010221,-157.74239321,"2026-08-03T22:04:24.493Z","UAV 1"
"FRM113002","Move to {-5499315.048189, -2250231.003964, 2310734.853397}","-",21.39000856,-157.74174580,"2026-08-03T22:04:24.493Z","UAV 1"
"FRM113006","Move to {-5499315.048189, -2250231.003964, 2310734.853397}","-",21.39010110,-157.74230800,"2026-08-03T22:04:24.493Z","UAV 1"
"FRMORT004","None","-",21.39105358,-157.73697074,"2026-08-03T22:04:24.493Z","UAV 1"
"ENMORT001","None","-",21.37454920,-157.73726779,"2026-08-03T22:04:24.493Z","UAV 1"
"FRM109003","Move to {-5499516.453323, -2249726.423604, 2310685.859186}","-",21.39056857,-157.74220839,"2026-08-03T22:04:24.493Z","UAV 1"
"FRM109002","Move to {-5499315.048189, -2250231.003964, 2310734.853397}","-",21.38996034,-157.74085109,"2026-08-03T22:04:24.493Z","UAV 1"
"FRLAV001","Move to {-5499315.048189, -2250231.003964, 2310734.853397}","-",21.38975667,-157.74170174,"2026-08-03T22:04:24.493Z","UAV 1"
"FRMORT003","None","-",21.39122072,-157.73728393,"2026-08-03T22:04:24.493Z","UAV 1"
"FRM113005","Move to {-5499315.048189, -2250231.003964, 2310734.853397}","-",21.38843225,-157.74300582,"2026-08-03T22:04:24.493Z","UAV 1"
"FRM109001","Move to {-5499516.453323, -2249726.423604, 2310685.859186}","-",21.39046769,-157.74183552,"2026-08-03T22:04:24.493Z","UAV 1"
"FRT69010","Move to {-5499315.048189, -2250231.003964, 2310734.853397}","-",21.38085576,-157.73407915,"2026-08-03T22:04:24.493Z","UAV 1"
"FRM109004","Move to {-5499315.048189, -2250231.003964, 2310734.853397}","-",21.38993625,-157.74077074,"2026-08-03T22:04:24.493Z","UAV 1"
"FRLAV004","Move to {-5499315.048189, -2250231.003964, 2310734.853397}","-",21.38960407,-157.74119574,"2026-08-03T22:04:24.493Z","UAV 1"
"M107 1","None","-",21.36711185,-157.73186078,"2026-08-03T22:04:24.493Z","UAV 1"
"M107 2","None","-",21.36735621,-157.73177135,"2026-08-03T22:04:24.493Z","UAV 1"
"M107 3","None","-",21.36720689,-157.73183752,"2026-08-03T22:04:24.493Z","UAV 1"
"M107 7","None","-",21.36726898,-157.73197872,"2026-08-03T22:04:24.493Z","UAV 1"
"ENMORT003","None","-",21.37448817,-157.73726715,"2026-08-03T22:04:24.493Z","UAV 1"
"FRLAV007","Move to {-5499315.048189, -2250231.003964, 2310734.853397}","-",21.38975522,-157.74139003,"2026-08-03T22:04:24.493Z","UAV 1"
"ENMORT002","None","-",21.37448557,-157.73696566,"2026-08-03T22:04:24.493Z","UAV 1"
"FRM113001","Move to {-5499315.048189, -2250231.003964, 2310734.853397}","-",21.38996304,-157.74174330,"2026-08-03T22:04:24.493Z","UAV 1"
"ENMORT005","None","-",21.37463885,-157.73701809,"2026-08-03T22:04:24.493Z","UAV 1"
"FRT69001","Move to {-5499315.048189, -2250231.003964, 2310734.853397}","-",21.38092028,-157.73404861,"2026-08-03T22:04:24.493Z","UAV 1"
"FRMORT002","None","-",21.39124517,-157.73722922,"2026-08-03T22:04:24.493Z","UAV 1"
"FRMORT001","None","-",21.39116652,-157.73700854,"2026-08-03T22:04:24.493Z","UAV 1"
"FRLAV006","Move to {-5499315.048189, -2250231.003964, 2310734.853397}","-",21.38997661,-157.74154903,"2026-08-03T22:04:24.493Z","UAV 1"
"FRT69005","Move to {-5499315.048189, -2250231.003964, 2310734.853397}","-",21.38107264,-157.73402661,"2026-08-03T22:04:24.493Z","UAV 1"
"FRM113007","Move to {-5499315.048189, -2250231.003964, 2310734.853397}","-",21.39010221,-157.74239321,"2026-08-03T22:04:24.493Z","UAV 1"
"FRM113002","Move to {-5499315.048189, -2250231.003964, 2310734.853397}","-",21.39000856,-157.74174580,"2026-08-03T22:04:24.493Z","UAV 1"
"FRM113006","Move to {-5499315.048189, -2250231.003964, 2310734.853397}","-",21.39010110,-157.74230800,"2026-08-03T22:04:24.493Z","UAV 1"
"FRMORT004","None","-",21.39105358,-157.73697074,"2026-08-03T22:04:24.493Z","UAV 1"
"ENMORT001","None","-",21.37454920,-157.73726779,"2026-08-03T22:04:24.493Z","UAV 1"
"FRM109003","Move to {-5499516.453323, -2249726.423604, 2310685.859186}","-",21.39056857,-157.74220839,"2026-08-03T22:04:24.493Z","UAV 1"
"FRM109002","Move to {-5499315.048189, -2250231.003964, 2310734.853397}","-",21.38996034,-157.74085109,"2026-08-03T22:04:24.493Z","UAV 1"
"FRLAV001","Move to {-5499315.048189, -2250231.003964, 2310734.853397}","-",21.38975667,-157.74170174,"2026-08-03T22:04:24.493Z","UAV 1"
"FRMORT003","None","-",21.39122072,-157.73728393,"2026-08-03T22:04:24.493Z","UAV 1"
"FRM113005","Move to {-5499315.048189, -2250231.003964, 2310734.853397}","-",21.38843225,-157.74300582,"2026-08-03T22:04:24.493Z","UAV 1"
"FRM109001","Move to {-5499516.453323, -2249726.423604, 2310685.859186}","-",21.39046769,-157.74183552,"2026-08-03T22:04:24.493Z","UAV 1"
"FRT69010","Move to {-5499315.048189, -2250231.003964, 2310734.853397}","-",21.38085576,-157.73407915,"2026-08-03T22:04:24.493Z","UAV 1"
"FRM109004","Move to {-5499315.048189, -2250231.003964, 2310734.853397}","-",21.38993625,-157.74077074,"2026-08-03T22:04:24.493Z","UAV 1"
"FRLAV004","Move to {-5499315.048189, -2250231.003964, 2310734.853397}","-",21.38960407,-157.74119574,"2026-08-03T22:04:24.493Z","UAV 1"
"M107 1","None","-",21.36711185,-157.73186078,"2026-08-03T22:04:24.493Z","UAV 1"
"M107 2","None","-",21.36735621,-157.73177135,"2026-08-03T22:04:24.493Z","UAV 1"
"M107 3","None","-",21.36720689,-157.73183752,"2026-08-03T22:04:24.493Z","UAV 1"
"M107 7","None","-",21.36726898,-157.73197872,"2026-08-03T22:04:24.493Z","UAV 1"
"ENMORT003","None","-",21.37448817,-157.73726715,"2026-08-03T22:04:24.493Z","UAV 1"
"FRLAV007","Move to {-5499315.048189, -2250231.003964, 2310734.853397}","-",21.38975522,-157.74139003,"2026-08-03T22:04:24.493Z","UAV 1"
"ENMORT002","None","-",21.37448557,-157.73696566,"2026-08-03T22:04:24.493Z","UAV 1"
"FRM113001","Move to {-5499315.048189, -2250231.003964, 2310734.853397}","-",21.38996304,-157.74174330,"2026-08-03T22:04:24.493Z","UAV 1"
"ENMORT005","None","-",21.37463885,-157.73701809,"2026-08-03T22:04:26.561Z","UAV 1"
"FRT69001","Move to {-5499315.048189, -2250231.003964, 2310734.853397}","-",21.38092028,-157.73404861,"2026-08-03T22:04:26.561Z","UAV 1"
"FRMORT002","None","-",21.39124517,-157.73722922,"2026-08-03T22:04:26.561Z","UAV 1"
"FRMORT001","None","-",21.39116652,-157.73700854,"2026-08-03T22:04:26.561Z","UAV 1"
"FRLAV006","Move to {-5499315.048189, -2250231.003964, 2310734.853397}","-",21.38997402,-157.74154880,"2026-08-03T22:04:26.561Z","UAV 1"
"FRT69005","Move to {-5499315.048189, -2250231.003964, 2310734.853397}","-",21.38107264,-157.73402661,"2026-08-03T22:04:26.561Z","UAV 1"
"FRM113007","Move to {-5499315.048189, -2250231.003964, 2310734.853397}","-",21.39010161,-157.74239347,"2026-08-03T22:04:26.561Z","UAV 1"
"FRM113002","Move to {-5499315.048189, -2250231.003964, 2310734.853397}","-",21.39000788,-157.74174262,"2026-08-03T22:04:26.561Z","UAV 1"
"FRM113006","Move to {-5499315.048189, -2250231.003964, 2310734.853397}","-",21.39010203,-157.74230758,"2026-08-03T22:04:26.561Z","UAV 1"
"FRMORT004","None","-",21.39105358,-157.73697074,"2026-08-03T22:04:26.561Z","UAV 1"
"ENMORT001","None","-",21.37454920,-157.73726779,"2026-08-03T22:04:26.561Z","UAV 1"
"FRM109003","Move to {-5499516.453323, -2249726.423604, 2310685.859186}","-",21.39056956,-157.74220746,"2026-08-03T22:04:26.561Z","UAV 1"
"FRM109002","Move to {-5499315.048189, -2250231.003964, 2310734.853397}","-",21.38996034,-157.74085109,"2026-08-03T22:04:26.561Z","UAV 1"
"FRLAV001","Move to {-5499315.048189, -2250231.003964, 2310734.853397}","-",21.38975788,-157.74170100,"2026-08-03T22:04:26.561Z","UAV 1"
"FRMORT003","None","-",21.39122072,-157.73728393,"2026-08-03T22:04:26.561Z","UAV 1"
"FRM113005","Move to {-5499315.048189, -2250231.003964, 2310734.853397}","-",21.38844392,-157.74300057,"2026-08-03T22:04:26.561Z","UAV 1"
"FRM109001","Move to {-5499516.453323, -2249726.423604, 2310685.859186}","-",21.39046847,-157.74183476,"2026-08-03T22:04:26.561Z","UAV 1"
"FRT69010","Move to {-5499315.048189, -2250231.003964, 2310734.853397}","-",21.38085576,-157.73407915,"2026-08-03T22:04:26.561Z","UAV 1"
"FRLAV004","Move to {-5499315.048189, -2250231.003964, 2310734.853397}","-",21.38960549,-157.74119696,"2026-08-03T22:04:26.561Z","UAV 1"
"M107 1","None","-",21.36711185,-157.73186078,"2026-08-03T22:04:26.561Z","UAV 1"
"M107 2","None","-",21.36735621,-157.73177135,"2026-08-03T22:04:26.561Z","UAV 1"
"M107 3","None","-",21.36720689,-157.73183752,"2026-08-03T22:04:26.561Z","UAV 1"
"M107 7","None","-",21.36726898,-157.73197872,"2026-08-03T22:04:26.561Z","UAV 1"
"ENMORT003","None","-",21.37448817,-157.73726715,"2026-08-03T22:04:26.561Z","UAV 1"
"FRLAV007","Move to {-5499315.048189, -2250231.003964, 2310734.853397}","-",21.38975634,-157.74138940,"2026-08-03T22:04:26.561Z","UAV 1"
"ENMORT002","None","-",21.37448557,-157.73696566,"2026-08-03T22:04:26.561Z","UAV 1"
"FRM113001","Move to {-5499315.048189, -2250231.003964, 2310734.853397}","-",21.38996258,-157.74174354,"2026-08-03T22:04:26.561Z","UAV 1"
"ENMORT005","None","-",21.37463885,-157.73701809,"2026-08-03T22:04:26.561Z","UAV 1"
"FRT69001","Move to {-5499315.048189, -2250231.003964, 2310734.853397}","-",21.38092028,-157.73404861,"2026-08-03T22:04:26.561Z","UAV 1"
"FRMORT002","None","-",21.39124517,-157.73722922,"2026-08-03T22:04:26.561Z","UAV 1"
"FRMORT001","None","-",21.39116652,-157.73700854,"2026-08-03T22:04:26.561Z","UAV 1"
"FRLAV006","Move to {-5499315.048189, -2250231.003964, 2310734.853397}","-",21.38997402,-157.74154880,"2026-08-03T22:04:26.561Z","UAV 1"
"FRT69005","Move to {-5499315.048189, -2250231.003964, 2310734.853397}","-",21.38107264,-157.73402661,"2026-08-03T22:04:26.561Z","UAV 1"
"FRM113007","Move to {-5499315.048189, -2250231.003964, 2310734.853397}","-",21.39010161,-157.74239347,"2026-08-03T22:04:26.561Z","UAV 1"
"FRM113002","Move to {-5499315.048189, -2250231.003964, 2310734.853397}","-",21.39000788,-157.74174262,"2026-08-03T22:04:26.561Z","UAV 1"
"FRM113006","Move to {-5499315.048189, -2250231.003964, 2310734.853397}","-",21.39010203,-157.74230758,"2026-08-03T22:04:26.561Z","UAV 1"
"FRMORT004","None","-",21.39105358,-157.73697074,"2026-08-03T22:04:26.561Z","UAV 1"
"ENMORT001","None","-",21.37454920,-157.73726779,"2026-08-03T22:04:26.561Z","UAV 1"
"FRM109003","Move to {-5499516.453323, -2249726.423604, 2310685.859186}","-",21.39056956,-157.74220746,"2026-08-03T22:04:26.561Z","UAV 1"
"FRM109002","Move to {-5499315.048189, -2250231.003964, 2310734.853397}","-",21.38996034,-157.74085109,"2026-08-03T22:04:26.561Z","UAV 1"
"FRLAV001","Move to {-5499315.048189, -2250231.003964, 2310734.853397}","-",21.38975788,-157.74170100,"2026-08-03T22:04:26.561Z","UAV 1"
"FRMORT003","None","-",21.39122072,-157.73728393,"2026-08-03T22:04:26.561Z","UAV 1"
"FRM113005","Move to {-5499315.048189, -2250231.003964, 2310734.853397}","-",21.38844392,-157.74300057,"2026-08-03T22:04:26.561Z","UAV 1"
"FRM109001","Move to {-5499516.453323, -2249726.423604, 2310685.859186}","-",21.39046847,-157.74183476,"2026-08-03T22:04:26.561Z","UAV 1"
"FRT69010","Move to {-5499315.048189, -2250231.003964, 2310734.853397}","-",21.38085576,-157.73407915,"2026-08-03T22:04:26.561Z","UAV 1"
"FRLAV004","Move to {-5499315.048189, -2250231.003964, 2310734.853397}","-",21.38960549,-157.74119696,"2026-08-03T22:04:26.561Z","UAV 1"
"M107 1","None","-",21.36711185,-157.73186078,"2026-08-03T22:04:26.561Z","UAV 1"
"M107 2","None","-",21.36735621,-157.73177135,"2026-08-03T22:04:26.561Z","UAV 1"
"M107 3","None","-",21.36720689,-157.73183752,"2026-08-03T22:04:26.561Z","UAV 1"
"M107 7","None","-",21.36726898,-157.73197872,"2026-08-03T22:04:26.561Z","UAV 1"
"ENMORT003","None","-",21.37448817,-157.73726715,"2026-08-03T22:04:26.561Z","UAV 1"
"FRLAV007","Move to {-5499315.048189, -2250231.003964, 2310734.853397}","-",21.38975634,-157.74138940,"2026-08-03T22:04:26.561Z","UAV 1"
"ENMORT002","None","-",21.37448557,-157.73696566,"2026-08-03T22:04:26.561Z","UAV 1"
"FRM113001","Move to {-5499315.048189, -2250231.003964, 2310734.853397}","-",21.38996258,-157.74174354,"2026-08-03T22:04:26.561Z","UAV 1"
"ENMORT005","None","-",21.37463885,-157.73701809,"2026-08-03T22:04:26.561Z","UAV 1"
"FRT69001","Move to {-5499315.048189, -2250231.003964, 2310734.853397}","-",21.38092028,-157.73404861,"2026-08-03T22:04:26.561Z","UAV 1"
"FRMORT002","None","-",21.39124517,-157.73722922,"2026-08-03T22:04:26.561Z","UAV 1"
"FRMORT001","None","-",21.39116652,-157.73700854,"2026-08-03T22:04:26.561Z","UAV 1"
"FRLAV006","Move to {-5499315.048189, -2250231.003964, 2310734.853397}","-",21.38997402,-157.74154880,"2026-08-03T22:04:26.561Z","UAV 1"
"FRT69005","Move to {-5499315.048189, -2250231.003964, 2310734.853397}","-",21.38107264,-157.73402661,"2026-08-03T22:04:26.561Z","UAV 1"
"FRM113007","Move to {-5499315.048189, -2250231.003964, 2310734.853397}","-",21.39010161,-157.74239347,"2026-08-03T22:04:26.561Z","UAV 1"
"FRM113002","Move to {-5499315.048189, -2250231.003964, 2310734.853397}","-",21.39000788,-157.74174262,"2026-08-03T22:04:26.561Z","UAV 1"
"FRM113006","Move to {-5499315.048189, -2250231.003964, 2310734.853397}","-",21.39010203,-157.74230758,"2026-08-03T22:04:26.561Z","UAV 1"
"FRMORT004","None","-",21.39105358,-157.73697074,"2026-08-03T22:04:26.561Z","UAV 1"
"ENMORT001","None","-",21.37454920,-157.73726779,"2026-08-03T22:04:26.561Z","UAV 1"
"FRM109003","Move to {-5499516.453323, -2249726.423604, 2310685.859186}","-",21.39056956,-157.74220746,"2026-08-03T22:04:26.561Z","UAV 1"
"FRM109002","Move to {-5499315.048189, -2250231.003964, 2310734.853397}","-",21.38996034,-157.74085109,"2026-08-03T22:04:26.561Z","UAV 1"
"FRLAV001","Move to {-5499315.048189, -2250231.003964, 2310734.853397}","-",21.38975788,-157.74170100,"2026-08-03T22:04:26.561Z","UAV 1"
"FRMORT003","None","-",21.39122072,-157.73728393,"2026-08-03T22:04:26.561Z","UAV 1"
"FRM113005","Move to {-5499315.048189, -2250231.003964, 2310734.853397}","-",21.38844392,-157.74300057,"2026-08-03T22:04:26.561Z","UAV 1"
"FRM109001","Move to {-5499516.453323, -2249726.423604, 2310685.859186}","-",21.39046847,-157.74183476,"2026-08-03T22:04:26.561Z","UAV 1"
"FRT69010","Move to {-5499315.048189, -2250231.003964, 2310734.853397}","-",21.38085576,-157.73407915,"2026-08-03T22:04:26.561Z","UAV 1"
"FRLAV004","Move to {-5499315.048189, -2250231.003964, 2310734.853397}","-",21.38960549,-157.74119696,"2026-08-03T22:04:26.561Z","UAV 1"
"M107 1","None","-",21.36711185,-157.73186078,"2026-08-03T22:04:26.561Z","UAV 1"
"M107 2","None","-",21.36735621,-157.73177135,"2026-08-03T22:04:26.561Z","UAV 1"
"M107 3","None","-",21.36720689,-157.73183752,"2026-08-03T22:04:26.561Z","UAV 1"
"M107 7","None","-",21.36726898,-157.73197872,"2026-08-03T22:04:26.561Z","UAV 1"
"ENMORT003","None","-",21.37448817,-157.73726715,"2026-08-03T22:04:26.561Z","UAV 1"
"FRLAV007","Move to {-5499315.048189, -2250231.003964, 2310734.853397}","-",21.38975634,-157.74138940,"2026-08-03T22:04:26.561Z","UAV 1"
"ENMORT002","None","-",21.37448557,-157.73696566,"2026-08-03T22:04:26.561Z","UAV 1"
"FRM113001","Move to {-5499315.048189, -2250231.003964, 2310734.853397}","-",21.38996258,-157.74174354,"2026-08-03T22:04:26.561Z","UAV 1"
"ENMORT005","None","-",21.37463885,-157.73701809,"2026-08-03T22:04:26.561Z","UAV 1"
"FRT69001","Move to {-5499315.048189, -2250231.003964, 2310734.853397}","-",21.38092028,-157.73404861,"2026-08-03T22:04:26.561Z","UAV 1"
"FRMORT002","None","-",21.39124517,-157.73722922,"2026-08-03T22:04:26.561Z","UAV 1"
"FRMORT001","None","-",21.39116652,-157.73700854,"2026-08-03T22:04:26.561Z","UAV 1"
"FRLAV006","Move to {-5499315.048189, -2250231.003964, 2310734.853397}","-",21.38997402,-157.74154880,"2026-08-03T22:04:26.561Z","UAV 1"
"FRT69005","Move to {-5499315.048189, -2250231.003964, 2310734.853397}","-",21.38107264,-157.73402661,"2026-08-03T22:04:26.561Z","UAV 1"
"FRM113007","Move to {-5499315.048189, -2250231.003964, 2310734.853397}","-",21.39010161,-157.74239347,"2026-08-03T22:04:26.561Z","UAV 1"
"FRM113002","Move to {-5499315.048189, -2250231.003964, 2310734.853397}","-",21.39000788,-157.74174262,"2026-08-03T22:04:26.561Z","UAV 1"
"FRM113006","Move to {-5499315.048189, -2250231.003964, 2310734.853397}","-",21.39010203,-157.74230758,"2026-08-03T22:04:26.561Z","UAV 1"
"FRMORT004","None","-",21.39105358,-157.73697074,"2026-08-03T22:04:26.561Z","UAV 1"
"ENMORT001","None","-",21.37454920,-157.73726779,"2026-08-03T22:04:26.561Z","UAV 1"
"FRM109003","Move to {-5499516.453323, -2249726.423604, 2310685.859186}","-",21.39056956,-157.74220746,"2026-08-03T22:04:26.561Z","UAV 1"
"FRM109002","Move to {-5499315.048189, -2250231.003964, 2310734.853397}","-",21.38996034,-157.74085109,"2026-08-03T22:04:26.561Z","UAV 1"
"FRLAV001","Move to {-5499315.048189, -2250231.003964, 2310734.853397}","-",21.38975788,-157.74170100,"2026-08-03T22:04:26.561Z","UAV 1"
"FRMORT003","None","-",21.39122072,-157.73728393,"2026-08-03T22:04:26.561Z","UAV 1"
"FRM113005","Move to {-5499315.048189, -2250231.003964, 2310734.853397}","-",21.38844392,-157.74300057,"2026-08-03T22:04:26.561Z","UAV 1"
"FRM109001","Move to {-5499516.453323, -2249726.423604, 2310685.859186}","-",21.39046847,-157.74183476,"2026-08-03T22:04:26.561Z","UAV 1"
"FRT69010","Move to {-5499315.048189, -2250231.003964, 2310734.853397}","-",21.38085576,-157.73407915,"2026-08-03T22:04:26.561Z","UAV 1"
"FRLAV004","Move to {-5499315.048189, -2250231.003964, 2310734.853397}","-",21.38960549,-157.74119696,"2026-08-03T22:04:26.561Z","UAV 1"
"M107 1","None","-",21.36711185,-157.73186078,"2026-08-03T22:04:26.561Z","UAV 1"
"M107 2","None","-",21.36735621,-157.73177135,"2026-08-03T22:04:26.561Z","UAV 1"
"M107 3","None","-",21.36720689,-157.73183752,"2026-08-03T22:04:26.561Z","UAV 1"
"M107 7","None","-",21.36726898,-157.73197872,"2026-08-03T22:04:26.561Z","UAV 1"
"ENMORT003","None","-",21.37448817,-157.73726715,"2026-08-03T22:04:26.561Z","UAV 1"
"FRLAV007","Move to {-5499315.048189, -2250231.003964, 2310734.853397}","-",21.38975634,-157.74138940,"2026-08-03T22:04:26.561Z","UAV 1"
"ENMORT002","None","-",21.37448557,-157.73696566,"2026-08-03T22:04:26.561Z","UAV 1"
"FRM113001","Move to {-5499315.048189, -2250231.003964, 2310734.853397}","-",21.38996258,-157.74174354,"2026-08-03T22:04:26.561Z","UAV 1"
"ENMORT005","None","-",21.37463885,-157.73701809,"2026-08-03T22:04:28.642Z","UAV 1"
"FRT69001","Move to {-5499315.048189, -2250231.003964, 2310734.853397}","-",21.38092028,-157.73404860,"2026-08-03T22:04:28.642Z","UAV 1"
"FRMORT002","None","-",21.39124517,-157.73722922,"2026-08-03T22:04:28.642Z","UAV 1"
"FRMORT001","None","-",21.39116652,-157.73700854,"2026-08-03T22:04:28.642Z","UAV 1"
"FRLAV006","Move to {-5499315.048189, -2250231.003964, 2310734.853397}","-",21.38997375,-157.74154880,"2026-08-03T22:04:28.642Z","UAV 1"
"FRT69005","Move to {-5499315.048189, -2250231.003964, 2310734.853397}","-",21.38107264,-157.73402661,"2026-08-03T22:04:28.642Z","UAV 1"
"FRM113007","Move to {-5499315.048189, -2250231.003964, 2310734.853397}","-",21.39010093,-157.74239376,"2026-08-03T22:04:28.642Z","UAV 1"
"FRM113002","Move to {-5499315.048189, -2250231.003964, 2310734.853397}","-",21.39000790,-157.74174273,"2026-08-03T22:04:28.642Z","UAV 1"
"FRM113006","Move to {-5499315.048189, -2250231.003964, 2310734.853397}","-",21.39010092,-157.74230808,"2026-08-03T22:04:28.642Z","UAV 1"
"FRMORT004","None","-",21.39105358,-157.73697074,"2026-08-03T22:04:28.642Z","UAV 1"
"ENMORT001","None","-",21.37454920,-157.73726779,"2026-08-03T22:04:28.642Z","UAV 1"
"FRM109003","Move to {-5499516.453323, -2249726.423604, 2310685.859186}","-",21.39057079,-157.74220631,"2026-08-03T22:04:28.642Z","UAV 1"
"FRM109002","Move to {-5499315.048189, -2250231.003964, 2310734.853397}","-",21.38996034,-157.74085109,"2026-08-03T22:04:28.642Z","UAV 1"
"FRLAV001","Move to {-5499315.048189, -2250231.003964, 2310734.853397}","-",21.38975786,-157.74170101,"2026-08-03T22:04:28.642Z","UAV 1"
"FRMORT003","None","-",21.39122072,-157.73728393,"2026-08-03T22:04:28.642Z","UAV 1"
"FRM113005","Move to {-5499315.048189, -2250231.003964, 2310734.853397}","-",21.38845523,-157.74299550,"2026-08-03T22:04:28.642Z","UAV 1"
"FRM109001","Move to {-5499516.453323, -2249726.423604, 2310685.859186}","-",21.39046944,-157.74183381,"2026-08-03T22:04:28.642Z","UAV 1"
"FRT69010","Move to {-5499315.048189, -2250231.003964, 2310734.853397}","-",21.38085576,-157.73407915,"2026-08-03T22:04:28.642Z","UAV 1"
"FRLAV004","Move to {-5499315.048189, -2250231.003964, 2310734.853397}","-",21.38960696,-157.74119820,"2026-08-03T22:04:28.642Z","UAV 1"
"M107 1","None","-",21.36711185,-157.73186078,"2026-08-03T22:04:28.642Z","UAV 1"
"M107 2","None","-",21.36735621,-157.73177135,"2026-08-03T22:04:28.642Z","UAV 1"
"M107 3","None","-",21.36720689,-157.73183752,"2026-08-03T22:04:28.642Z","UAV 1"
"M107 7","None","-",21.36726898,-157.73197872,"2026-08-03T22:04:28.642Z","UAV 1"
"ENMORT003","None","-",21.37448817,-157.73726715,"2026-08-03T22:04:28.642Z","UAV 1"
"FRLAV007","Move to {-5499315.048189, -2250231.003964, 2310734.853397}","-",21.38975649,-157.74138932,"2026-08-03T22:04:28.642Z","UAV 1"
"ENMORT002","None","-",21.37448557,-157.73696566,"2026-08-03T22:04:28.642Z","UAV 1"
"FRM113001","Move to {-5499315.048189, -2250231.003964, 2310734.853397}","-",21.38996369,-157.74174297,"2026-08-03T22:04:28.642Z","UAV 1"
"FRT69007","Move to {-5499315.048189, -2250231.003964, 2310734.853397}","-",21.38080814,-157.73407629,"2026-08-03T22:04:28.642Z","UAV 1"
"ENMORT005","None","-",21.37463885,-157.73701809,"2026-08-03T22:04:28.642Z","UAV 1"
"FRT69001","Move to {-5499315.048189, -2250231.003964, 2310734.853397}","-",21.38092028,-157.73404860,"2026-08-03T22:04:28.642Z","UAV 1"
"FRMORT002","None","-",21.39124517,-157.73722922,"2026-08-03T22:04:28.642Z","UAV 1"
"FRMORT001","None","-",21.39116652,-157.73700854,"2026-08-03T22:04:28.642Z","UAV 1"
"FRLAV006","Move to {-5499315.048189, -2250231.003964, 2310734.853397}","-",21.38997375,-157.74154880,"2026-08-03T22:04:28.642Z","UAV 1"
"FRT69005","Move to {-5499315.048189, -2250231.003964, 2310734.853397}","-",21.38107264,-157.73402661,"2026-08-03T22:04:28.642Z","UAV 1"
"FRM113007","Move to {-5499315.048189, -2250231.003964, 2310734.853397}","-",21.39010093,-157.74239376,"2026-08-03T22:04:28.642Z","UAV 1"
"FRM113002","Move to {-5499315.048189, -2250231.003964, 2310734.853397}","-",21.39000790,-157.74174273,"2026-08-03T22:04:28.642Z","UAV 1"
"FRM113006","Move to {-5499315.048189, -2250231.003964, 2310734.853397}","-",21.39010092,-157.74230808,"2026-08-03T22:04:28.642Z","UAV 1"
"FRMORT004","None","-",21.39105358,-157.73697074,"2026-08-03T22:04:28.642Z","UAV 1"
"ENMORT001","None","-",21.37454920,-157.73726779,"2026-08-03T22:04:28.642Z","UAV 1"
"FRM109003","Move to {-5499516.453323, -2249726.423604, 2310685.859186}","-",21.39057079,-157.74220631,"2026-08-03T22:04:28.642Z","UAV 1"
"FRM109002","Move to {-5499315.048189, -2250231.003964, 2310734.853397}","-",21.38996034,-157.74085109,"2026-08-03T22:04:28.642Z","UAV 1"
"FRLAV001","Move to {-5499315.048189, -2250231.003964, 2310734.853397}","-",21.38975786,-157.74170101,"2026-08-03T22:04:28.642Z","UAV 1"
"FRMORT003","None","-",21.39122072,-157.73728393,"2026-08-03T22:04:28.642Z","UAV 1"
"FRM113005","Move to {-5499315.048189, -2250231.003964, 2310734.853397}","-",21.38845523,-157.74299550,"2026-08-03T22:04:28.642Z","UAV 1"
"FRM109001","Move to {-5499516.453323, -2249726.423604, 2310685.859186}","-",21.39046944,-157.74183381,"2026-08-03T22:04:28.642Z","UAV 1"
"FRT69010","Move to {-5499315.048189, -2250231.003964, 2310734.853397}","-",21.38085576,-157.73407915,"2026-08-03T22:04:28.642Z","UAV 1"
"FRLAV004","Move to {-5499315.048189, -2250231.003964, 2310734.853397}","-",21.38960696,-157.74119820,"2026-08-03T22:04:28.642Z","UAV 1"
"M107 1","None","-",21.36711185,-157.73186078,"2026-08-03T22:04:28.642Z","UAV 1"
"M107 2","None","-",21.36735621,-157.73177135,"2026-08-03T22:04:28.642Z","UAV 1"
"M107 3","None","-",21.36720689,-157.73183752,"2026-08-03T22:04:28.642Z","UAV 1"
"M107 7","None","-",21.36726898,-157.73197872,"2026-08-03T22:04:28.642Z","UAV 1"
"ENMORT003","None","-",21.37448817,-157.73726715,"2026-08-03T22:04:28.642Z","UAV 1"
"FRLAV007","Move to {-5499315.048189, -2250231.003964, 2310734.853397}","-",21.38975649,-157.74138932,"2026-08-03T22:04:28.642Z","UAV 1"
"ENMORT002","None","-",21.37448557,-157.73696566,"2026-08-03T22:04:28.642Z","UAV 1"
"FRM113001","Move to {-5499315.048189, -2250231.003964, 2310734.853397}","-",21.38996369,-157.74174297,"2026-08-03T22:04:28.642Z","UAV 1"
"FRT69007","Move to {-5499315.048189, -2250231.003964, 2310734.853397}","-",21.38080814,-157.73407629,"2026-08-03T22:04:28.642Z","UAV 1"
"ENMORT005","None","-",21.37463885,-157.73701809,"2026-08-03T22:04:28.642Z","UAV 1"
"FRT69001","Move to {-5499315.048189, -2250231.003964, 2310734.853397}","-",21.38092028,-157.73404860,"2026-08-03T22:04:28.642Z","UAV 1"
"FRMORT002","None","-",21.39124517,-157.73722922,"2026-08-03T22:04:28.642Z","UAV 1"
"FRMORT001","None","-",21.39116652,-157.73700854,"2026-08-03T22:04:28.642Z","UAV 1"
"FRLAV006","Move to {-5499315.048189, -2250231.003964, 2310734.853397}","-",21.38997375,-157.74154880,"2026-08-03T22:04:28.642Z","UAV 1"
"FRT69005","Move to {-5499315.048189, -2250231.003964, 2310734.853397}","-",21.38107264,-157.73402661,"2026-08-03T22:04:28.642Z","UAV 1"
"FRM113007","Move to {-5499315.048189, -2250231.003964, 2310734.853397}","-",21.39010093,-157.74239376,"2026-08-03T22:04:28.642Z","UAV 1"
"FRM113002","Move to {-5499315.048189, -2250231.003964, 2310734.853397}","-",21.39000790,-157.74174273,"2026-08-03T22:04:28.642Z","UAV 1"
"FRM113006","Move to {-5499315.048189, -2250231.003964, 2310734.853397}","-",21.39010092,-157.74230808,"2026-08-03T22:04:28.642Z","UAV 1"
"FRMORT004","None","-",21.39105358,-157.73697074,"2026-08-03T22:04:28.642Z","UAV 1"
"ENMORT001","None","-",21.37454920,-157.73726779,"2026-08-03T22:04:28.642Z","UAV 1"
"FRM109003","Move to {-5499516.453323, -2249726.423604, 2310685.859186}","-",21.39057079,-157.74220631,"2026-08-03T22:04:28.642Z","UAV 1"
"FRM109002","Move to {-5499315.048189, -2250231.003964, 2310734.853397}","-",21.38996034,-157.74085109,"2026-08-03T22:04:28.642Z","UAV 1"
"FRLAV001","Move to {-5499315.048189, -2250231.003964, 2310734.853397}","-",21.38975786,-157.74170101,"2026-08-03T22:04:28.642Z","UAV 1"
"FRMORT003","None","-",21.39122072,-157.73728393,"2026-08-03T22:04:28.642Z","UAV 1"
"FRM113005","Move to {-5499315.048189, -2250231.003964, 2310734.853397}","-",21.38845523,-157.74299550,"2026-08-03T22:04:28.642Z","UAV 1"
"FRM109001","Move to {-5499516.453323, -2249726.423604, 2310685.859186}","-",21.39046944,-157.74183381,"2026-08-03T22:04:28.642Z","UAV 1"
"FRT69010","Move to {-5499315.048189, -2250231.003964, 2310734.853397}","-",21.38085576,-157.73407915,"2026-08-03T22:04:28.642Z","UAV 1"
"FRLAV004","Move to {-5499315.048189, -2250231.003964, 2310734.853397}","-",21.38960696,-157.74119820,"2026-08-03T22:04:28.642Z","UAV 1"
"M107 1","None","-",21.36711185,-157.73186078,"2026-08-03T22:04:28.642Z","UAV 1"
"M107 2","None","-",21.36735621,-157.73177135,"2026-08-03T22:04:28.642Z","UAV 1"
"M107 3","None","-",21.36720689,-157.73183752,"2026-08-03T22:04:28.642Z","UAV 1"
"M107 7","None","-",21.36726898,-157.73197872,"2026-08-03T22:04:28.642Z","UAV 1"
"ENMORT003","None","-",21.37448817,-157.73726715,"2026-08-03T22:04:28.642Z","UAV 1"
"FRLAV007","Move to {-5499315.048189, -2250231.003964, 2310734.853397}","-",21.38975649,-157.74138932,"2026-08-03T22:04:28.642Z","UAV 1"
"ENMORT002","None","-",21.37448557,-157.73696566,"2026-08-03T22:04:28.642Z","UAV 1"
"FRM113001","Move to {-5499315.048189, -2250231.003964, 2310734.853397}","-",21.38996369,-157.74174297,"2026-08-03T22:04:28.642Z","UAV 1"
"FRT69007","Move to {-5499315.048189, -2250231.003964, 2310734.853397}","-",21.38080814,-157.73407629,"2026-08-03T22:04:28.642Z","UAV 1"
"ENMORT005","None","-",21.37463885,-157.73701809,"2026-08-03T22:04:28.642Z","UAV 1"
"FRT69001","Move to {-5499315.048189, -2250231.003964, 2310734.853397}","-",21.38092028,-157.73404860,"2026-08-03T22:04:28.642Z","UAV 1"
"FRMORT002","None","-",21.39124517,-157.73722922,"2026-08-03T22:04:28.642Z","UAV 1"
"FRMORT001","None","-",21.39116652,-157.73700854,"2026-08-03T22:04:28.642Z","UAV 1"
"FRLAV006","Move to {-5499315.048189, -2250231.003964, 2310734.853397}","-",21.38997375,-157.74154880,"2026-08-03T22:04:28.642Z","UAV 1"
"FRT69005","Move to {-5499315.048189, -2250231.003964, 2310734.853397}","-",21.38107264,-157.73402661,"2026-08-03T22:04:28.642Z","UAV 1"
"FRM113007","Move to {-5499315.048189, -2250231.003964, 2310734.853397}","-",21.39010093,-157.74239376,"2026-08-03T22:04:28.642Z","UAV 1"
"FRM113002","Move to {-5499315.048189, -2250231.003964, 2310734.853397}","-",21.39000790,-157.74174273,"2026-08-03T22:04:28.642Z","UAV 1"
"FRM113006","Move to {-5499315.048189, -2250231.003964, 2310734.853397}","-",21.39010092,-157.74230808,"2026-08-03T22:04:28.642Z","UAV 1"
"FRMORT004","None","-",21.39105358,-157.73697074,"2026-08-03T22:04:28.642Z","UAV 1"
"ENMORT001","None","-",21.37454920,-157.73726779,"2026-08-03T22:04:28.642Z","UAV 1"
"FRM109003","Move to {-5499516.453323, -2249726.423604, 2310685.859186}","-",21.39057079,-157.74220631,"2026-08-03T22:04:28.642Z","UAV 1"
"FRM109002","Move to {-5499315.048189, -2250231.003964, 2310734.853397}","-",21.38996034,-157.74085109,"2026-08-03T22:04:28.642Z","UAV 1"
"FRLAV001","Move to {-5499315.048189, -2250231.003964, 2310734.853397}","-",21.38975786,-157.74170101,"2026-08-03T22:04:28.642Z","UAV 1"
"FRMORT003","None","-",21.39122072,-157.73728393,"2026-08-03T22:04:28.642Z","UAV 1"
"FRM113005","Move to {-5499315.048189, -2250231.003964, 2310734.853397}","-",21.38845523,-157.74299550,"2026-08-03T22:04:28.642Z","UAV 1"
"FRM109001","Move to {-5499516.453323, -2249726.423604, 2310685.859186}","-",21.39046944,-157.74183381,"2026-08-03T22:04:28.642Z","UAV 1"
"FRT69010","Move to {-5499315.048189, -2250231.003964, 2310734.853397}","-",21.38085576,-157.73407915,"2026-08-03T22:04:28.642Z","UAV 1"
"FRLAV004","Move to {-5499315.048189, -2250231.003964, 2310734.853397}","-",21.38960696,-157.74119820,"2026-08-03T22:04:28.642Z","UAV 1"
"M107 1","None","-",21.36711185,-157.73186078,"2026-08-03T22:04:28.642Z","UAV 1"
"M107 2","None","-",21.36735621,-157.73177135,"2026-08-03T22:04:28.642Z","UAV 1"
"M107 3","None","-",21.36720689,-157.73183752,"2026-08-03T22:04:28.642Z","UAV 1"
"M107 7","None","-",21.36726898,-157.73197872,"2026-08-03T22:04:28.642Z","UAV 1"
"ENMORT003","None","-",21.37448817,-157.73726715,"2026-08-03T22:04:28.642Z","UAV 1"
"FRLAV007","Move to {-5499315.048189, -2250231.003964, 2310734.853397}","-",21.38975649,-157.74138932,"2026-08-03T22:04:28.642Z","UAV 1"
"ENMORT002","None","-",21.37448557,-157.73696566,"2026-08-03T22:04:28.642Z","UAV 1"
"FRM113001","Move to {-5499315.048189, -2250231.003964, 2310734.853397}","-",21.38996369,-157.74174297,"2026-08-03T22:04:28.642Z","UAV 1"
"FRT69007","Move to {-5499315.048189, -2250231.003964, 2310734.853397}","-",21.38080814,-157.73407629,"2026-08-03T22:04:28.642Z","UAV 1"
"ENMORT005","None","-",21.37463885,-157.73701809,"2026-08-03T22:04:30.663Z","UAV 1"
"FRT69001","Move to {-5499315.048189, -2250231.003964, 2310734.853397}","-",21.38092028,-157.73404860,"2026-08-03T22:04:30.663Z","UAV 1"
"FRMORT002","None","-",21.39124517,-157.73722922,"2026-08-03T22:04:30.663Z","UAV 1"
"FRMORT001","None","-",21.39116652,-157.73700854,"2026-08-03T22:04:30.663Z","UAV 1"
"FRLAV006","Move to {-5499315.048189, -2250231.003964, 2310734.853397}","-",21.38997512,-157.74154891,"2026-08-03T22:04:30.663Z","UAV 1"
"FRT69005","Move to {-5499315.048189, -2250231.003964, 2310734.853397}","-",21.38107264,-157.73402661,"2026-08-03T22:04:30.663Z","UAV 1"
"FRM113007","Move to {-5499315.048189, -2250231.003964, 2310734.853397}","-",21.39010123,-157.74239363,"2026-08-03T22:04:30.663Z","UAV 1"
"FRM113002","Move to {-5499315.048189, -2250231.003964, 2310734.853397}","-",21.39000799,-157.74174322,"2026-08-03T22:04:30.663Z","UAV 1"
"FRM113006","Move to {-5499315.048189, -2250231.003964, 2310734.853397}","-",21.39010101,-157.74230804,"2026-08-03T22:04:30.663Z","UAV 1"
"FRMORT004","None","-",21.39105358,-157.73697074,"2026-08-03T22:04:30.663Z","UAV 1"
"ENMORT001","None","-",21.37454920,-157.73726779,"2026-08-03T22:04:30.663Z","UAV 1"
"FRM109003","Move to {-5499516.453323, -2249726.423604, 2310685.859186}","-",21.39057214,-157.74220505,"2026-08-03T22:04:30.663Z","UAV 1"
"FRM109002","Move to {-5499315.048189, -2250231.003964, 2310734.853397}","-",21.38996034,-157.74085109,"2026-08-03T22:04:30.663Z","UAV 1"
"FRLAV001","Move to {-5499315.048189, -2250231.003964, 2310734.853397}","-",21.38975662,-157.74170177,"2026-08-03T22:04:30.663Z","UAV 1"
"FRMORT003","None","-",21.39122072,-157.73728393,"2026-08-03T22:04:30.663Z","UAV 1"
"FRM113005","Move to {-5499315.048189, -2250231.003964, 2310734.853397}","-",21.38846539,-157.74299093,"2026-08-03T22:04:30.663Z","UAV 1"
"FRM109001","Move to {-5499516.453323, -2249726.423604, 2310685.859186}","-",21.39047054,-157.74183273,"2026-08-03T22:04:30.663Z","UAV 1"
"FRT69010","Move to {-5499315.048189, -2250231.003964, 2310734.853397}","-",21.38085576,-157.73407915,"2026-08-03T22:04:30.663Z","UAV 1"
"FRLAV004","Move to {-5499315.048189, -2250231.003964, 2310734.853397}","-",21.38960838,-157.74119941,"2026-08-03T22:04:30.663Z","UAV 1"
"M107 1","None","-",21.36711185,-157.73186078,"2026-08-03T22:04:30.663Z","UAV 1"
"M107 2","None","-",21.36735621,-157.73177135,"2026-08-03T22:04:30.663Z","UAV 1"
"M107 3","None","-",21.36720689,-157.73183752,"2026-08-03T22:04:30.663Z","UAV 1"
"M107 7","None","-",21.36726898,-157.73197872,"2026-08-03T22:04:30.663Z","UAV 1"
"ENMORT003","None","-",21.37448817,-157.73726715,"2026-08-03T22:04:30.663Z","UAV 1"
"FRLAV007","Move to {-5499315.048189, -2250231.003964, 2310734.853397}","-",21.38975623,-157.74138946,"2026-08-03T22:04:30.663Z","UAV 1"
"ENMORT002","None","-",21.37448557,-157.73696566,"2026-08-03T22:04:30.663Z","UAV 1"
"FRM113001","Move to {-5499315.048189, -2250231.003964, 2310734.853397}","-",21.38996387,-157.74174288,"2026-08-03T22:04:30.663Z","UAV 1"
"FRT69007","Move to {-5499315.048189, -2250231.003964, 2310734.853397}","-",21.38080814,-157.73407629,"2026-08-03T22:04:30.663Z","UAV 1"
"FRAHS001","FFE-On-Location ""Location={-5499191.503627, -2251825.311346, 2309314.511859}""  Name of Weapons to Fire: Indirect-Fire-Gun:M107-155mm. Number-Of-Rounds: 1. Height-Above-Terrain: 0","-",21.39511611,-157.73746058,"2026-08-03T22:04:30.663Z","UAV 1"
"FRAHS002","FFE-On-Location ""Location={-5499132.853573, -2251193.466895, 2310064.199617}""  Name of Weapons to Fire: Indirect-Fire-Gun:M107-155mm. Number-Of-Rounds: 1. Height-Above-Terrain: 0","-",21.39520418,-157.73742074,"2026-08-03T22:04:30.663Z","UAV 1"
"ENMORT005","None","-",21.37463885,-157.73701809,"2026-08-03T22:04:30.663Z","UAV 1"
"FRT69001","Move to {-5499315.048189, -2250231.003964, 2310734.853397}","-",21.38092028,-157.73404860,"2026-08-03T22:04:30.663Z","UAV 1"
"FRMORT002","None","-",21.39124517,-157.73722922,"2026-08-03T22:04:30.663Z","UAV 1"
"FRMORT001","None","-",21.39116652,-157.73700854,"2026-08-03T22:04:30.663Z","UAV 1"
"FRLAV006","Move to {-5499315.048189, -2250231.003964, 2310734.853397}","-",21.38997512,-157.74154891,"2026-08-03T22:04:30.663Z","UAV 1"
"FRT69005","Move to {-5499315.048189, -2250231.003964, 2310734.853397}","-",21.38107264,-157.73402661,"2026-08-03T22:04:30.663Z","UAV 1"
"FRM113007","Move to {-5499315.048189, -2250231.003964, 2310734.853397}","-",21.39010123,-157.74239363,"2026-08-03T22:04:30.663Z","UAV 1"
"FRM113002","Move to {-5499315.048189, -2250231.003964, 2310734.853397}","-",21.39000799,-157.74174322,"2026-08-03T22:04:30.663Z","UAV 1"
"FRM113006","Move to {-5499315.048189, -2250231.003964, 2310734.853397}","-",21.39010101,-157.74230804,"2026-08-03T22:04:30.663Z","UAV 1"
"FRMORT004","None","-",21.39105358,-157.73697074,"2026-08-03T22:04:30.663Z","UAV 1"
"ENMORT001","None","-",21.37454920,-157.73726779,"2026-08-03T22:04:30.663Z","UAV 1"
"FRM109003","Move to {-5499516.453323, -2249726.423604, 2310685.859186}","-",21.39057214,-157.74220505,"2026-08-03T22:04:30.663Z","UAV 1"
"FRM109002","Move to {-5499315.048189, -2250231.003964, 2310734.853397}","-",21.38996034,-157.74085109,"2026-08-03T22:04:30.663Z","UAV 1"
"FRLAV001","Move to {-5499315.048189, -2250231.003964, 2310734.853397}","-",21.38975662,-157.74170177,"2026-08-03T22:04:30.663Z","UAV 1"
"FRMORT003","None","-",21.39122072,-157.73728393,"2026-08-03T22:04:30.663Z","UAV 1"
"FRM113005","Move to {-5499315.048189, -2250231.003964, 2310734.853397}","-",21.38846539,-157.74299093,"2026-08-03T22:04:30.663Z","UAV 1"
"FRM109001","Move to {-5499516.453323, -2249726.423604, 2310685.859186}","-",21.39047054,-157.74183273,"2026-08-03T22:04:30.663Z","UAV 1"
"FRT69010","Move to {-5499315.048189, -2250231.003964, 2310734.853397}","-",21.38085576,-157.73407915,"2026-08-03T22:04:30.663Z","UAV 1"
"FRLAV004","Move to {-5499315.048189, -2250231.003964, 2310734.853397}","-",21.38960838,-157.74119941,"2026-08-03T22:04:30.663Z","UAV 1"
"M107 1","None","-",21.36711185,-157.73186078,"2026-08-03T22:04:30.663Z","UAV 1"
"M107 2","None","-",21.36735621,-157.73177135,"2026-08-03T22:04:30.663Z","UAV 1"
"M107 3","None","-",21.36720689,-157.73183752,"2026-08-03T22:04:30.663Z","UAV 1"
"M107 7","None","-",21.36726898,-157.73197872,"2026-08-03T22:04:30.663Z","UAV 1"
"ENMORT003","None","-",21.37448817,-157.73726715,"2026-08-03T22:04:30.663Z","UAV 1"
"FRLAV007","Move to {-5499315.048189, -2250231.003964, 2310734.853397}","-",21.38975623,-157.74138946,"2026-08-03T22:04:30.663Z","UAV 1"
"ENMORT002","None","-",21.37448557,-157.73696566,"2026-08-03T22:04:30.663Z","UAV 1"
"FRM113001","Move to {-5499315.048189, -2250231.003964, 2310734.853397}","-",21.38996387,-157.74174288,"2026-08-03T22:04:30.663Z","UAV 1"
"FRT69007","Move to {-5499315.048189, -2250231.003964, 2310734.853397}","-",21.38080814,-157.73407629,"2026-08-03T22:04:30.663Z","UAV 1"
"FRAHS001","FFE-On-Location ""Location={-5499191.503627, -2251825.311346, 2309314.511859}""  Name of Weapons to Fire: Indirect-Fire-Gun:M107-155mm. Number-Of-Rounds: 1. Height-Above-Terrain: 0","-",21.39511611,-157.73746058,"2026-08-03T22:04:30.663Z","UAV 1"
"FRAHS002","FFE-On-Location ""Location={-5499132.853573, -2251193.466895, 2310064.199617}""  Name of Weapons to Fire: Indirect-Fire-Gun:M107-155mm. Number-Of-Rounds: 1. Height-Above-Terrain: 0","-",21.39520418,-157.73742074,"2026-08-03T22:04:30.663Z","UAV 1"
"ENMORT005","None","-",21.37463885,-157.73701809,"2026-08-03T22:04:30.663Z","UAV 1"
"FRT69001","Move to {-5499315.048189, -2250231.003964, 2310734.853397}","-",21.38092028,-157.73404860,"2026-08-03T22:04:30.663Z","UAV 1"
"FRMORT002","None","-",21.39124517,-157.73722922,"2026-08-03T22:04:30.663Z","UAV 1"
"FRMORT001","None","-",21.39116652,-157.73700854,"2026-08-03T22:04:30.663Z","UAV 1"
"FRLAV006","Move to {-5499315.048189, -2250231.003964, 2310734.853397}","-",21.38997512,-157.74154891,"2026-08-03T22:04:30.663Z","UAV 1"
"FRT69005","Move to {-5499315.048189, -2250231.003964, 2310734.853397}","-",21.38107264,-157.73402661,"2026-08-03T22:04:30.663Z","UAV 1"
"FRM113007","Move to {-5499315.048189, -2250231.003964, 2310734.853397}","-",21.39010123,-157.74239363,"2026-08-03T22:04:30.663Z","UAV 1"
"FRM113002","Move to {-5499315.048189, -2250231.003964, 2310734.853397}","-",21.39000799,-157.74174322,"2026-08-03T22:04:30.663Z","UAV 1"
"FRM113006","Move to {-5499315.048189, -2250231.003964, 2310734.853397}","-",21.39010101,-157.74230804,"2026-08-03T22:04:30.663Z","UAV 1"
"FRMORT004","None","-",21.39105358,-157.73697074,"2026-08-03T22:04:30.663Z","UAV 1"
"ENMORT001","None","-",21.37454920,-157.73726779,"2026-08-03T22:04:30.663Z","UAV 1"
"FRM109003","Move to {-5499516.453323, -2249726.423604, 2310685.859186}","-",21.39057214,-157.74220505,"2026-08-03T22:04:30.663Z","UAV 1"
"FRM109002","Move to {-5499315.048189, -2250231.003964, 2310734.853397}","-",21.38996034,-157.74085109,"2026-08-03T22:04:30.663Z","UAV 1"
"FRLAV001","Move to {-5499315.048189, -2250231.003964, 2310734.853397}","-",21.38975662,-157.74170177,"2026-08-03T22:04:30.663Z","UAV 1"
"FRMORT003","None","-",21.39122072,-157.73728393,"2026-08-03T22:04:30.663Z","UAV 1"
"FRM113005","Move to {-5499315.048189, -2250231.003964, 2310734.853397}","-",21.38846539,-157.74299093,"2026-08-03T22:04:30.663Z","UAV 1"
"FRM109001","Move to {-5499516.453323, -2249726.423604, 2310685.859186}","-",21.39047054,-157.74183273,"2026-08-03T22:04:30.663Z","UAV 1"
"FRT69010","Move to {-5499315.048189, -2250231.003964, 2310734.853397}","-",21.38085576,-157.73407915,"2026-08-03T22:04:30.663Z","UAV 1"
"FRLAV004","Move to {-5499315.048189, -2250231.003964, 2310734.853397}","-",21.38960838,-157.74119941,"2026-08-03T22:04:30.663Z","UAV 1"
"M107 1","None","-",21.36711185,-157.73186078,"2026-08-03T22:04:30.663Z","UAV 1"
"M107 2","None","-",21.36735621,-157.73177135,"2026-08-03T22:04:30.663Z","UAV 1"
"M107 3","None","-",21.36720689,-157.73183752,"2026-08-03T22:04:30.663Z","UAV 1"
"M107 7","None","-",21.36726898,-157.73197872,"2026-08-03T22:04:30.663Z","UAV 1"
"ENMORT003","None","-",21.37448817,-157.73726715,"2026-08-03T22:04:30.663Z","UAV 1"
"FRLAV007","Move to {-5499315.048189, -2250231.003964, 2310734.853397}","-",21.38975623,-157.74138946,"2026-08-03T22:04:30.663Z","UAV 1"
"ENMORT002","None","-",21.37448557,-157.73696566,"2026-08-03T22:04:30.663Z","UAV 1"
"FRM113001","Move to {-5499315.048189, -2250231.003964, 2310734.853397}","-",21.38996387,-157.74174288,"2026-08-03T22:04:30.663Z","UAV 1"
"FRT69007","Move to {-5499315.048189, -2250231.003964, 2310734.853397}","-",21.38080814,-157.73407629,"2026-08-03T22:04:30.663Z","UAV 1"
"FRAHS001","FFE-On-Location ""Location={-5499191.503627, -2251825.311346, 2309314.511859}""  Name of Weapons to Fire: Indirect-Fire-Gun:M107-155mm. Number-Of-Rounds: 1. Height-Above-Terrain: 0","-",21.39511611,-157.73746058,"2026-08-03T22:04:30.663Z","UAV 1"
"FRAHS002","FFE-On-Location ""Location={-5499132.853573, -2251193.466895, 2310064.199617}""  Name of Weapons to Fire: Indirect-Fire-Gun:M107-155mm. Number-Of-Rounds: 1. Height-Above-Terrain: 0","-",21.39520418,-157.73742074,"2026-08-03T22:04:30.663Z","UAV 1"
"FRT69001","Move to {-5499315.048189, -2250231.003964, 2310734.853397}","-",21.38092028,-157.73404860,"2026-08-03T22:04:32.649Z","UAV 1"
"FRMORT002","None","-",21.39124517,-157.73722922,"2026-08-03T22:04:32.649Z","UAV 1"
"FRMORT001","None","-",21.39116652,-157.73700854,"2026-08-03T22:04:32.649Z","UAV 1"
"FRLAV006","Move to {-5499315.048189, -2250231.003964, 2310734.853397}","-",21.38997213,-157.74154877,"2026-08-03T22:04:32.649Z","UAV 1"
"FRT69005","Move to {-5499315.048189, -2250231.003964, 2310734.853397}","-",21.38107264,-157.73402661,"2026-08-03T22:04:32.649Z","UAV 1"
"FRM113007","Move to {-5499315.048189, -2250231.003964, 2310734.853397}","-",21.39010088,-157.74239379,"2026-08-03T22:04:32.649Z","UAV 1"
"FRM113002","Move to {-5499315.048189, -2250231.003964, 2310734.853397}","-",21.39000808,-157.74174371,"2026-08-03T22:04:32.649Z","UAV 1"
"FRM113006","Move to {-5499315.048189, -2250231.003964, 2310734.853397}","-",21.39010143,-157.74230785,"2026-08-03T22:04:32.649Z","UAV 1"
"FRMORT004","None","-",21.39105358,-157.73697074,"2026-08-03T22:04:32.649Z","UAV 1"
"FRM109003","Move to {-5499516.453323, -2249726.423604, 2310685.859186}","-",21.39057348,-157.74220380,"2026-08-03T22:04:32.649Z","UAV 1"
"FRM109002","Move to {-5499315.048189, -2250231.003964, 2310734.853397}","-",21.38996034,-157.74085109,"2026-08-03T22:04:32.649Z","UAV 1"
"FRLAV001","Move to {-5499315.048189, -2250231.003964, 2310734.853397}","-",21.38975520,-157.74170265,"2026-08-03T22:04:32.649Z","UAV 1"
"FRMORT003","None","-",21.39122072,-157.73728393,"2026-08-03T22:04:32.649Z","UAV 1"
"FRM113005","Move to {-5499315.048189, -2250231.003964, 2310734.853397}","-",21.38847257,-157.74298771,"2026-08-03T22:04:32.649Z","UAV 1"
"FRM109001","Move to {-5499516.453323, -2249726.423604, 2310685.859186}","-",21.39047176,-157.74183154,"2026-08-03T22:04:32.649Z","UAV 1"
"FRT69010","Move to {-5499315.048189, -2250231.003964, 2310734.853397}","-",21.38085576,-157.73407914,"2026-08-03T22:04:32.649Z","UAV 1"
"FRLAV004","Move to {-5499315.048189, -2250231.003964, 2310734.853397}","-",21.38960387,-157.74119561,"2026-08-03T22:04:32.649Z","UAV 1"
"FRLAV007","Move to {-5499315.048189, -2250231.003964, 2310734.853397}","-",21.38975640,-157.74138937,"2026-08-03T22:04:32.649Z","UAV 1"
"FRM113001","Move to {-5499315.048189, -2250231.003964, 2310734.853397}","-",21.38996347,-157.74174308,"2026-08-03T22:04:32.649Z","UAV 1"
"FRT69007","Move to {-5499315.048189, -2250231.003964, 2310734.853397}","-",21.38080814,-157.73407629,"2026-08-03T22:04:32.649Z","UAV 1"
"FRAHS001","FFE-On-Location ""Location={-5499191.503627, -2251825.311346, 2309314.511859}""  Name of Weapons to Fire: Indirect-Fire-Gun:M107-155mm. Number-Of-Rounds: 1. Height-Above-Terrain: 0","-",21.39511611,-157.73746058,"2026-08-03T22:04:32.649Z","UAV 1"
"FRAHS002","FFE-On-Location ""Location={-5499132.853573, -2251193.466895, 2310064.199617}""  Name of Weapons to Fire: Indirect-Fire-Gun:M107-155mm. Number-Of-Rounds: 1. Height-Above-Terrain: 0","-",21.39520418,-157.73742074,"2026-08-03T22:04:32.649Z","UAV 1"
"FRM901001","None","-",21.39546138,-157.73719974,"2026-08-03T22:04:32.649Z","UAV 1"
"FRT69001","Move to {-5499315.048189, -2250231.003964, 2310734.853397}","-",21.38092028,-157.73404860,"2026-08-03T22:04:32.649Z","UAV 1"
"FRMORT002","None","-",21.39124517,-157.73722922,"2026-08-03T22:04:32.649Z","UAV 1"
"FRMORT001","None","-",21.39116652,-157.73700854,"2026-08-03T22:04:32.649Z","UAV 1"
"FRLAV006","Move to {-5499315.048189, -2250231.003964, 2310734.853397}","-",21.38997213,-157.74154877,"2026-08-03T22:04:32.649Z","UAV 1"
"FRT69005","Move to {-5499315.048189, -2250231.003964, 2310734.853397}","-",21.38107264,-157.73402661,"2026-08-03T22:04:32.649Z","UAV 1"
"FRM113007","Move to {-5499315.048189, -2250231.003964, 2310734.853397}","-",21.39010088,-157.74239379,"2026-08-03T22:04:32.649Z","UAV 1"
"FRM113002","Move to {-5499315.048189, -2250231.003964, 2310734.853397}","-",21.39000808,-157.74174371,"2026-08-03T22:04:32.649Z","UAV 1"
"FRM113006","Move to {-5499315.048189, -2250231.003964, 2310734.853397}","-",21.39010143,-157.74230785,"2026-08-03T22:04:32.649Z","UAV 1"
"FRMORT004","None","-",21.39105358,-157.73697074,"2026-08-03T22:04:32.649Z","UAV 1"
"FRM109003","Move to {-5499516.453323, -2249726.423604, 2310685.859186}","-",21.39057348,-157.74220380,"2026-08-03T22:04:32.649Z","UAV 1"
"FRM109002","Move to {-5499315.048189, -2250231.003964, 2310734.853397}","-",21.38996034,-157.74085109,"2026-08-03T22:04:32.649Z","UAV 1"
"FRLAV001","Move to {-5499315.048189, -2250231.003964, 2310734.853397}","-",21.38975520,-157.74170265,"2026-08-03T22:04:32.649Z","UAV 1"
"FRMORT003","None","-",21.39122072,-157.73728393,"2026-08-03T22:04:32.649Z","UAV 1"
"FRM113005","Move to {-5499315.048189, -2250231.003964, 2310734.853397}","-",21.38847257,-157.74298771,"2026-08-03T22:04:32.649Z","UAV 1"
"FRM109001","Move to {-5499516.453323, -2249726.423604, 2310685.859186}","-",21.39047176,-157.74183154,"2026-08-03T22:04:32.649Z","UAV 1"
"FRT69010","Move to {-5499315.048189, -2250231.003964, 2310734.853397}","-",21.38085576,-157.73407914,"2026-08-03T22:04:32.649Z","UAV 1"
"FRLAV004","Move to {-5499315.048189, -2250231.003964, 2310734.853397}","-",21.38960387,-157.74119561,"2026-08-03T22:04:32.649Z","UAV 1"
"FRLAV007","Move to {-5499315.048189, -2250231.003964, 2310734.853397}","-",21.38975640,-157.74138937,"2026-08-03T22:04:32.649Z","UAV 1"
"FRM113001","Move to {-5499315.048189, -2250231.003964, 2310734.853397}","-",21.38996347,-157.74174308,"2026-08-03T22:04:32.649Z","UAV 1"
"FRT69007","Move to {-5499315.048189, -2250231.003964, 2310734.853397}","-",21.38080814,-157.73407629,"2026-08-03T22:04:32.649Z","UAV 1"
"FRAHS001","FFE-On-Location ""Location={-5499191.503627, -2251825.311346, 2309314.511859}""  Name of Weapons to Fire: Indirect-Fire-Gun:M107-155mm. Number-Of-Rounds: 1. Height-Above-Terrain: 0","-",21.39511611,-157.73746058,"2026-08-03T22:04:32.649Z","UAV 1"
"FRAHS002","FFE-On-Location ""Location={-5499132.853573, -2251193.466895, 2310064.199617}""  Name of Weapons to Fire: Indirect-Fire-Gun:M107-155mm. Number-Of-Rounds: 1. Height-Above-Terrain: 0","-",21.39520418,-157.73742074,"2026-08-03T22:04:32.649Z","UAV 1"
"FRM901001","None","-",21.39546138,-157.73719974,"2026-08-03T22:04:32.649Z","UAV 1"
"FRT69001","Move to {-5499315.048189, -2250231.003964, 2310734.853397}","-",21.38092028,-157.73404860,"2026-08-03T22:04:32.649Z","UAV 1"
"FRMORT002","None","-",21.39124517,-157.73722922,"2026-08-03T22:04:32.649Z","UAV 1"
"FRMORT001","None","-",21.39116652,-157.73700854,"2026-08-03T22:04:32.649Z","UAV 1"
"FRLAV006","Move to {-5499315.048189, -2250231.003964, 2310734.853397}","-",21.38997213,-157.74154877,"2026-08-03T22:04:32.649Z","UAV 1"
"FRT69005","Move to {-5499315.048189, -2250231.003964, 2310734.853397}","-",21.38107264,-157.73402661,"2026-08-03T22:04:32.649Z","UAV 1"
"FRM113007","Move to {-5499315.048189, -2250231.003964, 2310734.853397}","-",21.39010088,-157.74239379,"2026-08-03T22:04:32.649Z","UAV 1"
"FRM113002","Move to {-5499315.048189, -2250231.003964, 2310734.853397}","-",21.39000808,-157.74174371,"2026-08-03T22:04:32.649Z","UAV 1"
"FRM113006","Move to {-5499315.048189, -2250231.003964, 2310734.853397}","-",21.39010143,-157.74230785,"2026-08-03T22:04:32.649Z","UAV 1"
"FRMORT004","None","-",21.39105358,-157.73697074,"2026-08-03T22:04:32.649Z","UAV 1"
"FRM109003","Move to {-5499516.453323, -2249726.423604, 2310685.859186}","-",21.39057348,-157.74220380,"2026-08-03T22:04:32.649Z","UAV 1"
"FRM109002","Move to {-5499315.048189, -2250231.003964, 2310734.853397}","-",21.38996034,-157.74085109,"2026-08-03T22:04:32.649Z","UAV 1"
"FRLAV001","Move to {-5499315.048189, -2250231.003964, 2310734.853397}","-",21.38975520,-157.74170265,"2026-08-03T22:04:32.649Z","UAV 1"
"FRMORT003","None","-",21.39122072,-157.73728393,"2026-08-03T22:04:32.649Z","UAV 1"
"FRM113005","Move to {-5499315.048189, -2250231.003964, 2310734.853397}","-",21.38847257,-157.74298771,"2026-08-03T22:04:32.649Z","UAV 1"
"FRM109001","Move to {-5499516.453323, -2249726.423604, 2310685.859186}","-",21.39047176,-157.74183154,"2026-08-03T22:04:32.649Z","UAV 1"
"FRT69010","Move to {-5499315.048189, -2250231.003964, 2310734.853397}","-",21.38085576,-157.73407914,"2026-08-03T22:04:32.649Z","UAV 1"
"FRLAV004","Move to {-5499315.048189, -2250231.003964, 2310734.853397}","-",21.38960387,-157.74119561,"2026-08-03T22:04:32.649Z","UAV 1"
"FRLAV007","Move to {-5499315.048189, -2250231.003964, 2310734.853397}","-",21.38975640,-157.74138937,"2026-08-03T22:04:32.649Z","UAV 1"
"FRM113001","Move to {-5499315.048189, -2250231.003964, 2310734.853397}","-",21.38996347,-157.74174308,"2026-08-03T22:04:32.649Z","UAV 1"
"FRT69007","Move to {-5499315.048189, -2250231.003964, 2310734.853397}","-",21.38080814,-157.73407629,"2026-08-03T22:04:32.649Z","UAV 1"
"FRAHS001","FFE-On-Location ""Location={-5499191.503627, -2251825.311346, 2309314.511859}""  Name of Weapons to Fire: Indirect-Fire-Gun:M107-155mm. Number-Of-Rounds: 1. Height-Above-Terrain: 0","-",21.39511611,-157.73746058,"2026-08-03T22:04:32.649Z","UAV 1"
"FRAHS002","FFE-On-Location ""Location={-5499132.853573, -2251193.466895, 2310064.199617}""  Name of Weapons to Fire: Indirect-Fire-Gun:M107-155mm. Number-Of-Rounds: 1. Height-Above-Terrain: 0","-",21.39520418,-157.73742074,"2026-08-03T22:04:32.649Z","UAV 1"
"FRM901001","None","-",21.39546138,-157.73719974,"2026-08-03T22:04:32.649Z","UAV 1"
"FRT69001","Move to {-5499315.048189, -2250231.003964, 2310734.853397}","-",21.38092028,-157.73404860,"2026-08-03T22:04:32.649Z","UAV 1"
"FRMORT002","None","-",21.39124517,-157.73722922,"2026-08-03T22:04:32.649Z","UAV 1"
"FRMORT001","None","-",21.39116652,-157.73700854,"2026-08-03T22:04:32.649Z","UAV 1"
"FRLAV006","Move to {-5499315.048189, -2250231.003964, 2310734.853397}","-",21.38997213,-157.74154877,"2026-08-03T22:04:32.649Z","UAV 1"
"FRT69005","Move to {-5499315.048189, -2250231.003964, 2310734.853397}","-",21.38107264,-157.73402661,"2026-08-03T22:04:32.649Z","UAV 1"
"FRM113007","Move to {-5499315.048189, -2250231.003964, 2310734.853397}","-",21.39010088,-157.74239379,"2026-08-03T22:04:32.649Z","UAV 1"
"FRM113002","Move to {-5499315.048189, -2250231.003964, 2310734.853397}","-",21.39000808,-157.74174371,"2026-08-03T22:04:32.649Z","UAV 1"
"FRM113006","Move to {-5499315.048189, -2250231.003964, 2310734.853397}","-",21.39010143,-157.74230785,"2026-08-03T22:04:32.649Z","UAV 1"
"FRMORT004","None","-",21.39105358,-157.73697074,"2026-08-03T22:04:32.649Z","UAV 1"
"FRM109003","Move to {-5499516.453323, -2249726.423604, 2310685.859186}","-",21.39057348,-157.74220380,"2026-08-03T22:04:32.649Z","UAV 1"
"FRM109002","Move to {-5499315.048189, -2250231.003964, 2310734.853397}","-",21.38996034,-157.74085109,"2026-08-03T22:04:32.649Z","UAV 1"
"FRLAV001","Move to {-5499315.048189, -2250231.003964, 2310734.853397}","-",21.38975520,-157.74170265,"2026-08-03T22:04:32.649Z","UAV 1"
"FRMORT003","None","-",21.39122072,-157.73728393,"2026-08-03T22:04:32.649Z","UAV 1"
"FRM113005","Move to {-5499315.048189, -2250231.003964, 2310734.853397}","-",21.38847257,-157.74298771,"2026-08-03T22:04:32.649Z","UAV 1"
"FRM109001","Move to {-5499516.453323, -2249726.423604, 2310685.859186}","-",21.39047176,-157.74183154,"2026-08-03T22:04:32.649Z","UAV 1"
"FRT69010","Move to {-5499315.048189, -2250231.003964, 2310734.853397}","-",21.38085576,-157.73407914,"2026-08-03T22:04:32.649Z","UAV 1"
"FRLAV004","Move to {-5499315.048189, -2250231.003964, 2310734.853397}","-",21.38960387,-157.74119561,"2026-08-03T22:04:32.649Z","UAV 1"
"FRLAV007","Move to {-5499315.048189, -2250231.003964, 2310734.853397}","-",21.38975640,-157.74138937,"2026-08-03T22:04:32.649Z","UAV 1"
"FRM113001","Move to {-5499315.048189, -2250231.003964, 2310734.853397}","-",21.38996347,-157.74174308,"2026-08-03T22:04:32.649Z","UAV 1"
"FRT69007","Move to {-5499315.048189, -2250231.003964, 2310734.853397}","-",21.38080814,-157.73407629,"2026-08-03T22:04:32.649Z","UAV 1"
"FRAHS001","FFE-On-Location ""Location={-5499191.503627, -2251825.311346, 2309314.511859}""  Name of Weapons to Fire: Indirect-Fire-Gun:M107-155mm. Number-Of-Rounds: 1. Height-Above-Terrain: 0","-",21.39511611,-157.73746058,"2026-08-03T22:04:32.649Z","UAV 1"
"FRAHS002","FFE-On-Location ""Location={-5499132.853573, -2251193.466895, 2310064.199617}""  Name of Weapons to Fire: Indirect-Fire-Gun:M107-155mm. Number-Of-Rounds: 1. Height-Above-Terrain: 0","-",21.39520418,-157.73742074,"2026-08-03T22:04:32.649Z","UAV 1"
"FRM901001","None","-",21.39546138,-157.73719974,"2026-08-03T22:04:32.649Z","UAV 1"
"FRT69001","Move to {-5499315.048189, -2250231.003964, 2310734.853397}","-",21.38092028,-157.73404860,"2026-08-03T22:04:34.772Z","UAV 1"
"FRMORT002","None","-",21.39124517,-157.73722922,"2026-08-03T22:04:34.772Z","UAV 1"
"FRMORT001","None","-",21.39116652,-157.73700854,"2026-08-03T22:04:34.772Z","UAV 1"
"FRLAV006","Move to {-5499315.048189, -2250231.003964, 2310734.853397}","-",21.38997503,-157.74154894,"2026-08-03T22:04:34.772Z","UAV 1"
"FRT69005","Move to {-5499315.048189, -2250231.003964, 2310734.853397}","-",21.38107264,-157.73402660,"2026-08-03T22:04:34.772Z","UAV 1"
"FRM113007","Move to {-5499315.048189, -2250231.003964, 2310734.853397}","-",21.39010045,-157.74239397,"2026-08-03T22:04:34.772Z","UAV 1"
"FRM113002","Move to {-5499315.048189, -2250231.003964, 2310734.853397}","-",21.39000812,-157.74174398,"2026-08-03T22:04:34.772Z","UAV 1"
"FRMORT004","None","-",21.39105358,-157.73697074,"2026-08-03T22:04:34.772Z","UAV 1"
"FRM109003","Move to {-5499516.453323, -2249726.423604, 2310685.859186}","-",21.39057255,-157.74220467,"2026-08-03T22:04:34.772Z","UAV 1"
"FRM109002","Move to {-5499315.048189, -2250231.003964, 2310734.853397}","-",21.38996034,-157.74085109,"2026-08-03T22:04:34.772Z","UAV 1"
"FRLAV001","Move to {-5499315.048189, -2250231.003964, 2310734.853397}","-",21.38975464,-157.74170299,"2026-08-03T22:04:34.772Z","UAV 1"
"FRMORT003","None","-",21.39122072,-157.73728393,"2026-08-03T22:04:34.772Z","UAV 1"
"FRM113005","Move to {-5499315.048189, -2250231.003964, 2310734.853397}","-",21.38847535,-157.74298646,"2026-08-03T22:04:34.772Z","UAV 1"
"FRM109001","Move to {-5499516.453323, -2249726.423604, 2310685.859186}","-",21.39047315,-157.74183017,"2026-08-03T22:04:34.772Z","UAV 1"
"FRT69010","Move to {-5499315.048189, -2250231.003964, 2310734.853397}","-",21.38085576,-157.73407914,"2026-08-03T22:04:34.772Z","UAV 1"
"FRLAV004","Move to {-5499315.048189, -2250231.003964, 2310734.853397}","-",21.38960241,-157.74119437,"2026-08-03T22:04:34.772Z","UAV 1"
"FRLAV007","Move to {-5499315.048189, -2250231.003964, 2310734.853397}","-",21.38975460,-157.74139038,"2026-08-03T22:04:34.772Z","UAV 1"
"FRM113001","Move to {-5499315.048189, -2250231.003964, 2310734.853397}","-",21.38996332,-157.74174316,"2026-08-03T22:04:34.772Z","UAV 1"
"FRT69007","Move to {-5499315.048189, -2250231.003964, 2310734.853397}","-",21.38080814,-157.73407628,"2026-08-03T22:04:34.772Z","UAV 1"
"FRAHS001","FFE-On-Location ""Location={-5499191.503627, -2251825.311346, 2309314.511859}""  Name of Weapons to Fire: Indirect-Fire-Gun:M107-155mm. Number-Of-Rounds: 1. Height-Above-Terrain: 0","-",21.39511611,-157.73746058,"2026-08-03T22:04:34.772Z","UAV 1"
"FRAHS002","FFE-On-Location ""Location={-5499132.853573, -2251193.466895, 2310064.199617}""  Name of Weapons to Fire: Indirect-Fire-Gun:M107-155mm. Number-Of-Rounds: 1. Height-Above-Terrain: 0","-",21.39520418,-157.73742074,"2026-08-03T22:04:34.772Z","UAV 1"
"FRM901001","None","-",21.39546138,-157.73719974,"2026-08-03T22:04:34.772Z","UAV 1"
"FRT69001","Move to {-5499315.048189, -2250231.003964, 2310734.853397}","-",21.38092028,-157.73404860,"2026-08-03T22:04:34.772Z","UAV 1"
"FRMORT002","None","-",21.39124517,-157.73722922,"2026-08-03T22:04:34.772Z","UAV 1"
"FRMORT001","None","-",21.39116652,-157.73700854,"2026-08-03T22:04:34.772Z","UAV 1"
"FRLAV006","Move to {-5499315.048189, -2250231.003964, 2310734.853397}","-",21.38997503,-157.74154894,"2026-08-03T22:04:34.772Z","UAV 1"
"FRT69005","Move to {-5499315.048189, -2250231.003964, 2310734.853397}","-",21.38107264,-157.73402660,"2026-08-03T22:04:34.772Z","UAV 1"
"FRM113007","Move to {-5499315.048189, -2250231.003964, 2310734.853397}","-",21.39010045,-157.74239397,"2026-08-03T22:04:34.772Z","UAV 1"
"FRM113002","Move to {-5499315.048189, -2250231.003964, 2310734.853397}","-",21.39000812,-157.74174398,"2026-08-03T22:04:34.772Z","UAV 1"
"FRMORT004","None","-",21.39105358,-157.73697074,"2026-08-03T22:04:34.772Z","UAV 1"
"FRM109003","Move to {-5499516.453323, -2249726.423604, 2310685.859186}","-",21.39057255,-157.74220467,"2026-08-03T22:04:34.772Z","UAV 1"
"FRM109002","Move to {-5499315.048189, -2250231.003964, 2310734.853397}","-",21.38996034,-157.74085109,"2026-08-03T22:04:34.772Z","UAV 1"
"FRLAV001","Move to {-5499315.048189, -2250231.003964, 2310734.853397}","-",21.38975464,-157.74170299,"2026-08-03T22:04:34.772Z","UAV 1"
"FRMORT003","None","-",21.39122072,-157.73728393,"2026-08-03T22:04:34.772Z","UAV 1"
"FRM113005","Move to {-5499315.048189, -2250231.003964, 2310734.853397}","-",21.38847535,-157.74298646,"2026-08-03T22:04:34.772Z","UAV 1"
"FRM109001","Move to {-5499516.453323, -2249726.423604, 2310685.859186}","-",21.39047315,-157.74183017,"2026-08-03T22:04:34.772Z","UAV 1"
"FRT69010","Move to {-5499315.048189, -2250231.003964, 2310734.853397}","-",21.38085576,-157.73407914,"2026-08-03T22:04:34.772Z","UAV 1"
"FRLAV004","Move to {-5499315.048189, -2250231.003964, 2310734.853397}","-",21.38960241,-157.74119437,"2026-08-03T22:04:34.772Z","UAV 1"
"FRLAV007","Move to {-5499315.048189, -2250231.003964, 2310734.853397}","-",21.38975460,-157.74139038,"2026-08-03T22:04:34.772Z","UAV 1"
"FRM113001","Move to {-5499315.048189, -2250231.003964, 2310734.853397}","-",21.38996332,-157.74174316,"2026-08-03T22:04:34.772Z","UAV 1"
"FRT69007","Move to {-5499315.048189, -2250231.003964, 2310734.853397}","-",21.38080814,-157.73407628,"2026-08-03T22:04:34.772Z","UAV 1"
"FRAHS001","FFE-On-Location ""Location={-5499191.503627, -2251825.311346, 2309314.511859}""  Name of Weapons to Fire: Indirect-Fire-Gun:M107-155mm. Number-Of-Rounds: 1. Height-Above-Terrain: 0","-",21.39511611,-157.73746058,"2026-08-03T22:04:34.772Z","UAV 1"
"FRAHS002","FFE-On-Location ""Location={-5499132.853573, -2251193.466895, 2310064.199617}""  Name of Weapons to Fire: Indirect-Fire-Gun:M107-155mm. Number-Of-Rounds: 1. Height-Above-Terrain: 0","-",21.39520418,-157.73742074,"2026-08-03T22:04:34.772Z","UAV 1"
"FRM901001","None","-",21.39546138,-157.73719974,"2026-08-03T22:04:34.772Z","UAV 1"
"FRT69001","Move to {-5499315.048189, -2250231.003964, 2310734.853397}","-",21.38092028,-157.73404860,"2026-08-03T22:04:34.772Z","UAV 1"
"FRMORT002","None","-",21.39124517,-157.73722922,"2026-08-03T22:04:34.772Z","UAV 1"
"FRMORT001","None","-",21.39116652,-157.73700854,"2026-08-03T22:04:34.772Z","UAV 1"
"FRLAV006","Move to {-5499315.048189, -2250231.003964, 2310734.853397}","-",21.38997503,-157.74154894,"2026-08-03T22:04:34.772Z","UAV 1"
"FRT69005","Move to {-5499315.048189, -2250231.003964, 2310734.853397}","-",21.38107264,-157.73402660,"2026-08-03T22:04:34.772Z","UAV 1"
"FRM113007","Move to {-5499315.048189, -2250231.003964, 2310734.853397}","-",21.39010045,-157.74239397,"2026-08-03T22:04:34.772Z","UAV 1"
"FRM113002","Move to {-5499315.048189, -2250231.003964, 2310734.853397}","-",21.39000812,-157.74174398,"2026-08-03T22:04:34.772Z","UAV 1"
"FRMORT004","None","-",21.39105358,-157.73697074,"2026-08-03T22:04:34.772Z","UAV 1"
"FRM109003","Move to {-5499516.453323, -2249726.423604, 2310685.859186}","-",21.39057255,-157.74220467,"2026-08-03T22:04:34.772Z","UAV 1"
"FRM109002","Move to {-5499315.048189, -2250231.003964, 2310734.853397}","-",21.38996034,-157.74085109,"2026-08-03T22:04:34.772Z","UAV 1"
"FRLAV001","Move to {-5499315.048189, -2250231.003964, 2310734.853397}","-",21.38975464,-157.74170299,"2026-08-03T22:04:34.772Z","UAV 1"
"FRMORT003","None","-",21.39122072,-157.73728393,"2026-08-03T22:04:34.772Z","UAV 1"
"FRM113005","Move to {-5499315.048189, -2250231.003964, 2310734.853397}","-",21.38847535,-157.74298646,"2026-08-03T22:04:34.772Z","UAV 1"
"FRM109001","Move to {-5499516.453323, -2249726.423604, 2310685.859186}","-",21.39047315,-157.74183017,"2026-08-03T22:04:34.772Z","UAV 1"
"FRT69010","Move to {-5499315.048189, -2250231.003964, 2310734.853397}","-",21.38085576,-157.73407914,"2026-08-03T22:04:34.772Z","UAV 1"
"FRLAV004","Move to {-5499315.048189, -2250231.003964, 2310734.853397}","-",21.38960241,-157.74119437,"2026-08-03T22:04:34.772Z","UAV 1"
"FRLAV007","Move to {-5499315.048189, -2250231.003964, 2310734.853397}","-",21.38975460,-157.74139038,"2026-08-03T22:04:34.772Z","UAV 1"
"FRM113001","Move to {-5499315.048189, -2250231.003964, 2310734.853397}","-",21.38996332,-157.74174316,"2026-08-03T22:04:34.772Z","UAV 1"
"FRT69007","Move to {-5499315.048189, -2250231.003964, 2310734.853397}","-",21.38080814,-157.73407628,"2026-08-03T22:04:34.772Z","UAV 1"
"FRAHS001","FFE-On-Location ""Location={-5499191.503627, -2251825.311346, 2309314.511859}""  Name of Weapons to Fire: Indirect-Fire-Gun:M107-155mm. Number-Of-Rounds: 1. Height-Above-Terrain: 0","-",21.39511611,-157.73746058,"2026-08-03T22:04:34.772Z","UAV 1"
"FRAHS002","FFE-On-Location ""Location={-5499132.853573, -2251193.466895, 2310064.199617}""  Name of Weapons to Fire: Indirect-Fire-Gun:M107-155mm. Number-Of-Rounds: 1. Height-Above-Terrain: 0","-",21.39520418,-157.73742074,"2026-08-03T22:04:34.772Z","UAV 1"
"FRM901001","None","-",21.39546138,-157.73719974,"2026-08-03T22:04:34.772Z","UAV 1"
"FRT69001","Move to {-5499315.048189, -2250231.003964, 2310734.853397}","-",21.38092028,-157.73404860,"2026-08-03T22:04:36.794Z","UAV 1"
"FRMORT002","None","-",21.39124517,-157.73722922,"2026-08-03T22:04:36.794Z","UAV 1"
"FRMORT001","None","-",21.39116652,-157.73700854,"2026-08-03T22:04:36.794Z","UAV 1"
"FRT69005","Move to {-5499315.048189, -2250231.003964, 2310734.853397}","-",21.38107264,-157.73402660,"2026-08-03T22:04:36.794Z","UAV 1"
"FRM113002","Move to {-5499315.048189, -2250231.003964, 2310734.853397}","-",21.39000791,-157.74174288,"2026-08-03T22:04:36.794Z","UAV 1"
"FRMORT004","None","-",21.39105358,-157.73697074,"2026-08-03T22:04:36.794Z","UAV 1"
"FRM109002","Move to {-5499315.048189, -2250231.003964, 2310734.853397}","-",21.38996034,-157.74085109,"2026-08-03T22:04:36.794Z","UAV 1"
"FRLAV001","Move to {-5499315.048189, -2250231.003964, 2310734.853397}","-",21.38975548,-157.74170248,"2026-08-03T22:04:36.794Z","UAV 1"
"FRMORT003","None","-",21.39122072,-157.73728393,"2026-08-03T22:04:36.794Z","UAV 1"
"FRM109001","Move to {-5499516.453323, -2249726.423604, 2310685.859186}","-",21.39047449,-157.74182887,"2026-08-03T22:04:36.794Z","UAV 1"
"FRT69010","Move to {-5499315.048189, -2250231.003964, 2310734.853397}","-",21.38085576,-157.73407914,"2026-08-03T22:04:36.794Z","UAV 1"
"FRLAV004","Move to {-5499315.048189, -2250231.003964, 2310734.853397}","-",21.38960148,-157.74119359,"2026-08-03T22:04:36.794Z","UAV 1"
"FRLAV007","Move to {-5499315.048189, -2250231.003964, 2310734.853397}","-",21.38975786,-157.74138854,"2026-08-03T22:04:36.794Z","UAV 1"
"FRM113001","Move to {-5499315.048189, -2250231.003964, 2310734.853397}","-",21.38996508,-157.74174226,"2026-08-03T22:04:36.794Z","UAV 1"
"FRT69007","Move to {-5499315.048189, -2250231.003964, 2310734.853397}","-",21.38080814,-157.73407628,"2026-08-03T22:04:36.794Z","UAV 1"
"FRAHS001","FFE-On-Location ""Location={-5499191.503627, -2251825.311346, 2309314.511859}""  Name of Weapons to Fire: Indirect-Fire-Gun:M107-155mm. Number-Of-Rounds: 1. Height-Above-Terrain: 0","-",21.39511611,-157.73746058,"2026-08-03T22:04:36.794Z","UAV 1"
"FRAHS002","FFE-On-Location ""Location={-5499132.853573, -2251193.466895, 2310064.199617}""  Name of Weapons to Fire: Indirect-Fire-Gun:M107-155mm. Number-Of-Rounds: 1. Height-Above-Terrain: 0","-",21.39520418,-157.73742074,"2026-08-03T22:04:36.794Z","UAV 1"
"FRM901001","None","-",21.39546138,-157.73719974,"2026-08-03T22:04:36.794Z","UAV 1"
"FRT69001","Move to {-5499315.048189, -2250231.003964, 2310734.853397}","-",21.38092028,-157.73404860,"2026-08-03T22:04:36.794Z","UAV 1"
"FRMORT002","None","-",21.39124517,-157.73722922,"2026-08-03T22:04:36.794Z","UAV 1"
"FRMORT001","None","-",21.39116652,-157.73700854,"2026-08-03T22:04:36.794Z","UAV 1"
"FRT69005","Move to {-5499315.048189, -2250231.003964, 2310734.853397}","-",21.38107264,-157.73402660,"2026-08-03T22:04:36.794Z","UAV 1"
"FRM113002","Move to {-5499315.048189, -2250231.003964, 2310734.853397}","-",21.39000791,-157.74174288,"2026-08-03T22:04:36.794Z","UAV 1"
"FRMORT004","None","-",21.39105358,-157.73697074,"2026-08-03T22:04:36.794Z","UAV 1"
"FRM109002","Move to {-5499315.048189, -2250231.003964, 2310734.853397}","-",21.38996034,-157.74085109,"2026-08-03T22:04:36.794Z","UAV 1"
"FRLAV001","Move to {-5499315.048189, -2250231.003964, 2310734.853397}","-",21.38975548,-157.74170248,"2026-08-03T22:04:36.794Z","UAV 1"
"FRMORT003","None","-",21.39122072,-157.73728393,"2026-08-03T22:04:36.794Z","UAV 1"
"FRM109001","Move to {-5499516.453323, -2249726.423604, 2310685.859186}","-",21.39047449,-157.74182887,"2026-08-03T22:04:36.794Z","UAV 1"
"FRT69010","Move to {-5499315.048189, -2250231.003964, 2310734.853397}","-",21.38085576,-157.73407914,"2026-08-03T22:04:36.794Z","UAV 1"
"FRLAV004","Move to {-5499315.048189, -2250231.003964, 2310734.853397}","-",21.38960148,-157.74119359,"2026-08-03T22:04:36.794Z","UAV 1"
"FRLAV007","Move to {-5499315.048189, -2250231.003964, 2310734.853397}","-",21.38975786,-157.74138854,"2026-08-03T22:04:36.794Z","UAV 1"
"FRM113001","Move to {-5499315.048189, -2250231.003964, 2310734.853397}","-",21.38996508,-157.74174226,"2026-08-03T22:04:36.794Z","UAV 1"
"FRT69007","Move to {-5499315.048189, -2250231.003964, 2310734.853397}","-",21.38080814,-157.73407628,"2026-08-03T22:04:36.794Z","UAV 1"
"FRAHS001","FFE-On-Location ""Location={-5499191.503627, -2251825.311346, 2309314.511859}""  Name of Weapons to Fire: Indirect-Fire-Gun:M107-155mm. Number-Of-Rounds: 1. Height-Above-Terrain: 0","-",21.39511611,-157.73746058,"2026-08-03T22:04:36.794Z","UAV 1"
"FRAHS002","FFE-On-Location ""Location={-5499132.853573, -2251193.466895, 2310064.199617}""  Name of Weapons to Fire: Indirect-Fire-Gun:M107-155mm. Number-Of-Rounds: 1. Height-Above-Terrain: 0","-",21.39520418,-157.73742074,"2026-08-03T22:04:36.794Z","UAV 1"
"FRM901001","None","-",21.39546138,-157.73719974,"2026-08-03T22:04:36.794Z","UAV 1"
"FRT69001","Move to {-5499315.048189, -2250231.003964, 2310734.853397}","-",21.38092028,-157.73404860,"2026-08-03T22:04:36.794Z","UAV 1"
"FRMORT002","None","-",21.39124517,-157.73722922,"2026-08-03T22:04:36.794Z","UAV 1"
"FRMORT001","None","-",21.39116652,-157.73700854,"2026-08-03T22:04:36.794Z","UAV 1"
"FRT69005","Move to {-5499315.048189, -2250231.003964, 2310734.853397}","-",21.38107264,-157.73402660,"2026-08-03T22:04:36.794Z","UAV 1"
"FRM113002","Move to {-5499315.048189, -2250231.003964, 2310734.853397}","-",21.39000791,-157.74174288,"2026-08-03T22:04:36.794Z","UAV 1"
"FRMORT004","None","-",21.39105358,-157.73697074,"2026-08-03T22:04:36.794Z","UAV 1"
"FRM109002","Move to {-5499315.048189, -2250231.003964, 2310734.853397}","-",21.38996034,-157.74085109,"2026-08-03T22:04:36.794Z","UAV 1"
"FRLAV001","Move to {-5499315.048189, -2250231.003964, 2310734.853397}","-",21.38975548,-157.74170248,"2026-08-03T22:04:36.794Z","UAV 1"
"FRMORT003","None","-",21.39122072,-157.73728393,"2026-08-03T22:04:36.794Z","UAV 1"
"FRM109001","Move to {-5499516.453323, -2249726.423604, 2310685.859186}","-",21.39047449,-157.74182887,"2026-08-03T22:04:36.794Z","UAV 1"
"FRT69010","Move to {-5499315.048189, -2250231.003964, 2310734.853397}","-",21.38085576,-157.73407914,"2026-08-03T22:04:36.794Z","UAV 1"
"FRLAV004","Move to {-5499315.048189, -2250231.003964, 2310734.853397}","-",21.38960148,-157.74119359,"2026-08-03T22:04:36.794Z","UAV 1"
"FRLAV007","Move to {-5499315.048189, -2250231.003964, 2310734.853397}","-",21.38975786,-157.74138854,"2026-08-03T22:04:36.794Z","UAV 1"
"FRM113001","Move to {-5499315.048189, -2250231.003964, 2310734.853397}","-",21.38996508,-157.74174226,"2026-08-03T22:04:36.794Z","UAV 1"
"FRT69007","Move to {-5499315.048189, -2250231.003964, 2310734.853397}","-",21.38080814,-157.73407628,"2026-08-03T22:04:36.794Z","UAV 1"
"FRAHS001","FFE-On-Location ""Location={-5499191.503627, -2251825.311346, 2309314.511859}""  Name of Weapons to Fire: Indirect-Fire-Gun:M107-155mm. Number-Of-Rounds: 1. Height-Above-Terrain: 0","-",21.39511611,-157.73746058,"2026-08-03T22:04:36.794Z","UAV 1"
"FRAHS002","FFE-On-Location ""Location={-5499132.853573, -2251193.466895, 2310064.199617}""  Name of Weapons to Fire: Indirect-Fire-Gun:M107-155mm. Number-Of-Rounds: 1. Height-Above-Terrain: 0","-",21.39520418,-157.73742074,"2026-08-03T22:04:36.794Z","UAV 1"
"FRM901001","None","-",21.39546138,-157.73719974,"2026-08-03T22:04:36.794Z","UAV 1"
"FRT69001","Move to {-5499315.048189, -2250231.003964, 2310734.853397}","-",21.38092028,-157.73404860,"2026-08-03T22:04:36.794Z","UAV 1"
"FRMORT002","None","-",21.39124517,-157.73722922,"2026-08-03T22:04:36.794Z","UAV 1"
"FRMORT001","None","-",21.39116652,-157.73700854,"2026-08-03T22:04:36.794Z","UAV 1"
"FRT69005","Move to {-5499315.048189, -2250231.003964, 2310734.853397}","-",21.38107264,-157.73402660,"2026-08-03T22:04:36.794Z","UAV 1"
"FRM113002","Move to {-5499315.048189, -2250231.003964, 2310734.853397}","-",21.39000791,-157.74174288,"2026-08-03T22:04:36.794Z","UAV 1"
"FRMORT004","None","-",21.39105358,-157.73697074,"2026-08-03T22:04:36.794Z","UAV 1"
"FRM109002","Move to {-5499315.048189, -2250231.003964, 2310734.853397}","-",21.38996034,-157.74085109,"2026-08-03T22:04:36.794Z","UAV 1"
"FRLAV001","Move to {-5499315.048189, -2250231.003964, 2310734.853397}","-",21.38975548,-157.74170248,"2026-08-03T22:04:36.794Z","UAV 1"
"FRMORT003","None","-",21.39122072,-157.73728393,"2026-08-03T22:04:36.794Z","UAV 1"
"FRM109001","Move to {-5499516.453323, -2249726.423604, 2310685.859186}","-",21.39047449,-157.74182887,"2026-08-03T22:04:36.794Z","UAV 1"
"FRT69010","Move to {-5499315.048189, -2250231.003964, 2310734.853397}","-",21.38085576,-157.73407914,"2026-08-03T22:04:36.794Z","UAV 1"
"FRLAV004","Move to {-5499315.048189, -2250231.003964, 2310734.853397}","-",21.38960148,-157.74119359,"2026-08-03T22:04:36.794Z","UAV 1"
"FRLAV007","Move to {-5499315.048189, -2250231.003964, 2310734.853397}","-",21.38975786,-157.74138854,"2026-08-03T22:04:36.794Z","UAV 1"
"FRM113001","Move to {-5499315.048189, -2250231.003964, 2310734.853397}","-",21.38996508,-157.74174226,"2026-08-03T22:04:36.794Z","UAV 1"
"FRT69007","Move to {-5499315.048189, -2250231.003964, 2310734.853397}","-",21.38080814,-157.73407628,"2026-08-03T22:04:36.794Z","UAV 1"
"FRAHS001","FFE-On-Location ""Location={-5499191.503627, -2251825.311346, 2309314.511859}""  Name of Weapons to Fire: Indirect-Fire-Gun:M107-155mm. Number-Of-Rounds: 1. Height-Above-Terrain: 0","-",21.39511611,-157.73746058,"2026-08-03T22:04:36.794Z","UAV 1"
"FRAHS002","FFE-On-Location ""Location={-5499132.853573, -2251193.466895, 2310064.199617}""  Name of Weapons to Fire: Indirect-Fire-Gun:M107-155mm. Number-Of-Rounds: 1. Height-Above-Terrain: 0","-",21.39520418,-157.73742074,"2026-08-03T22:04:36.794Z","UAV 1"
"FRM901001","None","-",21.39546138,-157.73719974,"2026-08-03T22:04:36.794Z","UAV 1"
"FRT69001","Move to {-5499315.048189, -2250231.003964, 2310734.853397}","-",21.38092028,-157.73404859,"2026-08-03T22:04:38.923Z","UAV 1"
"FRMORT002","None","-",21.39124517,-157.73722922,"2026-08-03T22:04:38.923Z","UAV 1"
"FRMORT001","None","-",21.39116652,-157.73700854,"2026-08-03T22:04:38.923Z","UAV 1"
"FRT69005","Move to {-5499315.048189, -2250231.003964, 2310734.853397}","-",21.38107264,-157.73402660,"2026-08-03T22:04:38.923Z","UAV 1"
"FRM113002","Move to {-5499315.048189, -2250231.003964, 2310734.853397}","-",21.39000769,-157.74174163,"2026-08-03T22:04:38.923Z","UAV 1"
"FRMORT004","None","-",21.39105358,-157.73697074,"2026-08-03T22:04:38.923Z","UAV 1"
"FRM109002","Move to {-5499315.048189, -2250231.003964, 2310734.853397}","-",21.38996034,-157.74085109,"2026-08-03T22:04:38.923Z","UAV 1"
"FRMORT003","None","-",21.39122072,-157.73728393,"2026-08-03T22:04:38.923Z","UAV 1"
"FRT69010","Move to {-5499315.048189, -2250231.003964, 2310734.853397}","-",21.38085576,-157.73407914,"2026-08-03T22:04:38.923Z","UAV 1"
"FRLAV004","Move to {-5499315.048189, -2250231.003964, 2310734.853397}","-",21.38960093,-157.74119313,"2026-08-03T22:04:38.923Z","UAV 1"
"FRLAV007","Move to {-5499315.048189, -2250231.003964, 2310734.853397}","-",21.38975520,-157.74139004,"2026-08-03T22:04:38.923Z","UAV 1"
"FRM113001","Move to {-5499315.048189, -2250231.003964, 2310734.853397}","-",21.38996470,-157.74174246,"2026-08-03T22:04:38.923Z","UAV 1"
"FRT69007","Move to {-5499315.048189, -2250231.003964, 2310734.853397}","-",21.38080814,-157.73407628,"2026-08-03T22:04:38.923Z","UAV 1"
"FRAHS001","FFE-On-Location ""Location={-5499191.503627, -2251825.311346, 2309314.511859}""  Name of Weapons to Fire: Indirect-Fire-Gun:M107-155mm. Number-Of-Rounds: 1. Height-Above-Terrain: 0","-",21.39511611,-157.73746058,"2026-08-03T22:04:38.923Z","UAV 1"
"FRAHS002","FFE-On-Location ""Location={-5499132.853573, -2251193.466895, 2310064.199617}""  Name of Weapons to Fire: Indirect-Fire-Gun:M107-155mm. Number-Of-Rounds: 1. Height-Above-Terrain: 0","-",21.39520418,-157.73742074,"2026-08-03T22:04:38.923Z","UAV 1"
"FRM901001","None","-",21.39546138,-157.73719974,"2026-08-03T22:04:38.923Z","UAV 1"
"FRT69001","Move to {-5499315.048189, -2250231.003964, 2310734.853397}","-",21.38092028,-157.73404859,"2026-08-03T22:04:38.923Z","UAV 1"
"FRMORT002","None","-",21.39124517,-157.73722922,"2026-08-03T22:04:38.923Z","UAV 1"
"FRMORT001","None","-",21.39116652,-157.73700854,"2026-08-03T22:04:38.923Z","UAV 1"
"FRT69005","Move to {-5499315.048189, -2250231.003964, 2310734.853397}","-",21.38107264,-157.73402660,"2026-08-03T22:04:38.923Z","UAV 1"
"FRM113002","Move to {-5499315.048189, -2250231.003964, 2310734.853397}","-",21.39000769,-157.74174163,"2026-08-03T22:04:38.923Z","UAV 1"
"FRMORT004","None","-",21.39105358,-157.73697074,"2026-08-03T22:04:38.923Z","UAV 1"
"FRM109002","Move to {-5499315.048189, -2250231.003964, 2310734.853397}","-",21.38996034,-157.74085109,"2026-08-03T22:04:38.923Z","UAV 1"
"FRMORT003","None","-",21.39122072,-157.73728393,"2026-08-03T22:04:38.923Z","UAV 1"
"FRT69010","Move to {-5499315.048189, -2250231.003964, 2310734.853397}","-",21.38085576,-157.73407914,"2026-08-03T22:04:38.923Z","UAV 1"
"FRLAV004","Move to {-5499315.048189, -2250231.003964, 2310734.853397}","-",21.38960093,-157.74119313,"2026-08-03T22:04:38.923Z","UAV 1"
"FRLAV007","Move to {-5499315.048189, -2250231.003964, 2310734.853397}","-",21.38975520,-157.74139004,"2026-08-03T22:04:38.923Z","UAV 1"
"FRM113001","Move to {-5499315.048189, -2250231.003964, 2310734.853397}","-",21.38996470,-157.74174246,"2026-08-03T22:04:38.923Z","UAV 1"
"FRT69007","Move to {-5499315.048189, -2250231.003964, 2310734.853397}","-",21.38080814,-157.73407628,"2026-08-03T22:04:38.923Z","UAV 1"
"FRAHS001","FFE-On-Location ""Location={-5499191.503627, -2251825.311346, 2309314.511859}""  Name of Weapons to Fire: Indirect-Fire-Gun:M107-155mm. Number-Of-Rounds: 1. Height-Above-Terrain: 0","-",21.39511611,-157.73746058,"2026-08-03T22:04:38.923Z","UAV 1"
"FRAHS002","FFE-On-Location ""Location={-5499132.853573, -2251193.466895, 2310064.199617}""  Name of Weapons to Fire: Indirect-Fire-Gun:M107-155mm. Number-Of-Rounds: 1. Height-Above-Terrain: 0","-",21.39520418,-157.73742074,"2026-08-03T22:04:38.923Z","UAV 1"
"FRM901001","None","-",21.39546138,-157.73719974,"2026-08-03T22:04:38.923Z","UAV 1"
"FRT69001","Move to {-5499315.048189, -2250231.003964, 2310734.853397}","-",21.38092028,-157.73404859,"2026-08-03T22:04:38.923Z","UAV 1"
"FRMORT002","None","-",21.39124517,-157.73722922,"2026-08-03T22:04:38.923Z","UAV 1"
"FRMORT001","None","-",21.39116652,-157.73700854,"2026-08-03T22:04:38.923Z","UAV 1"
"FRT69005","Move to {-5499315.048189, -2250231.003964, 2310734.853397}","-",21.38107264,-157.73402660,"2026-08-03T22:04:38.923Z","UAV 1"
"FRM113002","Move to {-5499315.048189, -2250231.003964, 2310734.853397}","-",21.39000769,-157.74174163,"2026-08-03T22:04:38.923Z","UAV 1"
"FRMORT004","None","-",21.39105358,-157.73697074,"2026-08-03T22:04:38.923Z","UAV 1"
"FRM109002","Move to {-5499315.048189, -2250231.003964, 2310734.853397}","-",21.38996034,-157.74085109,"2026-08-03T22:04:38.923Z","UAV 1"
"FRMORT003","None","-",21.39122072,-157.73728393,"2026-08-03T22:04:38.923Z","UAV 1"
"FRT69010","Move to {-5499315.048189, -2250231.003964, 2310734.853397}","-",21.38085576,-157.73407914,"2026-08-03T22:04:38.923Z","UAV 1"
"FRLAV004","Move to {-5499315.048189, -2250231.003964, 2310734.853397}","-",21.38960093,-157.74119313,"2026-08-03T22:04:38.923Z","UAV 1"
"FRLAV007","Move to {-5499315.048189, -2250231.003964, 2310734.853397}","-",21.38975520,-157.74139004,"2026-08-03T22:04:38.923Z","UAV 1"
"FRM113001","Move to {-5499315.048189, -2250231.003964, 2310734.853397}","-",21.38996470,-157.74174246,"2026-08-03T22:04:38.923Z","UAV 1"
"FRT69007","Move to {-5499315.048189, -2250231.003964, 2310734.853397}","-",21.38080814,-157.73407628,"2026-08-03T22:04:38.923Z","UAV 1"
"FRAHS001","FFE-On-Location ""Location={-5499191.503627, -2251825.311346, 2309314.511859}""  Name of Weapons to Fire: Indirect-Fire-Gun:M107-155mm. Number-Of-Rounds: 1. Height-Above-Terrain: 0","-",21.39511611,-157.73746058,"2026-08-03T22:04:38.923Z","UAV 1"
"FRAHS002","FFE-On-Location ""Location={-5499132.853573, -2251193.466895, 2310064.199617}""  Name of Weapons to Fire: Indirect-Fire-Gun:M107-155mm. Number-Of-Rounds: 1. Height-Above-Terrain: 0","-",21.39520418,-157.73742074,"2026-08-03T22:04:38.923Z","UAV 1"
"FRM901001","None","-",21.39546138,-157.73719974,"2026-08-03T22:04:38.923Z","UAV 1"
"FRT69001","Move to {-5499315.048189, -2250231.003964, 2310734.853397}","-",21.38092028,-157.73404859,"2026-08-03T22:04:38.923Z","UAV 1"
"FRMORT002","None","-",21.39124517,-157.73722922,"2026-08-03T22:04:38.923Z","UAV 1"
"FRMORT001","None","-",21.39116652,-157.73700854,"2026-08-03T22:04:38.923Z","UAV 1"
"FRT69005","Move to {-5499315.048189, -2250231.003964, 2310734.853397}","-",21.38107264,-157.73402660,"2026-08-03T22:04:38.923Z","UAV 1"
"FRM113002","Move to {-5499315.048189, -2250231.003964, 2310734.853397}","-",21.39000769,-157.74174163,"2026-08-03T22:04:38.923Z","UAV 1"
"FRMORT004","None","-",21.39105358,-157.73697074,"2026-08-03T22:04:38.923Z","UAV 1"
"FRM109002","Move to {-5499315.048189, -2250231.003964, 2310734.853397}","-",21.38996034,-157.74085109,"2026-08-03T22:04:38.923Z","UAV 1"
"FRMORT003","None","-",21.39122072,-157.73728393,"2026-08-03T22:04:38.923Z","UAV 1"
"FRT69010","Move to {-5499315.048189, -2250231.003964, 2310734.853397}","-",21.38085576,-157.73407914,"2026-08-03T22:04:38.923Z","UAV 1"
"FRLAV004","Move to {-5499315.048189, -2250231.003964, 2310734.853397}","-",21.38960093,-157.74119313,"2026-08-03T22:04:38.923Z","UAV 1"
"FRLAV007","Move to {-5499315.048189, -2250231.003964, 2310734.853397}","-",21.38975520,-157.74139004,"2026-08-03T22:04:38.923Z","UAV 1"
"FRM113001","Move to {-5499315.048189, -2250231.003964, 2310734.853397}","-",21.38996470,-157.74174246,"2026-08-03T22:04:38.923Z","UAV 1"
"FRT69007","Move to {-5499315.048189, -2250231.003964, 2310734.853397}","-",21.38080814,-157.73407628,"2026-08-03T22:04:38.923Z","UAV 1"
"FRAHS001","FFE-On-Location ""Location={-5499191.503627, -2251825.311346, 2309314.511859}""  Name of Weapons to Fire: Indirect-Fire-Gun:M107-155mm. Number-Of-Rounds: 1. Height-Above-Terrain: 0","-",21.39511611,-157.73746058,"2026-08-03T22:04:38.923Z","UAV 1"
"FRAHS002","FFE-On-Location ""Location={-5499132.853573, -2251193.466895, 2310064.199617}""  Name of Weapons to Fire: Indirect-Fire-Gun:M107-155mm. Number-Of-Rounds: 1. Height-Above-Terrain: 0","-",21.39520418,-157.73742074,"2026-08-03T22:04:38.923Z","UAV 1"
"FRM901001","None","-",21.39546138,-157.73719974,"2026-08-03T22:04:38.923Z","UAV 1"
"FRT69001","Move to {-5499315.048189, -2250231.003964, 2310734.853397}","-",21.38092028,-157.73404859,"2026-08-03T22:04:38.923Z","UAV 1"
"FRMORT002","None","-",21.39124517,-157.73722922,"2026-08-03T22:04:38.923Z","UAV 1"
"FRMORT001","None","-",21.39116652,-157.73700854,"2026-08-03T22:04:38.923Z","UAV 1"
"FRT69005","Move to {-5499315.048189, -2250231.003964, 2310734.853397}","-",21.38107264,-157.73402660,"2026-08-03T22:04:38.923Z","UAV 1"
"FRM113002","Move to {-5499315.048189, -2250231.003964, 2310734.853397}","-",21.39000769,-157.74174163,"2026-08-03T22:04:38.923Z","UAV 1"
"FRMORT004","None","-",21.39105358,-157.73697074,"2026-08-03T22:04:38.923Z","UAV 1"
"FRM109002","Move to {-5499315.048189, -2250231.003964, 2310734.853397}","-",21.38996034,-157.74085109,"2026-08-03T22:04:38.923Z","UAV 1"
"FRMORT003","None","-",21.39122072,-157.73728393,"2026-08-03T22:04:38.923Z","UAV 1"
"FRT69010","Move to {-5499315.048189, -2250231.003964, 2310734.853397}","-",21.38085576,-157.73407914,"2026-08-03T22:04:38.923Z","UAV 1"
"FRLAV004","Move to {-5499315.048189, -2250231.003964, 2310734.853397}","-",21.38960093,-157.74119313,"2026-08-03T22:04:38.923Z","UAV 1"
"FRLAV007","Move to {-5499315.048189, -2250231.003964, 2310734.853397}","-",21.38975520,-157.74139004,"2026-08-03T22:04:38.923Z","UAV 1"
"FRM113001","Move to {-5499315.048189, -2250231.003964, 2310734.853397}","-",21.38996470,-157.74174246,"2026-08-03T22:04:38.923Z","UAV 1"
"FRT69007","Move to {-5499315.048189, -2250231.003964, 2310734.853397}","-",21.38080814,-157.73407628,"2026-08-03T22:04:38.923Z","UAV 1"
"FRAHS001","FFE-On-Location ""Location={-5499191.503627, -2251825.311346, 2309314.511859}""  Name of Weapons to Fire: Indirect-Fire-Gun:M107-155mm. Number-Of-Rounds: 1. Height-Above-Terrain: 0","-",21.39511611,-157.73746058,"2026-08-03T22:04:38.923Z","UAV 1"
"FRAHS002","FFE-On-Location ""Location={-5499132.853573, -2251193.466895, 2310064.199617}""  Name of Weapons to Fire: Indirect-Fire-Gun:M107-155mm. Number-Of-Rounds: 1. Height-Above-Terrain: 0","-",21.39520418,-157.73742074,"2026-08-03T22:04:38.923Z","UAV 1"
"FRM901001","None","-",21.39546138,-157.73719974,"2026-08-03T22:04:38.923Z","UAV 1"
"FRT69001","Move to {-5499315.048189, -2250231.003964, 2310734.853397}","-",21.38092028,-157.73404859,"2026-08-03T22:04:38.923Z","UAV 1"
"FRMORT002","None","-",21.39124517,-157.73722922,"2026-08-03T22:04:38.923Z","UAV 1"
"FRMORT001","None","-",21.39116652,-157.73700854,"2026-08-03T22:04:38.923Z","UAV 1"
"FRT69005","Move to {-5499315.048189, -2250231.003964, 2310734.853397}","-",21.38107264,-157.73402660,"2026-08-03T22:04:38.923Z","UAV 1"
"FRM113002","Move to {-5499315.048189, -2250231.003964, 2310734.853397}","-",21.39000769,-157.74174163,"2026-08-03T22:04:38.923Z","UAV 1"
"FRMORT004","None","-",21.39105358,-157.73697074,"2026-08-03T22:04:38.923Z","UAV 1"
"FRM109002","Move to {-5499315.048189, -2250231.003964, 2310734.853397}","-",21.38996034,-157.74085109,"2026-08-03T22:04:38.923Z","UAV 1"
"FRMORT003","None","-",21.39122072,-157.73728393,"2026-08-03T22:04:38.923Z","UAV 1"
"FRT69010","Move to {-5499315.048189, -2250231.003964, 2310734.853397}","-",21.38085576,-157.73407914,"2026-08-03T22:04:38.923Z","UAV 1"
"FRLAV004","Move to {-5499315.048189, -2250231.003964, 2310734.853397}","-",21.38960093,-157.74119313,"2026-08-03T22:04:38.923Z","UAV 1"
"FRLAV007","Move to {-5499315.048189, -2250231.003964, 2310734.853397}","-",21.38975520,-157.74139004,"2026-08-03T22:04:38.923Z","UAV 1"
"FRM113001","Move to {-5499315.048189, -2250231.003964, 2310734.853397}","-",21.38996470,-157.74174246,"2026-08-03T22:04:38.923Z","UAV 1"
"FRT69007","Move to {-5499315.048189, -2250231.003964, 2310734.853397}","-",21.38080814,-157.73407628,"2026-08-03T22:04:38.923Z","UAV 1"
"FRAHS001","FFE-On-Location ""Location={-5499191.503627, -2251825.311346, 2309314.511859}""  Name of Weapons to Fire: Indirect-Fire-Gun:M107-155mm. Number-Of-Rounds: 1. Height-Above-Terrain: 0","-",21.39511611,-157.73746058,"2026-08-03T22:04:38.923Z","UAV 1"
"FRAHS002","FFE-On-Location ""Location={-5499132.853573, -2251193.466895, 2310064.199617}""  Name of Weapons to Fire: Indirect-Fire-Gun:M107-155mm. Number-Of-Rounds: 1. Height-Above-Terrain: 0","-",21.39520418,-157.73742074,"2026-08-03T22:04:38.923Z","UAV 1"
"FRM901001","None","-",21.39546138,-157.73719974,"2026-08-03T22:04:38.923Z","UAV 1"
"FRT69001","Move to {-5499315.048189, -2250231.003964, 2310734.853397}","-",21.38092028,-157.73404859,"2026-08-03T22:04:38.923Z","UAV 1"
"FRMORT002","None","-",21.39124517,-157.73722922,"2026-08-03T22:04:38.923Z","UAV 1"
"FRMORT001","None","-",21.39116652,-157.73700854,"2026-08-03T22:04:38.923Z","UAV 1"
"FRT69005","Move to {-5499315.048189, -2250231.003964, 2310734.853397}","-",21.38107264,-157.73402660,"2026-08-03T22:04:38.923Z","UAV 1"
"FRM113002","Move to {-5499315.048189, -2250231.003964, 2310734.853397}","-",21.39000769,-157.74174163,"2026-08-03T22:04:38.923Z","UAV 1"
"FRMORT004","None","-",21.39105358,-157.73697074,"2026-08-03T22:04:38.923Z","UAV 1"
"FRM109002","Move to {-5499315.048189, -2250231.003964, 2310734.853397}","-",21.38996034,-157.74085109,"2026-08-03T22:04:38.923Z","UAV 1"
"FRMORT003","None","-",21.39122072,-157.73728393,"2026-08-03T22:04:38.923Z","UAV 1"
"FRT69010","Move to {-5499315.048189, -2250231.003964, 2310734.853397}","-",21.38085576,-157.73407914,"2026-08-03T22:04:38.923Z","UAV 1"
"FRLAV004","Move to {-5499315.048189, -2250231.003964, 2310734.853397}","-",21.38960093,-157.74119313,"2026-08-03T22:04:38.923Z","UAV 1"
"FRLAV007","Move to {-5499315.048189, -2250231.003964, 2310734.853397}","-",21.38975520,-157.74139004,"2026-08-03T22:04:38.923Z","UAV 1"
"FRM113001","Move to {-5499315.048189, -2250231.003964, 2310734.853397}","-",21.38996470,-157.74174246,"2026-08-03T22:04:38.923Z","UAV 1"
"FRT69007","Move to {-5499315.048189, -2250231.003964, 2310734.853397}","-",21.38080814,-157.73407628,"2026-08-03T22:04:38.923Z","UAV 1"
"FRAHS001","FFE-On-Location ""Location={-5499191.503627, -2251825.311346, 2309314.511859}""  Name of Weapons to Fire: Indirect-Fire-Gun:M107-155mm. Number-Of-Rounds: 1. Height-Above-Terrain: 0","-",21.39511611,-157.73746058,"2026-08-03T22:04:38.923Z","UAV 1"
"FRAHS002","FFE-On-Location ""Location={-5499132.853573, -2251193.466895, 2310064.199617}""  Name of Weapons to Fire: Indirect-Fire-Gun:M107-155mm. Number-Of-Rounds: 1. Height-Above-Terrain: 0","-",21.39520418,-157.73742074,"2026-08-03T22:04:38.923Z","UAV 1"
"FRM901001","None","-",21.39546138,-157.73719974,"2026-08-03T22:04:38.923Z","UAV 1"
"FRT69001","Move to {-5499315.048189, -2250231.003964, 2310734.853397}","-",21.38092028,-157.73404859,"2026-08-03T22:04:38.923Z","UAV 1"
"FRMORT002","None","-",21.39124517,-157.73722922,"2026-08-03T22:04:38.923Z","UAV 1"
"FRMORT001","None","-",21.39116652,-157.73700854,"2026-08-03T22:04:38.923Z","UAV 1"
"FRT69005","Move to {-5499315.048189, -2250231.003964, 2310734.853397}","-",21.38107264,-157.73402660,"2026-08-03T22:04:38.923Z","UAV 1"
"FRM113002","Move to {-5499315.048189, -2250231.003964, 2310734.853397}","-",21.39000769,-157.74174163,"2026-08-03T22:04:38.923Z","UAV 1"
"FRMORT004","None","-",21.39105358,-157.73697074,"2026-08-03T22:04:38.923Z","UAV 1"
"FRM109002","Move to {-5499315.048189, -2250231.003964, 2310734.853397}","-",21.38996034,-157.74085109,"2026-08-03T22:04:38.923Z","UAV 1"
"FRMORT003","None","-",21.39122072,-157.73728393,"2026-08-03T22:04:38.923Z","UAV 1"
"FRT69010","Move to {-5499315.048189, -2250231.003964, 2310734.853397}","-",21.38085576,-157.73407914,"2026-08-03T22:04:38.923Z","UAV 1"
"FRLAV004","Move to {-5499315.048189, -2250231.003964, 2310734.853397}","-",21.38960093,-157.74119313,"2026-08-03T22:04:38.923Z","UAV 1"
"FRLAV007","Move to {-5499315.048189, -2250231.003964, 2310734.853397}","-",21.38975520,-157.74139004,"2026-08-03T22:04:38.923Z","UAV 1"
"FRM113001","Move to {-5499315.048189, -2250231.003964, 2310734.853397}","-",21.38996470,-157.74174246,"2026-08-03T22:04:38.923Z","UAV 1"
"FRT69007","Move to {-5499315.048189, -2250231.003964, 2310734.853397}","-",21.38080814,-157.73407628,"2026-08-03T22:04:38.923Z","UAV 1"
"FRAHS001","FFE-On-Location ""Location={-5499191.503627, -2251825.311346, 2309314.511859}""  Name of Weapons to Fire: Indirect-Fire-Gun:M107-155mm. Number-Of-Rounds: 1. Height-Above-Terrain: 0","-",21.39511611,-157.73746058,"2026-08-03T22:04:38.923Z","UAV 1"
"FRAHS002","FFE-On-Location ""Location={-5499132.853573, -2251193.466895, 2310064.199617}""  Name of Weapons to Fire: Indirect-Fire-Gun:M107-155mm. Number-Of-Rounds: 1. Height-Above-Terrain: 0","-",21.39520418,-157.73742074,"2026-08-03T22:04:38.923Z","UAV 1"
"FRM901001","None","-",21.39546138,-157.73719974,"2026-08-03T22:04:38.923Z","UAV 1"
"FRT69001","Move to {-5499315.048189, -2250231.003964, 2310734.853397}","-",21.38092028,-157.73404859,"2026-08-03T22:04:38.923Z","UAV 1"
"FRMORT002","None","-",21.39124517,-157.73722922,"2026-08-03T22:04:38.923Z","UAV 1"
"FRMORT001","None","-",21.39116652,-157.73700854,"2026-08-03T22:04:38.923Z","UAV 1"
"FRT69005","Move to {-5499315.048189, -2250231.003964, 2310734.853397}","-",21.38107264,-157.73402660,"2026-08-03T22:04:38.923Z","UAV 1"
"FRM113002","Move to {-5499315.048189, -2250231.003964, 2310734.853397}","-",21.39000769,-157.74174163,"2026-08-03T22:04:38.923Z","UAV 1"
"FRMORT004","None","-",21.39105358,-157.73697074,"2026-08-03T22:04:38.923Z","UAV 1"
"FRM109002","Move to {-5499315.048189, -2250231.003964, 2310734.853397}","-",21.38996034,-157.74085109,"2026-08-03T22:04:38.923Z","UAV 1"
"FRMORT003","None","-",21.39122072,-157.73728393,"2026-08-03T22:04:38.923Z","UAV 1"
"FRT69010","Move to {-5499315.048189, -2250231.003964, 2310734.853397}","-",21.38085576,-157.73407914,"2026-08-03T22:04:38.923Z","UAV 1"
"FRLAV004","Move to {-5499315.048189, -2250231.003964, 2310734.853397}","-",21.38960093,-157.74119313,"2026-08-03T22:04:38.923Z","UAV 1"
"FRLAV007","Move to {-5499315.048189, -2250231.003964, 2310734.853397}","-",21.38975520,-157.74139004,"2026-08-03T22:04:38.923Z","UAV 1"
"FRM113001","Move to {-5499315.048189, -2250231.003964, 2310734.853397}","-",21.38996470,-157.74174246,"2026-08-03T22:04:38.923Z","UAV 1"
"FRT69007","Move to {-5499315.048189, -2250231.003964, 2310734.853397}","-",21.38080814,-157.73407628,"2026-08-03T22:04:38.923Z","UAV 1"
"FRAHS001","FFE-On-Location ""Location={-5499191.503627, -2251825.311346, 2309314.511859}""  Name of Weapons to Fire: Indirect-Fire-Gun:M107-155mm. Number-Of-Rounds: 1. Height-Above-Terrain: 0","-",21.39511611,-157.73746058,"2026-08-03T22:04:38.923Z","UAV 1"
"FRAHS002","FFE-On-Location ""Location={-5499132.853573, -2251193.466895, 2310064.199617}""  Name of Weapons to Fire: Indirect-Fire-Gun:M107-155mm. Number-Of-Rounds: 1. Height-Above-Terrain: 0","-",21.39520418,-157.73742074,"2026-08-03T22:04:38.923Z","UAV 1"
"FRM901001","None","-",21.39546138,-157.73719974,"2026-08-03T22:04:38.923Z","UAV 1"
"FRT69001","Move to {-5499315.048189, -2250231.003964, 2310734.853397}","-",21.38092028,-157.73404859,"2026-08-03T22:04:38.923Z","UAV 1"
"FRMORT002","None","-",21.39124517,-157.73722922,"2026-08-03T22:04:38.923Z","UAV 1"
"FRMORT001","None","-",21.39116652,-157.73700854,"2026-08-03T22:04:38.923Z","UAV 1"
"FRT69005","Move to {-5499315.048189, -2250231.003964, 2310734.853397}","-",21.38107264,-157.73402660,"2026-08-03T22:04:38.923Z","UAV 1"
"FRM113002","Move to {-5499315.048189, -2250231.003964, 2310734.853397}","-",21.39000769,-157.74174163,"2026-08-03T22:04:38.923Z","UAV 1"
"FRMORT004","None","-",21.39105358,-157.73697074,"2026-08-03T22:04:38.923Z","UAV 1"
"FRM109002","Move to {-5499315.048189, -2250231.003964, 2310734.853397}","-",21.38996034,-157.74085109,"2026-08-03T22:04:38.923Z","UAV 1"
"FRMORT003","None","-",21.39122072,-157.73728393,"2026-08-03T22:04:38.923Z","UAV 1"
"FRT69010","Move to {-5499315.048189, -2250231.003964, 2310734.853397}","-",21.38085576,-157.73407914,"2026-08-03T22:04:38.923Z","UAV 1"
"FRLAV004","Move to {-5499315.048189, -2250231.003964, 2310734.853397}","-",21.38960093,-157.74119313,"2026-08-03T22:04:38.923Z","UAV 1"
"FRLAV007","Move to {-5499315.048189, -2250231.003964, 2310734.853397}","-",21.38975520,-157.74139004,"2026-08-03T22:04:38.923Z","UAV 1"
"FRM113001","Move to {-5499315.048189, -2250231.003964, 2310734.853397}","-",21.38996470,-157.74174246,"2026-08-03T22:04:38.923Z","UAV 1"
"FRT69007","Move to {-5499315.048189, -2250231.003964, 2310734.853397}","-",21.38080814,-157.73407628,"2026-08-03T22:04:38.923Z","UAV 1"
"FRAHS001","FFE-On-Location ""Location={-5499191.503627, -2251825.311346, 2309314.511859}""  Name of Weapons to Fire: Indirect-Fire-Gun:M107-155mm. Number-Of-Rounds: 1. Height-Above-Terrain: 0","-",21.39511611,-157.73746058,"2026-08-03T22:04:38.923Z","UAV 1"
"FRAHS002","FFE-On-Location ""Location={-5499132.853573, -2251193.466895, 2310064.199617}""  Name of Weapons to Fire: Indirect-Fire-Gun:M107-155mm. Number-Of-Rounds: 1. Height-Above-Terrain: 0","-",21.39520418,-157.73742074,"2026-08-03T22:04:38.923Z","UAV 1"
"FRM901001","None","-",21.39546138,-157.73719974,"2026-08-03T22:04:38.923Z","UAV 1"
"FRT69001","Move to {-5499315.048189, -2250231.003964, 2310734.853397}","-",21.38092028,-157.73404859,"2026-08-03T22:04:38.923Z","UAV 1"
"FRMORT002","None","-",21.39124517,-157.73722922,"2026-08-03T22:04:38.923Z","UAV 1"
"FRMORT001","None","-",21.39116652,-157.73700854,"2026-08-03T22:04:38.923Z","UAV 1"
"FRT69005","Move to {-5499315.048189, -2250231.003964, 2310734.853397}","-",21.38107264,-157.73402660,"2026-08-03T22:04:38.923Z","UAV 1"
"FRM113002","Move to {-5499315.048189, -2250231.003964, 2310734.853397}","-",21.39000769,-157.74174163,"2026-08-03T22:04:38.923Z","UAV 1"
"FRMORT004","None","-",21.39105358,-157.73697074,"2026-08-03T22:04:38.923Z","UAV 1"
"FRM109002","Move to {-5499315.048189, -2250231.003964, 2310734.853397}","-",21.38996034,-157.74085109,"2026-08-03T22:04:38.923Z","UAV 1"
"FRMORT003","None","-",21.39122072,-157.73728393,"2026-08-03T22:04:38.923Z","UAV 1"
"FRT69010","Move to {-5499315.048189, -2250231.003964, 2310734.853397}","-",21.38085576,-157.73407914,"2026-08-03T22:04:38.923Z","UAV 1"
"FRLAV004","Move to {-5499315.048189, -2250231.003964, 2310734.853397}","-",21.38960093,-157.74119313,"2026-08-03T22:04:38.923Z","UAV 1"
"FRLAV007","Move to {-5499315.048189, -2250231.003964, 2310734.853397}","-",21.38975520,-157.74139004,"2026-08-03T22:04:38.923Z","UAV 1"
"FRM113001","Move to {-5499315.048189, -2250231.003964, 2310734.853397}","-",21.38996470,-157.74174246,"2026-08-03T22:04:38.923Z","UAV 1"
"FRT69007","Move to {-5499315.048189, -2250231.003964, 2310734.853397}","-",21.38080814,-157.73407628,"2026-08-03T22:04:38.923Z","UAV 1"
"FRAHS001","FFE-On-Location ""Location={-5499191.503627, -2251825.311346, 2309314.511859}""  Name of Weapons to Fire: Indirect-Fire-Gun:M107-155mm. Number-Of-Rounds: 1. Height-Above-Terrain: 0","-",21.39511611,-157.73746058,"2026-08-03T22:04:38.923Z","UAV 1"
"FRAHS002","FFE-On-Location ""Location={-5499132.853573, -2251193.466895, 2310064.199617}""  Name of Weapons to Fire: Indirect-Fire-Gun:M107-155mm. Number-Of-Rounds: 1. Height-Above-Terrain: 0","-",21.39520418,-157.73742074,"2026-08-03T22:04:38.923Z","UAV 1"
"FRM901001","None","-",21.39546138,-157.73719974,"2026-08-03T22:04:38.923Z","UAV 1"
"ENM1A2003","Move to {-5499107.729384, -2250754.164082, 2310538.606898}","-",21.37332113,-157.74325039,"2026-08-03T22:00:00.000Z","UAV 1"
"ENT72007","Move to {-5499107.729384, -2250754.164082, 2310538.606898}","-",21.37116462,-157.74185204,"2026-08-03T22:00:00.000Z","UAV 1"
"ENT72003","Move to {-5499107.729384, -2250754.164082, 2310538.606898}","-",21.37142872,-157.74159647,"2026-08-03T22:00:00.000Z","UAV 1"
"ENT72012","Move to {-5499107.729384, -2250754.164082, 2310538.606898}","-",21.37135542,-157.74170428,"2026-08-03T22:00:00.000Z","UAV 1"
"ENMORT005","FFE-On-Location ""Location={-5499123.141030, -2250320.406046, 2311025.754248}""  Name of Weapons to Fire: Indirect-Fire-Gun:m9333he. Number-Of-Rounds: 1. Height-Above-Terrain: 0","-",21.37463885,-157.73701809,"2026-08-03T22:00:00.000Z","UAV 1"
"ENM1A2001","Move to {-5499107.729384, -2250754.164082, 2310538.606898}","-",21.37344826,-157.74288997,"2026-08-03T22:00:00.000Z","UAV 1"
"FRT69007","Move to {-5499315.048189, -2250231.003964, 2310734.853397}","-",21.38070294,-157.73204111,"2026-08-03T22:00:00.000Z","UAV 1"
"ENT72008","Move to {-5499107.729384, -2250754.164082, 2310538.606898}","-",21.37134233,-157.74168365,"2026-08-03T22:00:00.000Z","UAV 1"
"FRT69002","Move to {-5499315.048189, -2250231.003964, 2310734.853397}","-",21.38062312,-157.73220904,"2026-08-03T22:00:00.000Z","UAV 1"
"FRT69001","Move to {-5499315.048189, -2250231.003964, 2310734.853397}","-",21.38083049,-157.73220700,"2026-08-03T22:00:00.000Z","UAV 1"
"ENT72002","Move to {-5499107.729384, -2250754.164082, 2310538.606898}","-",21.37128608,-157.74157543,"2026-08-03T22:00:00.000Z","UAV 1"
"ENMORT004","FFE-On-Location ""Location={-5498511.672389, -2250935.799735, 2311770.746054}""  Name of Weapons to Fire: Indirect-Fire-Gun:m9333he. Number-Of-Rounds: 1. Height-Above-Terrain: 0","-",21.37449517,-157.73695548,"2026-08-03T22:00:00.000Z","UAV 1"
"ENM35004","Move to {-5499460.953457, -2250814.454542, 2309743.262342}","-",21.37321699,-157.73305944,"2026-08-03T22:00:00.000Z","UAV 1"
"ENGAZ001","Move to {-5499460.953457, -2250814.454542, 2309743.262342}","-",21.37337528,-157.73279257,"2026-08-03T22:00:00.000Z","UAV 1"
"ENBTR60006","Move to {-5499107.729384, -2250754.164082, 2310538.606898}","-",21.36897336,-157.74047149,"2026-08-03T22:00:00.000Z","UAV 1"
"FRT69006","Move to {-5499315.048189, -2250231.003964, 2310734.853397}","-",21.38096188,-157.73222439,"2026-08-03T22:00:00.000Z","UAV 1"
"ENBTR80004","Move to {-5499107.729384, -2250754.164082, 2310538.606898}","-",21.36892854,-157.74027557,"2026-08-03T22:00:00.000Z","UAV 1"
"ENBTR60003","Move to {-5499107.729384, -2250754.164082, 2310538.606898}","-",21.36886321,-157.74068485,"2026-08-03T22:00:00.000Z","UAV 1"
"ENM1A2002","Move to {-5499107.729384, -2250754.164082, 2310538.606898}","-",21.37356068,-157.74317200,"2026-08-03T22:00:00.000Z","UAV 1"
"ENCAESAR004","FFE-On-Location ""Location={-5499123.141030, -2250320.406046, 2311025.754248}""  Name of Weapons to Fire: Indirect-Fire-Gun:M107-155mm. Number-Of-Rounds: 1. Height-Above-Terrain: 0","-",21.36735946,-157.73175490,"2026-08-03T22:00:00.000Z","UAV 1"
"FRT69003","Move to {-5499315.048189, -2250231.003964, 2310734.853397}","-",21.38097332,-157.73240275,"2026-08-03T22:00:00.000Z","UAV 1"
"FRT69005","Move to {-5499315.048189, -2250231.003964, 2310734.853397}","-",21.38100014,-157.73233777,"2026-08-03T22:00:00.000Z","UAV 1"
"ENT72011","Move to {-5499107.729384, -2250754.164082, 2310538.606898}","-",21.37128822,-157.74162582,"2026-08-03T22:00:00.000Z","UAV 1"
"ENT72004","Move to {-5499107.729384, -2250754.164082, 2310538.606898}","-",21.37154521,-157.74163288,"2026-08-03T22:00:00.000Z","UAV 1"
"ENM35002","Move to {-5499460.953457, -2250814.454542, 2309743.262342}","-",21.37340544,-157.73283903,"2026-08-03T22:00:00.000Z","UAV 1"
"ENGAZ003","Move to {-5499460.953457, -2250814.454542, 2309743.262342}","-",21.37338431,-157.73326221,"2026-08-03T22:00:00.000Z","UAV 1"
"ENM35001","Move to {-5499460.953457, -2250814.454542, 2309743.262342}","-",21.37314687,-157.73312307,"2026-08-03T22:00:00.000Z","UAV 1"
"ENT72010","Move to {-5499107.729384, -2250754.164082, 2310538.606898}","-",21.37154256,-157.74155229,"2026-08-03T22:00:00.000Z","UAV 1"
"ENT72006","Move to {-5499107.729384, -2250754.164082, 2310538.606898}","-",21.37145835,-157.74180319,"2026-08-03T22:00:00.000Z","UAV 1"
"ENCAESAR003","FFE-On-Location ""Location={-5498511.672389, -2250935.799735, 2311770.746054}""  Name of Weapons to Fire: Indirect-Fire-Gun:M107-155mm. Number-Of-Rounds: 1. Height-Above-Terrain: 0","-",21.36719878,-157.73183038,"2026-08-03T22:00:00.000Z","UAV 1"
"ENMORT001","FFE-On-Location ""Location={-5499123.141030, -2250320.406046, 2311025.754248}""  Name of Weapons to Fire: Indirect-Fire-Gun:m9333he. Number-Of-Rounds: 1. Height-Above-Terrain: 0","-",21.37454920,-157.73726779,"2026-08-03T22:00:00.000Z","UAV 1"
"FRT69008","Move to {-5499315.048189, -2250231.003964, 2310734.853397}","-",21.38096961,-157.73244663,"2026-08-03T22:00:00.000Z","UAV 1"
"FRT69009","Move to {-5499315.048189, -2250231.003964, 2310734.853397}","-",21.38066035,-157.73234161,"2026-08-03T22:00:00.000Z","UAV 1"
"ENGAZ004","Move to {-5499460.953457, -2250814.454542, 2309743.262342}","-",21.37336764,-157.73318922,"2026-08-03T22:00:00.000Z","UAV 1"
"ENMORT003","FFE-On-Location ""Location={-5498358.113175, -2250865.429793, 2312201.552453}""  Name of Weapons to Fire: Indirect-Fire-Gun:m9333he. Number-Of-Rounds: 1. Height-Above-Terrain: 0","-",21.37448817,-157.73726715,"2026-08-03T22:00:00.000Z","UAV 1"
"FRT69010","Move to {-5499315.048189, -2250231.003964, 2310734.853397}","-",21.38075758,-157.73208913,"2026-08-03T22:00:00.000Z","UAV 1"
"ENM1A2004","Move to {-5499107.729384, -2250754.164082, 2310538.606898}","-",21.37346980,-157.74313700,"2026-08-03T22:00:00.000Z","UAV 1"
"ENM35003","Move to {-5499460.953457, -2250814.454542, 2309743.262342}","-",21.37355752,-157.73315653,"2026-08-03T22:00:00.000Z","UAV 1"
"ENBTR60005","Move to {-5499107.729384, -2250754.164082, 2310538.606898}","-",21.36897693,-157.74069464,"2026-08-03T22:00:00.000Z","UAV 1"
"ENMORT005","FFE-On-Location ""Location={-5499123.141030, -2250320.406046, 2311025.754248}""  Name of Weapons to Fire: Indirect-Fire-Gun:m9333he. Number-Of-Rounds: 1. Height-Above-Terrain: 0","-",21.37463885,-157.73701809,"2026-08-03T22:00:01.888Z","UAV 1"
"FRT69007","Move to {-5499315.048189, -2250231.003964, 2310734.853397}","-",21.38076277,-157.73208929,"2026-08-03T22:00:01.888Z","UAV 1"
"FRT69002","Move to {-5499315.048189, -2250231.003964, 2310734.853397}","-",21.38068295,-157.73225721,"2026-08-03T22:00:01.888Z","UAV 1"
"ENMORT004","FFE-On-Location ""Location={-5498511.672389, -2250935.799735, 2311770.746054}""  Name of Weapons to Fire: Indirect-Fire-Gun:m9333he. Number-Of-Rounds: 1. Height-Above-Terrain: 0","-",21.37449517,-157.73695548,"2026-08-03T22:00:01.888Z","UAV 1"
"ENM35004","Move to {-5499460.953457, -2250814.454542, 2309743.262342}","-",21.37325764,-157.73308442,"2026-08-03T22:00:01.888Z","UAV 1"
"ENGAZ001","Move to {-5499460.953457, -2250814.454542, 2309743.262342}","-",21.37343858,-157.73283031,"2026-08-03T22:00:01.888Z","UAV 1"
"FRT69006","Move to {-5499315.048189, -2250231.003964, 2310734.853397}","-",21.38102172,-157.73227257,"2026-08-03T22:00:01.888Z","UAV 1"
"ENCAESAR004","FFE-On-Location ""Location={-5499123.141030, -2250320.406046, 2311025.754248}""  Name of Weapons to Fire: Indirect-Fire-Gun:M107-155mm. Number-Of-Rounds: 1. Height-Above-Terrain: 0","-",21.36735947,-157.73175490,"2026-08-03T22:00:01.888Z","UAV 1"
"FRT69003","Move to {-5499315.048189, -2250231.003964, 2310734.853397}","-",21.38103315,-157.73245093,"2026-08-03T22:00:01.888Z","UAV 1"
"FRT69005","Move to {-5499315.048189, -2250231.003964, 2310734.853397}","-",21.38105998,-157.73238595,"2026-08-03T22:00:01.888Z","UAV 1"
"ENGAZ003","Move to {-5499460.953457, -2250814.454542, 2309743.262342}","-",21.37344529,-157.73329891,"2026-08-03T22:00:01.888Z","UAV 1"
"ENM35001","Move to {-5499460.953457, -2250814.454542, 2309743.262342}","-",21.37318731,-157.73314792,"2026-08-03T22:00:01.888Z","UAV 1"
"ENCAESAR003","FFE-On-Location ""Location={-5498511.672389, -2250935.799735, 2311770.746054}""  Name of Weapons to Fire: Indirect-Fire-Gun:M107-155mm. Number-Of-Rounds: 1. Height-Above-Terrain: 0","-",21.36719879,-157.73183038,"2026-08-03T22:00:01.888Z","UAV 1"
"ENMORT001","FFE-On-Location ""Location={-5499123.141030, -2250320.406046, 2311025.754248}""  Name of Weapons to Fire: Indirect-Fire-Gun:m9333he. Number-Of-Rounds: 1. Height-Above-Terrain: 0","-",21.37454920,-157.73726779,"2026-08-03T22:00:01.888Z","UAV 1"
"FRT69008","Move to {-5499315.048189, -2250231.003964, 2310734.853397}","-",21.38102944,-157.73249481,"2026-08-03T22:00:01.888Z","UAV 1"
"FRT69009","Move to {-5499315.048189, -2250231.003964, 2310734.853397}","-",21.38072018,-157.73238979,"2026-08-03T22:00:01.888Z","UAV 1"
"ENMORT003","FFE-On-Location ""Location={-5498358.113175, -2250865.429793, 2312201.552453}""  Name of Weapons to Fire: Indirect-Fire-Gun:m9333he. Number-Of-Rounds: 1. Height-Above-Terrain: 0","-",21.37448817,-157.73726715,"2026-08-03T22:00:01.888Z","UAV 1"
"FRT69010","Move to {-5499315.048189, -2250231.003964, 2310734.853397}","-",21.38081742,-157.73213731,"2026-08-03T22:00:01.888Z","UAV 1"
"ENM35003","Move to {-5499460.953457, -2250814.454542, 2309743.262342}","-",21.37359952,-157.73318240,"2026-08-03T22:00:01.888Z","UAV 1"
"ENCAESAR002","FFE-On-Location ""Location={-5498358.113175, -2250865.429793, 2312201.552453}""  Name of Weapons to Fire: Indirect-Fire-Gun:M107-155mm. Number-Of-Rounds: 1. Height-Above-Terrain: 0","-",21.36709792,-157.73185356,"2026-08-03T22:00:01.888Z","UAV 1"
"ENMORT005","FFE-On-Location ""Location={-5499123.141030, -2250320.406046, 2311025.754248}""  Name of Weapons to Fire: Indirect-Fire-Gun:m9333he. Number-Of-Rounds: 1. Height-Above-Terrain: 0","-",21.37463885,-157.73701809,"2026-08-03T22:00:01.888Z","UAV 1"
"FRT69007","Move to {-5499315.048189, -2250231.003964, 2310734.853397}","-",21.38076277,-157.73208929,"2026-08-03T22:00:01.888Z","UAV 1"
"FRT69002","Move to {-5499315.048189, -2250231.003964, 2310734.853397}","-",21.38068295,-157.73225721,"2026-08-03T22:00:01.888Z","UAV 1"
"ENMORT004","FFE-On-Location ""Location={-5498511.672389, -2250935.799735, 2311770.746054}""  Name of Weapons to Fire: Indirect-Fire-Gun:m9333he. Number-Of-Rounds: 1. Height-Above-Terrain: 0","-",21.37449517,-157.73695548,"2026-08-03T22:00:01.888Z","UAV 1"
"ENM35004","Move to {-5499460.953457, -2250814.454542, 2309743.262342}","-",21.37325764,-157.73308442,"2026-08-03T22:00:01.888Z","UAV 1"
"ENGAZ001","Move to {-5499460.953457, -2250814.454542, 2309743.262342}","-",21.37343858,-157.73283031,"2026-08-03T22:00:01.888Z","UAV 1"
"FRT69006","Move to {-5499315.048189, -2250231.003964, 2310734.853397}","-",21.38102172,-157.73227257,"2026-08-03T22:00:01.888Z","UAV 1"
"ENCAESAR004","FFE-On-Location ""Location={-5499123.141030, -2250320.406046, 2311025.754248}""  Name of Weapons to Fire: Indirect-Fire-Gun:M107-155mm. Number-Of-Rounds: 1. Height-Above-Terrain: 0","-",21.36735947,-157.73175490,"2026-08-03T22:00:01.888Z","UAV 1"
"FRT69003","Move to {-5499315.048189, -2250231.003964, 2310734.853397}","-",21.38103315,-157.73245093,"2026-08-03T22:00:01.888Z","UAV 1"
"FRT69005","Move to {-5499315.048189, -2250231.003964, 2310734.853397}","-",21.38105998,-157.73238595,"2026-08-03T22:00:01.888Z","UAV 1"
"ENGAZ003","Move to {-5499460.953457, -2250814.454542, 2309743.262342}","-",21.37344529,-157.73329891,"2026-08-03T22:00:01.888Z","UAV 1"
"ENM35001","Move to {-5499460.953457, -2250814.454542, 2309743.262342}","-",21.37318731,-157.73314792,"2026-08-03T22:00:01.888Z","UAV 1"
"ENCAESAR003","FFE-On-Location ""Location={-5498511.672389, -2250935.799735, 2311770.746054}""  Name of Weapons to Fire: Indirect-Fire-Gun:M107-155mm. Number-Of-Rounds: 1. Height-Above-Terrain: 0","-",21.36719879,-157.73183038,"2026-08-03T22:00:01.888Z","UAV 1"
"ENMORT001","FFE-On-Location ""Location={-5499123.141030, -2250320.406046, 2311025.754248}""  Name of Weapons to Fire: Indirect-Fire-Gun:m9333he. Number-Of-Rounds: 1. Height-Above-Terrain: 0","-",21.37454920,-157.73726779,"2026-08-03T22:00:01.888Z","UAV 1"
"FRT69008","Move to {-5499315.048189, -2250231.003964, 2310734.853397}","-",21.38102944,-157.73249481,"2026-08-03T22:00:01.888Z","UAV 1"
"FRT69009","Move to {-5499315.048189, -2250231.003964, 2310734.853397}","-",21.38072018,-157.73238979,"2026-08-03T22:00:01.888Z","UAV 1"
"ENMORT003","FFE-On-Location ""Location={-5498358.113175, -2250865.429793, 2312201.552453}""  Name of Weapons to Fire: Indirect-Fire-Gun:m9333he. Number-Of-Rounds: 1. Height-Above-Terrain: 0","-",21.37448817,-157.73726715,"2026-08-03T22:00:01.888Z","UAV 1"
"FRT69010","Move to {-5499315.048189, -2250231.003964, 2310734.853397}","-",21.38081742,-157.73213731,"2026-08-03T22:00:01.888Z","UAV 1"
"ENM35003","Move to {-5499460.953457, -2250814.454542, 2309743.262342}","-",21.37359952,-157.73318240,"2026-08-03T22:00:01.888Z","UAV 1"
"ENCAESAR002","FFE-On-Location ""Location={-5498358.113175, -2250865.429793, 2312201.552453}""  Name of Weapons to Fire: Indirect-Fire-Gun:M107-155mm. Number-Of-Rounds: 1. Height-Above-Terrain: 0","-",21.36709792,-157.73185356,"2026-08-03T22:00:01.888Z","UAV 1"
"FRTRK2004","Move to {-5498755.048693, -2250824.434840, 2311307.787782}","-",21.38827623,-157.75026795,"2026-08-03T22:00:03.938Z","UAV 1"
"FRTRK1003","Move to {-5498755.048693, -2250824.434840, 2311307.787782}","-",21.38831188,-157.75023780,"2026-08-03T22:00:03.938Z","UAV 1"
"FRTRK1001","Move to {-5498755.048693, -2250824.434840, 2311307.787782}","-",21.38845499,-157.75029643,"2026-08-03T22:00:03.938Z","UAV 1"
"FRAHS001","FFE-On-Location ""Location={-5499191.503627, -2251825.311346, 2309314.511859}""  Name of Weapons to Fire: Indirect-Fire-Gun:M107-155mm. Number-Of-Rounds: 1. Height-Above-Terrain: 0","-",21.39511611,-157.73746058,"2026-08-03T22:00:03.938Z","UAV 1"
"FRLAV002","Move to {-5499315.048189, -2250231.003964, 2310734.853397}","-",21.38990940,-157.74175398,"2026-08-03T22:00:03.938Z","UAV 1"
"FRLAV006","Move to {-5499315.048189, -2250231.003964, 2310734.853397}","-",21.38987081,-157.74207530,"2026-08-03T22:00:03.938Z","UAV 1"
"FRM113007","Move to {-5499315.048189, -2250231.003964, 2310734.853397}","-",21.39009808,-157.74184604,"2026-08-03T22:00:03.938Z","UAV 1"
"FRM113002","Move to {-5499315.048189, -2250231.003964, 2310734.853397}","-",21.38983366,-157.74169886,"2026-08-03T22:00:03.938Z","UAV 1"
"FRLAV008","Move to {-5499315.048189, -2250231.003964, 2310734.853397}","-",21.39001820,-157.74174924,"2026-08-03T22:00:03.938Z","UAV 1"
"FRM113006","Move to {-5499315.048189, -2250231.003964, 2310734.853397}","-",21.38990537,-157.74190826,"2026-08-03T22:00:03.938Z","UAV 1"
"FRTRK1005","Move to {-5498755.048693, -2250824.434840, 2311307.787782}","-",21.38819717,-157.75010626,"2026-08-03T22:00:03.938Z","UAV 1"
"FRM109002","FFE-On-Location ""Location={-5499132.853573, -2251193.466895, 2310064.199617}""  Name of Weapons to Fire: Indirect-Fire-Gun:M107-155mm. Number-Of-Rounds: 1. Height-Above-Terrain: 0","-",21.39535746,-157.73730886,"2026-08-03T22:00:03.938Z","UAV 1"
"FRLAV001","Move to {-5499315.048189, -2250231.003964, 2310734.853397}","-",21.38973734,-157.74171366,"2026-08-03T22:00:03.938Z","UAV 1"
"FRTRK2001","Move to {-5498755.048693, -2250824.434840, 2311307.787782}","-",21.38836668,-157.75034480,"2026-08-03T22:00:03.938Z","UAV 1"
"FRTRK2002","Move to {-5498755.048693, -2250824.434840, 2311307.787782}","-",21.38827721,-157.75046609,"2026-08-03T22:00:03.938Z","UAV 1"
"FRM113001","Move to {-5499315.048189, -2250231.003964, 2310734.853397}","-",21.38989659,-157.74163464,"2026-08-03T22:00:03.938Z","UAV 1"
"FRLAV005","Move to {-5499315.048189, -2250231.003964, 2310734.853397}","-",21.38998231,-157.74192981,"2026-08-03T22:00:03.938Z","UAV 1"
"FRM109001","FFE-On-Location ""Location={-5499191.503627, -2251825.311346, 2309314.511859}""  Name of Weapons to Fire: Indirect-Fire-Gun:M107-155mm. Number-Of-Rounds: 1. Height-Above-Terrain: 0","-",21.39515360,-157.73702065,"2026-08-03T22:00:03.938Z","UAV 1"
"FRTRK1002","Move to {-5498755.048693, -2250824.434840, 2311307.787782}","-",21.38834936,-157.75052820,"2026-08-03T22:00:03.938Z","UAV 1"
"FRM113004","Move to {-5499315.048189, -2250231.003964, 2310734.853397}","-",21.38979364,-157.74195393,"2026-08-03T22:00:03.938Z","UAV 1"
"FRTRK2003","Move to {-5498755.048693, -2250824.434840, 2311307.787782}","-",21.38811120,-157.75020358,"2026-08-03T22:00:03.938Z","UAV 1"
"FRAHS002","FFE-On-Location ""Location={-5499132.853573, -2251193.466895, 2310064.199617}""  Name of Weapons to Fire: Indirect-Fire-Gun:M107-155mm. Number-Of-Rounds: 1. Height-Above-Terrain: 0","-",21.39520418,-157.73742074,"2026-08-03T22:00:03.938Z","UAV 1"
"FRTRK1004","Move to {-5498755.048693, -2250824.434840, 2311307.787782}","-",21.38812214,-157.75025338,"2026-08-03T22:00:03.938Z","UAV 1"
"FRTRK2004","Move to {-5498755.048693, -2250824.434840, 2311307.787782}","-",21.38827623,-157.75026795,"2026-08-03T22:00:03.938Z","UAV 1"
"FRTRK1003","Move to {-5498755.048693, -2250824.434840, 2311307.787782}","-",21.38831188,-157.75023780,"2026-08-03T22:00:03.938Z","UAV 1"
"FRTRK1001","Move to {-5498755.048693, -2250824.434840, 2311307.787782}","-",21.38845499,-157.75029643,"2026-08-03T22:00:03.938Z","UAV 1"
"FRAHS001","FFE-On-Location ""Location={-5499191.503627, -2251825.311346, 2309314.511859}""  Name of Weapons to Fire: Indirect-Fire-Gun:M107-155mm. Number-Of-Rounds: 1. Height-Above-Terrain: 0","-",21.39511611,-157.73746058,"2026-08-03T22:00:03.938Z","UAV 1"
"FRLAV002","Move to {-5499315.048189, -2250231.003964, 2310734.853397}","-",21.38990940,-157.74175398,"2026-08-03T22:00:03.938Z","UAV 1"
"FRLAV006","Move to {-5499315.048189, -2250231.003964, 2310734.853397}","-",21.38987081,-157.74207530,"2026-08-03T22:00:03.938Z","UAV 1"
"FRM113007","Move to {-5499315.048189, -2250231.003964, 2310734.853397}","-",21.39009808,-157.74184604,"2026-08-03T22:00:03.938Z","UAV 1"
"FRM113002","Move to {-5499315.048189, -2250231.003964, 2310734.853397}","-",21.38983366,-157.74169886,"2026-08-03T22:00:03.938Z","UAV 1"
"FRLAV008","Move to {-5499315.048189, -2250231.003964, 2310734.853397}","-",21.39001820,-157.74174924,"2026-08-03T22:00:03.938Z","UAV 1"
"FRM113006","Move to {-5499315.048189, -2250231.003964, 2310734.853397}","-",21.38990537,-157.74190826,"2026-08-03T22:00:03.938Z","UAV 1"
"FRTRK1005","Move to {-5498755.048693, -2250824.434840, 2311307.787782}","-",21.38819717,-157.75010626,"2026-08-03T22:00:03.938Z","UAV 1"
"FRM109002","FFE-On-Location ""Location={-5499132.853573, -2251193.466895, 2310064.199617}""  Name of Weapons to Fire: Indirect-Fire-Gun:M107-155mm. Number-Of-Rounds: 1. Height-Above-Terrain: 0","-",21.39535746,-157.73730886,"2026-08-03T22:00:03.938Z","UAV 1"
"FRLAV001","Move to {-5499315.048189, -2250231.003964, 2310734.853397}","-",21.38973734,-157.74171366,"2026-08-03T22:00:03.938Z","UAV 1"
"FRTRK2001","Move to {-5498755.048693, -2250824.434840, 2311307.787782}","-",21.38836668,-157.75034480,"2026-08-03T22:00:03.938Z","UAV 1"
"FRTRK2002","Move to {-5498755.048693, -2250824.434840, 2311307.787782}","-",21.38827721,-157.75046609,"2026-08-03T22:00:03.938Z","UAV 1"
"FRM113001","Move to {-5499315.048189, -2250231.003964, 2310734.853397}","-",21.38989659,-157.74163464,"2026-08-03T22:00:03.938Z","UAV 1"
"FRLAV005","Move to {-5499315.048189, -2250231.003964, 2310734.853397}","-",21.38998231,-157.74192981,"2026-08-03T22:00:03.938Z","UAV 1"
"FRM109001","FFE-On-Location ""Location={-5499191.503627, -2251825.311346, 2309314.511859}""  Name of Weapons to Fire: Indirect-Fire-Gun:M107-155mm. Number-Of-Rounds: 1. Height-Above-Terrain: 0","-",21.39515360,-157.73702065,"2026-08-03T22:00:03.938Z","UAV 1"
"FRTRK1002","Move to {-5498755.048693, -2250824.434840, 2311307.787782}","-",21.38834936,-157.75052820,"2026-08-03T22:00:03.938Z","UAV 1"
"FRM113004","Move to {-5499315.048189, -2250231.003964, 2310734.853397}","-",21.38979364,-157.74195393,"2026-08-03T22:00:03.938Z","UAV 1"
"FRTRK2003","Move to {-5498755.048693, -2250824.434840, 2311307.787782}","-",21.38811120,-157.75020358,"2026-08-03T22:00:03.938Z","UAV 1"
"FRAHS002","FFE-On-Location ""Location={-5499132.853573, -2251193.466895, 2310064.199617}""  Name of Weapons to Fire: Indirect-Fire-Gun:M107-155mm. Number-Of-Rounds: 1. Height-Above-Terrain: 0","-",21.39520418,-157.73742074,"2026-08-03T22:00:03.938Z","UAV 1"
"FRTRK1004","Move to {-5498755.048693, -2250824.434840, 2311307.787782}","-",21.38812214,-157.75025338,"2026-08-03T22:00:03.938Z","UAV 1"
"FRTRK2004","Move to {-5498755.048693, -2250824.434840, 2311307.787782}","-",21.38827623,-157.75026795,"2026-08-03T22:00:03.938Z","UAV 1"
"FRTRK1003","Move to {-5498755.048693, -2250824.434840, 2311307.787782}","-",21.38831188,-157.75023780,"2026-08-03T22:00:03.938Z","UAV 1"
"FRTRK1001","Move to {-5498755.048693, -2250824.434840, 2311307.787782}","-",21.38845499,-157.75029643,"2026-08-03T22:00:03.938Z","UAV 1"
"FRAHS001","FFE-On-Location ""Location={-5499191.503627, -2251825.311346, 2309314.511859}""  Name of Weapons to Fire: Indirect-Fire-Gun:M107-155mm. Number-Of-Rounds: 1. Height-Above-Terrain: 0","-",21.39511611,-157.73746058,"2026-08-03T22:00:03.938Z","UAV 1"
"FRLAV002","Move to {-5499315.048189, -2250231.003964, 2310734.853397}","-",21.38990940,-157.74175398,"2026-08-03T22:00:03.938Z","UAV 1"
"FRLAV006","Move to {-5499315.048189, -2250231.003964, 2310734.853397}","-",21.38987081,-157.74207530,"2026-08-03T22:00:03.938Z","UAV 1"
"FRM113007","Move to {-5499315.048189, -2250231.003964, 2310734.853397}","-",21.39009808,-157.74184604,"2026-08-03T22:00:03.938Z","UAV 1"
"FRM113002","Move to {-5499315.048189, -2250231.003964, 2310734.853397}","-",21.38983366,-157.74169886,"2026-08-03T22:00:03.938Z","UAV 1"
"FRLAV008","Move to {-5499315.048189, -2250231.003964, 2310734.853397}","-",21.39001820,-157.74174924,"2026-08-03T22:00:03.938Z","UAV 1"
"FRM113006","Move to {-5499315.048189, -2250231.003964, 2310734.853397}","-",21.38990537,-157.74190826,"2026-08-03T22:00:03.938Z","UAV 1"
"FRTRK1005","Move to {-5498755.048693, -2250824.434840, 2311307.787782}","-",21.38819717,-157.75010626,"2026-08-03T22:00:03.938Z","UAV 1"
"FRM109002","FFE-On-Location ""Location={-5499132.853573, -2251193.466895, 2310064.199617}""  Name of Weapons to Fire: Indirect-Fire-Gun:M107-155mm. Number-Of-Rounds: 1. Height-Above-Terrain: 0","-",21.39535746,-157.73730886,"2026-08-03T22:00:03.938Z","UAV 1"
"FRLAV001","Move to {-5499315.048189, -2250231.003964, 2310734.853397}","-",21.38973734,-157.74171366,"2026-08-03T22:00:03.938Z","UAV 1"
"FRTRK2001","Move to {-5498755.048693, -2250824.434840, 2311307.787782}","-",21.38836668,-157.75034480,"2026-08-03T22:00:03.938Z","UAV 1"
"FRTRK2002","Move to {-5498755.048693, -2250824.434840, 2311307.787782}","-",21.38827721,-157.75046609,"2026-08-03T22:00:03.938Z","UAV 1"
"FRM113001","Move to {-5499315.048189, -2250231.003964, 2310734.853397}","-",21.38989659,-157.74163464,"2026-08-03T22:00:03.938Z","UAV 1"
"FRLAV005","Move to {-5499315.048189, -2250231.003964, 2310734.853397}","-",21.38998231,-157.74192981,"2026-08-03T22:00:03.938Z","UAV 1"
"FRM109001","FFE-On-Location ""Location={-5499191.503627, -2251825.311346, 2309314.511859}""  Name of Weapons to Fire: Indirect-Fire-Gun:M107-155mm. Number-Of-Rounds: 1. Height-Above-Terrain: 0","-",21.39515360,-157.73702065,"2026-08-03T22:00:03.938Z","UAV 1"
"FRTRK1002","Move to {-5498755.048693, -2250824.434840, 2311307.787782}","-",21.38834936,-157.75052820,"2026-08-03T22:00:03.938Z","UAV 1"
"FRM113004","Move to {-5499315.048189, -2250231.003964, 2310734.853397}","-",21.38979364,-157.74195393,"2026-08-03T22:00:03.938Z","UAV 1"
"FRTRK2003","Move to {-5498755.048693, -2250824.434840, 2311307.787782}","-",21.38811120,-157.75020358,"2026-08-03T22:00:03.938Z","UAV 1"
"FRAHS002","FFE-On-Location ""Location={-5499132.853573, -2251193.466895, 2310064.199617}""  Name of Weapons to Fire: Indirect-Fire-Gun:M107-155mm. Number-Of-Rounds: 1. Height-Above-Terrain: 0","-",21.39520418,-157.73742074,"2026-08-03T22:00:03.938Z","UAV 1"
"FRTRK1004","Move to {-5498755.048693, -2250824.434840, 2311307.787782}","-",21.38812214,-157.75025338,"2026-08-03T22:00:03.938Z","UAV 1"
"ENM1A2003","Move to {-5499107.729384, -2250754.164082, 2310538.606898}","-",21.37332125,-157.74325039,"2026-08-03T22:00:00.000Z","UAV 1"
"ENT72007","Move to {-5499107.729384, -2250754.164082, 2310538.606898}","-",21.37116472,-157.74185204,"2026-08-03T22:00:00.000Z","UAV 1"
"ENT72003","Move to {-5499107.729384, -2250754.164082, 2310538.606898}","-",21.37142882,-157.74159647,"2026-08-03T22:00:00.000Z","UAV 1"
"ENT72012","Move to {-5499107.729384, -2250754.164082, 2310538.606898}","-",21.37135553,-157.74170428,"2026-08-03T22:00:00.000Z","UAV 1"
"ENMORT005","FFE-On-Location ""Location={-5499123.141030, -2250320.406046, 2311025.754248}""  Name of Weapons to Fire: Indirect-Fire-Gun:m9333he. Number-Of-Rounds: 1. Height-Above-Terrain: 0","-",21.37463885,-157.73701809,"2026-08-03T22:00:00.000Z","UAV 1"
"ENM1A2001","Move to {-5499107.729384, -2250754.164082, 2310538.606898}","-",21.37344826,-157.74288997,"2026-08-03T22:00:00.000Z","UAV 1"
"FRT69007","Move to {-5499315.048189, -2250231.003964, 2310734.853397}","-",21.38070294,-157.73204111,"2026-08-03T22:00:00.000Z","UAV 1"
"ENT72008","Move to {-5499107.729384, -2250754.164082, 2310538.606898}","-",21.37134233,-157.74168365,"2026-08-03T22:00:00.000Z","UAV 1"
"FRT69002","Move to {-5499315.048189, -2250231.003964, 2310734.853397}","-",21.38062312,-157.73220904,"2026-08-03T22:00:00.000Z","UAV 1"
"FRT69001","Move to {-5499315.048189, -2250231.003964, 2310734.853397}","-",21.38083049,-157.73220700,"2026-08-03T22:00:00.000Z","UAV 1"
"ENT72002","Move to {-5499107.729384, -2250754.164082, 2310538.606898}","-",21.37128608,-157.74157543,"2026-08-03T22:00:00.000Z","UAV 1"
"ENMORT004","FFE-On-Location ""Location={-5498511.672389, -2250935.799735, 2311770.746054}""  Name of Weapons to Fire: Indirect-Fire-Gun:m9333he. Number-Of-Rounds: 1. Height-Above-Terrain: 0","-",21.37449517,-157.73695548,"2026-08-03T22:00:00.000Z","UAV 1"
"ENM35004","Move to {-5499460.953457, -2250814.454542, 2309743.262342}","-",21.37321699,-157.73305944,"2026-08-03T22:00:00.000Z","UAV 1"
"ENGAZ001","Move to {-5499460.953457, -2250814.454542, 2309743.262342}","-",21.37337528,-157.73279257,"2026-08-03T22:00:00.000Z","UAV 1"
"ENBTR60006","Move to {-5499107.729384, -2250754.164082, 2310538.606898}","-",21.36897336,-157.74047149,"2026-08-03T22:00:00.000Z","UAV 1"
"FRT69006","Move to {-5499315.048189, -2250231.003964, 2310734.853397}","-",21.38096188,-157.73222439,"2026-08-03T22:00:00.000Z","UAV 1"
"ENBTR80004","Move to {-5499107.729384, -2250754.164082, 2310538.606898}","-",21.36892854,-157.74027557,"2026-08-03T22:00:00.000Z","UAV 1"
"ENBTR60003","Move to {-5499107.729384, -2250754.164082, 2310538.606898}","-",21.36886321,-157.74068485,"2026-08-03T22:00:00.000Z","UAV 1"
"ENM1A2002","Move to {-5499107.729384, -2250754.164082, 2310538.606898}","-",21.37356068,-157.74317200,"2026-08-03T22:00:00.000Z","UAV 1"
"ENCAESAR004","FFE-On-Location ""Location={-5499123.141030, -2250320.406046, 2311025.754248}""  Name of Weapons to Fire: Indirect-Fire-Gun:M107-155mm. Number-Of-Rounds: 1. Height-Above-Terrain: 0","-",21.36735946,-157.73175490,"2026-08-03T22:00:00.000Z","UAV 1"
"FRT69003","Move to {-5499315.048189, -2250231.003964, 2310734.853397}","-",21.38097332,-157.73240275,"2026-08-03T22:00:00.000Z","UAV 1"
"FRT69005","Move to {-5499315.048189, -2250231.003964, 2310734.853397}","-",21.38100014,-157.73233777,"2026-08-03T22:00:00.000Z","UAV 1"
"ENT72011","Move to {-5499107.729384, -2250754.164082, 2310538.606898}","-",21.37128822,-157.74162582,"2026-08-03T22:00:00.000Z","UAV 1"
"ENT72004","Move to {-5499107.729384, -2250754.164082, 2310538.606898}","-",21.37154521,-157.74163288,"2026-08-03T22:00:00.000Z","UAV 1"
"ENM35002","Move to {-5499460.953457, -2250814.454542, 2309743.262342}","-",21.37340544,-157.73283903,"2026-08-03T22:00:00.000Z","UAV 1"
"ENGAZ003","Move to {-5499460.953457, -2250814.454542, 2309743.262342}","-",21.37338431,-157.73326221,"2026-08-03T22:00:00.000Z","UAV 1"
"ENM35001","Move to {-5499460.953457, -2250814.454542, 2309743.262342}","-",21.37314687,-157.73312307,"2026-08-03T22:00:00.000Z","UAV 1"
"ENT72010","Move to {-5499107.729384, -2250754.164082, 2310538.606898}","-",21.37154256,-157.74155229,"2026-08-03T22:00:00.000Z","UAV 1"
"ENT72006","Move to {-5499107.729384, -2250754.164082, 2310538.606898}","-",21.37145835,-157.74180319,"2026-08-03T22:00:00.000Z","UAV 1"
"ENCAESAR003","FFE-On-Location ""Location={-5498511.672389, -2250935.799735, 2311770.746054}""  Name of Weapons to Fire: Indirect-Fire-Gun:M107-155mm. Number-Of-Rounds: 1. Height-Above-Terrain: 0","-",21.36719878,-157.73183038,"2026-08-03T22:00:00.000Z","UAV 1"
"ENMORT001","FFE-On-Location ""Location={-5499123.141030, -2250320.406046, 2311025.754248}""  Name of Weapons to Fire: Indirect-Fire-Gun:m9333he. Number-Of-Rounds: 1. Height-Above-Terrain: 0","-",21.37454920,-157.73726779,"2026-08-03T22:00:00.000Z","UAV 1"
"FRT69008","Move to {-5499315.048189, -2250231.003964, 2310734.853397}","-",21.38096961,-157.73244663,"2026-08-03T22:00:00.000Z","UAV 1"
"FRT69009","Move to {-5499315.048189, -2250231.003964, 2310734.853397}","-",21.38066035,-157.73234161,"2026-08-03T22:00:00.000Z","UAV 1"
"ENGAZ004","Move to {-5499460.953457, -2250814.454542, 2309743.262342}","-",21.37336764,-157.73318922,"2026-08-03T22:00:00.000Z","UAV 1"
"ENMORT003","FFE-On-Location ""Location={-5498358.113175, -2250865.429793, 2312201.552453}""  Name of Weapons to Fire: Indirect-Fire-Gun:m9333he. Number-Of-Rounds: 1. Height-Above-Terrain: 0","-",21.37448817,-157.73726715,"2026-08-03T22:00:00.000Z","UAV 1"
"FRT69010","Move to {-5499315.048189, -2250231.003964, 2310734.853397}","-",21.38075758,-157.73208913,"2026-08-03T22:00:00.000Z","UAV 1"
"ENM1A2004","Move to {-5499107.729384, -2250754.164082, 2310538.606898}","-",21.37346980,-157.74313700,"2026-08-03T22:00:00.000Z","UAV 1"
"ENM35003","Move to {-5499460.953457, -2250814.454542, 2309743.262342}","-",21.37355752,-157.73315653,"2026-08-03T22:00:00.000Z","UAV 1"
"ENBTR60005","Move to {-5499107.729384, -2250754.164082, 2310538.606898}","-",21.36897693,-157.74069464,"2026-08-03T22:00:00.000Z","UAV 1"
"FRT69007","Move to {-5499315.048189, -2250231.003964, 2310734.853397}","-",21.38076383,-157.73209430,"2026-08-03T22:00:01.938Z","UAV 1"
"FRT69002","Move to {-5499315.048189, -2250231.003964, 2310734.853397}","-",21.38068401,-157.73226222,"2026-08-03T22:00:01.938Z","UAV 1"
"ENM35004","Move to {-5499460.953457, -2250814.454542, 2309743.262342}","-",21.37325922,-157.73308674,"2026-08-03T22:00:01.938Z","UAV 1"
"ENGAZ001","Move to {-5499460.953457, -2250814.454542, 2309743.262342}","-",21.37344073,-157.73283412,"2026-08-03T22:00:01.938Z","UAV 1"
"FRT69006","Move to {-5499315.048189, -2250231.003964, 2310734.853397}","-",21.38102277,-157.73227758,"2026-08-03T22:00:01.938Z","UAV 1"
"ENCAESAR004","FFE-On-Location ""Location={-5499123.141030, -2250320.406046, 2311025.754248}""  Name of Weapons to Fire: Indirect-Fire-Gun:M107-155mm. Number-Of-Rounds: 1. Height-Above-Terrain: 0","-",21.36735947,-157.73175490,"2026-08-03T22:00:01.938Z","UAV 1"
"FRT69003","Move to {-5499315.048189, -2250231.003964, 2310734.853397}","-",21.38103421,-157.73245594,"2026-08-03T22:00:01.938Z","UAV 1"
"FRT69005","Move to {-5499315.048189, -2250231.003964, 2310734.853397}","-",21.38106103,-157.73239095,"2026-08-03T22:00:01.938Z","UAV 1"
"ENGAZ003","Move to {-5499460.953457, -2250814.454542, 2309743.262342}","-",21.37344734,-157.73330272,"2026-08-03T22:00:01.938Z","UAV 1"
"ENM35001","Move to {-5499460.953457, -2250814.454542, 2309743.262342}","-",21.37318888,-157.73315023,"2026-08-03T22:00:01.938Z","UAV 1"
"ENCAESAR003","FFE-On-Location ""Location={-5498511.672389, -2250935.799735, 2311770.746054}""  Name of Weapons to Fire: Indirect-Fire-Gun:M107-155mm. Number-Of-Rounds: 1. Height-Above-Terrain: 0","-",21.36719879,-157.73183038,"2026-08-03T22:00:01.938Z","UAV 1"
"FRT69008","Move to {-5499315.048189, -2250231.003964, 2310734.853397}","-",21.38103050,-157.73249982,"2026-08-03T22:00:01.938Z","UAV 1"
"FRT69009","Move to {-5499315.048189, -2250231.003964, 2310734.853397}","-",21.38072124,-157.73239480,"2026-08-03T22:00:01.938Z","UAV 1"
"FRT69010","Move to {-5499315.048189, -2250231.003964, 2310734.853397}","-",21.38081847,-157.73214231,"2026-08-03T22:00:01.938Z","UAV 1"
"ENM35003","Move to {-5499460.953457, -2250814.454542, 2309743.262342}","-",21.37360110,-157.73318481,"2026-08-03T22:00:01.938Z","UAV 1"
"ENCAESAR002","FFE-On-Location ""Location={-5498358.113175, -2250865.429793, 2312201.552453}""  Name of Weapons to Fire: Indirect-Fire-Gun:M107-155mm. Number-Of-Rounds: 1. Height-Above-Terrain: 0","-",21.36709792,-157.73185356,"2026-08-03T22:00:01.938Z","UAV 1"
"FRT69007","Move to {-5499315.048189, -2250231.003964, 2310734.853397}","-",21.38076383,-157.73209430,"2026-08-03T22:00:01.938Z","UAV 1"
"FRT69002","Move to {-5499315.048189, -2250231.003964, 2310734.853397}","-",21.38068401,-157.73226222,"2026-08-03T22:00:01.938Z","UAV 1"
"ENM35004","Move to {-5499460.953457, -2250814.454542, 2309743.262342}","-",21.37325922,-157.73308674,"2026-08-03T22:00:01.938Z","UAV 1"
"ENGAZ001","Move to {-5499460.953457, -2250814.454542, 2309743.262342}","-",21.37344073,-157.73283412,"2026-08-03T22:00:01.938Z","UAV 1"
"FRT69006","Move to {-5499315.048189, -2250231.003964, 2310734.853397}","-",21.38102277,-157.73227758,"2026-08-03T22:00:01.938Z","UAV 1"
"ENCAESAR004","FFE-On-Location ""Location={-5499123.141030, -2250320.406046, 2311025.754248}""  Name of Weapons to Fire: Indirect-Fire-Gun:M107-155mm. Number-Of-Rounds: 1. Height-Above-Terrain: 0","-",21.36735947,-157.73175490,"2026-08-03T22:00:01.938Z","UAV 1"
"FRT69003","Move to {-5499315.048189, -2250231.003964, 2310734.853397}","-",21.38103421,-157.73245594,"2026-08-03T22:00:01.938Z","UAV 1"
"FRT69005","Move to {-5499315.048189, -2250231.003964, 2310734.853397}","-",21.38106103,-157.73239095,"2026-08-03T22:00:01.938Z","UAV 1"
"ENGAZ003","Move to {-5499460.953457, -2250814.454542, 2309743.262342}","-",21.37344734,-157.73330272,"2026-08-03T22:00:01.938Z","UAV 1"
"ENM35001","Move to {-5499460.953457, -2250814.454542, 2309743.262342}","-",21.37318888,-157.73315023,"2026-08-03T22:00:01.938Z","UAV 1"
"ENCAESAR003","FFE-On-Location ""Location={-5498511.672389, -2250935.799735, 2311770.746054}""  Name of Weapons to Fire: Indirect-Fire-Gun:M107-155mm. Number-Of-Rounds: 1. Height-Above-Terrain: 0","-",21.36719879,-157.73183038,"2026-08-03T22:00:01.938Z","UAV 1"
"FRT69008","Move to {-5499315.048189, -2250231.003964, 2310734.853397}","-",21.38103050,-157.73249982,"2026-08-03T22:00:01.938Z","UAV 1"
"FRT69009","Move to {-5499315.048189, -2250231.003964, 2310734.853397}","-",21.38072124,-157.73239480,"2026-08-03T22:00:01.938Z","UAV 1"
"FRT69010","Move to {-5499315.048189, -2250231.003964, 2310734.853397}","-",21.38081847,-157.73214231,"2026-08-03T22:00:01.938Z","UAV 1"
"ENM35003","Move to {-5499460.953457, -2250814.454542, 2309743.262342}","-",21.37360110,-157.73318481,"2026-08-03T22:00:01.938Z","UAV 1"
"ENCAESAR002","FFE-On-Location ""Location={-5498358.113175, -2250865.429793, 2312201.552453}""  Name of Weapons to Fire: Indirect-Fire-Gun:M107-155mm. Number-Of-Rounds: 1. Height-Above-Terrain: 0","-",21.36709792,-157.73185356,"2026-08-03T22:00:01.938Z","UAV 1"
"FRTRK2004","Move to {-5498755.048693, -2250824.434840, 2311307.787782}","-",21.38827479,-157.75026492,"2026-08-03T22:00:04.000Z","UAV 1"
"FRTRK1003","Move to {-5498755.048693, -2250824.434840, 2311307.787782}","-",21.38831141,-157.75023137,"2026-08-03T22:00:04.000Z","UAV 1"
"FRTRK1001","Move to {-5498755.048693, -2250824.434840, 2311307.787782}","-",21.38845413,-157.75028990,"2026-08-03T22:00:04.000Z","UAV 1"
"FRAHS001","FFE-On-Location ""Location={-5499191.503627, -2251825.311346, 2309314.511859}""  Name of Weapons to Fire: Indirect-Fire-Gun:M107-155mm. Number-Of-Rounds: 1. Height-Above-Terrain: 0","-",21.39511611,-157.73746058,"2026-08-03T22:00:04.000Z","UAV 1"
"FRLAV002","Move to {-5499315.048189, -2250231.003964, 2310734.853397}","-",21.38990958,-157.74175387,"2026-08-03T22:00:04.000Z","UAV 1"
"FRLAV006","Move to {-5499315.048189, -2250231.003964, 2310734.853397}","-",21.38987101,-157.74207518,"2026-08-03T22:00:04.000Z","UAV 1"
"FRM113007","Move to {-5499315.048189, -2250231.003964, 2310734.853397}","-",21.39009830,-157.74184604,"2026-08-03T22:00:04.000Z","UAV 1"
"FRM113002","Move to {-5499315.048189, -2250231.003964, 2310734.853397}","-",21.38983379,-157.74169886,"2026-08-03T22:00:04.000Z","UAV 1"
"FRLAV008","Move to {-5499315.048189, -2250231.003964, 2310734.853397}","-",21.39001840,-157.74174911,"2026-08-03T22:00:04.000Z","UAV 1"
"FRM113006","Move to {-5499315.048189, -2250231.003964, 2310734.853397}","-",21.38990553,-157.74190826,"2026-08-03T22:00:04.000Z","UAV 1"
"FRTRK1005","Move to {-5498755.048693, -2250824.434840, 2311307.787782}","-",21.38819730,-157.75010021,"2026-08-03T22:00:04.000Z","UAV 1"
"FRLAV001","Move to {-5499315.048189, -2250231.003964, 2310734.853397}","-",21.38973751,-157.74171355,"2026-08-03T22:00:04.000Z","UAV 1"
"FRTRK2001","Move to {-5498755.048693, -2250824.434840, 2311307.787782}","-",21.38836614,-157.75033788,"2026-08-03T22:00:04.000Z","UAV 1"
"FRTRK2002","Move to {-5498755.048693, -2250824.434840, 2311307.787782}","-",21.38827648,-157.75045965,"2026-08-03T22:00:04.000Z","UAV 1"
"FRM113001","Move to {-5499315.048189, -2250231.003964, 2310734.853397}","-",21.38989674,-157.74163464,"2026-08-03T22:00:04.000Z","UAV 1"
"FRLAV005","Move to {-5499315.048189, -2250231.003964, 2310734.853397}","-",21.38998248,-157.74192971,"2026-08-03T22:00:04.000Z","UAV 1"
"FRM109001","FFE-On-Location ""Location={-5499191.503627, -2251825.311346, 2309314.511859}""  Name of Weapons to Fire: Indirect-Fire-Gun:M107-155mm. Number-Of-Rounds: 1. Height-Above-Terrain: 0","-",21.39515360,-157.73702065,"2026-08-03T22:00:04.000Z","UAV 1"
"FRTRK1002","Move to {-5498755.048693, -2250824.434840, 2311307.787782}","-",21.38834872,-157.75052168,"2026-08-03T22:00:04.000Z","UAV 1"
"FRM113004","Move to {-5499315.048189, -2250231.003964, 2310734.853397}","-",21.38979509,-157.74195608,"2026-08-03T22:00:04.000Z","UAV 1"
"FRTRK2003","Move to {-5498755.048693, -2250824.434840, 2311307.787782}","-",21.38811112,-157.75019678,"2026-08-03T22:00:04.000Z","UAV 1"
"FRAHS002","FFE-On-Location ""Location={-5499132.853573, -2251193.466895, 2310064.199617}""  Name of Weapons to Fire: Indirect-Fire-Gun:M107-155mm. Number-Of-Rounds: 1. Height-Above-Terrain: 0","-",21.39520418,-157.73742074,"2026-08-03T22:00:04.000Z","UAV 1"
"FRTRK1004","Move to {-5498755.048693, -2250824.434840, 2311307.787782}","-",21.38812189,-157.75024638,"2026-08-03T22:00:04.000Z","UAV 1"
"FRTRK2004","Move to {-5498755.048693, -2250824.434840, 2311307.787782}","-",21.38827479,-157.75026492,"2026-08-03T22:00:04.000Z","UAV 1"
"FRTRK1003","Move to {-5498755.048693, -2250824.434840, 2311307.787782}","-",21.38831141,-157.75023137,"2026-08-03T22:00:04.000Z","UAV 1"
"FRTRK1001","Move to {-5498755.048693, -2250824.434840, 2311307.787782}","-",21.38845413,-157.75028990,"2026-08-03T22:00:04.000Z","UAV 1"
"FRAHS001","FFE-On-Location ""Location={-5499191.503627, -2251825.311346, 2309314.511859}""  Name of Weapons to Fire: Indirect-Fire-Gun:M107-155mm. Number-Of-Rounds: 1. Height-Above-Terrain: 0","-",21.39511611,-157.73746058,"2026-08-03T22:00:04.000Z","UAV 1"
"FRLAV002","Move to {-5499315.048189, -2250231.003964, 2310734.853397}","-",21.38990958,-157.74175387,"2026-08-03T22:00:04.000Z","UAV 1"
"FRLAV006","Move to {-5499315.048189, -2250231.003964, 2310734.853397}","-",21.38987101,-157.74207518,"2026-08-03T22:00:04.000Z","UAV 1"
"FRM113007","Move to {-5499315.048189, -2250231.003964, 2310734.853397}","-",21.39009830,-157.74184604,"2026-08-03T22:00:04.000Z","UAV 1"
"FRM113002","Move to {-5499315.048189, -2250231.003964, 2310734.853397}","-",21.38983379,-157.74169886,"2026-08-03T22:00:04.000Z","UAV 1"
"FRLAV008","Move to {-5499315.048189, -2250231.003964, 2310734.853397}","-",21.39001840,-157.74174911,"2026-08-03T22:00:04.000Z","UAV 1"
"FRM113006","Move to {-5499315.048189, -2250231.003964, 2310734.853397}","-",21.38990553,-157.74190826,"2026-08-03T22:00:04.000Z","UAV 1"
"FRTRK1005","Move to {-5498755.048693, -2250824.434840, 2311307.787782}","-",21.38819730,-157.75010021,"2026-08-03T22:00:04.000Z","UAV 1"
"FRLAV001","Move to {-5499315.048189, -2250231.003964, 2310734.853397}","-",21.38973751,-157.74171355,"2026-08-03T22:00:04.000Z","UAV 1"
"FRTRK2001","Move to {-5498755.048693, -2250824.434840, 2311307.787782}","-",21.38836614,-157.75033788,"2026-08-03T22:00:04.000Z","UAV 1"
"FRTRK2002","Move to {-5498755.048693, -2250824.434840, 2311307.787782}","-",21.38827648,-157.75045965,"2026-08-03T22:00:04.000Z","UAV 1"
"FRM113001","Move to {-5499315.048189, -2250231.003964, 2310734.853397}","-",21.38989674,-157.74163464,"2026-08-03T22:00:04.000Z","UAV 1"
"FRLAV005","Move to {-5499315.048189, -2250231.003964, 2310734.853397}","-",21.38998248,-157.74192971,"2026-08-03T22:00:04.000Z","UAV 1"
"FRM109001","FFE-On-Location ""Location={-5499191.503627, -2251825.311346, 2309314.511859}""  Name of Weapons to Fire: Indirect-Fire-Gun:M107-155mm. Number-Of-Rounds: 1. Height-Above-Terrain: 0","-",21.39515360,-157.73702065,"2026-08-03T22:00:04.000Z","UAV 1"
"FRTRK1002","Move to {-5498755.048693, -2250824.434840, 2311307.787782}","-",21.38834872,-157.75052168,"2026-08-03T22:00:04.000Z","UAV 1"
"FRM113004","Move to {-5499315.048189, -2250231.003964, 2310734.853397}","-",21.38979509,-157.74195608,"2026-08-03T22:00:04.000Z","UAV 1"
"FRTRK2003","Move to {-5498755.048693, -2250824.434840, 2311307.787782}","-",21.38811112,-157.75019678,"2026-08-03T22:00:04.000Z","UAV 1"
"FRAHS002","FFE-On-Location ""Location={-5499132.853573, -2251193.466895, 2310064.199617}""  Name of Weapons to Fire: Indirect-Fire-Gun:M107-155mm. Number-Of-Rounds: 1. Height-Above-Terrain: 0","-",21.39520418,-157.73742074,"2026-08-03T22:00:04.000Z","UAV 1"
"FRTRK1004","Move to {-5498755.048693, -2250824.434840, 2311307.787782}","-",21.38812189,-157.75024638,"2026-08-03T22:00:04.000Z","UAV 1"
"ENM1A2003","Move to {-5499107.729384, -2250754.164082, 2310538.606898}","-",21.37332107,-157.74325039,"2026-08-03T22:00:00.000Z","UAV 1"
"ENT72007","Move to {-5499107.729384, -2250754.164082, 2310538.606898}","-",21.37116457,-157.74185204,"2026-08-03T22:00:00.000Z","UAV 1"
"ENT72003","Move to {-5499107.729384, -2250754.164082, 2310538.606898}","-",21.37142867,-157.74159647,"2026-08-03T22:00:00.000Z","UAV 1"
"ENT72012","Move to {-5499107.729384, -2250754.164082, 2310538.606898}","-",21.37135538,-157.74170428,"2026-08-03T22:00:00.000Z","UAV 1"
"ENMORT005","FFE-On-Location ""Location={-5499123.141030, -2250320.406046, 2311025.754248}""  Name of Weapons to Fire: Indirect-Fire-Gun:m9333he. Number-Of-Rounds: 1. Height-Above-Terrain: 0","-",21.37463885,-157.73701809,"2026-08-03T22:00:00.000Z","UAV 1"
"ENM1A2001","Move to {-5499107.729384, -2250754.164082, 2310538.606898}","-",21.37344826,-157.74288997,"2026-08-03T22:00:00.000Z","UAV 1"
"FRT69007","Move to {-5499315.048189, -2250231.003964, 2310734.853397}","-",21.38070294,-157.73204111,"2026-08-03T22:00:00.000Z","UAV 1"
"ENT72008","Move to {-5499107.729384, -2250754.164082, 2310538.606898}","-",21.37134233,-157.74168365,"2026-08-03T22:00:00.000Z","UAV 1"
"FRT69002","Move to {-5499315.048189, -2250231.003964, 2310734.853397}","-",21.38062312,-157.73220904,"2026-08-03T22:00:00.000Z","UAV 1"
"FRT69001","Move to {-5499315.048189, -2250231.003964, 2310734.853397}","-",21.38083049,-157.73220700,"2026-08-03T22:00:00.000Z","UAV 1"
"ENT72002","Move to {-5499107.729384, -2250754.164082, 2310538.606898}","-",21.37128608,-157.74157543,"2026-08-03T22:00:00.000Z","UAV 1"
"ENMORT004","FFE-On-Location ""Location={-5498511.672389, -2250935.799735, 2311770.746054}""  Name of Weapons to Fire: Indirect-Fire-Gun:m9333he. Number-Of-Rounds: 1. Height-Above-Terrain: 0","-",21.37449517,-157.73695548,"2026-08-03T22:00:00.000Z","UAV 1"
"ENM35004","Move to {-5499460.953457, -2250814.454542, 2309743.262342}","-",21.37321699,-157.73305944,"2026-08-03T22:00:00.000Z","UAV 1"
"ENGAZ001","Move to {-5499460.953457, -2250814.454542, 2309743.262342}","-",21.37337528,-157.73279257,"2026-08-03T22:00:00.000Z","UAV 1"
"ENBTR60006","Move to {-5499107.729384, -2250754.164082, 2310538.606898}","-",21.36897336,-157.74047149,"2026-08-03T22:00:00.000Z","UAV 1"
"FRT69006","Move to {-5499315.048189, -2250231.003964, 2310734.853397}","-",21.38096188,-157.73222439,"2026-08-03T22:00:00.000Z","UAV 1"
"ENBTR80004","Move to {-5499107.729384, -2250754.164082, 2310538.606898}","-",21.36892854,-157.74027557,"2026-08-03T22:00:00.000Z","UAV 1"
"ENBTR60003","Move to {-5499107.729384, -2250754.164082, 2310538.606898}","-",21.36886321,-157.74068485,"2026-08-03T22:00:00.000Z","UAV 1"
"ENM1A2002","Move to {-5499107.729384, -2250754.164082, 2310538.606898}","-",21.37356068,-157.74317200,"2026-08-03T22:00:00.000Z","UAV 1"
"ENCAESAR004","FFE-On-Location ""Location={-5499123.141030, -2250320.406046, 2311025.754248}""  Name of Weapons to Fire: Indirect-Fire-Gun:M107-155mm. Number-Of-Rounds: 1. Height-Above-Terrain: 0","-",21.36735946,-157.73175490,"2026-08-03T22:00:00.000Z","UAV 1"
"FRT69003","Move to {-5499315.048189, -2250231.003964, 2310734.853397}","-",21.38097332,-157.73240275,"2026-08-03T22:00:00.000Z","UAV 1"
"FRT69005","Move to {-5499315.048189, -2250231.003964, 2310734.853397}","-",21.38100014,-157.73233777,"2026-08-03T22:00:00.000Z","UAV 1"
"ENT72011","Move to {-5499107.729384, -2250754.164082, 2310538.606898}","-",21.37128822,-157.74162582,"2026-08-03T22:00:00.000Z","UAV 1"
"ENT72004","Move to {-5499107.729384, -2250754.164082, 2310538.606898}","-",21.37154521,-157.74163288,"2026-08-03T22:00:00.000Z","UAV 1"
"ENM35002","Move to {-5499460.953457, -2250814.454542, 2309743.262342}","-",21.37340544,-157.73283903,"2026-08-03T22:00:00.000Z","UAV 1"
"ENGAZ003","Move to {-5499460.953457, -2250814.454542, 2309743.262342}","-",21.37338431,-157.73326221,"2026-08-03T22:00:00.000Z","UAV 1"
"ENM35001","Move to {-5499460.953457, -2250814.454542, 2309743.262342}","-",21.37314687,-157.73312307,"2026-08-03T22:00:00.000Z","UAV 1"
"ENT72010","Move to {-5499107.729384, -2250754.164082, 2310538.606898}","-",21.37154256,-157.74155229,"2026-08-03T22:00:00.000Z","UAV 1"
"ENT72006","Move to {-5499107.729384, -2250754.164082, 2310538.606898}","-",21.37145835,-157.74180319,"2026-08-03T22:00:00.000Z","UAV 1"
"ENCAESAR003","FFE-On-Location ""Location={-5498511.672389, -2250935.799735, 2311770.746054}""  Name of Weapons to Fire: Indirect-Fire-Gun:M107-155mm. Number-Of-Rounds: 1. Height-Above-Terrain: 0","-",21.36719878,-157.73183038,"2026-08-03T22:00:00.000Z","UAV 1"
"ENMORT001","FFE-On-Location ""Location={-5499123.141030, -2250320.406046, 2311025.754248}""  Name of Weapons to Fire: Indirect-Fire-Gun:m9333he. Number-Of-Rounds: 1. Height-Above-Terrain: 0","-",21.37454920,-157.73726779,"2026-08-03T22:00:00.000Z","UAV 1"
"FRT69008","Move to {-5499315.048189, -2250231.003964, 2310734.853397}","-",21.38096961,-157.73244663,"2026-08-03T22:00:00.000Z","UAV 1"
"FRT69009","Move to {-5499315.048189, -2250231.003964, 2310734.853397}","-",21.38066035,-157.73234161,"2026-08-03T22:00:00.000Z","UAV 1"
"ENGAZ004","Move to {-5499460.953457, -2250814.454542, 2309743.262342}","-",21.37336764,-157.73318922,"2026-08-03T22:00:00.000Z","UAV 1"
"ENMORT003","FFE-On-Location ""Location={-5498358.113175, -2250865.429793, 2312201.552453}""  Name of Weapons to Fire: Indirect-Fire-Gun:m9333he. Number-Of-Rounds: 1. Height-Above-Terrain: 0","-",21.37448817,-157.73726715,"2026-08-03T22:00:00.000Z","UAV 1"
"FRT69010","Move to {-5499315.048189, -2250231.003964, 2310734.853397}","-",21.38075758,-157.73208913,"2026-08-03T22:00:00.000Z","UAV 1"
"ENM1A2004","Move to {-5499107.729384, -2250754.164082, 2310538.606898}","-",21.37346980,-157.74313700,"2026-08-03T22:00:00.000Z","UAV 1"
"ENM35003","Move to {-5499460.953457, -2250814.454542, 2309743.262342}","-",21.37355752,-157.73315653,"2026-08-03T22:00:00.000Z","UAV 1"
"ENBTR60005","Move to {-5499107.729384, -2250754.164082, 2310538.606898}","-",21.36897693,-157.74069464,"2026-08-03T22:00:00.000Z","UAV 1"
"FRMORT002","FFE-On-Location ""Location={-5499132.853573, -2251193.466895, 2310064.199617}""  Name of Weapons to Fire: Indirect-Fire-Gun:m9333he. Number-Of-Rounds: 1. Height-Above-Terrain: 0","-",21.39124517,-157.73722922,"2026-08-03T22:00:03.937Z","UAV 1"
"FRMORT002","FFE-On-Location ""Location={-5499132.853573, -2251193.466895, 2310064.199617}""  Name of Weapons to Fire: Indirect-Fire-Gun:m9333he. Number-Of-Rounds: 1. Height-Above-Terrain: 0","-",21.39124517,-157.73722922,"2026-08-03T22:00:03.937Z","UAV 1"
"FRMORT002","FFE-On-Location ""Location={-5499132.853573, -2251193.466895, 2310064.199617}""  Name of Weapons to Fire: Indirect-Fire-Gun:m9333he. Number-Of-Rounds: 1. Height-Above-Terrain: 0","-",21.39124517,-157.73722922,"2026-08-03T22:00:03.937Z","UAV 1"
"ENM1A2003","Move to {-5499107.729384, -2250754.164082, 2310538.606898}","-",21.37332113,-157.74325039,"2026-08-03T22:00:00.000Z","UAV 1"
"ENT72007","Move to {-5499107.729384, -2250754.164082, 2310538.606898}","-",21.37116462,-157.74185204,"2026-08-03T22:00:00.000Z","UAV 1"
"ENT72003","Move to {-5499107.729384, -2250754.164082, 2310538.606898}","-",21.37142872,-157.74159647,"2026-08-03T22:00:00.000Z","UAV 1"
"ENT72012","Move to {-5499107.729384, -2250754.164082, 2310538.606898}","-",21.37135542,-157.74170428,"2026-08-03T22:00:00.000Z","UAV 1"
"ENMORT005","FFE-On-Location ""Location={-5499123.141030, -2250320.406046, 2311025.754248}""  Name of Weapons to Fire: Indirect-Fire-Gun:m9333he. Number-Of-Rounds: 1. Height-Above-Terrain: 0","-",21.37463885,-157.73701809,"2026-08-03T22:00:00.000Z","UAV 1"
"ENM1A2001","Move to {-5499107.729384, -2250754.164082, 2310538.606898}","-",21.37344826,-157.74288997,"2026-08-03T22:00:00.000Z","UAV 1"
"FRT69007","Move to {-5499315.048189, -2250231.003964, 2310734.853397}","-",21.38070294,-157.73204111,"2026-08-03T22:00:00.000Z","UAV 1"
"ENT72008","Move to {-5499107.729384, -2250754.164082, 2310538.606898}","-",21.37134233,-157.74168365,"2026-08-03T22:00:00.000Z","UAV 1"
"FRT69002","Move to {-5499315.048189, -2250231.003964, 2310734.853397}","-",21.38062312,-157.73220904,"2026-08-03T22:00:00.000Z","UAV 1"
"FRT69001","Move to {-5499315.048189, -2250231.003964, 2310734.853397}","-",21.38083049,-157.73220700,"2026-08-03T22:00:00.000Z","UAV 1"
"ENT72002","Move to {-5499107.729384, -2250754.164082, 2310538.606898}","-",21.37128608,-157.74157543,"2026-08-03T22:00:00.000Z","UAV 1"
"ENMORT004","FFE-On-Location ""Location={-5498511.672389, -2250935.799735, 2311770.746054}""  Name of Weapons to Fire: Indirect-Fire-Gun:m9333he. Number-Of-Rounds: 1. Height-Above-Terrain: 0","-",21.37449517,-157.73695548,"2026-08-03T22:00:00.000Z","UAV 1"
"ENM35004","Move to {-5499460.953457, -2250814.454542, 2309743.262342}","-",21.37321699,-157.73305944,"2026-08-03T22:00:00.000Z","UAV 1"
"ENGAZ001","Move to {-5499460.953457, -2250814.454542, 2309743.262342}","-",21.37337528,-157.73279257,"2026-08-03T22:00:00.000Z","UAV 1"
"ENBTR60006","Move to {-5499107.729384, -2250754.164082, 2310538.606898}","-",21.36897336,-157.74047149,"2026-08-03T22:00:00.000Z","UAV 1"
"FRT69006","Move to {-5499315.048189, -2250231.003964, 2310734.853397}","-",21.38096188,-157.73222439,"2026-08-03T22:00:00.000Z","UAV 1"
"ENBTR80004","Move to {-5499107.729384, -2250754.164082, 2310538.606898}","-",21.36892854,-157.74027557,"2026-08-03T22:00:00.000Z","UAV 1"
"ENBTR60003","Move to {-5499107.729384, -2250754.164082, 2310538.606898}","-",21.36886321,-157.74068485,"2026-08-03T22:00:00.000Z","UAV 1"
"ENM1A2002","Move to {-5499107.729384, -2250754.164082, 2310538.606898}","-",21.37356068,-157.74317200,"2026-08-03T22:00:00.000Z","UAV 1"
"ENCAESAR004","FFE-On-Location ""Location={-5499123.141030, -2250320.406046, 2311025.754248}""  Name of Weapons to Fire: Indirect-Fire-Gun:M107-155mm. Number-Of-Rounds: 1. Height-Above-Terrain: 0","-",21.36735946,-157.73175490,"2026-08-03T22:00:00.000Z","UAV 1"
"FRT69003","Move to {-5499315.048189, -2250231.003964, 2310734.853397}","-",21.38097332,-157.73240275,"2026-08-03T22:00:00.000Z","UAV 1"
"FRT69005","Move to {-5499315.048189, -2250231.003964, 2310734.853397}","-",21.38100014,-157.73233777,"2026-08-03T22:00:00.000Z","UAV 1"
"ENT72011","Move to {-5499107.729384, -2250754.164082, 2310538.606898}","-",21.37128822,-157.74162582,"2026-08-03T22:00:00.000Z","UAV 1"
"ENT72004","Move to {-5499107.729384, -2250754.164082, 2310538.606898}","-",21.37154521,-157.74163288,"2026-08-03T22:00:00.000Z","UAV 1"
"ENM35002","Move to {-5499460.953457, -2250814.454542, 2309743.262342}","-",21.37340544,-157.73283903,"2026-08-03T22:00:00.000Z","UAV 1"
"ENGAZ003","Move to {-5499460.953457, -2250814.454542, 2309743.262342}","-",21.37338431,-157.73326221,"2026-08-03T22:00:00.000Z","UAV 1"
"ENM35001","Move to {-5499460.953457, -2250814.454542, 2309743.262342}","-",21.37314687,-157.73312307,"2026-08-03T22:00:00.000Z","UAV 1"
"ENT72010","Move to {-5499107.729384, -2250754.164082, 2310538.606898}","-",21.37154256,-157.74155229,"2026-08-03T22:00:00.000Z","UAV 1"
"ENT72006","Move to {-5499107.729384, -2250754.164082, 2310538.606898}","-",21.37145835,-157.74180319,"2026-08-03T22:00:00.000Z","UAV 1"
"ENCAESAR003","FFE-On-Location ""Location={-5498511.672389, -2250935.799735, 2311770.746054}""  Name of Weapons to Fire: Indirect-Fire-Gun:M107-155mm. Number-Of-Rounds: 1. Height-Above-Terrain: 0","-",21.36719878,-157.73183038,"2026-08-03T22:00:00.000Z","UAV 1"
"ENMORT001","FFE-On-Location ""Location={-5499123.141030, -2250320.406046, 2311025.754248}""  Name of Weapons to Fire: Indirect-Fire-Gun:m9333he. Number-Of-Rounds: 1. Height-Above-Terrain: 0","-",21.37454920,-157.73726779,"2026-08-03T22:00:00.000Z","UAV 1"
"FRT69008","Move to {-5499315.048189, -2250231.003964, 2310734.853397}","-",21.38096961,-157.73244663,"2026-08-03T22:00:00.000Z","UAV 1"
"FRT69009","Move to {-5499315.048189, -2250231.003964, 2310734.853397}","-",21.38066035,-157.73234161,"2026-08-03T22:00:00.000Z","UAV 1"
"ENGAZ004","Move to {-5499460.953457, -2250814.454542, 2309743.262342}","-",21.37336764,-157.73318922,"2026-08-03T22:00:00.000Z","UAV 1"
"ENMORT003","FFE-On-Location ""Location={-5498358.113175, -2250865.429793, 2312201.552453}""  Name of Weapons to Fire: Indirect-Fire-Gun:m9333he. Number-Of-Rounds: 1. Height-Above-Terrain: 0","-",21.37448817,-157.73726715,"2026-08-03T22:00:00.000Z","UAV 1"
"FRT69010","Move to {-5499315.048189, -2250231.003964, 2310734.853397}","-",21.38075758,-157.73208913,"2026-08-03T22:00:00.000Z","UAV 1"
"ENM1A2004","Move to {-5499107.729384, -2250754.164082, 2310538.606898}","-",21.37346980,-157.74313700,"2026-08-03T22:00:00.000Z","UAV 1"
"ENM35003","Move to {-5499460.953457, -2250814.454542, 2309743.262342}","-",21.37355752,-157.73315653,"2026-08-03T22:00:00.000Z","UAV 1"
"ENBTR60005","Move to {-5499107.729384, -2250754.164082, 2310538.606898}","-",21.36897693,-157.74069464,"2026-08-03T22:00:00.000Z","UAV 1"
"ENM1A2003","Move to {-5499107.729384, -2250754.164082, 2310538.606898}","-",21.37332113,-157.74325039,"2026-08-03T22:00:00.000Z","UAV 1"
"ENT72007","Move to {-5499107.729384, -2250754.164082, 2310538.606898}","-",21.37116462,-157.74185204,"2026-08-03T22:00:00.000Z","UAV 1"
"ENT72003","Move to {-5499107.729384, -2250754.164082, 2310538.606898}","-",21.37142872,-157.74159647,"2026-08-03T22:00:00.000Z","UAV 1"
"ENT72012","Move to {-5499107.729384, -2250754.164082, 2310538.606898}","-",21.37135542,-157.74170428,"2026-08-03T22:00:00.000Z","UAV 1"
"ENMORT005","FFE-On-Location ""Location={-5499123.141030, -2250320.406046, 2311025.754248}""  Name of Weapons to Fire: Indirect-Fire-Gun:m9333he. Number-Of-Rounds: 1. Height-Above-Terrain: 0","-",21.37463885,-157.73701809,"2026-08-03T22:00:00.000Z","UAV 1"
"ENM1A2001","Move to {-5499107.729384, -2250754.164082, 2310538.606898}","-",21.37344826,-157.74288997,"2026-08-03T22:00:00.000Z","UAV 1"
"FRT69007","Move to {-5499315.048189, -2250231.003964, 2310734.853397}","-",21.38070294,-157.73204111,"2026-08-03T22:00:00.000Z","UAV 1"
"ENT72008","Move to {-5499107.729384, -2250754.164082, 2310538.606898}","-",21.37134233,-157.74168365,"2026-08-03T22:00:00.000Z","UAV 1"
"FRT69002","Move to {-5499315.048189, -2250231.003964, 2310734.853397}","-",21.38062312,-157.73220904,"2026-08-03T22:00:00.000Z","UAV 1"
"FRT69001","Move to {-5499315.048189, -2250231.003964, 2310734.853397}","-",21.38083049,-157.73220700,"2026-08-03T22:00:00.000Z","UAV 1"
"ENT72002","Move to {-5499107.729384, -2250754.164082, 2310538.606898}","-",21.37128608,-157.74157543,"2026-08-03T22:00:00.000Z","UAV 1"
"ENMORT004","FFE-On-Location ""Location={-5498511.672389, -2250935.799735, 2311770.746054}""  Name of Weapons to Fire: Indirect-Fire-Gun:m9333he. Number-Of-Rounds: 1. Height-Above-Terrain: 0","-",21.37449517,-157.73695548,"2026-08-03T22:00:00.000Z","UAV 1"
"ENM35004","Move to {-5499460.953457, -2250814.454542, 2309743.262342}","-",21.37321699,-157.73305944,"2026-08-03T22:00:00.000Z","UAV 1"
"ENGAZ001","Move to {-5499460.953457, -2250814.454542, 2309743.262342}","-",21.37337528,-157.73279257,"2026-08-03T22:00:00.000Z","UAV 1"
"ENBTR60006","Move to {-5499107.729384, -2250754.164082, 2310538.606898}","-",21.36897336,-157.74047149,"2026-08-03T22:00:00.000Z","UAV 1"
"FRT69006","Move to {-5499315.048189, -2250231.003964, 2310734.853397}","-",21.38096188,-157.73222439,"2026-08-03T22:00:00.000Z","UAV 1"
"ENBTR80004","Move to {-5499107.729384, -2250754.164082, 2310538.606898}","-",21.36892854,-157.74027557,"2026-08-03T22:00:00.000Z","UAV 1"
"ENBTR60003","Move to {-5499107.729384, -2250754.164082, 2310538.606898}","-",21.36886321,-157.74068485,"2026-08-03T22:00:00.000Z","UAV 1"
"ENM1A2002","Move to {-5499107.729384, -2250754.164082, 2310538.606898}","-",21.37356068,-157.74317200,"2026-08-03T22:00:00.000Z","UAV 1"
"ENCAESAR004","FFE-On-Location ""Location={-5499123.141030, -2250320.406046, 2311025.754248}""  Name of Weapons to Fire: Indirect-Fire-Gun:M107-155mm. Number-Of-Rounds: 1. Height-Above-Terrain: 0","-",21.36735946,-157.73175490,"2026-08-03T22:00:00.000Z","UAV 1"
"FRT69003","Move to {-5499315.048189, -2250231.003964, 2310734.853397}","-",21.38097332,-157.73240275,"2026-08-03T22:00:00.000Z","UAV 1"
"FRT69005","Move to {-5499315.048189, -2250231.003964, 2310734.853397}","-",21.38100014,-157.73233777,"2026-08-03T22:00:00.000Z","UAV 1"
"ENT72011","Move to {-5499107.729384, -2250754.164082, 2310538.606898}","-",21.37128822,-157.74162582,"2026-08-03T22:00:00.000Z","UAV 1"
"ENT72004","Move to {-5499107.729384, -2250754.164082, 2310538.606898}","-",21.37154521,-157.74163288,"2026-08-03T22:00:00.000Z","UAV 1"
"ENM35002","Move to {-5499460.953457, -2250814.454542, 2309743.262342}","-",21.37340544,-157.73283903,"2026-08-03T22:00:00.000Z","UAV 1"
"ENGAZ003","Move to {-5499460.953457, -2250814.454542, 2309743.262342}","-",21.37338431,-157.73326221,"2026-08-03T22:00:00.000Z","UAV 1"
"ENM35001","Move to {-5499460.953457, -2250814.454542, 2309743.262342}","-",21.37314687,-157.73312307,"2026-08-03T22:00:00.000Z","UAV 1"
"ENT72010","Move to {-5499107.729384, -2250754.164082, 2310538.606898}","-",21.37154256,-157.74155229,"2026-08-03T22:00:00.000Z","UAV 1"
"ENT72006","Move to {-5499107.729384, -2250754.164082, 2310538.606898}","-",21.37145835,-157.74180319,"2026-08-03T22:00:00.000Z","UAV 1"
"ENCAESAR003","FFE-On-Location ""Location={-5498511.672389, -2250935.799735, 2311770.746054}""  Name of Weapons to Fire: Indirect-Fire-Gun:M107-155mm. Number-Of-Rounds: 1. Height-Above-Terrain: 0","-",21.36719878,-157.73183038,"2026-08-03T22:00:00.000Z","UAV 1"
"ENMORT001","FFE-On-Location ""Location={-5499123.141030, -2250320.406046, 2311025.754248}""  Name of Weapons to Fire: Indirect-Fire-Gun:m9333he. Number-Of-Rounds: 1. Height-Above-Terrain: 0","-",21.37454920,-157.73726779,"2026-08-03T22:00:00.000Z","UAV 1"
"FRT69008","Move to {-5499315.048189, -2250231.003964, 2310734.853397}","-",21.38096961,-157.73244663,"2026-08-03T22:00:00.000Z","UAV 1"
"FRT69009","Move to {-5499315.048189, -2250231.003964, 2310734.853397}","-",21.38066035,-157.73234161,"2026-08-03T22:00:00.000Z","UAV 1"
"ENGAZ004","Move to {-5499460.953457, -2250814.454542, 2309743.262342}","-",21.37336764,-157.73318922,"2026-08-03T22:00:00.000Z","UAV 1"
"ENMORT003","FFE-On-Location ""Location={-5498358.113175, -2250865.429793, 2312201.552453}""  Name of Weapons to Fire: Indirect-Fire-Gun:m9333he. Number-Of-Rounds: 1. Height-Above-Terrain: 0","-",21.37448817,-157.73726715,"2026-08-03T22:00:00.000Z","UAV 1"
"FRT69010","Move to {-5499315.048189, -2250231.003964, 2310734.853397}","-",21.38075758,-157.73208913,"2026-08-03T22:00:00.000Z","UAV 1"
"ENM1A2004","Move to {-5499107.729384, -2250754.164082, 2310538.606898}","-",21.37346980,-157.74313700,"2026-08-03T22:00:00.000Z","UAV 1"
"ENM35003","Move to {-5499460.953457, -2250814.454542, 2309743.262342}","-",21.37355752,-157.73315653,"2026-08-03T22:00:00.000Z","UAV 1"
"ENBTR60005","Move to {-5499107.729384, -2250754.164082, 2310538.606898}","-",21.36897693,-157.74069464,"2026-08-03T22:00:00.000Z","UAV 1"
"ENM1A2003","Move to {-5499107.729384, -2250754.164082, 2310538.606898}","-",21.37332075,-157.74325039,"2026-08-04T04:08:39.000Z","UAV 1"
"ENT72007","Move to {-5499107.729384, -2250754.164082, 2310538.606898}","-",21.37116430,-157.74185204,"2026-08-04T04:08:39.000Z","UAV 1"
"ENT72003","Move to {-5499107.729384, -2250754.164082, 2310538.606898}","-",21.37142841,-157.74159647,"2026-08-04T04:08:39.000Z","UAV 1"
"ENT72012","Move to {-5499107.729384, -2250754.164082, 2310538.606898}","-",21.37135511,-157.74170428,"2026-08-04T04:08:39.000Z","UAV 1"
"ENMORT005","FFE-On-Location ""Location={-5499123.141030, -2250320.406046, 2311025.754248}""  Name of Weapons to Fire: Indirect-Fire-Gun:m9333he. Number-Of-Rounds: 1. Height-Above-Terrain: 0","-",21.37463885,-157.73701809,"2026-08-04T04:08:39.000Z","UAV 1"
"ENM1A2001","Move to {-5499107.729384, -2250754.164082, 2310538.606898}","-",21.37344826,-157.74288997,"2026-08-04T04:08:39.000Z","UAV 1"
"FRT69007","Move to {-5499315.048189, -2250231.003964, 2310734.853397}","-",21.38070294,-157.73204111,"2026-08-04T04:08:39.000Z","UAV 1"
"ENT72008","Move to {-5499107.729384, -2250754.164082, 2310538.606898}","-",21.37134233,-157.74168365,"2026-08-04T04:08:39.000Z","UAV 1"
"FRT69002","Move to {-5499315.048189, -2250231.003964, 2310734.853397}","-",21.38062312,-157.73220904,"2026-08-04T04:08:39.000Z","UAV 1"
"FRT69001","Move to {-5499315.048189, -2250231.003964, 2310734.853397}","-",21.38083049,-157.73220700,"2026-08-04T04:08:39.000Z","UAV 1"
"ENT72002","Move to {-5499107.729384, -2250754.164082, 2310538.606898}","-",21.37128608,-157.74157543,"2026-08-04T04:08:39.000Z","UAV 1"
"ENMORT004","FFE-On-Location ""Location={-5498511.672389, -2250935.799735, 2311770.746054}""  Name of Weapons to Fire: Indirect-Fire-Gun:m9333he. Number-Of-Rounds: 1. Height-Above-Terrain: 0","-",21.37449517,-157.73695548,"2026-08-04T04:08:39.000Z","UAV 1"
"ENM35004","Move to {-5499460.953457, -2250814.454542, 2309743.262342}","-",21.37321699,-157.73305944,"2026-08-04T04:08:39.000Z","UAV 1"
"ENGAZ001","Move to {-5499460.953457, -2250814.454542, 2309743.262342}","-",21.37337528,-157.73279257,"2026-08-04T04:08:39.000Z","UAV 1"
"ENBTR60006","Move to {-5499107.729384, -2250754.164082, 2310538.606898}","-",21.36897336,-157.74047149,"2026-08-04T04:08:39.000Z","UAV 1"
"FRT69006","Move to {-5499315.048189, -2250231.003964, 2310734.853397}","-",21.38096188,-157.73222439,"2026-08-04T04:08:39.000Z","UAV 1"
"ENBTR80004","Move to {-5499107.729384, -2250754.164082, 2310538.606898}","-",21.36892854,-157.74027557,"2026-08-04T04:08:39.000Z","UAV 1"
"ENBTR60003","Move to {-5499107.729384, -2250754.164082, 2310538.606898}","-",21.36886321,-157.74068485,"2026-08-04T04:08:39.000Z","UAV 1"
"ENM1A2002","Move to {-5499107.729384, -2250754.164082, 2310538.606898}","-",21.37356068,-157.74317200,"2026-08-04T04:08:39.000Z","UAV 1"
"FRT69003","Move to {-5499315.048189, -2250231.003964, 2310734.853397}","-",21.38097332,-157.73240275,"2026-08-04T04:08:39.000Z","UAV 1"
"FRT69005","Move to {-5499315.048189, -2250231.003964, 2310734.853397}","-",21.38100014,-157.73233777,"2026-08-04T04:08:39.000Z","UAV 1"
"ENT72011","Move to {-5499107.729384, -2250754.164082, 2310538.606898}","-",21.37128822,-157.74162582,"2026-08-04T04:08:39.000Z","UAV 1"
"ENT72004","Move to {-5499107.729384, -2250754.164082, 2310538.606898}","-",21.37154521,-157.74163288,"2026-08-04T04:08:39.000Z","UAV 1"
"ENM35002","Move to {-5499460.953457, -2250814.454542, 2309743.262342}","-",21.37340544,-157.73283903,"2026-08-04T04:08:39.000Z","UAV 1"
"ENGAZ003","Move to {-5499460.953457, -2250814.454542, 2309743.262342}","-",21.37338431,-157.73326221,"2026-08-04T04:08:39.000Z","UAV 1"
"ENM35001","Move to {-5499460.953457, -2250814.454542, 2309743.262342}","-",21.37314687,-157.73312307,"2026-08-04T04:08:39.000Z","UAV 1"
"ENT72010","Move to {-5499107.729384, -2250754.164082, 2310538.606898}","-",21.37154256,-157.74155229,"2026-08-04T04:08:39.000Z","UAV 1"
"ENT72006","Move to {-5499107.729384, -2250754.164082, 2310538.606898}","-",21.37145835,-157.74180319,"2026-08-04T04:08:39.000Z","UAV 1"
"ENMORT001","FFE-On-Location ""Location={-5499123.141030, -2250320.406046, 2311025.754248}""  Name of Weapons to Fire: Indirect-Fire-Gun:m9333he. Number-Of-Rounds: 1. Height-Above-Terrain: 0","-",21.37454920,-157.73726779,"2026-08-04T04:08:39.000Z","UAV 1"
"FRT69008","Move to {-5499315.048189, -2250231.003964, 2310734.853397}","-",21.38096961,-157.73244663,"2026-08-04T04:08:39.000Z","UAV 1"
"FRT69009","Move to {-5499315.048189, -2250231.003964, 2310734.853397}","-",21.38066035,-157.73234161,"2026-08-04T04:08:39.000Z","UAV 1"
"ENGAZ004","Move to {-5499460.953457, -2250814.454542, 2309743.262342}","-",21.37336764,-157.73318922,"2026-08-04T04:08:39.000Z","UAV 1"
"ENMORT003","FFE-On-Location ""Location={-5498358.113175, -2250865.429793, 2312201.552453}""  Name of Weapons to Fire: Indirect-Fire-Gun:m9333he. Number-Of-Rounds: 1. Height-Above-Terrain: 0","-",21.37448817,-157.73726715,"2026-08-04T04:08:39.000Z","UAV 1"
"FRT69010","Move to {-5499315.048189, -2250231.003964, 2310734.853397}","-",21.38075758,-157.73208913,"2026-08-04T04:08:39.000Z","UAV 1"
"ENM1A2004","Move to {-5499107.729384, -2250754.164082, 2310538.606898}","-",21.37346980,-157.74313700,"2026-08-04T04:08:39.000Z","UAV 1"
"ENM35003","Move to {-5499460.953457, -2250814.454542, 2309743.262342}","-",21.37355752,-157.73315653,"2026-08-04T04:08:39.000Z","UAV 1"
"ENBTR60005","Move to {-5499107.729384, -2250754.164082, 2310538.606898}","-",21.36897693,-157.74069464,"2026-08-04T04:08:39.000Z","UAV 1"
"ENM1A2003","Move to {-5499107.729384, -2250754.164082, 2310538.606898}","-",21.37332103,-157.74325039,"2026-08-04T04:09:15.000Z","UAV 1"
"ENT72007","Move to {-5499107.729384, -2250754.164082, 2310538.606898}","-",21.37116453,-157.74185204,"2026-08-04T04:09:15.000Z","UAV 1"
"ENT72003","Move to {-5499107.729384, -2250754.164082, 2310538.606898}","-",21.37142864,-157.74159647,"2026-08-04T04:09:15.000Z","UAV 1"
"ENT72012","Move to {-5499107.729384, -2250754.164082, 2310538.606898}","-",21.37135534,-157.74170428,"2026-08-04T04:09:15.000Z","UAV 1"
"ENMORT005","FFE-On-Location ""Location={-5499123.141030, -2250320.406046, 2311025.754248}""  Name of Weapons to Fire: Indirect-Fire-Gun:m9333he. Number-Of-Rounds: 1. Height-Above-Terrain: 0","-",21.37463885,-157.73701809,"2026-08-04T04:09:15.000Z","UAV 1"
"ENM1A2001","Move to {-5499107.729384, -2250754.164082, 2310538.606898}","-",21.37344826,-157.74288997,"2026-08-04T04:09:15.000Z","UAV 1"
"FRT69007","Move to {-5499315.048189, -2250231.003964, 2310734.853397}","-",21.38070294,-157.73204111,"2026-08-04T04:09:15.000Z","UAV 1"
"ENT72008","Move to {-5499107.729384, -2250754.164082, 2310538.606898}","-",21.37134233,-157.74168365,"2026-08-04T04:09:15.000Z","UAV 1"
"FRT69002","Move to {-5499315.048189, -2250231.003964, 2310734.853397}","-",21.38062312,-157.73220904,"2026-08-04T04:09:15.000Z","UAV 1"
"FRT69001","Move to {-5499315.048189, -2250231.003964, 2310734.853397}","-",21.38083049,-157.73220700,"2026-08-04T04:09:15.000Z","UAV 1"
"ENT72002","Move to {-5499107.729384, -2250754.164082, 2310538.606898}","-",21.37128608,-157.74157543,"2026-08-04T04:09:15.000Z","UAV 1"
"ENMORT004","FFE-On-Location ""Location={-5498511.672389, -2250935.799735, 2311770.746054}""  Name of Weapons to Fire: Indirect-Fire-Gun:m9333he. Number-Of-Rounds: 1. Height-Above-Terrain: 0","-",21.37449517,-157.73695548,"2026-08-04T04:09:15.000Z","UAV 1"
"ENM35004","Move to {-5499460.953457, -2250814.454542, 2309743.262342}","-",21.37321699,-157.73305944,"2026-08-04T04:09:15.000Z","UAV 1"
"ENGAZ001","Move to {-5499460.953457, -2250814.454542, 2309743.262342}","-",21.37337528,-157.73279257,"2026-08-04T04:09:15.000Z","UAV 1"
"ENBTR60006","Move to {-5499107.729384, -2250754.164082, 2310538.606898}","-",21.36897336,-157.74047149,"2026-08-04T04:09:15.000Z","UAV 1"
"FRT69006","Move to {-5499315.048189, -2250231.003964, 2310734.853397}","-",21.38096188,-157.73222439,"2026-08-04T04:09:15.000Z","UAV 1"
"ENBTR80004","Move to {-5499107.729384, -2250754.164082, 2310538.606898}","-",21.36892854,-157.74027557,"2026-08-04T04:09:15.000Z","UAV 1"
"ENBTR60003","Move to {-5499107.729384, -2250754.164082, 2310538.606898}","-",21.36886321,-157.74068485,"2026-08-04T04:09:15.000Z","UAV 1"
"ENM1A2002","Move to {-5499107.729384, -2250754.164082, 2310538.606898}","-",21.37356068,-157.74317200,"2026-08-04T04:09:15.000Z","UAV 1"
"FRT69003","Move to {-5499315.048189, -2250231.003964, 2310734.853397}","-",21.38097332,-157.73240275,"2026-08-04T04:09:15.000Z","UAV 1"
"FRT69005","Move to {-5499315.048189, -2250231.003964, 2310734.853397}","-",21.38100014,-157.73233777,"2026-08-04T04:09:15.000Z","UAV 1"
"ENT72011","Move to {-5499107.729384, -2250754.164082, 2310538.606898}","-",21.37128822,-157.74162582,"2026-08-04T04:09:15.000Z","UAV 1"
"ENT72004","Move to {-5499107.729384, -2250754.164082, 2310538.606898}","-",21.37154521,-157.74163288,"2026-08-04T04:09:15.000Z","UAV 1"
"ENM35002","Move to {-5499460.953457, -2250814.454542, 2309743.262342}","-",21.37340544,-157.73283903,"2026-08-04T04:09:15.000Z","UAV 1"
"ENGAZ003","Move to {-5499460.953457, -2250814.454542, 2309743.262342}","-",21.37338431,-157.73326221,"2026-08-04T04:09:15.000Z","UAV 1"
"ENM35001","Move to {-5499460.953457, -2250814.454542, 2309743.262342}","-",21.37314687,-157.73312307,"2026-08-04T04:09:15.000Z","UAV 1"
"ENT72010","Move to {-5499107.729384, -2250754.164082, 2310538.606898}","-",21.37154256,-157.74155229,"2026-08-04T04:09:15.000Z","UAV 1"
"ENT72006","Move to {-5499107.729384, -2250754.164082, 2310538.606898}","-",21.37145835,-157.74180319,"2026-08-04T04:09:15.000Z","UAV 1"
"ENMORT001","FFE-On-Location ""Location={-5499123.141030, -2250320.406046, 2311025.754248}""  Name of Weapons to Fire: Indirect-Fire-Gun:m9333he. Number-Of-Rounds: 1. Height-Above-Terrain: 0","-",21.37454920,-157.73726779,"2026-08-04T04:09:15.000Z","UAV 1"
"FRT69008","Move to {-5499315.048189, -2250231.003964, 2310734.853397}","-",21.38096961,-157.73244663,"2026-08-04T04:09:15.000Z","UAV 1"
"FRT69009","Move to {-5499315.048189, -2250231.003964, 2310734.853397}","-",21.38066035,-157.73234161,"2026-08-04T04:09:15.000Z","UAV 1"
"ENGAZ004","Move to {-5499460.953457, -2250814.454542, 2309743.262342}","-",21.37336764,-157.73318922,"2026-08-04T04:09:15.000Z","UAV 1"
"ENMORT003","FFE-On-Location ""Location={-5498358.113175, -2250865.429793, 2312201.552453}""  Name of Weapons to Fire: Indirect-Fire-Gun:m9333he. Number-Of-Rounds: 1. Height-Above-Terrain: 0","-",21.37448817,-157.73726715,"2026-08-04T04:09:15.000Z","UAV 1"
"FRT69010","Move to {-5499315.048189, -2250231.003964, 2310734.853397}","-",21.38075758,-157.73208913,"2026-08-04T04:09:15.000Z","UAV 1"
"ENM1A2004","Move to {-5499107.729384, -2250754.164082, 2310538.606898}","-",21.37346980,-157.74313700,"2026-08-04T04:09:15.000Z","UAV 1"
"ENM35003","Move to {-5499460.953457, -2250814.454542, 2309743.262342}","-",21.37355752,-157.73315653,"2026-08-04T04:09:15.000Z","UAV 1"
"ENBTR60005","Move to {-5499107.729384, -2250754.164082, 2310538.606898}","-",21.36897693,-157.74069464,"2026-08-04T04:09:15.000Z","UAV 1"
"ENT72003","Move to {-5499107.729384, -2250754.164082, 2310538.606898}","-",21.37166785,-157.74157767,"2026-08-04T04:09:46.000Z","UAV 1"
"ENT72012","Move to {-5499107.729384, -2250754.164082, 2310538.606898}","-",21.37157611,-157.74168405,"2026-08-04T04:09:46.000Z","UAV 1"
"ENMORT005","FFE-On-Location ""Location={-5499123.141030, -2250320.406046, 2311025.754248}""  Name of Weapons to Fire: Indirect-Fire-Gun:m9333he. Number-Of-Rounds: 1. Height-Above-Terrain: 0","-",21.37463885,-157.73701809,"2026-08-04T04:09:46.000Z","UAV 1"
"ENM1A2001","Move to {-5499107.729384, -2250754.164082, 2310538.606898}","-",21.37347375,-157.74288544,"2026-08-04T04:09:46.000Z","UAV 1"
"FRT69007","Move to {-5499315.048189, -2250231.003964, 2310734.853397}","-",21.38072284,-157.73204405,"2026-08-04T04:09:46.000Z","UAV 1"
"ENT72008","Move to {-5499107.729384, -2250754.164082, 2310538.606898}","-",21.37137633,-157.74168066,"2026-08-04T04:09:46.000Z","UAV 1"
"ENT72002","Move to {-5499107.729384, -2250754.164082, 2310538.606898}","-",21.37131330,-157.74157344,"2026-08-04T04:09:46.000Z","UAV 1"
"ENMORT004","FFE-On-Location ""Location={-5498511.672389, -2250935.799735, 2311770.746054}""  Name of Weapons to Fire: Indirect-Fire-Gun:m9333he. Number-Of-Rounds: 1. Height-Above-Terrain: 0","-",21.37449517,-157.73695548,"2026-08-04T04:09:46.000Z","UAV 1"
"ENM35004","Move to {-5499460.953457, -2250814.454542, 2309743.262342}","-",21.37322874,-157.73306034,"2026-08-04T04:09:46.000Z","UAV 1"
"ENGAZ001","Move to {-5499460.953457, -2250814.454542, 2309743.262342}","-",21.37339344,-157.73279475,"2026-08-04T04:09:46.000Z","UAV 1"
"ENBTR60006","Move to {-5499107.729384, -2250754.164082, 2310538.606898}","-",21.36899960,-157.74047279,"2026-08-04T04:09:46.000Z","UAV 1"
"FRT69006","Move to {-5499315.048189, -2250231.003964, 2310734.853397}","-",21.38098178,-157.73222733,"2026-08-04T04:09:46.000Z","UAV 1"
"ENBTR80004","Move to {-5499107.729384, -2250754.164082, 2310538.606898}","-",21.36895216,-157.74027718,"2026-08-04T04:09:46.000Z","UAV 1"
"ENBTR60003","Move to {-5499107.729384, -2250754.164082, 2310538.606898}","-",21.36888799,-157.74068556,"2026-08-04T04:09:46.000Z","UAV 1"
"FRT69003","Move to {-5499315.048189, -2250231.003964, 2310734.853397}","-",21.38099322,-157.73240569,"2026-08-04T04:09:46.000Z","UAV 1"
"FRT69005","Move to {-5499315.048189, -2250231.003964, 2310734.853397}","-",21.38102004,-157.73234071,"2026-08-04T04:09:46.000Z","UAV 1"
"ENT72011","Move to {-5499107.729384, -2250754.164082, 2310538.606898}","-",21.37131604,-157.74162360,"2026-08-04T04:09:46.000Z","UAV 1"
"ENT72004","Move to {-5499107.729384, -2250754.164082, 2310538.606898}","-",21.37156953,-157.74163086,"2026-08-04T04:09:46.000Z","UAV 1"
"ENM35002","Move to {-5499460.953457, -2250814.454542, 2309743.262342}","-",21.37341773,-157.73283997,"2026-08-04T04:09:46.000Z","UAV 1"
"ENGAZ003","Move to {-5499460.953457, -2250814.454542, 2309743.262342}","-",21.37340189,-157.73326432,"2026-08-04T04:09:46.000Z","UAV 1"
"ENM35001","Move to {-5499460.953457, -2250814.454542, 2309743.262342}","-",21.37315855,-157.73312397,"2026-08-04T04:09:46.000Z","UAV 1"
"ENT72010","Move to {-5499107.729384, -2250754.164082, 2310538.606898}","-",21.37156614,-157.74155058,"2026-08-04T04:09:46.000Z","UAV 1"
"ENT72006","Move to {-5499107.729384, -2250754.164082, 2310538.606898}","-",21.37148454,-157.74180046,"2026-08-04T04:09:46.000Z","UAV 1"
"ENMORT001","FFE-On-Location ""Location={-5499123.141030, -2250320.406046, 2311025.754248}""  Name of Weapons to Fire: Indirect-Fire-Gun:m9333he. Number-Of-Rounds: 1. Height-Above-Terrain: 0","-",21.37454920,-157.73726779,"2026-08-04T04:09:46.000Z","UAV 1"
"FRT69008","Move to {-5499315.048189, -2250231.003964, 2310734.853397}","-",21.38098951,-157.73244957,"2026-08-04T04:09:46.000Z","UAV 1"
"FRT69009","Move to {-5499315.048189, -2250231.003964, 2310734.853397}","-",21.38068025,-157.73234455,"2026-08-04T04:09:46.000Z","UAV 1"
"ENGAZ004","Move to {-5499460.953457, -2250814.454542, 2309743.262342}","-",21.37338524,-157.73319133,"2026-08-04T04:09:46.000Z","UAV 1"
"ENMORT003","FFE-On-Location ""Location={-5498358.113175, -2250865.429793, 2312201.552453}""  Name of Weapons to Fire: Indirect-Fire-Gun:m9333he. Number-Of-Rounds: 1. Height-Above-Terrain: 0","-",21.37448817,-157.73726715,"2026-08-04T04:09:46.000Z","UAV 1"
"FRT69010","Move to {-5499315.048189, -2250231.003964, 2310734.853397}","-",21.38077749,-157.73209207,"2026-08-04T04:09:46.000Z","UAV 1"
"ENM1A2004","Move to {-5499107.729384, -2250754.164082, 2310538.606898}","-",21.37349736,-157.74313210,"2026-08-04T04:09:46.000Z","UAV 1"
"ENM35003","Move to {-5499460.953457, -2250814.454542, 2309743.262342}","-",21.37356964,-157.73315746,"2026-08-04T04:09:46.000Z","UAV 1"
"ENBTR60005","Move to {-5499107.729384, -2250754.164082, 2310538.606898}","-",21.36900226,-157.74069535,"2026-08-04T04:09:46.000Z","UAV 1"
"ENT72005","Move to {-5499107.729384, -2250754.164082, 2310538.606898}","-",21.37133190,-157.74188300,"2026-08-04T04:09:46.000Z","UAV 1"
"ENT72001","Move to {-5499107.729384, -2250754.164082, 2310538.606898}","-",21.37147478,-157.74170700,"2026-08-04T04:09:46.000Z","UAV 1"
"ENBTR80001","Move to {-5499107.729384, -2250754.164082, 2310538.606898}","-",21.36866902,-157.74039725,"2026-08-04T04:09:46.000Z","UAV 1"
"ENT72009","Move to {-5499107.729384, -2250754.164082, 2310538.606898}","-",21.37115534,-157.74169906,"2026-08-04T04:09:46.000Z","UAV 1"
"ENBTR60007","Move to {-5499107.729384, -2250754.164082, 2310538.606898}","-",21.36887739,-157.74045730,"2026-08-04T04:09:46.000Z","UAV 1"
"ENBTR60008","Move to {-5499107.729384, -2250754.164082, 2310538.606898}","-",21.36873408,-157.74030730,"2026-08-04T04:09:46.000Z","UAV 1"
"ENBTR80005","Move to {-5499107.729384, -2250754.164082, 2310538.606898}","-",21.36886839,-157.74057740,"2026-08-04T04:09:46.000Z","UAV 1"
"ENM1A2003","Move to {-5499107.729384, -2250754.164082, 2310538.606898}","-",21.37332107,-157.74325039,"2026-08-04T04:13:00.000Z","UAV 1"
"ENT72007","Move to {-5499107.729384, -2250754.164082, 2310538.606898}","-",21.37116457,-157.74185204,"2026-08-04T04:13:00.000Z","UAV 1"
"ENT72003","Move to {-5499107.729384, -2250754.164082, 2310538.606898}","-",21.37142867,-157.74159647,"2026-08-04T04:13:00.000Z","UAV 1"
"ENT72012","Move to {-5499107.729384, -2250754.164082, 2310538.606898}","-",21.37135538,-157.74170428,"2026-08-04T04:13:00.000Z","UAV 1"
"ENMORT005","FFE-On-Location ""Location={-5499123.141030, -2250320.406046, 2311025.754248}""  Name of Weapons to Fire: Indirect-Fire-Gun:m9333he. Number-Of-Rounds: 1. Height-Above-Terrain: 0","-",21.37463885,-157.73701809,"2026-08-04T04:13:00.000Z","UAV 1"
"ENM1A2001","Move to {-5499107.729384, -2250754.164082, 2310538.606898}","-",21.37344826,-157.74288997,"2026-08-04T04:13:00.000Z","UAV 1"
"FRT69007","Move to {-5499315.048189, -2250231.003964, 2310734.853397}","-",21.38070294,-157.73204111,"2026-08-04T04:13:00.000Z","UAV 1"
"ENT72008","Move to {-5499107.729384, -2250754.164082, 2310538.606898}","-",21.37134233,-157.74168365,"2026-08-04T04:13:00.000Z","UAV 1"
"FRT69002","Move to {-5499315.048189, -2250231.003964, 2310734.853397}","-",21.38062312,-157.73220904,"2026-08-04T04:13:00.000Z","UAV 1"
"FRT69001","Move to {-5499315.048189, -2250231.003964, 2310734.853397}","-",21.38083049,-157.73220700,"2026-08-04T04:13:00.000Z","UAV 1"
"ENT72002","Move to {-5499107.729384, -2250754.164082, 2310538.606898}","-",21.37128608,-157.74157543,"2026-08-04T04:13:00.000Z","UAV 1"
"ENMORT004","FFE-On-Location ""Location={-5498511.672389, -2250935.799735, 2311770.746054}""  Name of Weapons to Fire: Indirect-Fire-Gun:m9333he. Number-Of-Rounds: 1. Height-Above-Terrain: 0","-",21.37449517,-157.73695548,"2026-08-04T04:13:00.000Z","UAV 1"
"ENM35004","Move to {-5499460.953457, -2250814.454542, 2309743.262342}","-",21.37321699,-157.73305944,"2026-08-04T04:13:00.000Z","UAV 1"
"ENGAZ001","Move to {-5499460.953457, -2250814.454542, 2309743.262342}","-",21.37337528,-157.73279257,"2026-08-04T04:13:00.000Z","UAV 1"
"ENBTR60006","Move to {-5499107.729384, -2250754.164082, 2310538.606898}","-",21.36897336,-157.74047149,"2026-08-04T04:13:00.000Z","UAV 1"
"FRT69006","Move to {-5499315.048189, -2250231.003964, 2310734.853397}","-",21.38096188,-157.73222439,"2026-08-04T04:13:00.000Z","UAV 1"
"ENBTR80004","Move to {-5499107.729384, -2250754.164082, 2310538.606898}","-",21.36892854,-157.74027557,"2026-08-04T04:13:00.000Z","UAV 1"
"ENBTR60003","Move to {-5499107.729384, -2250754.164082, 2310538.606898}","-",21.36886321,-157.74068485,"2026-08-04T04:13:00.000Z","UAV 1"
"ENM1A2002","Move to {-5499107.729384, -2250754.164082, 2310538.606898}","-",21.37356068,-157.74317200,"2026-08-04T04:13:00.000Z","UAV 1"
"FRT69003","Move to {-5499315.048189, -2250231.003964, 2310734.853397}","-",21.38097332,-157.73240275,"2026-08-04T04:13:00.000Z","UAV 1"
"FRT69005","Move to {-5499315.048189, -2250231.003964, 2310734.853397}","-",21.38100014,-157.73233777,"2026-08-04T04:13:00.000Z","UAV 1"
"ENT72011","Move to {-5499107.729384, -2250754.164082, 2310538.606898}","-",21.37128822,-157.74162582,"2026-08-04T04:13:00.000Z","UAV 1"
"ENT72004","Move to {-5499107.729384, -2250754.164082, 2310538.606898}","-",21.37154521,-157.74163288,"2026-08-04T04:13:00.000Z","UAV 1"
"ENM35002","Move to {-5499460.953457, -2250814.454542, 2309743.262342}","-",21.37340544,-157.73283903,"2026-08-04T04:13:00.000Z","UAV 1"
"ENGAZ003","Move to {-5499460.953457, -2250814.454542, 2309743.262342}","-",21.37338431,-157.73326221,"2026-08-04T04:13:00.000Z","UAV 1"
"ENM35001","Move to {-5499460.953457, -2250814.454542, 2309743.262342}","-",21.37314687,-157.73312307,"2026-08-04T04:13:00.000Z","UAV 1"
"ENT72010","Move to {-5499107.729384, -2250754.164082, 2310538.606898}","-",21.37154256,-157.74155229,"2026-08-04T04:13:00.000Z","UAV 1"
"ENT72006","Move to {-5499107.729384, -2250754.164082, 2310538.606898}","-",21.37145835,-157.74180319,"2026-08-04T04:13:00.000Z","UAV 1"
"ENMORT001","FFE-On-Location ""Location={-5499123.141030, -2250320.406046, 2311025.754248}""  Name of Weapons to Fire: Indirect-Fire-Gun:m9333he. Number-Of-Rounds: 1. Height-Above-Terrain: 0","-",21.37454920,-157.73726779,"2026-08-04T04:13:00.000Z","UAV 1"
"FRT69008","Move to {-5499315.048189, -2250231.003964, 2310734.853397}","-",21.38096961,-157.73244663,"2026-08-04T04:13:00.000Z","UAV 1"
"FRT69009","Move to {-5499315.048189, -2250231.003964, 2310734.853397}","-",21.38066035,-157.73234161,"2026-08-04T04:13:00.000Z","UAV 1"
"ENGAZ004","Move to {-5499460.953457, -2250814.454542, 2309743.262342}","-",21.37336764,-157.73318922,"2026-08-04T04:13:00.000Z","UAV 1"
"ENMORT003","FFE-On-Location ""Location={-5498358.113175, -2250865.429793, 2312201.552453}""  Name of Weapons to Fire: Indirect-Fire-Gun:m9333he. Number-Of-Rounds: 1. Height-Above-Terrain: 0","-",21.37448817,-157.73726715,"2026-08-04T04:13:00.000Z","UAV 1"
"FRT69010","Move to {-5499315.048189, -2250231.003964, 2310734.853397}","-",21.38075758,-157.73208913,"2026-08-04T04:13:00.000Z","UAV 1"
"ENM1A2004","Move to {-5499107.729384, -2250754.164082, 2310538.606898}","-",21.37346980,-157.74313700,"2026-08-04T04:13:00.000Z","UAV 1"
"ENM35003","Move to {-5499460.953457, -2250814.454542, 2309743.262342}","-",21.37355752,-157.73315653,"2026-08-04T04:13:00.000Z","UAV 1"
"ENBTR60005","Move to {-5499107.729384, -2250754.164082, 2310538.606898}","-",21.36897693,-157.74069464,"2026-08-04T04:13:00.000Z","UAV 1"
"ENM1A2003","Move to {-5499107.729384, -2250754.164082, 2310538.606898}","-",21.37332108,-157.74325039,"2026-08-04T04:13:46.000Z","UAV 1"
"ENT72007","Move to {-5499107.729384, -2250754.164082, 2310538.606898}","-",21.37116458,-157.74185204,"2026-08-04T04:13:46.000Z","UAV 1"
"ENT72003","Move to {-5499107.729384, -2250754.164082, 2310538.606898}","-",21.37142868,-157.74159647,"2026-08-04T04:13:46.000Z","UAV 1"
"ENCAESAR002","FFE-On-Location ""Location={-5498358.113175, -2250865.429793, 2312201.552453}""  Name of Weapons to Fire: Indirect-Fire-Gun:M107-155mm. Number-Of-Rounds: 1. Height-Above-Terrain: 0","-",21.36709792,-157.73185356,"2026-08-04T04:13:46.000Z","UAV 1"
"ENT72012","Move to {-5499107.729384, -2250754.164082, 2310538.606898}","-",21.37135538,-157.74170428,"2026-08-04T04:13:46.000Z","UAV 1"
"ENMORT005","FFE-On-Location ""Location={-5499123.141030, -2250320.406046, 2311025.754248}""  Name of Weapons to Fire: Indirect-Fire-Gun:m9333he. Number-Of-Rounds: 1. Height-Above-Terrain: 0","-",21.37463885,-157.73701809,"2026-08-04T04:13:46.000Z","UAV 1"
"ENM1A2001","Move to {-5499107.729384, -2250754.164082, 2310538.606898}","-",21.37344826,-157.74288997,"2026-08-04T04:13:46.000Z","UAV 1"
"FRT69007","Move to {-5499315.048189, -2250231.003964, 2310734.853397}","-",21.38070294,-157.73204111,"2026-08-04T04:13:46.000Z","UAV 1"
"FRT69002","Move to {-5499315.048189, -2250231.003964, 2310734.853397}","-",21.38062312,-157.73220904,"2026-08-04T04:13:46.000Z","UAV 1"
"FRT69001","Move to {-5499315.048189, -2250231.003964, 2310734.853397}","-",21.38083049,-157.73220700,"2026-08-04T04:13:46.000Z","UAV 1"
"ENT72002","Move to {-5499107.729384, -2250754.164082, 2310538.606898}","-",21.37128608,-157.74157543,"2026-08-04T04:13:46.000Z","UAV 1"
"ENMORT004","FFE-On-Location ""Location={-5498511.672389, -2250935.799735, 2311770.746054}""  Name of Weapons to Fire: Indirect-Fire-Gun:m9333he. Number-Of-Rounds: 1. Height-Above-Terrain: 0","-",21.37449517,-157.73695548,"2026-08-04T04:13:46.000Z","UAV 1"
"ENM35004","Move to {-5499460.953457, -2250814.454542, 2309743.262342}","-",21.37321699,-157.73305944,"2026-08-04T04:13:46.000Z","UAV 1"
"ENGAZ001","Move to {-5499460.953457, -2250814.454542, 2309743.262342}","-",21.37337528,-157.73279257,"2026-08-04T04:13:46.000Z","UAV 1"
"ENBTR60006","Move to {-5499107.729384, -2250754.164082, 2310538.606898}","-",21.36897336,-157.74047149,"2026-08-04T04:13:46.000Z","UAV 1"
"FRT69006","Move to {-5499315.048189, -2250231.003964, 2310734.853397}","-",21.38096188,-157.73222439,"2026-08-04T04:13:46.000Z","UAV 1"
"ENBTR80004","Move to {-5499107.729384, -2250754.164082, 2310538.606898}","-",21.36892854,-157.74027557,"2026-08-04T04:13:46.000Z","UAV 1"
"ENBTR60003","Move to {-5499107.729384, -2250754.164082, 2310538.606898}","-",21.36886321,-157.74068485,"2026-08-04T04:13:46.000Z","UAV 1"
"ENM1A2002","Move to {-5499107.729384, -2250754.164082, 2310538.606898}","-",21.37356068,-157.74317200,"2026-08-04T04:13:46.000Z","UAV 1"
"ENCAESAR004","FFE-On-Location ""Location={-5499123.141030, -2250320.406046, 2311025.754248}""  Name of Weapons to Fire: Indirect-Fire-Gun:M107-155mm. Number-Of-Rounds: 1. Height-Above-Terrain: 0","-",21.36735946,-157.73175490,"2026-08-04T04:13:46.000Z","UAV 1"
"FRT69003","Move to {-5499315.048189, -2250231.003964, 2310734.853397}","-",21.38097332,-157.73240275,"2026-08-04T04:13:46.000Z","UAV 1"
"FRT69005","Move to {-5499315.048189, -2250231.003964, 2310734.853397}","-",21.38100014,-157.73233777,"2026-08-04T04:13:46.000Z","UAV 1"
"ENT72011","Move to {-5499107.729384, -2250754.164082, 2310538.606898}","-",21.37128822,-157.74162582,"2026-08-04T04:13:46.000Z","UAV 1"
"ENT72004","Move to {-5499107.729384, -2250754.164082, 2310538.606898}","-",21.37154521,-157.74163288,"2026-08-04T04:13:46.000Z","UAV 1"
"ENM35002","Move to {-5499460.953457, -2250814.454542, 2309743.262342}","-",21.37340544,-157.73283903,"2026-08-04T04:13:46.000Z","UAV 1"
"ENGAZ003","Move to {-5499460.953457, -2250814.454542, 2309743.262342}","-",21.37338431,-157.73326221,"2026-08-04T04:13:46.000Z","UAV 1"
"ENM35001","Move to {-5499460.953457, -2250814.454542, 2309743.262342}","-",21.37314687,-157.73312307,"2026-08-04T04:13:46.000Z","UAV 1"
"ENT72010","Move to {-5499107.729384, -2250754.164082, 2310538.606898}","-",21.37154256,-157.74155229,"2026-08-04T04:13:46.000Z","UAV 1"
"ENT72006","Move to {-5499107.729384, -2250754.164082, 2310538.606898}","-",21.37145835,-157.74180319,"2026-08-04T04:13:46.000Z","UAV 1"
"ENCAESAR003","FFE-On-Location ""Location={-5498511.672389, -2250935.799735, 2311770.746054}""  Name of Weapons to Fire: Indirect-Fire-Gun:M107-155mm. Number-Of-Rounds: 1. Height-Above-Terrain: 0","-",21.36719878,-157.73183038,"2026-08-04T04:13:46.000Z","UAV 1"
"ENMORT001","FFE-On-Location ""Location={-5499123.141030, -2250320.406046, 2311025.754248}""  Name of Weapons to Fire: Indirect-Fire-Gun:m9333he. Number-Of-Rounds: 1. Height-Above-Terrain: 0","-",21.37454920,-157.73726779,"2026-08-04T04:13:46.000Z","UAV 1"
"FRT69008","Move to {-5499315.048189, -2250231.003964, 2310734.853397}","-",21.38096961,-157.73244663,"2026-08-04T04:13:46.000Z","UAV 1"
"FRT69009","Move to {-5499315.048189, -2250231.003964, 2310734.853397}","-",21.38066035,-157.73234161,"2026-08-04T04:13:46.000Z","UAV 1"
"ENBTR60008","Move to {-5499107.729384, -2250754.164082, 2310538.606898}","-",21.36871356,-157.74030600,"2026-08-04T04:13:46.000Z","UAV 1"
"ENMORT003","FFE-On-Location ""Location={-5498358.113175, -2250865.429793, 2312201.552453}""  Name of Weapons to Fire: Indirect-Fire-Gun:m9333he. Number-Of-Rounds: 1. Height-Above-Terrain: 0","-",21.37448817,-157.73726715,"2026-08-04T04:13:46.000Z","UAV 1"
"FRT69010","Move to {-5499315.048189, -2250231.003964, 2310734.853397}","-",21.38075758,-157.73208913,"2026-08-04T04:13:46.000Z","UAV 1"
"ENM1A2004","Move to {-5499107.729384, -2250754.164082, 2310538.606898}","-",21.37346980,-157.74313700,"2026-08-04T04:13:46.000Z","UAV 1"
"ENM35003","Move to {-5499460.953457, -2250814.454542, 2309743.262342}","-",21.37355752,-157.73315653,"2026-08-04T04:13:46.000Z","UAV 1"
"ENBTR60005","Move to {-5499107.729384, -2250754.164082, 2310538.606898}","-",21.36897693,-157.74069464,"2026-08-04T04:13:46.000Z","UAV 1"
"ENM1A2003","Move to {-5499107.729384, -2250754.164082, 2310538.606898}","-",21.37332108,-157.74325039,"2026-08-04T04:13:48.000Z","UAV 1"
"ENT72007","Move to {-5499107.729384, -2250754.164082, 2310538.606898}","-",21.37116458,-157.74185204,"2026-08-04T04:13:48.000Z","UAV 1"
"ENT72003","Move to {-5499107.729384, -2250754.164082, 2310538.606898}","-",21.37142868,-157.74159647,"2026-08-04T04:13:48.000Z","UAV 1"
"ENCAESAR002","FFE-On-Location ""Location={-5498358.113175, -2250865.429793, 2312201.552453}""  Name of Weapons to Fire: Indirect-Fire-Gun:M107-155mm. Number-Of-Rounds: 1. Height-Above-Terrain: 0","-",21.36709792,-157.73185356,"2026-08-04T04:13:48.000Z","UAV 1"
"ENT72012","Move to {-5499107.729384, -2250754.164082, 2310538.606898}","-",21.37135538,-157.74170428,"2026-08-04T04:13:48.000Z","UAV 1"
"ENMORT005","FFE-On-Location ""Location={-5499123.141030, -2250320.406046, 2311025.754248}""  Name of Weapons to Fire: Indirect-Fire-Gun:m9333he. Number-Of-Rounds: 1. Height-Above-Terrain: 0","-",21.37463885,-157.73701809,"2026-08-04T04:13:48.000Z","UAV 1"
"ENM1A2001","Move to {-5499107.729384, -2250754.164082, 2310538.606898}","-",21.37344826,-157.74288997,"2026-08-04T04:13:48.000Z","UAV 1"
"FRT69007","Move to {-5499315.048189, -2250231.003964, 2310734.853397}","-",21.38070294,-157.73204111,"2026-08-04T04:13:48.000Z","UAV 1"
"FRT69002","Move to {-5499315.048189, -2250231.003964, 2310734.853397}","-",21.38062312,-157.73220904,"2026-08-04T04:13:48.000Z","UAV 1"
"FRT69001","Move to {-5499315.048189, -2250231.003964, 2310734.853397}","-",21.38083049,-157.73220700,"2026-08-04T04:13:48.000Z","UAV 1"
"ENT72002","Move to {-5499107.729384, -2250754.164082, 2310538.606898}","-",21.37128608,-157.74157543,"2026-08-04T04:13:48.000Z","UAV 1"
"ENMORT004","FFE-On-Location ""Location={-5498511.672389, -2250935.799735, 2311770.746054}""  Name of Weapons to Fire: Indirect-Fire-Gun:m9333he. Number-Of-Rounds: 1. Height-Above-Terrain: 0","-",21.37449517,-157.73695548,"2026-08-04T04:13:48.000Z","UAV 1"
"ENM35004","Move to {-5499460.953457, -2250814.454542, 2309743.262342}","-",21.37321699,-157.73305944,"2026-08-04T04:13:48.000Z","UAV 1"
"ENGAZ001","Move to {-5499460.953457, -2250814.454542, 2309743.262342}","-",21.37337528,-157.73279257,"2026-08-04T04:13:48.000Z","UAV 1"
"ENBTR60006","Move to {-5499107.729384, -2250754.164082, 2310538.606898}","-",21.36897336,-157.74047149,"2026-08-04T04:13:48.000Z","UAV 1"
"FRT69006","Move to {-5499315.048189, -2250231.003964, 2310734.853397}","-",21.38096188,-157.73222439,"2026-08-04T04:13:48.000Z","UAV 1"
"ENBTR80004","Move to {-5499107.729384, -2250754.164082, 2310538.606898}","-",21.36892854,-157.74027557,"2026-08-04T04:13:48.000Z","UAV 1"
"ENBTR60003","Move to {-5499107.729384, -2250754.164082, 2310538.606898}","-",21.36886321,-157.74068485,"2026-08-04T04:13:48.000Z","UAV 1"
"ENM1A2002","Move to {-5499107.729384, -2250754.164082, 2310538.606898}","-",21.37356068,-157.74317200,"2026-08-04T04:13:48.000Z","UAV 1"
"ENCAESAR004","FFE-On-Location ""Location={-5499123.141030, -2250320.406046, 2311025.754248}""  Name of Weapons to Fire: Indirect-Fire-Gun:M107-155mm. Number-Of-Rounds: 1. Height-Above-Terrain: 0","-",21.36735946,-157.73175490,"2026-08-04T04:13:48.000Z","UAV 1"
"FRT69003","Move to {-5499315.048189, -2250231.003964, 2310734.853397}","-",21.38097332,-157.73240275,"2026-08-04T04:13:48.000Z","UAV 1"
"FRT69005","Move to {-5499315.048189, -2250231.003964, 2310734.853397}","-",21.38100014,-157.73233777,"2026-08-04T04:13:48.000Z","UAV 1"
"ENT72011","Move to {-5499107.729384, -2250754.164082, 2310538.606898}","-",21.37128822,-157.74162582,"2026-08-04T04:13:48.000Z","UAV 1"
"ENT72004","Move to {-5499107.729384, -2250754.164082, 2310538.606898}","-",21.37154521,-157.74163288,"2026-08-04T04:13:48.000Z","UAV 1"
"ENM35002","Move to {-5499460.953457, -2250814.454542, 2309743.262342}","-",21.37340544,-157.73283903,"2026-08-04T04:13:48.000Z","UAV 1"
"ENGAZ003","Move to {-5499460.953457, -2250814.454542, 2309743.262342}","-",21.37338431,-157.73326221,"2026-08-04T04:13:48.000Z","UAV 1"
"ENM35001","Move to {-5499460.953457, -2250814.454542, 2309743.262342}","-",21.37314687,-157.73312307,"2026-08-04T04:13:48.000Z","UAV 1"
"ENT72010","Move to {-5499107.729384, -2250754.164082, 2310538.606898}","-",21.37154256,-157.74155229,"2026-08-04T04:13:48.000Z","UAV 1"
"ENT72006","Move to {-5499107.729384, -2250754.164082, 2310538.606898}","-",21.37145835,-157.74180319,"2026-08-04T04:13:48.000Z","UAV 1"
"ENCAESAR003","FFE-On-Location ""Location={-5498511.672389, -2250935.799735, 2311770.746054}""  Name of Weapons to Fire: Indirect-Fire-Gun:M107-155mm. Number-Of-Rounds: 1. Height-Above-Terrain: 0","-",21.36719878,-157.73183038,"2026-08-04T04:13:48.000Z","UAV 1"
"ENMORT001","FFE-On-Location ""Location={-5499123.141030, -2250320.406046, 2311025.754248}""  Name of Weapons to Fire: Indirect-Fire-Gun:m9333he. Number-Of-Rounds: 1. Height-Above-Terrain: 0","-",21.37454920,-157.73726779,"2026-08-04T04:13:48.000Z","UAV 1"
"FRT69008","Move to {-5499315.048189, -2250231.003964, 2310734.853397}","-",21.38096961,-157.73244663,"2026-08-04T04:13:48.000Z","UAV 1"
"FRT69009","Move to {-5499315.048189, -2250231.003964, 2310734.853397}","-",21.38066035,-157.73234161,"2026-08-04T04:13:48.000Z","UAV 1"
"ENBTR60008","Move to {-5499107.729384, -2250754.164082, 2310538.606898}","-",21.36871356,-157.74030600,"2026-08-04T04:13:48.000Z","UAV 1"
"ENMORT003","FFE-On-Location ""Location={-5498358.113175, -2250865.429793, 2312201.552453}""  Name of Weapons to Fire: Indirect-Fire-Gun:m9333he. Number-Of-Rounds: 1. Height-Above-Terrain: 0","-",21.37448817,-157.73726715,"2026-08-04T04:13:48.000Z","UAV 1"
"FRT69010","Move to {-5499315.048189, -2250231.003964, 2310734.853397}","-",21.38075758,-157.73208913,"2026-08-04T04:13:48.000Z","UAV 1"
"ENM1A2004","Move to {-5499107.729384, -2250754.164082, 2310538.606898}","-",21.37346980,-157.74313700,"2026-08-04T04:13:48.000Z","UAV 1"
"ENM35003","Move to {-5499460.953457, -2250814.454542, 2309743.262342}","-",21.37355752,-157.73315653,"2026-08-04T04:13:48.000Z","UAV 1"
"ENBTR60005","Move to {-5499107.729384, -2250754.164082, 2310538.606898}","-",21.36897693,-157.74069464,"2026-08-04T04:13:48.000Z","UAV 1"
"FRCMD001","Move to {-5499315.048189, -2250231.003964, 2310734.853397}","-",21.38949462,-157.75003406,"2026-08-04T04:15:12.000Z","UAV 1"
"FRM901001","None","-",21.39546138,-157.73719974,"2026-08-04T04:16:49.000Z","UAV 1"
"FRM901001","None","-",21.39546138,-157.73719974,"2026-08-04T04:16:50.000Z","UAV 1"
"FRM901001","None","-",21.39546138,-157.73719974,"2026-08-04T04:16:51.000Z","UAV 1"
"FRAHS002","FFE-On-Location ""Location={-5499132.853573, -2251193.466895, 2310064.199617}""  Name of Weapons to Fire: Indirect-Fire-Gun:M107-155mm. Number-Of-Rounds: 1. Height-Above-Terrain: 0","-",21.39520418,-157.73742074,"2026-08-04T04:16:51.000Z","UAV 1"
"FRM901001","None","-",21.39546138,-157.73719974,"2026-08-04T04:16:53.000Z","UAV 1"
"FRAHS002","FFE-On-Location ""Location={-5499132.853573, -2251193.466895, 2310064.199617}""  Name of Weapons to Fire: Indirect-Fire-Gun:M107-155mm. Number-Of-Rounds: 1. Height-Above-Terrain: 0","-",21.39520418,-157.73742074,"2026-08-04T04:16:53.000Z","UAV 1"
"FRCMD001","Move to {-5499315.048189, -2250231.003964, 2310734.853397}","-",21.38743694,-157.74917314,"2026-08-04T04:17:54.000Z","UAV 1"
"FRCMD001","Move to {-5499315.048189, -2250231.003964, 2310734.853397}","-",21.38743694,-157.74917314,"2026-08-04T04:17:55.000Z","UAV 1"
"FRCMD001","Move to {-5499315.048189, -2250231.003964, 2310734.853397}","-",21.38743694,-157.74917314,"2026-08-04T04:17:55.000Z","UAV 1"
"FRCMD001","Move to {-5499315.048189, -2250231.003964, 2310734.853397}","-",21.38743694,-157.74917314,"2026-08-04T04:17:56.000Z","UAV 1"
"FRM901001","None","-",21.39546138,-157.73719974,"2026-08-04T04:19:24.000Z","UAV 1"
"FRAHS002","FFE-On-Location ""Location={-5499132.853573, -2251193.466895, 2310064.199617}""  Name of Weapons to Fire: Indirect-Fire-Gun:M107-155mm. Number-Of-Rounds: 1. Height-Above-Terrain: 0","-",21.39520418,-157.73742074,"2026-08-04T04:19:24.000Z","UAV 1"
"FRM901001","None","-",21.39546138,-157.73719974,"2026-08-04T04:19:25.000Z","UAV 1"
"FRAHS002","FFE-On-Location ""Location={-5499132.853573, -2251193.466895, 2310064.199617}""  Name of Weapons to Fire: Indirect-Fire-Gun:M107-155mm. Number-Of-Rounds: 1. Height-Above-Terrain: 0","-",21.39520418,-157.73742074,"2026-08-04T04:19:25.000Z","UAV 1"
"FRM901001","None","-",21.39546138,-157.73719974,"2026-08-04T04:19:25.000Z","UAV 1"
"FRAHS002","FFE-On-Location ""Location={-5499132.853573, -2251193.466895, 2310064.199617}""  Name of Weapons to Fire: Indirect-Fire-Gun:M107-155mm. Number-Of-Rounds: 1. Height-Above-Terrain: 0","-",21.39520418,-157.73742074,"2026-08-04T04:19:25.000Z","UAV 1"
"FRM901001","None","-",21.39546138,-157.73719974,"2026-08-04T04:19:26.000Z","UAV 1"
"FRAHS002","FFE-On-Location ""Location={-5499132.853573, -2251193.466895, 2310064.199617}""  Name of Weapons to Fire: Indirect-Fire-Gun:M107-155mm. Number-Of-Rounds: 1. Height-Above-Terrain: 0","-",21.39520418,-157.73742074,"2026-08-04T04:19:26.000Z","UAV 1"
"FRCMD001","Move to {-5499315.048189, -2250231.003964, 2310734.853397}","-",21.38539143,-157.74831733,"2026-08-04T04:20:36.000Z","UAV 1"
"FRCMD001","Move to {-5499315.048189, -2250231.003964, 2310734.853397}","-",21.38539143,-157.74831733,"2026-08-04T04:20:36.000Z","UAV 1"
"FRCMD001","Move to {-5499315.048189, -2250231.003964, 2310734.853397}","-",21.38539143,-157.74831733,"2026-08-04T04:20:37.000Z","UAV 1"
"FRCMD001","Move to {-5499315.048189, -2250231.003964, 2310734.853397}","-",21.38539143,-157.74831733,"2026-08-04T04:20:37.000Z","UAV 1"
"FRCMD001","Move to {-5499315.048189, -2250231.003964, 2310734.853397}","-",21.38539143,-157.74831733,"2026-08-04T04:20:37.000Z","UAV 1"
"FRCMD001","Move to {-5499315.048189, -2250231.003964, 2310734.853397}","-",21.38539143,-157.74831733,"2026-08-04T04:20:37.000Z","UAV 1"
"FRCMD001","Move to {-5499315.048189, -2250231.003964, 2310734.853397}","-",21.38539143,-157.74831733,"2026-08-04T04:20:38.000Z","UAV 1"
"FRCMD001","Move to {-5499315.048189, -2250231.003964, 2310734.853397}","-",21.38539143,-157.74831733,"2026-08-04T04:20:38.000Z","UAV 1"
"FRINF059","Move to {-5499787.734679, -2249653.499925, 2310139.926712}","-",21.38287875,-157.74356646,"2026-08-04T04:20:55.000Z","UAV 1"
"FRINF052","Move to {-5499787.734679, -2249653.499925, 2310139.926712}","-",21.38292778,-157.74348300,"2026-08-04T04:20:55.000Z","UAV 1"
"FRINF059","Move to {-5499787.734679, -2249653.499925, 2310139.926712}","-",21.38287875,-157.74356646,"2026-08-04T04:20:55.000Z","UAV 1"
"FRINF052","Move to {-5499787.734679, -2249653.499925, 2310139.926712}","-",21.38292778,-157.74348300,"2026-08-04T04:20:55.000Z","UAV 1"
"FRINF059","Move to {-5499787.734679, -2249653.499925, 2310139.926712}","-",21.38287875,-157.74356646,"2026-08-04T04:20:56.000Z","UAV 1"
"FRINF052","Move to {-5499787.734679, -2249653.499925, 2310139.926712}","-",21.38292778,-157.74348300,"2026-08-04T04:20:56.000Z","UAV 1"
"ENMORT005","None","-",21.37463885,-157.73701809,"2026-08-04T04:21:01.000Z","UAV 1"
"FRT69007","Move to {-5499315.048189, -2250231.003964, 2310734.853397}","-",21.38080966,-157.73405873,"2026-08-04T04:21:01.000Z","UAV 1"
"FRT69002","Move to {-5499315.048189, -2250231.003964, 2310734.853397}","-",21.38073877,-157.73404995,"2026-08-04T04:21:01.000Z","UAV 1"
"FRT69001","Move to {-5499315.048189, -2250231.003964, 2310734.853397}","-",21.38092207,-157.73401504,"2026-08-04T04:21:01.000Z","UAV 1"
"ENCAESAR004","Move to {-5499444.816370, -2250654.663336, 2309957.213850}","-",21.36735951,-157.73175490,"2026-08-04T04:21:01.000Z","UAV 1"
"FRT69005","Move to {-5499315.048189, -2250231.003964, 2310734.853397}","-",21.38107403,-157.73404113,"2026-08-04T04:21:01.000Z","UAV 1"
"ENMORT001","None","-",21.37454920,-157.73726779,"2026-08-04T04:21:01.000Z","UAV 1"
"ENMORT002","None","-",21.37448557,-157.73696566,"2026-08-04T04:21:01.000Z","UAV 1"
"ENMIM001","Move to {-5499460.953457, -2250814.454542, 2309743.262342}","-",21.36732049,-157.73196222,"2026-08-04T04:21:01.000Z","UAV 1"
"ENMORT003","None","-",21.37448817,-157.73726715,"2026-08-04T04:21:01.000Z","UAV 1"
"FRT69010","Move to {-5499315.048189, -2250231.003964, 2310734.853397}","-",21.38085733,-157.73407376,"2026-08-04T04:21:01.000Z","UAV 1"
"M107 1","None","-",21.36711185,-157.73186078,"2026-08-04T04:21:01.000Z","UAV 1"
"M107 2","None","-",21.36735621,-157.73177135,"2026-08-04T04:21:01.000Z","UAV 1"
"M107 3","None","-",21.36720689,-157.73183752,"2026-08-04T04:21:01.000Z","UAV 1"
"M107 7","None","-",21.36726898,-157.73197872,"2026-08-04T04:21:01.000Z","UAV 1"
"ENMORT005","None","-",21.37463885,-157.73701809,"2026-08-04T04:21:02.000Z","UAV 1"
"FRT69007","Move to {-5499315.048189, -2250231.003964, 2310734.853397}","-",21.38080966,-157.73405873,"2026-08-04T04:21:02.000Z","UAV 1"
"FRT69002","Move to {-5499315.048189, -2250231.003964, 2310734.853397}","-",21.38073877,-157.73404995,"2026-08-04T04:21:02.000Z","UAV 1"
"FRT69001","Move to {-5499315.048189, -2250231.003964, 2310734.853397}","-",21.38092207,-157.73401504,"2026-08-04T04:21:02.000Z","UAV 1"
"ENCAESAR004","Move to {-5499444.816370, -2250654.663336, 2309957.213850}","-",21.36735951,-157.73175490,"2026-08-04T04:21:02.000Z","UAV 1"
"FRT69005","Move to {-5499315.048189, -2250231.003964, 2310734.853397}","-",21.38107403,-157.73404113,"2026-08-04T04:21:02.000Z","UAV 1"
"ENMORT001","None","-",21.37454920,-157.73726779,"2026-08-04T04:21:02.000Z","UAV 1"
"ENMORT002","None","-",21.37448557,-157.73696566,"2026-08-04T04:21:02.000Z","UAV 1"
"ENMIM001","Move to {-5499460.953457, -2250814.454542, 2309743.262342}","-",21.36732049,-157.73196222,"2026-08-04T04:21:02.000Z","UAV 1"
"ENMORT003","None","-",21.37448817,-157.73726715,"2026-08-04T04:21:02.000Z","UAV 1"
"FRT69010","Move to {-5499315.048189, -2250231.003964, 2310734.853397}","-",21.38085733,-157.73407376,"2026-08-04T04:21:02.000Z","UAV 1"
"M107 1","None","-",21.36711185,-157.73186078,"2026-08-04T04:21:02.000Z","UAV 1"
"M107 2","None","-",21.36735621,-157.73177135,"2026-08-04T04:21:02.000Z","UAV 1"
"M107 3","None","-",21.36720689,-157.73183752,"2026-08-04T04:21:02.000Z","UAV 1"
"M107 7","None","-",21.36726898,-157.73197872,"2026-08-04T04:21:02.000Z","UAV 1"
"ENMORT005","None","-",21.37463885,-157.73701809,"2026-08-04T04:21:02.000Z","UAV 1"
"FRT69007","Move to {-5499315.048189, -2250231.003964, 2310734.853397}","-",21.38080966,-157.73405873,"2026-08-04T04:21:02.000Z","UAV 1"
"FRT69002","Move to {-5499315.048189, -2250231.003964, 2310734.853397}","-",21.38073877,-157.73404995,"2026-08-04T04:21:02.000Z","UAV 1"
"FRT69001","Move to {-5499315.048189, -2250231.003964, 2310734.853397}","-",21.38092207,-157.73401504,"2026-08-04T04:21:02.000Z","UAV 1"
"ENCAESAR004","Move to {-5499444.816370, -2250654.663336, 2309957.213850}","-",21.36735951,-157.73175490,"2026-08-04T04:21:02.000Z","UAV 1"
"FRT69005","Move to {-5499315.048189, -2250231.003964, 2310734.853397}","-",21.38107403,-157.73404113,"2026-08-04T04:21:02.000Z","UAV 1"
"ENMORT001","None","-",21.37454920,-157.73726779,"2026-08-04T04:21:02.000Z","UAV 1"
"ENMORT002","None","-",21.37448557,-157.73696566,"2026-08-04T04:21:02.000Z","UAV 1"
"ENMIM001","Move to {-5499460.953457, -2250814.454542, 2309743.262342}","-",21.36732049,-157.73196222,"2026-08-04T04:21:02.000Z","UAV 1"
"ENMORT003","None","-",21.37448817,-157.73726715,"2026-08-04T04:21:02.000Z","UAV 1"
"FRT69010","Move to {-5499315.048189, -2250231.003964, 2310734.853397}","-",21.38085733,-157.73407376,"2026-08-04T04:21:02.000Z","UAV 1"
"M107 1","None","-",21.36711185,-157.73186078,"2026-08-04T04:21:02.000Z","UAV 1"
"M107 2","None","-",21.36735621,-157.73177135,"2026-08-04T04:21:02.000Z","UAV 1"
"M107 3","None","-",21.36720689,-157.73183752,"2026-08-04T04:21:02.000Z","UAV 1"
"M107 7","None","-",21.36726898,-157.73197872,"2026-08-04T04:21:02.000Z","UAV 1"
"ENMORT005","None","-",21.37463885,-157.73701809,"2026-08-04T04:21:03.000Z","UAV 1"
"FRT69007","Move to {-5499315.048189, -2250231.003964, 2310734.853397}","-",21.38080966,-157.73405873,"2026-08-04T04:21:03.000Z","UAV 1"
"FRT69001","Move to {-5499315.048189, -2250231.003964, 2310734.853397}","-",21.38092207,-157.73401503,"2026-08-04T04:21:03.000Z","UAV 1"
"ENCAESAR004","Move to {-5499444.816370, -2250654.663336, 2309957.213850}","-",21.36735951,-157.73175490,"2026-08-04T04:21:03.000Z","UAV 1"
"FRT69005","Move to {-5499315.048189, -2250231.003964, 2310734.853397}","-",21.38107403,-157.73404113,"2026-08-04T04:21:03.000Z","UAV 1"
"ENMORT001","None","-",21.37454920,-157.73726779,"2026-08-04T04:21:03.000Z","UAV 1"
"ENMORT002","None","-",21.37448557,-157.73696566,"2026-08-04T04:21:03.000Z","UAV 1"
"ENMIM001","Move to {-5499460.953457, -2250814.454542, 2309743.262342}","-",21.36732070,-157.73196222,"2026-08-04T04:21:03.000Z","UAV 1"
"ENMORT003","None","-",21.37448817,-157.73726715,"2026-08-04T04:21:03.000Z","UAV 1"
"FRT69010","Move to {-5499315.048189, -2250231.003964, 2310734.853397}","-",21.38085733,-157.73407376,"2026-08-04T04:21:03.000Z","UAV 1"
"M107 1","None","-",21.36711185,-157.73186078,"2026-08-04T04:21:03.000Z","UAV 1"
"M107 2","None","-",21.36735621,-157.73177135,"2026-08-04T04:21:03.000Z","UAV 1"
"M107 3","None","-",21.36720689,-157.73183752,"2026-08-04T04:21:03.000Z","UAV 1"
"M107 7","None","-",21.36726898,-157.73197872,"2026-08-04T04:21:03.000Z","UAV 1"
"ENCAESAR003","Move to {-5499460.953457, -2250814.454542, 2309743.262342}","-",21.36719883,-157.73183038,"2026-08-04T04:21:03.000Z","UAV 1"
"ENMORT005","None","-",21.37463885,-157.73701809,"2026-08-04T04:21:04.000Z","UAV 1"
"FRT69007","Move to {-5499315.048189, -2250231.003964, 2310734.853397}","-",21.38080966,-157.73405873,"2026-08-04T04:21:04.000Z","UAV 1"
"FRT69001","Move to {-5499315.048189, -2250231.003964, 2310734.853397}","-",21.38092207,-157.73401503,"2026-08-04T04:21:04.000Z","UAV 1"
"ENCAESAR004","Move to {-5499444.816370, -2250654.663336, 2309957.213850}","-",21.36735951,-157.73175490,"2026-08-04T04:21:04.000Z","UAV 1"
"FRT69005","Move to {-5499315.048189, -2250231.003964, 2310734.853397}","-",21.38107403,-157.73404113,"2026-08-04T04:21:04.000Z","UAV 1"
"ENMORT001","None","-",21.37454920,-157.73726779,"2026-08-04T04:21:04.000Z","UAV 1"
"ENMORT002","None","-",21.37448557,-157.73696566,"2026-08-04T04:21:04.000Z","UAV 1"
"ENMIM001","Move to {-5499460.953457, -2250814.454542, 2309743.262342}","-",21.36732070,-157.73196222,"2026-08-04T04:21:04.000Z","UAV 1"
"ENMORT003","None","-",21.37448817,-157.73726715,"2026-08-04T04:21:04.000Z","UAV 1"
"FRT69010","Move to {-5499315.048189, -2250231.003964, 2310734.853397}","-",21.38085733,-157.73407376,"2026-08-04T04:21:04.000Z","UAV 1"
"M107 1","None","-",21.36711185,-157.73186078,"2026-08-04T04:21:04.000Z","UAV 1"
"M107 2","None","-",21.36735621,-157.73177135,"2026-08-04T04:21:04.000Z","UAV 1"
"M107 3","None","-",21.36720689,-157.73183752,"2026-08-04T04:21:04.000Z","UAV 1"
"M107 7","None","-",21.36726898,-157.73197872,"2026-08-04T04:21:04.000Z","UAV 1"
"ENCAESAR003","Move to {-5499460.953457, -2250814.454542, 2309743.262342}","-",21.36719883,-157.73183038,"2026-08-04T04:21:04.000Z","UAV 1"
"ENMORT005","None","-",21.37463885,-157.73701809,"2026-08-04T04:21:04.000Z","UAV 1"
"FRT69007","Move to {-5499315.048189, -2250231.003964, 2310734.853397}","-",21.38080966,-157.73405873,"2026-08-04T04:21:04.000Z","UAV 1"
"FRT69001","Move to {-5499315.048189, -2250231.003964, 2310734.853397}","-",21.38092207,-157.73401503,"2026-08-04T04:21:04.000Z","UAV 1"
"ENCAESAR004","Move to {-5499444.816370, -2250654.663336, 2309957.213850}","-",21.36735951,-157.73175490,"2026-08-04T04:21:04.000Z","UAV 1"
"FRT69005","Move to {-5499315.048189, -2250231.003964, 2310734.853397}","-",21.38107403,-157.73404113,"2026-08-04T04:21:04.000Z","UAV 1"
"ENMORT001","None","-",21.37454920,-157.73726779,"2026-08-04T04:21:04.000Z","UAV 1"
"ENMORT002","None","-",21.37448557,-157.73696566,"2026-08-04T04:21:04.000Z","UAV 1"
"ENMIM001","Move to {-5499460.953457, -2250814.454542, 2309743.262342}","-",21.36732070,-157.73196222,"2026-08-04T04:21:04.000Z","UAV 1"
"ENMORT003","None","-",21.37448817,-157.73726715,"2026-08-04T04:21:04.000Z","UAV 1"
"FRT69010","Move to {-5499315.048189, -2250231.003964, 2310734.853397}","-",21.38085733,-157.73407376,"2026-08-04T04:21:04.000Z","UAV 1"
"M107 1","None","-",21.36711185,-157.73186078,"2026-08-04T04:21:04.000Z","UAV 1"
"M107 2","None","-",21.36735621,-157.73177135,"2026-08-04T04:21:04.000Z","UAV 1"
"M107 3","None","-",21.36720689,-157.73183752,"2026-08-04T04:21:04.000Z","UAV 1"
"M107 7","None","-",21.36726898,-157.73197872,"2026-08-04T04:21:04.000Z","UAV 1"
"ENCAESAR003","Move to {-5499460.953457, -2250814.454542, 2309743.262342}","-",21.36719883,-157.73183038,"2026-08-04T04:21:04.000Z","UAV 1"
"ENMORT005","None","-",21.37463885,-157.73701809,"2026-08-04T04:21:05.000Z","UAV 1"
"FRT69007","Move to {-5499315.048189, -2250231.003964, 2310734.853397}","-",21.38080966,-157.73405873,"2026-08-04T04:21:05.000Z","UAV 1"
"FRT69001","Move to {-5499315.048189, -2250231.003964, 2310734.853397}","-",21.38092207,-157.73401503,"2026-08-04T04:21:05.000Z","UAV 1"
"ENCAESAR004","Move to {-5499444.816370, -2250654.663336, 2309957.213850}","-",21.36735951,-157.73175490,"2026-08-04T04:21:05.000Z","UAV 1"
"FRT69005","Move to {-5499315.048189, -2250231.003964, 2310734.853397}","-",21.38107403,-157.73404113,"2026-08-04T04:21:05.000Z","UAV 1"
"ENMORT001","None","-",21.37454920,-157.73726779,"2026-08-04T04:21:05.000Z","UAV 1"
"ENMORT002","None","-",21.37448557,-157.73696566,"2026-08-04T04:21:05.000Z","UAV 1"
"ENMIM001","Move to {-5499460.953457, -2250814.454542, 2309743.262342}","-",21.36732070,-157.73196222,"2026-08-04T04:21:05.000Z","UAV 1"
"ENMORT003","None","-",21.37448817,-157.73726715,"2026-08-04T04:21:05.000Z","UAV 1"
"FRT69010","Move to {-5499315.048189, -2250231.003964, 2310734.853397}","-",21.38085733,-157.73407376,"2026-08-04T04:21:05.000Z","UAV 1"
"M107 1","None","-",21.36711185,-157.73186078,"2026-08-04T04:21:05.000Z","UAV 1"
"M107 2","None","-",21.36735621,-157.73177135,"2026-08-04T04:21:05.000Z","UAV 1"
"M107 3","None","-",21.36720689,-157.73183752,"2026-08-04T04:21:05.000Z","UAV 1"
"M107 7","None","-",21.36726898,-157.73197872,"2026-08-04T04:21:05.000Z","UAV 1"
"ENCAESAR003","Move to {-5499460.953457, -2250814.454542, 2309743.262342}","-",21.36719883,-157.73183038,"2026-08-04T04:21:05.000Z","UAV 1"
"FRT69007","Move to {-5499315.048189, -2250231.003964, 2310734.853397}","-",21.38080966,-157.73405872,"2026-08-04T04:21:05.000Z","UAV 1"
"FRT69001","Move to {-5499315.048189, -2250231.003964, 2310734.853397}","-",21.38092207,-157.73401503,"2026-08-04T04:21:05.000Z","UAV 1"
"ENCAESAR004","Move to {-5499444.816370, -2250654.663336, 2309957.213850}","-",21.36735951,-157.73175490,"2026-08-04T04:21:05.000Z","UAV 1"
"FRT69005","Move to {-5499315.048189, -2250231.003964, 2310734.853397}","-",21.38107403,-157.73404112,"2026-08-04T04:21:05.000Z","UAV 1"
"ENMIM001","Move to {-5499460.953457, -2250814.454542, 2309743.262342}","-",21.36732092,-157.73196222,"2026-08-04T04:21:05.000Z","UAV 1"
"FRT69010","Move to {-5499315.048189, -2250231.003964, 2310734.853397}","-",21.38085733,-157.73407375,"2026-08-04T04:21:05.000Z","UAV 1"
"M107 1","None","-",21.36711185,-157.73186078,"2026-08-04T04:21:05.000Z","UAV 1"
"M107 2","None","-",21.36735621,-157.73177135,"2026-08-04T04:21:05.000Z","UAV 1"
"M107 3","None","-",21.36720689,-157.73183752,"2026-08-04T04:21:05.000Z","UAV 1"
"M107 7","None","-",21.36726898,-157.73197872,"2026-08-04T04:21:05.000Z","UAV 1"
"ENCAESAR003","Move to {-5499460.953457, -2250814.454542, 2309743.262342}","-",21.36719883,-157.73183038,"2026-08-04T04:21:05.000Z","UAV 1"
"FRT69007","Move to {-5499315.048189, -2250231.003964, 2310734.853397}","-",21.38080966,-157.73405872,"2026-08-04T04:21:06.000Z","UAV 1"
"FRT69001","Move to {-5499315.048189, -2250231.003964, 2310734.853397}","-",21.38092207,-157.73401503,"2026-08-04T04:21:06.000Z","UAV 1"
"ENCAESAR004","Move to {-5499444.816370, -2250654.663336, 2309957.213850}","-",21.36735951,-157.73175490,"2026-08-04T04:21:06.000Z","UAV 1"
"FRT69005","Move to {-5499315.048189, -2250231.003964, 2310734.853397}","-",21.38107403,-157.73404112,"2026-08-04T04:21:06.000Z","UAV 1"
"ENMIM001","Move to {-5499460.953457, -2250814.454542, 2309743.262342}","-",21.36732092,-157.73196222,"2026-08-04T04:21:06.000Z","UAV 1"
"FRT69010","Move to {-5499315.048189, -2250231.003964, 2310734.853397}","-",21.38085733,-157.73407375,"2026-08-04T04:21:06.000Z","UAV 1"
"M107 1","None","-",21.36711185,-157.73186078,"2026-08-04T04:21:06.000Z","UAV 1"
"M107 2","None","-",21.36735621,-157.73177135,"2026-08-04T04:21:06.000Z","UAV 1"
"M107 3","None","-",21.36720689,-157.73183752,"2026-08-04T04:21:06.000Z","UAV 1"
"M107 7","None","-",21.36726898,-157.73197872,"2026-08-04T04:21:06.000Z","UAV 1"
"ENCAESAR003","Move to {-5499460.953457, -2250814.454542, 2309743.262342}","-",21.36719883,-157.73183038,"2026-08-04T04:21:06.000Z","UAV 1"
"FRT69007","Move to {-5499315.048189, -2250231.003964, 2310734.853397}","-",21.38080966,-157.73405872,"2026-08-04T04:21:06.000Z","UAV 1"
"FRT69001","Move to {-5499315.048189, -2250231.003964, 2310734.853397}","-",21.38092207,-157.73401503,"2026-08-04T04:21:06.000Z","UAV 1"
"ENCAESAR004","Move to {-5499444.816370, -2250654.663336, 2309957.213850}","-",21.36735951,-157.73175490,"2026-08-04T04:21:06.000Z","UAV 1"
"FRT69005","Move to {-5499315.048189, -2250231.003964, 2310734.853397}","-",21.38107403,-157.73404112,"2026-08-04T04:21:06.000Z","UAV 1"
"ENMIM001","Move to {-5499460.953457, -2250814.454542, 2309743.262342}","-",21.36732092,-157.73196222,"2026-08-04T04:21:06.000Z","UAV 1"
"FRT69010","Move to {-5499315.048189, -2250231.003964, 2310734.853397}","-",21.38085733,-157.73407375,"2026-08-04T04:21:06.000Z","UAV 1"
"M107 1","None","-",21.36711185,-157.73186078,"2026-08-04T04:21:06.000Z","UAV 1"
"M107 2","None","-",21.36735621,-157.73177135,"2026-08-04T04:21:06.000Z","UAV 1"
"M107 3","None","-",21.36720689,-157.73183752,"2026-08-04T04:21:06.000Z","UAV 1"
"M107 7","None","-",21.36726898,-157.73197872,"2026-08-04T04:21:06.000Z","UAV 1"
"ENCAESAR003","Move to {-5499460.953457, -2250814.454542, 2309743.262342}","-",21.36719883,-157.73183038,"2026-08-04T04:21:06.000Z","UAV 1"
"FRT69007","Move to {-5499315.048189, -2250231.003964, 2310734.853397}","-",21.38080966,-157.73405872,"2026-08-04T04:21:07.000Z","UAV 1"
"FRT69001","Move to {-5499315.048189, -2250231.003964, 2310734.853397}","-",21.38092207,-157.73401503,"2026-08-04T04:21:07.000Z","UAV 1"
"FRT69005","Move to {-5499315.048189, -2250231.003964, 2310734.853397}","-",21.38107403,-157.73404112,"2026-08-04T04:21:07.000Z","UAV 1"
"FRT69010","Move to {-5499315.048189, -2250231.003964, 2310734.853397}","-",21.38085733,-157.73407375,"2026-08-04T04:21:07.000Z","UAV 1"
"FRT69007","Move to {-5499315.048189, -2250231.003964, 2310734.853397}","-",21.38080966,-157.73405872,"2026-08-04T04:21:08.000Z","UAV 1"
"FRT69001","Move to {-5499315.048189, -2250231.003964, 2310734.853397}","-",21.38092207,-157.73401503,"2026-08-04T04:21:08.000Z","UAV 1"
"FRT69005","Move to {-5499315.048189, -2250231.003964, 2310734.853397}","-",21.38107403,-157.73404112,"2026-08-04T04:21:08.000Z","UAV 1"
"FRT69010","Move to {-5499315.048189, -2250231.003964, 2310734.853397}","-",21.38085733,-157.73407375,"2026-08-04T04:21:08.000Z","UAV 1"
"FRT69007","Move to {-5499315.048189, -2250231.003964, 2310734.853397}","-",21.38080966,-157.73405872,"2026-08-04T04:21:08.000Z","UAV 1"
"FRT69001","Move to {-5499315.048189, -2250231.003964, 2310734.853397}","-",21.38092207,-157.73401503,"2026-08-04T04:21:08.000Z","UAV 1"
"FRT69005","Move to {-5499315.048189, -2250231.003964, 2310734.853397}","-",21.38107403,-157.73404112,"2026-08-04T04:21:08.000Z","UAV 1"
"FRT69010","Move to {-5499315.048189, -2250231.003964, 2310734.853397}","-",21.38085733,-157.73407375,"2026-08-04T04:21:08.000Z","UAV 1"
"FRT69007","Move to {-5499315.048189, -2250231.003964, 2310734.853397}","-",21.38080966,-157.73405872,"2026-08-04T04:21:09.000Z","UAV 1"
"FRT69001","Move to {-5499315.048189, -2250231.003964, 2310734.853397}","-",21.38092207,-157.73401503,"2026-08-04T04:21:09.000Z","UAV 1"
"FRT69005","Move to {-5499315.048189, -2250231.003964, 2310734.853397}","-",21.38107403,-157.73404112,"2026-08-04T04:21:09.000Z","UAV 1"
"FRT69010","Move to {-5499315.048189, -2250231.003964, 2310734.853397}","-",21.38085733,-157.73407375,"2026-08-04T04:21:09.000Z","UAV 1"
"FRT69007","Move to {-5499315.048189, -2250231.003964, 2310734.853397}","-",21.38080966,-157.73405872,"2026-08-04T04:21:09.000Z","UAV 1"
"FRT69001","Move to {-5499315.048189, -2250231.003964, 2310734.853397}","-",21.38092207,-157.73401502,"2026-08-04T04:21:09.000Z","UAV 1"
"FRT69005","Move to {-5499315.048189, -2250231.003964, 2310734.853397}","-",21.38107403,-157.73404112,"2026-08-04T04:21:09.000Z","UAV 1"
"FRT69010","Move to {-5499315.048189, -2250231.003964, 2310734.853397}","-",21.38085733,-157.73407375,"2026-08-04T04:21:09.000Z","UAV 1"
"FRT69007","Move to {-5499315.048189, -2250231.003964, 2310734.853397}","-",21.38080966,-157.73405872,"2026-08-04T04:21:09.000Z","UAV 1"
"FRT69001","Move to {-5499315.048189, -2250231.003964, 2310734.853397}","-",21.38092207,-157.73401502,"2026-08-04T04:21:09.000Z","UAV 1"
"FRT69005","Move to {-5499315.048189, -2250231.003964, 2310734.853397}","-",21.38107403,-157.73404112,"2026-08-04T04:21:09.000Z","UAV 1"
"FRT69010","Move to {-5499315.048189, -2250231.003964, 2310734.853397}","-",21.38085733,-157.73407375,"2026-08-04T04:21:09.000Z","UAV 1"
"FRT69007","Move to {-5499315.048189, -2250231.003964, 2310734.853397}","-",21.38080966,-157.73405872,"2026-08-04T04:21:10.000Z","UAV 1"
"FRT69001","Move to {-5499315.048189, -2250231.003964, 2310734.853397}","-",21.38092207,-157.73401502,"2026-08-04T04:21:10.000Z","UAV 1"
"FRT69005","Move to {-5499315.048189, -2250231.003964, 2310734.853397}","-",21.38107403,-157.73404112,"2026-08-04T04:21:10.000Z","UAV 1"
"FRT69010","Move to {-5499315.048189, -2250231.003964, 2310734.853397}","-",21.38085733,-157.73407375,"2026-08-04T04:21:10.000Z","UAV 1"
"FRT69007","Move to {-5499315.048189, -2250231.003964, 2310734.853397}","-",21.38080966,-157.73405872,"2026-08-04T04:21:10.000Z","UAV 1"
"FRT69001","Move to {-5499315.048189, -2250231.003964, 2310734.853397}","-",21.38092207,-157.73401502,"2026-08-04T04:21:10.000Z","UAV 1"
"FRT69005","Move to {-5499315.048189, -2250231.003964, 2310734.853397}","-",21.38107403,-157.73404112,"2026-08-04T04:21:10.000Z","UAV 1"
"FRT69010","Move to {-5499315.048189, -2250231.003964, 2310734.853397}","-",21.38085733,-157.73407375,"2026-08-04T04:21:10.000Z","UAV 1"
"FRT69007","Move to {-5499315.048189, -2250231.003964, 2310734.853397}","-",21.38080966,-157.73405872,"2026-08-04T04:21:10.000Z","UAV 1"
"FRT69001","Move to {-5499315.048189, -2250231.003964, 2310734.853397}","-",21.38092207,-157.73401502,"2026-08-04T04:21:10.000Z","UAV 1"
"FRT69005","Move to {-5499315.048189, -2250231.003964, 2310734.853397}","-",21.38107403,-157.73404112,"2026-08-04T04:21:10.000Z","UAV 1"
"FRT69010","Move to {-5499315.048189, -2250231.003964, 2310734.853397}","-",21.38085733,-157.73407375,"2026-08-04T04:21:10.000Z","UAV 1"
"FRT69007","Move to {-5499315.048189, -2250231.003964, 2310734.853397}","-",21.38080966,-157.73405872,"2026-08-04T04:21:10.000Z","UAV 1"
"FRT69001","Move to {-5499315.048189, -2250231.003964, 2310734.853397}","-",21.38092207,-157.73401502,"2026-08-04T04:21:10.000Z","UAV 1"
"FRT69005","Move to {-5499315.048189, -2250231.003964, 2310734.853397}","-",21.38107403,-157.73404112,"2026-08-04T04:21:10.000Z","UAV 1"
"FRT69010","Move to {-5499315.048189, -2250231.003964, 2310734.853397}","-",21.38085733,-157.73407375,"2026-08-04T04:21:10.000Z","UAV 1"
"FRT69007","Move to {-5499315.048189, -2250231.003964, 2310734.853397}","-",21.38080966,-157.73405872,"2026-08-04T04:21:12.000Z","UAV 1"
"FRT69001","Move to {-5499315.048189, -2250231.003964, 2310734.853397}","-",21.38092207,-157.73401502,"2026-08-04T04:21:12.000Z","UAV 1"
"FRT69005","Move to {-5499315.048189, -2250231.003964, 2310734.853397}","-",21.38107403,-157.73404112,"2026-08-04T04:21:12.000Z","UAV 1"
"FRT69010","Move to {-5499315.048189, -2250231.003964, 2310734.853397}","-",21.38085733,-157.73407375,"2026-08-04T04:21:12.000Z","UAV 1"
"FRT69007","Move to {-5499315.048189, -2250231.003964, 2310734.853397}","-",21.38080966,-157.73405872,"2026-08-04T04:21:12.000Z","UAV 1"
"FRT69001","Move to {-5499315.048189, -2250231.003964, 2310734.853397}","-",21.38092207,-157.73401502,"2026-08-04T04:21:12.000Z","UAV 1"
"FRT69005","Move to {-5499315.048189, -2250231.003964, 2310734.853397}","-",21.38107403,-157.73404112,"2026-08-04T04:21:12.000Z","UAV 1"
"FRT69010","Move to {-5499315.048189, -2250231.003964, 2310734.853397}","-",21.38085733,-157.73407375,"2026-08-04T04:21:12.000Z","UAV 1"
"FRT69007","Move to {-5499315.048189, -2250231.003964, 2310734.853397}","-",21.38080966,-157.73405872,"2026-08-04T04:21:12.000Z","UAV 1"
"FRT69001","Move to {-5499315.048189, -2250231.003964, 2310734.853397}","-",21.38092207,-157.73401502,"2026-08-04T04:21:12.000Z","UAV 1"
"FRT69005","Move to {-5499315.048189, -2250231.003964, 2310734.853397}","-",21.38107403,-157.73404112,"2026-08-04T04:21:12.000Z","UAV 1"
"FRT69010","Move to {-5499315.048189, -2250231.003964, 2310734.853397}","-",21.38085733,-157.73407375,"2026-08-04T04:21:12.000Z","UAV 1"
"FRT69007","Move to {-5499315.048189, -2250231.003964, 2310734.853397}","-",21.38080966,-157.73405872,"2026-08-04T04:21:13.000Z","UAV 1"
"FRT69001","Move to {-5499315.048189, -2250231.003964, 2310734.853397}","-",21.38092207,-157.73401502,"2026-08-04T04:21:13.000Z","UAV 1"
"FRT69005","Move to {-5499315.048189, -2250231.003964, 2310734.853397}","-",21.38107403,-157.73404112,"2026-08-04T04:21:13.000Z","UAV 1"
"FRT69010","Move to {-5499315.048189, -2250231.003964, 2310734.853397}","-",21.38085733,-157.73407375,"2026-08-04T04:21:13.000Z","UAV 1"
"FRT69007","Move to {-5499315.048189, -2250231.003964, 2310734.853397}","-",21.38080966,-157.73405872,"2026-08-04T04:21:13.000Z","UAV 1"
"FRT69001","Move to {-5499315.048189, -2250231.003964, 2310734.853397}","-",21.38092207,-157.73401502,"2026-08-04T04:21:13.000Z","UAV 1"
"FRT69005","Move to {-5499315.048189, -2250231.003964, 2310734.853397}","-",21.38107403,-157.73404112,"2026-08-04T04:21:13.000Z","UAV 1"
"FRT69010","Move to {-5499315.048189, -2250231.003964, 2310734.853397}","-",21.38085733,-157.73407375,"2026-08-04T04:21:13.000Z","UAV 1"
"ENM1A2003","Move to {-5499107.729384, -2250754.164082, 2310538.606898}","-",21.37332105,-157.74325039,"2026-08-04T04:23:36.000Z","UAV 1"
"ENT72007","Move to {-5499107.729384, -2250754.164082, 2310538.606898}","-",21.37116455,-157.74185204,"2026-08-04T04:23:36.000Z","UAV 1"
"ENT72003","Move to {-5499107.729384, -2250754.164082, 2310538.606898}","-",21.37142866,-157.74159647,"2026-08-04T04:23:36.000Z","UAV 1"
"ENCAESAR002","FFE-On-Location ""Location={-5498358.113175, -2250865.429793, 2312201.552453}""  Name of Weapons to Fire: Indirect-Fire-Gun:M107-155mm. Number-Of-Rounds: 1. Height-Above-Terrain: 0","-",21.36709792,-157.73185356,"2026-08-04T04:23:36.000Z","UAV 1"
"ENT72012","Move to {-5499107.729384, -2250754.164082, 2310538.606898}","-",21.37135536,-157.74170428,"2026-08-04T04:23:36.000Z","UAV 1"
"ENMORT005","FFE-On-Location ""Location={-5499123.141030, -2250320.406046, 2311025.754248}""  Name of Weapons to Fire: Indirect-Fire-Gun:m9333he. Number-Of-Rounds: 1. Height-Above-Terrain: 0","-",21.37463885,-157.73701809,"2026-08-04T04:23:36.000Z","UAV 1"
"ENM1A2001","Move to {-5499107.729384, -2250754.164082, 2310538.606898}","-",21.37344826,-157.74288997,"2026-08-04T04:23:36.000Z","UAV 1"
"FRT69007","Move to {-5499315.048189, -2250231.003964, 2310734.853397}","-",21.38070294,-157.73204111,"2026-08-04T04:23:36.000Z","UAV 1"
"FRT69002","Move to {-5499315.048189, -2250231.003964, 2310734.853397}","-",21.38062312,-157.73220904,"2026-08-04T04:23:36.000Z","UAV 1"
"FRT69001","Move to {-5499315.048189, -2250231.003964, 2310734.853397}","-",21.38083049,-157.73220700,"2026-08-04T04:23:36.000Z","UAV 1"
"ENT72002","Move to {-5499107.729384, -2250754.164082, 2310538.606898}","-",21.37128608,-157.74157543,"2026-08-04T04:23:36.000Z","UAV 1"
"ENMORT004","FFE-On-Location ""Location={-5498511.672389, -2250935.799735, 2311770.746054}""  Name of Weapons to Fire: Indirect-Fire-Gun:m9333he. Number-Of-Rounds: 1. Height-Above-Terrain: 0","-",21.37449517,-157.73695548,"2026-08-04T04:23:36.000Z","UAV 1"
"ENM35004","Move to {-5499460.953457, -2250814.454542, 2309743.262342}","-",21.37321699,-157.73305944,"2026-08-04T04:23:36.000Z","UAV 1"
"ENGAZ001","Move to {-5499460.953457, -2250814.454542, 2309743.262342}","-",21.37337528,-157.73279257,"2026-08-04T04:23:36.000Z","UAV 1"
"ENBTR60006","Move to {-5499107.729384, -2250754.164082, 2310538.606898}","-",21.36897336,-157.74047149,"2026-08-04T04:23:36.000Z","UAV 1"
"FRT69006","Move to {-5499315.048189, -2250231.003964, 2310734.853397}","-",21.38096188,-157.73222439,"2026-08-04T04:23:36.000Z","UAV 1"
"ENBTR80004","Move to {-5499107.729384, -2250754.164082, 2310538.606898}","-",21.36892854,-157.74027557,"2026-08-04T04:23:36.000Z","UAV 1"
"ENBTR60003","Move to {-5499107.729384, -2250754.164082, 2310538.606898}","-",21.36886321,-157.74068485,"2026-08-04T04:23:36.000Z","UAV 1"
"ENM1A2002","Move to {-5499107.729384, -2250754.164082, 2310538.606898}","-",21.37356068,-157.74317200,"2026-08-04T04:23:36.000Z","UAV 1"
"ENCAESAR004","FFE-On-Location ""Location={-5499123.141030, -2250320.406046, 2311025.754248}""  Name of Weapons to Fire: Indirect-Fire-Gun:M107-155mm. Number-Of-Rounds: 1. Height-Above-Terrain: 0","-",21.36735946,-157.73175490,"2026-08-04T04:23:36.000Z","UAV 1"
"FRT69003","Move to {-5499315.048189, -2250231.003964, 2310734.853397}","-",21.38097332,-157.73240275,"2026-08-04T04:23:36.000Z","UAV 1"
"FRT69005","Move to {-5499315.048189, -2250231.003964, 2310734.853397}","-",21.38100014,-157.73233777,"2026-08-04T04:23:36.000Z","UAV 1"
"ENT72011","Move to {-5499107.729384, -2250754.164082, 2310538.606898}","-",21.37128822,-157.74162582,"2026-08-04T04:23:36.000Z","UAV 1"
"ENT72004","Move to {-5499107.729384, -2250754.164082, 2310538.606898}","-",21.37154521,-157.74163288,"2026-08-04T04:23:36.000Z","UAV 1"
"ENM35002","Move to {-5499460.953457, -2250814.454542, 2309743.262342}","-",21.37340544,-157.73283903,"2026-08-04T04:23:36.000Z","UAV 1"
"ENGAZ003","Move to {-5499460.953457, -2250814.454542, 2309743.262342}","-",21.37338431,-157.73326221,"2026-08-04T04:23:36.000Z","UAV 1"
"ENM35001","Move to {-5499460.953457, -2250814.454542, 2309743.262342}","-",21.37314687,-157.73312307,"2026-08-04T04:23:36.000Z","UAV 1"
"ENT72010","Move to {-5499107.729384, -2250754.164082, 2310538.606898}","-",21.37154256,-157.74155229,"2026-08-04T04:23:36.000Z","UAV 1"
"ENT72006","Move to {-5499107.729384, -2250754.164082, 2310538.606898}","-",21.37145835,-157.74180319,"2026-08-04T04:23:36.000Z","UAV 1"
"ENCAESAR003","FFE-On-Location ""Location={-5498511.672389, -2250935.799735, 2311770.746054}""  Name of Weapons to Fire: Indirect-Fire-Gun:M107-155mm. Number-Of-Rounds: 1. Height-Above-Terrain: 0","-",21.36719878,-157.73183038,"2026-08-04T04:23:36.000Z","UAV 1"
"ENMORT001","FFE-On-Location ""Location={-5499123.141030, -2250320.406046, 2311025.754248}""  Name of Weapons to Fire: Indirect-Fire-Gun:m9333he. Number-Of-Rounds: 1. Height-Above-Terrain: 0","-",21.37454920,-157.73726779,"2026-08-04T04:23:36.000Z","UAV 1"
"FRT69008","Move to {-5499315.048189, -2250231.003964, 2310734.853397}","-",21.38096961,-157.73244663,"2026-08-04T04:23:36.000Z","UAV 1"
"FRT69009","Move to {-5499315.048189, -2250231.003964, 2310734.853397}","-",21.38066035,-157.73234161,"2026-08-04T04:23:36.000Z","UAV 1"
"ENBTR60008","Move to {-5499107.729384, -2250754.164082, 2310538.606898}","-",21.36871356,-157.74030600,"2026-08-04T04:23:36.000Z","UAV 1"
"ENMORT003","FFE-On-Location ""Location={-5498358.113175, -2250865.429793, 2312201.552453}""  Name of Weapons to Fire: Indirect-Fire-Gun:m9333he. Number-Of-Rounds: 1. Height-Above-Terrain: 0","-",21.37448817,-157.73726715,"2026-08-04T04:23:36.000Z","UAV 1"
"FRT69010","Move to {-5499315.048189, -2250231.003964, 2310734.853397}","-",21.38075758,-157.73208913,"2026-08-04T04:23:36.000Z","UAV 1"
"ENM1A2004","Move to {-5499107.729384, -2250754.164082, 2310538.606898}","-",21.37346980,-157.74313700,"2026-08-04T04:23:36.000Z","UAV 1"
"ENM35003","Move to {-5499460.953457, -2250814.454542, 2309743.262342}","-",21.37355752,-157.73315653,"2026-08-04T04:23:36.000Z","UAV 1"
"ENBTR60005","Move to {-5499107.729384, -2250754.164082, 2310538.606898}","-",21.36897693,-157.74069464,"2026-08-04T04:23:36.000Z","UAV 1"
"ENM1A2003","Move to {-5499107.729384, -2250754.164082, 2310538.606898}","-",21.37332105,-157.74325039,"2026-08-04T04:23:37.000Z","UAV 1"
"ENT72007","Move to {-5499107.729384, -2250754.164082, 2310538.606898}","-",21.37116455,-157.74185204,"2026-08-04T04:23:37.000Z","UAV 1"
"ENT72003","Move to {-5499107.729384, -2250754.164082, 2310538.606898}","-",21.37142866,-157.74159647,"2026-08-04T04:23:37.000Z","UAV 1"
"ENCAESAR002","FFE-On-Location ""Location={-5498358.113175, -2250865.429793, 2312201.552453}""  Name of Weapons to Fire: Indirect-Fire-Gun:M107-155mm. Number-Of-Rounds: 1. Height-Above-Terrain: 0","-",21.36709792,-157.73185356,"2026-08-04T04:23:37.000Z","UAV 1"
"ENT72012","Move to {-5499107.729384, -2250754.164082, 2310538.606898}","-",21.37135536,-157.74170428,"2026-08-04T04:23:37.000Z","UAV 1"
"ENMORT005","FFE-On-Location ""Location={-5499123.141030, -2250320.406046, 2311025.754248}""  Name of Weapons to Fire: Indirect-Fire-Gun:m9333he. Number-Of-Rounds: 1. Height-Above-Terrain: 0","-",21.37463885,-157.73701809,"2026-08-04T04:23:37.000Z","UAV 1"
"ENM1A2001","Move to {-5499107.729384, -2250754.164082, 2310538.606898}","-",21.37344826,-157.74288997,"2026-08-04T04:23:37.000Z","UAV 1"
"FRT69007","Move to {-5499315.048189, -2250231.003964, 2310734.853397}","-",21.38070294,-157.73204111,"2026-08-04T04:23:37.000Z","UAV 1"
"FRT69002","Move to {-5499315.048189, -2250231.003964, 2310734.853397}","-",21.38062312,-157.73220904,"2026-08-04T04:23:37.000Z","UAV 1"
"FRT69001","Move to {-5499315.048189, -2250231.003964, 2310734.853397}","-",21.38083049,-157.73220700,"2026-08-04T04:23:37.000Z","UAV 1"
"ENT72002","Move to {-5499107.729384, -2250754.164082, 2310538.606898}","-",21.37128608,-157.74157543,"2026-08-04T04:23:37.000Z","UAV 1"
"ENMORT004","FFE-On-Location ""Location={-5498511.672389, -2250935.799735, 2311770.746054}""  Name of Weapons to Fire: Indirect-Fire-Gun:m9333he. Number-Of-Rounds: 1. Height-Above-Terrain: 0","-",21.37449517,-157.73695548,"2026-08-04T04:23:37.000Z","UAV 1"
"ENM35004","Move to {-5499460.953457, -2250814.454542, 2309743.262342}","-",21.37321699,-157.73305944,"2026-08-04T04:23:37.000Z","UAV 1"
"ENGAZ001","Move to {-5499460.953457, -2250814.454542, 2309743.262342}","-",21.37337528,-157.73279257,"2026-08-04T04:23:37.000Z","UAV 1"
"ENBTR60006","Move to {-5499107.729384, -2250754.164082, 2310538.606898}","-",21.36897336,-157.74047149,"2026-08-04T04:23:37.000Z","UAV 1"
"FRT69006","Move to {-5499315.048189, -2250231.003964, 2310734.853397}","-",21.38096188,-157.73222439,"2026-08-04T04:23:37.000Z","UAV 1"
"ENBTR80004","Move to {-5499107.729384, -2250754.164082, 2310538.606898}","-",21.36892854,-157.74027557,"2026-08-04T04:23:37.000Z","UAV 1"
"ENBTR60003","Move to {-5499107.729384, -2250754.164082, 2310538.606898}","-",21.36886321,-157.74068485,"2026-08-04T04:23:37.000Z","UAV 1"
"ENM1A2002","Move to {-5499107.729384, -2250754.164082, 2310538.606898}","-",21.37356068,-157.74317200,"2026-08-04T04:23:37.000Z","UAV 1"
"ENCAESAR004","FFE-On-Location ""Location={-5499123.141030, -2250320.406046, 2311025.754248}""  Name of Weapons to Fire: Indirect-Fire-Gun:M107-155mm. Number-Of-Rounds: 1. Height-Above-Terrain: 0","-",21.36735946,-157.73175490,"2026-08-04T04:23:37.000Z","UAV 1"
"FRT69003","Move to {-5499315.048189, -2250231.003964, 2310734.853397}","-",21.38097332,-157.73240275,"2026-08-04T04:23:37.000Z","UAV 1"
"FRT69005","Move to {-5499315.048189, -2250231.003964, 2310734.853397}","-",21.38100014,-157.73233777,"2026-08-04T04:23:37.000Z","UAV 1"
"ENT72011","Move to {-5499107.729384, -2250754.164082, 2310538.606898}","-",21.37128822,-157.74162582,"2026-08-04T04:23:37.000Z","UAV 1"
"ENT72004","Move to {-5499107.729384, -2250754.164082, 2310538.606898}","-",21.37154521,-157.74163288,"2026-08-04T04:23:37.000Z","UAV 1"
"ENM35002","Move to {-5499460.953457, -2250814.454542, 2309743.262342}","-",21.37340544,-157.73283903,"2026-08-04T04:23:37.000Z","UAV 1"
"ENGAZ003","Move to {-5499460.953457, -2250814.454542, 2309743.262342}","-",21.37338431,-157.73326221,"2026-08-04T04:23:37.000Z","UAV 1"
"ENM35001","Move to {-5499460.953457, -2250814.454542, 2309743.262342}","-",21.37314687,-157.73312307,"2026-08-04T04:23:37.000Z","UAV 1"
"ENT72010","Move to {-5499107.729384, -2250754.164082, 2310538.606898}","-",21.37154256,-157.74155229,"2026-08-04T04:23:37.000Z","UAV 1"
"ENT72006","Move to {-5499107.729384, -2250754.164082, 2310538.606898}","-",21.37145835,-157.74180319,"2026-08-04T04:23:37.000Z","UAV 1"
"ENCAESAR003","FFE-On-Location ""Location={-5498511.672389, -2250935.799735, 2311770.746054}""  Name of Weapons to Fire: Indirect-Fire-Gun:M107-155mm. Number-Of-Rounds: 1. Height-Above-Terrain: 0","-",21.36719878,-157.73183038,"2026-08-04T04:23:37.000Z","UAV 1"
"ENMORT001","FFE-On-Location ""Location={-5499123.141030, -2250320.406046, 2311025.754248}""  Name of Weapons to Fire: Indirect-Fire-Gun:m9333he. Number-Of-Rounds: 1. Height-Above-Terrain: 0","-",21.37454920,-157.73726779,"2026-08-04T04:23:37.000Z","UAV 1"
"FRT69008","Move to {-5499315.048189, -2250231.003964, 2310734.853397}","-",21.38096961,-157.73244663,"2026-08-04T04:23:37.000Z","UAV 1"
"FRT69009","Move to {-5499315.048189, -2250231.003964, 2310734.853397}","-",21.38066035,-157.73234161,"2026-08-04T04:23:37.000Z","UAV 1"
"ENBTR60008","Move to {-5499107.729384, -2250754.164082, 2310538.606898}","-",21.36871356,-157.74030600,"2026-08-04T04:23:37.000Z","UAV 1"
"ENMORT003","FFE-On-Location ""Location={-5498358.113175, -2250865.429793, 2312201.552453}""  Name of Weapons to Fire: Indirect-Fire-Gun:m9333he. Number-Of-Rounds: 1. Height-Above-Terrain: 0","-",21.37448817,-157.73726715,"2026-08-04T04:23:37.000Z","UAV 1"
"FRT69010","Move to {-5499315.048189, -2250231.003964, 2310734.853397}","-",21.38075758,-157.73208913,"2026-08-04T04:23:37.000Z","UAV 1"
"ENM1A2004","Move to {-5499107.729384, -2250754.164082, 2310538.606898}","-",21.37346980,-157.74313700,"2026-08-04T04:23:37.000Z","UAV 1"
"ENM35003","Move to {-5499460.953457, -2250814.454542, 2309743.262342}","-",21.37355752,-157.73315653,"2026-08-04T04:23:37.000Z","UAV 1"
"ENBTR60005","Move to {-5499107.729384, -2250754.164082, 2310538.606898}","-",21.36897693,-157.74069464,"2026-08-04T04:23:37.000Z","UAV 1"
"FRTRK2004","Move to {-5498755.048693, -2250824.434840, 2311307.787782}","-",21.38821712,-157.75043475,"2026-08-04T04:23:38.000Z","UAV 1"
"FRTRK1003","Move to {-5498755.048693, -2250824.434840, 2311307.787782}","-",21.38825544,-157.75038215,"2026-08-04T04:23:38.000Z","UAV 1"
"FRMORT002","FFE-On-Location ""Location={-5499132.853573, -2251193.466895, 2310064.199617}""  Name of Weapons to Fire: Indirect-Fire-Gun:m9333he. Number-Of-Rounds: 1. Height-Above-Terrain: 0","-",21.39124517,-157.73722922,"2026-08-04T04:23:38.000Z","UAV 1"
"FRTRK1001","Move to {-5498755.048693, -2250824.434840, 2311307.787782}","-",21.38839300,-157.75044464,"2026-08-04T04:23:38.000Z","UAV 1"
"FRMORT001","FFE-On-Location ""Location={-5499191.503627, -2251825.311346, 2309314.511859}""  Name of Weapons to Fire: Indirect-Fire-Gun:m9333he. Number-Of-Rounds: 1. Height-Above-Terrain: 0","-",21.39116652,-157.73700854,"2026-08-04T04:23:38.000Z","UAV 1"
"FRLAV002","Move to {-5499315.048189, -2250231.003964, 2310734.853397}","-",21.38990280,-157.74175805,"2026-08-04T04:23:38.000Z","UAV 1"
"FRM113007","Move to {-5499315.048189, -2250231.003964, 2310734.853397}","-",21.39009112,-157.74184604,"2026-08-04T04:23:38.000Z","UAV 1"
"FRM113002","Move to {-5499315.048189, -2250231.003964, 2310734.853397}","-",21.38982935,-157.74169886,"2026-08-04T04:23:38.000Z","UAV 1"
"FRLAV008","Move to {-5499315.048189, -2250231.003964, 2310734.853397}","-",21.39001150,-157.74175337,"2026-08-04T04:23:38.000Z","UAV 1"
"FRM113006","Move to {-5499315.048189, -2250231.003964, 2310734.853397}","-",21.38989877,-157.74190826,"2026-08-04T04:23:38.000Z","UAV 1"
"FRMORT004","None","-",21.39105358,-157.73697074,"2026-08-04T04:23:38.000Z","UAV 1"
"FRTRK1005","Move to {-5498755.048693, -2250824.434840, 2311307.787782}","-",21.38815089,-157.75024417,"2026-08-04T04:23:38.000Z","UAV 1"
"FRLAV001","Move to {-5499315.048189, -2250231.003964, 2310734.853397}","-",21.38973126,-157.74171741,"2026-08-04T04:23:38.000Z","UAV 1"
"FRTRK2001","Move to {-5498755.048693, -2250824.434840, 2311307.787782}","-",21.38830194,-157.75049749,"2026-08-04T04:23:38.000Z","UAV 1"
"FRMORT003","FFE-On-Location ""Location={-5499460.953457, -2250814.454542, 2309743.262342}""  Name of Weapons to Fire: Indirect-Fire-Gun:m9333he. Number-Of-Rounds: 1. Height-Above-Terrain: 0","-",21.39122072,-157.73728393,"2026-08-04T04:23:38.000Z","UAV 1"
"FRM113001","Move to {-5499315.048189, -2250231.003964, 2310734.853397}","-",21.38989078,-157.74163464,"2026-08-04T04:23:38.000Z","UAV 1"
"FRM113004","Move to {-5499315.048189, -2250231.003964, 2310734.853397}","-",21.38979340,-157.74195574,"2026-08-04T04:23:38.000Z","UAV 1"
"FRTRK2003","Move to {-5498755.048693, -2250824.434840, 2311307.787782}","-",21.38805157,-157.75035376,"2026-08-04T04:23:38.000Z","UAV 1"
"FRLAV004","Move to {-5499315.048189, -2250231.003964, 2310734.853397}","-",21.38965601,-157.74154092,"2026-08-04T04:23:38.000Z","UAV 1"
"FRTRK2004","Move to {-5498755.048693, -2250824.434840, 2311307.787782}","-",21.38827398,-157.75027735,"2026-08-04T04:23:39.000Z","UAV 1"
"FRTRK1003","Move to {-5498755.048693, -2250824.434840, 2311307.787782}","-",21.38831045,-157.75024340,"2026-08-04T04:23:39.000Z","UAV 1"
"FRMORT002","FFE-On-Location ""Location={-5499132.853573, -2251193.466895, 2310064.199617}""  Name of Weapons to Fire: Indirect-Fire-Gun:m9333he. Number-Of-Rounds: 1. Height-Above-Terrain: 0","-",21.39124517,-157.73722922,"2026-08-04T04:23:39.000Z","UAV 1"
"FRTRK1001","Move to {-5498755.048693, -2250824.434840, 2311307.787782}","-",21.38845288,-157.75030192,"2026-08-04T04:23:39.000Z","UAV 1"
"FRMORT001","FFE-On-Location ""Location={-5499191.503627, -2251825.311346, 2309314.511859}""  Name of Weapons to Fire: Indirect-Fire-Gun:m9333he. Number-Of-Rounds: 1. Height-Above-Terrain: 0","-",21.39116652,-157.73700854,"2026-08-04T04:23:39.000Z","UAV 1"
"FRLAV002","Move to {-5499315.048189, -2250231.003964, 2310734.853397}","-",21.38990919,-157.74175411,"2026-08-04T04:23:39.000Z","UAV 1"
"FRM113007","Move to {-5499315.048189, -2250231.003964, 2310734.853397}","-",21.39009783,-157.74184604,"2026-08-04T04:23:39.000Z","UAV 1"
"FRM113002","Move to {-5499315.048189, -2250231.003964, 2310734.853397}","-",21.38983360,-157.74169886,"2026-08-04T04:23:39.000Z","UAV 1"
"FRLAV008","Move to {-5499315.048189, -2250231.003964, 2310734.853397}","-",21.39001795,-157.74174939,"2026-08-04T04:23:39.000Z","UAV 1"
"FRM113006","Move to {-5499315.048189, -2250231.003964, 2310734.853397}","-",21.38990518,-157.74190826,"2026-08-04T04:23:39.000Z","UAV 1"
"FRMORT004","None","-",21.39105358,-157.73697074,"2026-08-04T04:23:39.000Z","UAV 1"
"FRTRK1005","Move to {-5498755.048693, -2250824.434840, 2311307.787782}","-",21.38819672,-157.75011221,"2026-08-04T04:23:39.000Z","UAV 1"
"FRLAV001","Move to {-5499315.048189, -2250231.003964, 2310734.853397}","-",21.38973715,-157.74171378,"2026-08-04T04:23:39.000Z","UAV 1"
"FRTRK2001","Move to {-5498755.048693, -2250824.434840, 2311307.787782}","-",21.38836444,-157.75035086,"2026-08-04T04:23:39.000Z","UAV 1"
"FRMORT003","FFE-On-Location ""Location={-5499460.953457, -2250814.454542, 2309743.262342}""  Name of Weapons to Fire: Indirect-Fire-Gun:m9333he. Number-Of-Rounds: 1. Height-Above-Terrain: 0","-",21.39122072,-157.73728393,"2026-08-04T04:23:39.000Z","UAV 1"
"FRM113001","Move to {-5499315.048189, -2250231.003964, 2310734.853397}","-",21.38989649,-157.74163464,"2026-08-04T04:23:39.000Z","UAV 1"
"FRM113004","Move to {-5499315.048189, -2250231.003964, 2310734.853397}","-",21.38979518,-157.74195691,"2026-08-04T04:23:39.000Z","UAV 1"
"FRTRK2003","Move to {-5498755.048693, -2250824.434840, 2311307.787782}","-",21.38810950,-157.75021000,"2026-08-04T04:23:39.000Z","UAV 1"
"FRLAV004","Move to {-5499315.048189, -2250231.003964, 2310734.853397}","-",21.38965907,-157.74152504,"2026-08-04T04:23:39.000Z","UAV 1"
"FRT80001","Move to {-5499315.048189, -2250231.003964, 2310734.853397}","-",21.37550931,-157.75288278,"2026-08-04T04:23:39.000Z","UAV 1"
"FRT80002","Move to {-5499315.048189, -2250231.003964, 2310734.853397}","-",21.37535913,-157.75325840,"2026-08-04T04:23:39.000Z","UAV 1"
"FRT80008","Move to {-5499315.048189, -2250231.003964, 2310734.853397}","-",21.37550932,-157.75300553,"2026-08-04T04:23:39.000Z","UAV 1"
"FRT80006","Move to {-5499315.048189, -2250231.003964, 2310734.853397}","-",21.37532430,-157.75292197,"2026-08-04T04:23:39.000Z","UAV 1"
"FRT80007","Move to {-5499315.048189, -2250231.003964, 2310734.853397}","-",21.37512369,-157.75286871,"2026-08-04T04:23:39.000Z","UAV 1"
"FRLAV005","Move to {-5499315.048189, -2250231.003964, 2310734.853397}","-",21.38998208,-157.74192995,"2026-08-04T04:23:39.000Z","UAV 1"
"FRTRK1002","Move to {-5498755.048693, -2250824.434840, 2311307.787782}","-",21.38834667,-157.75053390,"2026-08-04T04:23:39.000Z","UAV 1"
"FRTRK1004","Move to {-5498755.048693, -2250824.434840, 2311307.787782}","-",21.38812008,-157.75025977,"2026-08-04T04:23:39.000Z","UAV 1"
"FRTRK2004","Move to {-5498755.048693, -2250824.434840, 2311307.787782}","-",21.38827398,-157.75027735,"2026-08-04T04:23:40.000Z","UAV 1"
"FRTRK1003","Move to {-5498755.048693, -2250824.434840, 2311307.787782}","-",21.38831045,-157.75024340,"2026-08-04T04:23:40.000Z","UAV 1"
"FRMORT002","FFE-On-Location ""Location={-5499132.853573, -2251193.466895, 2310064.199617}""  Name of Weapons to Fire: Indirect-Fire-Gun:m9333he. Number-Of-Rounds: 1. Height-Above-Terrain: 0","-",21.39124517,-157.73722922,"2026-08-04T04:23:40.000Z","UAV 1"
"FRTRK1001","Move to {-5498755.048693, -2250824.434840, 2311307.787782}","-",21.38845288,-157.75030192,"2026-08-04T04:23:40.000Z","UAV 1"
"FRMORT001","FFE-On-Location ""Location={-5499191.503627, -2251825.311346, 2309314.511859}""  Name of Weapons to Fire: Indirect-Fire-Gun:m9333he. Number-Of-Rounds: 1. Height-Above-Terrain: 0","-",21.39116652,-157.73700854,"2026-08-04T04:23:40.000Z","UAV 1"
"FRLAV002","Move to {-5499315.048189, -2250231.003964, 2310734.853397}","-",21.38990919,-157.74175411,"2026-08-04T04:23:40.000Z","UAV 1"
"FRM113007","Move to {-5499315.048189, -2250231.003964, 2310734.853397}","-",21.39009783,-157.74184604,"2026-08-04T04:23:40.000Z","UAV 1"
"FRM113002","Move to {-5499315.048189, -2250231.003964, 2310734.853397}","-",21.38983360,-157.74169886,"2026-08-04T04:23:40.000Z","UAV 1"
"FRLAV008","Move to {-5499315.048189, -2250231.003964, 2310734.853397}","-",21.39001795,-157.74174939,"2026-08-04T04:23:40.000Z","UAV 1"
"FRM113006","Move to {-5499315.048189, -2250231.003964, 2310734.853397}","-",21.38990518,-157.74190826,"2026-08-04T04:23:40.000Z","UAV 1"
"FRMORT004","None","-",21.39105358,-157.73697074,"2026-08-04T04:23:40.000Z","UAV 1"
"FRTRK1005","Move to {-5498755.048693, -2250824.434840, 2311307.787782}","-",21.38819672,-157.75011221,"2026-08-04T04:23:40.000Z","UAV 1"
"FRLAV001","Move to {-5499315.048189, -2250231.003964, 2310734.853397}","-",21.38973715,-157.74171378,"2026-08-04T04:23:40.000Z","UAV 1"
"FRTRK2001","Move to {-5498755.048693, -2250824.434840, 2311307.787782}","-",21.38836444,-157.75035086,"2026-08-04T04:23:40.000Z","UAV 1"
"FRMORT003","FFE-On-Location ""Location={-5499460.953457, -2250814.454542, 2309743.262342}""  Name of Weapons to Fire: Indirect-Fire-Gun:m9333he. Number-Of-Rounds: 1. Height-Above-Terrain: 0","-",21.39122072,-157.73728393,"2026-08-04T04:23:40.000Z","UAV 1"
"FRM113001","Move to {-5499315.048189, -2250231.003964, 2310734.853397}","-",21.38989649,-157.74163464,"2026-08-04T04:23:40.000Z","UAV 1"
"FRM113004","Move to {-5499315.048189, -2250231.003964, 2310734.853397}","-",21.38979518,-157.74195691,"2026-08-04T04:23:40.000Z","UAV 1"
"FRTRK2003","Move to {-5498755.048693, -2250824.434840, 2311307.787782}","-",21.38810950,-157.75021000,"2026-08-04T04:23:40.000Z","UAV 1"
"FRLAV004","Move to {-5499315.048189, -2250231.003964, 2310734.853397}","-",21.38965907,-157.74152504,"2026-08-04T04:23:40.000Z","UAV 1"
"FRT80001","Move to {-5499315.048189, -2250231.003964, 2310734.853397}","-",21.37550931,-157.75288278,"2026-08-04T04:23:40.000Z","UAV 1"
"FRT80002","Move to {-5499315.048189, -2250231.003964, 2310734.853397}","-",21.37535913,-157.75325840,"2026-08-04T04:23:40.000Z","UAV 1"
"FRT80008","Move to {-5499315.048189, -2250231.003964, 2310734.853397}","-",21.37550932,-157.75300553,"2026-08-04T04:23:40.000Z","UAV 1"
"FRT80006","Move to {-5499315.048189, -2250231.003964, 2310734.853397}","-",21.37532430,-157.75292197,"2026-08-04T04:23:40.000Z","UAV 1"
"FRT80007","Move to {-5499315.048189, -2250231.003964, 2310734.853397}","-",21.37512369,-157.75286871,"2026-08-04T04:23:40.000Z","UAV 1"
"FRLAV005","Move to {-5499315.048189, -2250231.003964, 2310734.853397}","-",21.38998208,-157.74192995,"2026-08-04T04:23:40.000Z","UAV 1"
"FRTRK1002","Move to {-5498755.048693, -2250824.434840, 2311307.787782}","-",21.38834667,-157.75053390,"2026-08-04T04:23:40.000Z","UAV 1"
"FRTRK1004","Move to {-5498755.048693, -2250824.434840, 2311307.787782}","-",21.38812008,-157.75025977,"2026-08-04T04:23:40.000Z","UAV 1"
"FRTRK2004","Move to {-5498755.048693, -2250824.434840, 2311307.787782}","-",21.38827398,-157.75027735,"2026-08-04T04:23:41.000Z","UAV 1"
"FRTRK1003","Move to {-5498755.048693, -2250824.434840, 2311307.787782}","-",21.38831045,-157.75024340,"2026-08-04T04:23:41.000Z","UAV 1"
"FRMORT002","FFE-On-Location ""Location={-5499132.853573, -2251193.466895, 2310064.199617}""  Name of Weapons to Fire: Indirect-Fire-Gun:m9333he. Number-Of-Rounds: 1. Height-Above-Terrain: 0","-",21.39124517,-157.73722922,"2026-08-04T04:23:41.000Z","UAV 1"
"FRTRK1001","Move to {-5498755.048693, -2250824.434840, 2311307.787782}","-",21.38845288,-157.75030192,"2026-08-04T04:23:41.000Z","UAV 1"
"FRMORT001","FFE-On-Location ""Location={-5499191.503627, -2251825.311346, 2309314.511859}""  Name of Weapons to Fire: Indirect-Fire-Gun:m9333he. Number-Of-Rounds: 1. Height-Above-Terrain: 0","-",21.39116652,-157.73700854,"2026-08-04T04:23:41.000Z","UAV 1"
"FRLAV002","Move to {-5499315.048189, -2250231.003964, 2310734.853397}","-",21.38990919,-157.74175411,"2026-08-04T04:23:41.000Z","UAV 1"
"FRM113007","Move to {-5499315.048189, -2250231.003964, 2310734.853397}","-",21.39009783,-157.74184604,"2026-08-04T04:23:41.000Z","UAV 1"
"FRM113002","Move to {-5499315.048189, -2250231.003964, 2310734.853397}","-",21.38983360,-157.74169886,"2026-08-04T04:23:41.000Z","UAV 1"
"FRLAV008","Move to {-5499315.048189, -2250231.003964, 2310734.853397}","-",21.39001795,-157.74174939,"2026-08-04T04:23:41.000Z","UAV 1"
"FRM113006","Move to {-5499315.048189, -2250231.003964, 2310734.853397}","-",21.38990518,-157.74190826,"2026-08-04T04:23:41.000Z","UAV 1"
"FRMORT004","None","-",21.39105358,-157.73697074,"2026-08-04T04:23:41.000Z","UAV 1"
"FRTRK1005","Move to {-5498755.048693, -2250824.434840, 2311307.787782}","-",21.38819672,-157.75011221,"2026-08-04T04:23:41.000Z","UAV 1"
"FRLAV001","Move to {-5499315.048189, -2250231.003964, 2310734.853397}","-",21.38973715,-157.74171378,"2026-08-04T04:23:41.000Z","UAV 1"
"FRTRK2001","Move to {-5498755.048693, -2250824.434840, 2311307.787782}","-",21.38836444,-157.75035086,"2026-08-04T04:23:41.000Z","UAV 1"
"FRMORT003","FFE-On-Location ""Location={-5499460.953457, -2250814.454542, 2309743.262342}""  Name of Weapons to Fire: Indirect-Fire-Gun:m9333he. Number-Of-Rounds: 1. Height-Above-Terrain: 0","-",21.39122072,-157.73728393,"2026-08-04T04:23:41.000Z","UAV 1"
"FRM113001","Move to {-5499315.048189, -2250231.003964, 2310734.853397}","-",21.38989649,-157.74163464,"2026-08-04T04:23:41.000Z","UAV 1"
"FRM113004","Move to {-5499315.048189, -2250231.003964, 2310734.853397}","-",21.38979518,-157.74195691,"2026-08-04T04:23:41.000Z","UAV 1"
"FRTRK2003","Move to {-5498755.048693, -2250824.434840, 2311307.787782}","-",21.38810950,-157.75021000,"2026-08-04T04:23:41.000Z","UAV 1"
"FRLAV004","Move to {-5499315.048189, -2250231.003964, 2310734.853397}","-",21.38965907,-157.74152504,"2026-08-04T04:23:41.000Z","UAV 1"
"FRT80001","Move to {-5499315.048189, -2250231.003964, 2310734.853397}","-",21.37550931,-157.75288278,"2026-08-04T04:23:41.000Z","UAV 1"
"FRT80002","Move to {-5499315.048189, -2250231.003964, 2310734.853397}","-",21.37535913,-157.75325840,"2026-08-04T04:23:41.000Z","UAV 1"
"FRT80008","Move to {-5499315.048189, -2250231.003964, 2310734.853397}","-",21.37550932,-157.75300553,"2026-08-04T04:23:41.000Z","UAV 1"
"FRT80006","Move to {-5499315.048189, -2250231.003964, 2310734.853397}","-",21.37532430,-157.75292197,"2026-08-04T04:23:41.000Z","UAV 1"
"FRT80007","Move to {-5499315.048189, -2250231.003964, 2310734.853397}","-",21.37512369,-157.75286871,"2026-08-04T04:23:41.000Z","UAV 1"
"FRLAV005","Move to {-5499315.048189, -2250231.003964, 2310734.853397}","-",21.38998208,-157.74192995,"2026-08-04T04:23:41.000Z","UAV 1"
"FRTRK1002","Move to {-5498755.048693, -2250824.434840, 2311307.787782}","-",21.38834667,-157.75053390,"2026-08-04T04:23:41.000Z","UAV 1"
"FRTRK1004","Move to {-5498755.048693, -2250824.434840, 2311307.787782}","-",21.38812008,-157.75025977,"2026-08-04T04:23:41.000Z","UAV 1"
"FRTRK1003","Move to {-5498755.048693, -2250824.434840, 2311307.787782}","-",21.38830093,-157.75002409,"2026-08-04T04:23:42.000Z","UAV 1"
"FRMORT002","FFE-On-Location ""Location={-5499132.853573, -2251193.466895, 2310064.199617}""  Name of Weapons to Fire: Indirect-Fire-Gun:m9333he. Number-Of-Rounds: 1. Height-Above-Terrain: 0","-",21.39124517,-157.73722922,"2026-08-04T04:23:42.000Z","UAV 1"
"FRTRK1001","Move to {-5498755.048693, -2250824.434840, 2311307.787782}","-",21.38844670,-157.75008536,"2026-08-04T04:23:42.000Z","UAV 1"
"FRMORT001","FFE-On-Location ""Location={-5499191.503627, -2251825.311346, 2309314.511859}""  Name of Weapons to Fire: Indirect-Fire-Gun:m9333he. Number-Of-Rounds: 1. Height-Above-Terrain: 0","-",21.39116652,-157.73700854,"2026-08-04T04:23:42.000Z","UAV 1"
"FRLAV002","Move to {-5499315.048189, -2250231.003964, 2310734.853397}","-",21.38991686,-157.74174938,"2026-08-04T04:23:42.000Z","UAV 1"
"FRM113007","Move to {-5499315.048189, -2250231.003964, 2310734.853397}","-",21.39010592,-157.74184604,"2026-08-04T04:23:42.000Z","UAV 1"
"FRM113002","Move to {-5499315.048189, -2250231.003964, 2310734.853397}","-",21.38983720,-157.74169886,"2026-08-04T04:23:42.000Z","UAV 1"
"FRLAV008","Move to {-5499315.048189, -2250231.003964, 2310734.853397}","-",21.39002567,-157.74174463,"2026-08-04T04:23:42.000Z","UAV 1"
"FRM113006","Move to {-5499315.048189, -2250231.003964, 2310734.853397}","-",21.38991291,-157.74190826,"2026-08-04T04:23:42.000Z","UAV 1"
"FRMORT004","None","-",21.39105358,-157.73697074,"2026-08-04T04:23:42.000Z","UAV 1"
"FRTRK1005","Move to {-5498755.048693, -2250824.434840, 2311307.787782}","-",21.38818030,-157.74989260,"2026-08-04T04:23:42.000Z","UAV 1"
"FRLAV001","Move to {-5499315.048189, -2250231.003964, 2310734.853397}","-",21.38974388,-157.74170963,"2026-08-04T04:23:42.000Z","UAV 1"
"FRTRK2001","Move to {-5498755.048693, -2250824.434840, 2311307.787782}","-",21.38836131,-157.75013599,"2026-08-04T04:23:42.000Z","UAV 1"
"FRMORT003","FFE-On-Location ""Location={-5499460.953457, -2250814.454542, 2309743.262342}""  Name of Weapons to Fire: Indirect-Fire-Gun:m9333he. Number-Of-Rounds: 1. Height-Above-Terrain: 0","-",21.39122072,-157.73728393,"2026-08-04T04:23:42.000Z","UAV 1"
"FRM113001","Move to {-5499315.048189, -2250231.003964, 2310734.853397}","-",21.38990337,-157.74163464,"2026-08-04T04:23:42.000Z","UAV 1"
"FRM113004","Move to {-5499315.048189, -2250231.003964, 2310734.853397}","-",21.38980437,-157.74196479,"2026-08-04T04:23:42.000Z","UAV 1"
"FRTRK2003","Move to {-5498755.048693, -2250824.434840, 2311307.787782}","-",21.38810497,-157.74999229,"2026-08-04T04:23:42.000Z","UAV 1"
"FRLAV004","Move to {-5499315.048189, -2250231.003964, 2310734.853397}","-",21.38966083,-157.74151585,"2026-08-04T04:23:42.000Z","UAV 1"
"FRT80001","Move to {-5499315.048189, -2250231.003964, 2310734.853397}","-",21.37564030,-157.75272389,"2026-08-04T04:23:42.000Z","UAV 1"
"FRT80002","Move to {-5499315.048189, -2250231.003964, 2310734.853397}","-",21.37548923,-157.75309600,"2026-08-04T04:23:42.000Z","UAV 1"
"FRT80008","Move to {-5499315.048189, -2250231.003964, 2310734.853397}","-",21.37564030,-157.75284364,"2026-08-04T04:23:42.000Z","UAV 1"
"FRT80006","Move to {-5499315.048189, -2250231.003964, 2310734.853397}","-",21.37545882,-157.75276331,"2026-08-04T04:23:42.000Z","UAV 1"
"FRT80007","Move to {-5499315.048189, -2250231.003964, 2310734.853397}","-",21.37526141,-157.75271326,"2026-08-04T04:23:42.000Z","UAV 1"
"FRLAV005","Move to {-5499315.048189, -2250231.003964, 2310734.853397}","-",21.38999004,-157.74192505,"2026-08-04T04:23:42.000Z","UAV 1"
"FRTRK1002","Move to {-5498755.048693, -2250824.434840, 2311307.787782}","-",21.38835071,-157.75032436,"2026-08-04T04:23:42.000Z","UAV 1"
"FRTRK1004","Move to {-5498755.048693, -2250824.434840, 2311307.787782}","-",21.38811821,-157.75004315,"2026-08-04T04:23:42.000Z","UAV 1"
"FRM113003","Move to {-5499315.048189, -2250231.003964, 2310734.853397}","-",21.38987500,-157.74197758,"2026-08-04T04:23:42.000Z","UAV 1"
"FRZPU003","None","-",21.38640140,-157.73886953,"2026-08-04T04:23:42.000Z","UAV 1"
"FRZPU001","None","-",21.38648413,-157.73896632,"2026-08-04T04:23:42.000Z","UAV 1"
"FRTRK2002","Move to {-5498755.048693, -2250824.434840, 2311307.787782}","-",21.38827779,-157.75026111,"2026-08-04T04:23:42.000Z","UAV 1"
"FRTRK1003","Move to {-5498755.048693, -2250824.434840, 2311307.787782}","-",21.38827249,-157.74983805,"2026-08-04T04:23:43.000Z","UAV 1"
"FRMORT002","FFE-On-Location ""Location={-5499132.853573, -2251193.466895, 2310064.199617}""  Name of Weapons to Fire: Indirect-Fire-Gun:m9333he. Number-Of-Rounds: 1. Height-Above-Terrain: 0","-",21.39124517,-157.73722922,"2026-08-04T04:23:43.000Z","UAV 1"
"FRTRK1001","Move to {-5498755.048693, -2250824.434840, 2311307.787782}","-",21.38841553,-157.74989668,"2026-08-04T04:23:43.000Z","UAV 1"
"FRMORT001","FFE-On-Location ""Location={-5499191.503627, -2251825.311346, 2309314.511859}""  Name of Weapons to Fire: Indirect-Fire-Gun:m9333he. Number-Of-Rounds: 1. Height-Above-Terrain: 0","-",21.39116652,-157.73700854,"2026-08-04T04:23:43.000Z","UAV 1"
"FRLAV002","Move to {-5499315.048189, -2250231.003964, 2310734.853397}","-",21.38992359,-157.74174523,"2026-08-04T04:23:43.000Z","UAV 1"
"FRM113007","Move to {-5499315.048189, -2250231.003964, 2310734.853397}","-",21.39011306,-157.74184604,"2026-08-04T04:23:43.000Z","UAV 1"
"FRM113002","Move to {-5499315.048189, -2250231.003964, 2310734.853397}","-",21.38983920,-157.74169886,"2026-08-04T04:23:43.000Z","UAV 1"
"FRLAV008","Move to {-5499315.048189, -2250231.003964, 2310734.853397}","-",21.39003238,-157.74174050,"2026-08-04T04:23:43.000Z","UAV 1"
"FRM113006","Move to {-5499315.048189, -2250231.003964, 2310734.853397}","-",21.38991971,-157.74190826,"2026-08-04T04:23:43.000Z","UAV 1"
"FRMORT004","None","-",21.39105358,-157.73697074,"2026-08-04T04:23:43.000Z","UAV 1"
"FRTRK1005","Move to {-5498755.048693, -2250824.434840, 2311307.787782}","-",21.38815381,-157.74970809,"2026-08-04T04:23:43.000Z","UAV 1"
"FRLAV001","Move to {-5499315.048189, -2250231.003964, 2310734.853397}","-",21.38974875,-157.74170662,"2026-08-04T04:23:43.000Z","UAV 1"
"FRTRK2001","Move to {-5498755.048693, -2250824.434840, 2311307.787782}","-",21.38833160,-157.74994649,"2026-08-04T04:23:43.000Z","UAV 1"
"FRMORT003","FFE-On-Location ""Location={-5499460.953457, -2250814.454542, 2309743.262342}""  Name of Weapons to Fire: Indirect-Fire-Gun:m9333he. Number-Of-Rounds: 1. Height-Above-Terrain: 0","-",21.39122072,-157.73728393,"2026-08-04T04:23:43.000Z","UAV 1"
"FRM113001","Move to {-5499315.048189, -2250231.003964, 2310734.853397}","-",21.38990944,-157.74163464,"2026-08-04T04:23:43.000Z","UAV 1"
"FRM113004","Move to {-5499315.048189, -2250231.003964, 2310734.853397}","-",21.38980566,-157.74196598,"2026-08-04T04:23:43.000Z","UAV 1"
"FRTRK2003","Move to {-5498755.048693, -2250824.434840, 2311307.787782}","-",21.38807970,-157.74980562,"2026-08-04T04:23:43.000Z","UAV 1"
"FRLAV004","Move to {-5499315.048189, -2250231.003964, 2310734.853397}","-",21.38966238,-157.74150781,"2026-08-04T04:23:43.000Z","UAV 1"
"FRT80001","Move to {-5499315.048189, -2250231.003964, 2310734.853397}","-",21.37575986,-157.75257884,"2026-08-04T04:23:43.000Z","UAV 1"
"FRT80002","Move to {-5499315.048189, -2250231.003964, 2310734.853397}","-",21.37560462,-157.75295196,"2026-08-04T04:23:43.000Z","UAV 1"
"FRT80008","Move to {-5499315.048189, -2250231.003964, 2310734.853397}","-",21.37575707,-157.75269930,"2026-08-04T04:23:43.000Z","UAV 1"
"FRT80006","Move to {-5499315.048189, -2250231.003964, 2310734.853397}","-",21.37557763,-157.75262317,"2026-08-04T04:23:43.000Z","UAV 1"
"FRT80007","Move to {-5499315.048189, -2250231.003964, 2310734.853397}","-",21.37538422,-157.75257462,"2026-08-04T04:23:43.000Z","UAV 1"
"FRLAV005","Move to {-5499315.048189, -2250231.003964, 2310734.853397}","-",21.38999705,-157.74192073,"2026-08-04T04:23:43.000Z","UAV 1"
"FRTRK1002","Move to {-5498755.048693, -2250824.434840, 2311307.787782}","-",21.38832147,-157.75013350,"2026-08-04T04:23:43.000Z","UAV 1"
"FRZPU003","None","-",21.38640140,-157.73886953,"2026-08-04T04:23:43.000Z","UAV 1"
"FRZPU001","None","-",21.38648413,-157.73896632,"2026-08-04T04:23:43.000Z","UAV 1"
"FRTRK2002","Move to {-5498755.048693, -2250824.434840, 2311307.787782}","-",21.38824963,-157.75007029,"2026-08-04T04:23:43.000Z","UAV 1"
"FRTRK1003","Move to {-5498755.048693, -2250824.434840, 2311307.787782}","-",21.38827249,-157.74983805,"2026-08-04T04:23:44.000Z","UAV 1"
"FRMORT002","FFE-On-Location ""Location={-5499132.853573, -2251193.466895, 2310064.199617}""  Name of Weapons to Fire: Indirect-Fire-Gun:m9333he. Number-Of-Rounds: 1. Height-Above-Terrain: 0","-",21.39124517,-157.73722922,"2026-08-04T04:23:44.000Z","UAV 1"
"FRTRK1001","Move to {-5498755.048693, -2250824.434840, 2311307.787782}","-",21.38841553,-157.74989668,"2026-08-04T04:23:44.000Z","UAV 1"
"FRMORT001","FFE-On-Location ""Location={-5499191.503627, -2251825.311346, 2309314.511859}""  Name of Weapons to Fire: Indirect-Fire-Gun:m9333he. Number-Of-Rounds: 1. Height-Above-Terrain: 0","-",21.39116652,-157.73700854,"2026-08-04T04:23:44.000Z","UAV 1"
"FRLAV002","Move to {-5499315.048189, -2250231.003964, 2310734.853397}","-",21.38992359,-157.74174523,"2026-08-04T04:23:44.000Z","UAV 1"
"FRM113007","Move to {-5499315.048189, -2250231.003964, 2310734.853397}","-",21.39011306,-157.74184604,"2026-08-04T04:23:44.000Z","UAV 1"
"FRM113002","Move to {-5499315.048189, -2250231.003964, 2310734.853397}","-",21.38983920,-157.74169886,"2026-08-04T04:23:44.000Z","UAV 1"
"FRLAV008","Move to {-5499315.048189, -2250231.003964, 2310734.853397}","-",21.39003238,-157.74174050,"2026-08-04T04:23:44.000Z","UAV 1"
"FRM113006","Move to {-5499315.048189, -2250231.003964, 2310734.853397}","-",21.38991971,-157.74190826,"2026-08-04T04:23:44.000Z","UAV 1"
"FRMORT004","None","-",21.39105358,-157.73697074,"2026-08-04T04:23:44.000Z","UAV 1"
"FRTRK1005","Move to {-5498755.048693, -2250824.434840, 2311307.787782}","-",21.38815381,-157.74970809,"2026-08-04T04:23:44.000Z","UAV 1"
"FRLAV001","Move to {-5499315.048189, -2250231.003964, 2310734.853397}","-",21.38974875,-157.74170662,"2026-08-04T04:23:44.000Z","UAV 1"
"FRTRK2001","Move to {-5498755.048693, -2250824.434840, 2311307.787782}","-",21.38833160,-157.74994649,"2026-08-04T04:23:44.000Z","UAV 1"
"FRMORT003","FFE-On-Location ""Location={-5499460.953457, -2250814.454542, 2309743.262342}""  Name of Weapons to Fire: Indirect-Fire-Gun:m9333he. Number-Of-Rounds: 1. Height-Above-Terrain: 0","-",21.39122072,-157.73728393,"2026-08-04T04:23:44.000Z","UAV 1"
"FRM113001","Move to {-5499315.048189, -2250231.003964, 2310734.853397}","-",21.38990944,-157.74163464,"2026-08-04T04:23:44.000Z","UAV 1"
"FRM113004","Move to {-5499315.048189, -2250231.003964, 2310734.853397}","-",21.38980566,-157.74196598,"2026-08-04T04:23:44.000Z","UAV 1"
"FRTRK2003","Move to {-5498755.048693, -2250824.434840, 2311307.787782}","-",21.38807970,-157.74980562,"2026-08-04T04:23:44.000Z","UAV 1"
"FRLAV004","Move to {-5499315.048189, -2250231.003964, 2310734.853397}","-",21.38966238,-157.74150781,"2026-08-04T04:23:44.000Z","UAV 1"
"FRT80001","Move to {-5499315.048189, -2250231.003964, 2310734.853397}","-",21.37575986,-157.75257884,"2026-08-04T04:23:44.000Z","UAV 1"
"FRT80002","Move to {-5499315.048189, -2250231.003964, 2310734.853397}","-",21.37560462,-157.75295196,"2026-08-04T04:23:44.000Z","UAV 1"
"FRT80008","Move to {-5499315.048189, -2250231.003964, 2310734.853397}","-",21.37575707,-157.75269930,"2026-08-04T04:23:44.000Z","UAV 1"
"FRT80006","Move to {-5499315.048189, -2250231.003964, 2310734.853397}","-",21.37557763,-157.75262317,"2026-08-04T04:23:44.000Z","UAV 1"
"FRT80007","Move to {-5499315.048189, -2250231.003964, 2310734.853397}","-",21.37538422,-157.75257462,"2026-08-04T04:23:44.000Z","UAV 1"
"FRLAV005","Move to {-5499315.048189, -2250231.003964, 2310734.853397}","-",21.38999705,-157.74192073,"2026-08-04T04:23:44.000Z","UAV 1"
"FRTRK1002","Move to {-5498755.048693, -2250824.434840, 2311307.787782}","-",21.38832147,-157.75013350,"2026-08-04T04:23:44.000Z","UAV 1"
"FRZPU003","None","-",21.38640140,-157.73886953,"2026-08-04T04:23:44.000Z","UAV 1"
"FRZPU001","None","-",21.38648413,-157.73896632,"2026-08-04T04:23:44.000Z","UAV 1"
"FRTRK2002","Move to {-5498755.048693, -2250824.434840, 2311307.787782}","-",21.38824963,-157.75007029,"2026-08-04T04:23:44.000Z","UAV 1"
"FRTRK1003","Move to {-5498755.048693, -2250824.434840, 2311307.787782}","-",21.38827249,-157.74983805,"2026-08-04T04:23:45.000Z","UAV 1"
"FRMORT002","FFE-On-Location ""Location={-5499132.853573, -2251193.466895, 2310064.199617}""  Name of Weapons to Fire: Indirect-Fire-Gun:m9333he. Number-Of-Rounds: 1. Height-Above-Terrain: 0","-",21.39124517,-157.73722922,"2026-08-04T04:23:45.000Z","UAV 1"
"FRTRK1001","Move to {-5498755.048693, -2250824.434840, 2311307.787782}","-",21.38841553,-157.74989668,"2026-08-04T04:23:45.000Z","UAV 1"
"FRMORT001","FFE-On-Location ""Location={-5499191.503627, -2251825.311346, 2309314.511859}""  Name of Weapons to Fire: Indirect-Fire-Gun:m9333he. Number-Of-Rounds: 1. Height-Above-Terrain: 0","-",21.39116652,-157.73700854,"2026-08-04T04:23:45.000Z","UAV 1"
"FRLAV002","Move to {-5499315.048189, -2250231.003964, 2310734.853397}","-",21.38992359,-157.74174523,"2026-08-04T04:23:45.000Z","UAV 1"
"FRM113007","Move to {-5499315.048189, -2250231.003964, 2310734.853397}","-",21.39011306,-157.74184604,"2026-08-04T04:23:45.000Z","UAV 1"
"FRM113002","Move to {-5499315.048189, -2250231.003964, 2310734.853397}","-",21.38983920,-157.74169886,"2026-08-04T04:23:45.000Z","UAV 1"
"FRLAV008","Move to {-5499315.048189, -2250231.003964, 2310734.853397}","-",21.39003238,-157.74174050,"2026-08-04T04:23:45.000Z","UAV 1"
"FRM113006","Move to {-5499315.048189, -2250231.003964, 2310734.853397}","-",21.38991971,-157.74190826,"2026-08-04T04:23:45.000Z","UAV 1"
"FRMORT004","None","-",21.39105358,-157.73697074,"2026-08-04T04:23:45.000Z","UAV 1"
"FRTRK1005","Move to {-5498755.048693, -2250824.434840, 2311307.787782}","-",21.38815381,-157.74970809,"2026-08-04T04:23:45.000Z","UAV 1"
"FRLAV001","Move to {-5499315.048189, -2250231.003964, 2310734.853397}","-",21.38974875,-157.74170662,"2026-08-04T04:23:45.000Z","UAV 1"
"FRTRK2001","Move to {-5498755.048693, -2250824.434840, 2311307.787782}","-",21.38833160,-157.74994649,"2026-08-04T04:23:45.000Z","UAV 1"
"FRMORT003","FFE-On-Location ""Location={-5499460.953457, -2250814.454542, 2309743.262342}""  Name of Weapons to Fire: Indirect-Fire-Gun:m9333he. Number-Of-Rounds: 1. Height-Above-Terrain: 0","-",21.39122072,-157.73728393,"2026-08-04T04:23:45.000Z","UAV 1"
"FRM113001","Move to {-5499315.048189, -2250231.003964, 2310734.853397}","-",21.38990944,-157.74163464,"2026-08-04T04:23:45.000Z","UAV 1"
"FRM113004","Move to {-5499315.048189, -2250231.003964, 2310734.853397}","-",21.38980566,-157.74196598,"2026-08-04T04:23:45.000Z","UAV 1"
"FRTRK2003","Move to {-5498755.048693, -2250824.434840, 2311307.787782}","-",21.38807970,-157.74980562,"2026-08-04T04:23:45.000Z","UAV 1"
"FRLAV004","Move to {-5499315.048189, -2250231.003964, 2310734.853397}","-",21.38966238,-157.74150781,"2026-08-04T04:23:45.000Z","UAV 1"
"FRT80001","Move to {-5499315.048189, -2250231.003964, 2310734.853397}","-",21.37575986,-157.75257884,"2026-08-04T04:23:45.000Z","UAV 1"
"FRT80002","Move to {-5499315.048189, -2250231.003964, 2310734.853397}","-",21.37560462,-157.75295196,"2026-08-04T04:23:45.000Z","UAV 1"
"FRT80008","Move to {-5499315.048189, -2250231.003964, 2310734.853397}","-",21.37575707,-157.75269930,"2026-08-04T04:23:45.000Z","UAV 1"
"FRT80006","Move to {-5499315.048189, -2250231.003964, 2310734.853397}","-",21.37557763,-157.75262317,"2026-08-04T04:23:45.000Z","UAV 1"
"FRT80007","Move to {-5499315.048189, -2250231.003964, 2310734.853397}","-",21.37538422,-157.75257462,"2026-08-04T04:23:45.000Z","UAV 1"
"FRLAV005","Move to {-5499315.048189, -2250231.003964, 2310734.853397}","-",21.38999705,-157.74192073,"2026-08-04T04:23:45.000Z","UAV 1"
"FRTRK1002","Move to {-5498755.048693, -2250824.434840, 2311307.787782}","-",21.38832147,-157.75013350,"2026-08-04T04:23:45.000Z","UAV 1"
"FRZPU003","None","-",21.38640140,-157.73886953,"2026-08-04T04:23:45.000Z","UAV 1"
"FRZPU001","None","-",21.38648413,-157.73896632,"2026-08-04T04:23:45.000Z","UAV 1"
"FRTRK2002","Move to {-5498755.048693, -2250824.434840, 2311307.787782}","-",21.38824963,-157.75007029,"2026-08-04T04:23:45.000Z","UAV 1"
"FRTRK1003","Move to {-5498755.048693, -2250824.434840, 2311307.787782}","-",21.38827249,-157.74983805,"2026-08-04T04:23:45.000Z","UAV 1"
"FRMORT002","FFE-On-Location ""Location={-5499132.853573, -2251193.466895, 2310064.199617}""  Name of Weapons to Fire: Indirect-Fire-Gun:m9333he. Number-Of-Rounds: 1. Height-Above-Terrain: 0","-",21.39124517,-157.73722922,"2026-08-04T04:23:45.000Z","UAV 1"
"FRTRK1001","Move to {-5498755.048693, -2250824.434840, 2311307.787782}","-",21.38841553,-157.74989668,"2026-08-04T04:23:45.000Z","UAV 1"
"FRMORT001","None","-",21.39116652,-157.73700854,"2026-08-04T04:23:45.000Z","UAV 1"
"FRLAV002","Move to {-5499315.048189, -2250231.003964, 2310734.853397}","-",21.38992359,-157.74174523,"2026-08-04T04:23:45.000Z","UAV 1"
"FRM113007","Move to {-5499315.048189, -2250231.003964, 2310734.853397}","-",21.39011306,-157.74184604,"2026-08-04T04:23:45.000Z","UAV 1"
"FRM113002","Move to {-5499315.048189, -2250231.003964, 2310734.853397}","-",21.38983920,-157.74169886,"2026-08-04T04:23:45.000Z","UAV 1"
"FRLAV008","Move to {-5499315.048189, -2250231.003964, 2310734.853397}","-",21.39003238,-157.74174050,"2026-08-04T04:23:45.000Z","UAV 1"
"FRM113006","Move to {-5499315.048189, -2250231.003964, 2310734.853397}","-",21.38991971,-157.74190826,"2026-08-04T04:23:45.000Z","UAV 1"
"FRMORT004","None","-",21.39105358,-157.73697074,"2026-08-04T04:23:45.000Z","UAV 1"
"FRTRK1005","Move to {-5498755.048693, -2250824.434840, 2311307.787782}","-",21.38815381,-157.74970809,"2026-08-04T04:23:45.000Z","UAV 1"
"FRLAV001","Move to {-5499315.048189, -2250231.003964, 2310734.853397}","-",21.38974875,-157.74170662,"2026-08-04T04:23:45.000Z","UAV 1"
"FRTRK2001","Move to {-5498755.048693, -2250824.434840, 2311307.787782}","-",21.38833160,-157.74994649,"2026-08-04T04:23:45.000Z","UAV 1"
"FRMORT003","None","-",21.39122072,-157.73728393,"2026-08-04T04:23:45.000Z","UAV 1"
"FRM113001","Move to {-5499315.048189, -2250231.003964, 2310734.853397}","-",21.38990944,-157.74163464,"2026-08-04T04:23:45.000Z","UAV 1"
"FRM113004","Move to {-5499315.048189, -2250231.003964, 2310734.853397}","-",21.38980566,-157.74196598,"2026-08-04T04:23:45.000Z","UAV 1"
"FRTRK2003","Move to {-5498755.048693, -2250824.434840, 2311307.787782}","-",21.38807970,-157.74980562,"2026-08-04T04:23:45.000Z","UAV 1"
"FRLAV004","Move to {-5499315.048189, -2250231.003964, 2310734.853397}","-",21.38966238,-157.74150781,"2026-08-04T04:23:45.000Z","UAV 1"
"FRT80001","Move to {-5499315.048189, -2250231.003964, 2310734.853397}","-",21.37575986,-157.75257884,"2026-08-04T04:23:45.000Z","UAV 1"
"FRT80002","Move to {-5499315.048189, -2250231.003964, 2310734.853397}","-",21.37560462,-157.75295196,"2026-08-04T04:23:45.000Z","UAV 1"
"FRT80008","Move to {-5499315.048189, -2250231.003964, 2310734.853397}","-",21.37575707,-157.75269930,"2026-08-04T04:23:45.000Z","UAV 1"
"FRT80006","Move to {-5499315.048189, -2250231.003964, 2310734.853397}","-",21.37557763,-157.75262317,"2026-08-04T04:23:45.000Z","UAV 1"
"FRT80007","Move to {-5499315.048189, -2250231.003964, 2310734.853397}","-",21.37538422,-157.75257462,"2026-08-04T04:23:45.000Z","UAV 1"
"FRLAV005","Move to {-5499315.048189, -2250231.003964, 2310734.853397}","-",21.38999705,-157.74192073,"2026-08-04T04:23:45.000Z","UAV 1"
"FRTRK1002","Move to {-5498755.048693, -2250824.434840, 2311307.787782}","-",21.38832147,-157.75013350,"2026-08-04T04:23:45.000Z","UAV 1"
"FRZPU003","None","-",21.38640140,-157.73886953,"2026-08-04T04:23:45.000Z","UAV 1"
"FRZPU001","None","-",21.38648413,-157.73896632,"2026-08-04T04:23:45.000Z","UAV 1"
"FRTRK2002","Move to {-5498755.048693, -2250824.434840, 2311307.787782}","-",21.38824963,-157.75007029,"2026-08-04T04:23:45.000Z","UAV 1"
"FRTRK1003","Move to {-5498755.048693, -2250824.434840, 2311307.787782}","-",21.38824188,-157.74963778,"2026-08-04T04:23:46.000Z","UAV 1"
"FRMORT002","None","-",21.39124517,-157.73722922,"2026-08-04T04:23:46.000Z","UAV 1"
"FRTRK1001","Move to {-5498755.048693, -2250824.434840, 2311307.787782}","-",21.38838276,-157.74969838,"2026-08-04T04:23:46.000Z","UAV 1"
"FRMORT001","None","-",21.39116652,-157.73700854,"2026-08-04T04:23:46.000Z","UAV 1"
"FRM113007","Move to {-5499315.048189, -2250231.003964, 2310734.853397}","-",21.39012056,-157.74184604,"2026-08-04T04:23:46.000Z","UAV 1"
"FRM113002","Move to {-5499315.048189, -2250231.003964, 2310734.853397}","-",21.38984109,-157.74169886,"2026-08-04T04:23:46.000Z","UAV 1"
"FRLAV008","Move to {-5499315.048189, -2250231.003964, 2310734.853397}","-",21.39004608,-157.74172998,"2026-08-04T04:23:46.000Z","UAV 1"
"FRM113006","Move to {-5499315.048189, -2250231.003964, 2310734.853397}","-",21.38992689,-157.74190826,"2026-08-04T04:23:46.000Z","UAV 1"
"FRMORT004","None","-",21.39105358,-157.73697074,"2026-08-04T04:23:46.000Z","UAV 1"
"FRTRK1005","Move to {-5498755.048693, -2250824.434840, 2311307.787782}","-",21.38812498,-157.74950725,"2026-08-04T04:23:46.000Z","UAV 1"
"FRLAV001","Move to {-5499315.048189, -2250231.003964, 2310734.853397}","-",21.38975274,-157.74170417,"2026-08-04T04:23:46.000Z","UAV 1"
"FRTRK2001","Move to {-5498755.048693, -2250824.434840, 2311307.787782}","-",21.38830070,-157.74974934,"2026-08-04T04:23:46.000Z","UAV 1"
"FRMORT003","None","-",21.39122072,-157.73728393,"2026-08-04T04:23:46.000Z","UAV 1"
"FRM113001","Move to {-5499315.048189, -2250231.003964, 2310734.853397}","-",21.38993775,-157.74164551,"2026-08-04T04:23:46.000Z","UAV 1"
"FRM113004","Move to {-5499315.048189, -2250231.003964, 2310734.853397}","-",21.38980739,-157.74196758,"2026-08-04T04:23:46.000Z","UAV 1"
"FRTRK2003","Move to {-5498755.048693, -2250824.434840, 2311307.787782}","-",21.38805257,-157.74960519,"2026-08-04T04:23:46.000Z","UAV 1"
"FRLAV004","Move to {-5499315.048189, -2250231.003964, 2310734.853397}","-",21.38966401,-157.74149935,"2026-08-04T04:23:46.000Z","UAV 1"
"FRT80001","Move to {-5499315.048189, -2250231.003964, 2310734.853397}","-",21.37588293,-157.75242955,"2026-08-04T04:23:46.000Z","UAV 1"
"FRT80002","Move to {-5499315.048189, -2250231.003964, 2310734.853397}","-",21.37572702,-157.75279915,"2026-08-04T04:23:46.000Z","UAV 1"
"FRT80008","Move to {-5499315.048189, -2250231.003964, 2310734.853397}","-",21.37588259,-157.75254415,"2026-08-04T04:23:46.000Z","UAV 1"
"FRT80006","Move to {-5499315.048189, -2250231.003964, 2310734.853397}","-",21.37570319,-157.75247508,"2026-08-04T04:23:46.000Z","UAV 1"
"FRT80007","Move to {-5499315.048189, -2250231.003964, 2310734.853397}","-",21.37551131,-157.75243117,"2026-08-04T04:23:46.000Z","UAV 1"
"FRLAV005","Move to {-5499315.048189, -2250231.003964, 2310734.853397}","-",21.39000444,-157.74191617,"2026-08-04T04:23:46.000Z","UAV 1"
"FRTRK1002","Move to {-5498755.048693, -2250824.434840, 2311307.787782}","-",21.38829120,-157.74993592,"2026-08-04T04:23:46.000Z","UAV 1"
"FRZPU003","None","-",21.38640140,-157.73886953,"2026-08-04T04:23:46.000Z","UAV 1"
"FRZPU001","None","-",21.38648413,-157.73896632,"2026-08-04T04:23:46.000Z","UAV 1"
"FRTRK2002","Move to {-5498755.048693, -2250824.434840, 2311307.787782}","-",21.38822059,-157.74987345,"2026-08-04T04:23:46.000Z","UAV 1"
"FRTRK1003","Move to {-5498755.048693, -2250824.434840, 2311307.787782}","-",21.38824188,-157.74963778,"2026-08-04T04:23:46.000Z","UAV 1"
"FRMORT002","None","-",21.39124517,-157.73722922,"2026-08-04T04:23:46.000Z","UAV 1"
"FRTRK1001","Move to {-5498755.048693, -2250824.434840, 2311307.787782}","-",21.38838276,-157.74969838,"2026-08-04T04:23:46.000Z","UAV 1"
"FRMORT001","None","-",21.39116652,-157.73700854,"2026-08-04T04:23:46.000Z","UAV 1"
"FRM113007","Move to {-5499315.048189, -2250231.003964, 2310734.853397}","-",21.39012056,-157.74184604,"2026-08-04T04:23:46.000Z","UAV 1"
"FRM113002","Move to {-5499315.048189, -2250231.003964, 2310734.853397}","-",21.38984109,-157.74169886,"2026-08-04T04:23:46.000Z","UAV 1"
"FRLAV008","Move to {-5499315.048189, -2250231.003964, 2310734.853397}","-",21.39004608,-157.74172998,"2026-08-04T04:23:46.000Z","UAV 1"
"FRM113006","Move to {-5499315.048189, -2250231.003964, 2310734.853397}","-",21.38992689,-157.74190826,"2026-08-04T04:23:46.000Z","UAV 1"
"FRMORT004","None","-",21.39105358,-157.73697074,"2026-08-04T04:23:46.000Z","UAV 1"
"FRTRK1005","Move to {-5498755.048693, -2250824.434840, 2311307.787782}","-",21.38812498,-157.74950725,"2026-08-04T04:23:46.000Z","UAV 1"
"FRLAV001","Move to {-5499315.048189, -2250231.003964, 2310734.853397}","-",21.38975274,-157.74170417,"2026-08-04T04:23:46.000Z","UAV 1"
"FRTRK2001","Move to {-5498755.048693, -2250824.434840, 2311307.787782}","-",21.38830070,-157.74974934,"2026-08-04T04:23:46.000Z","UAV 1"
"FRMORT003","None","-",21.39122072,-157.73728393,"2026-08-04T04:23:46.000Z","UAV 1"
"FRM113001","Move to {-5499315.048189, -2250231.003964, 2310734.853397}","-",21.38993775,-157.74164551,"2026-08-04T04:23:46.000Z","UAV 1"
"FRM113004","Move to {-5499315.048189, -2250231.003964, 2310734.853397}","-",21.38980739,-157.74196758,"2026-08-04T04:23:46.000Z","UAV 1"
"FRTRK2003","Move to {-5498755.048693, -2250824.434840, 2311307.787782}","-",21.38805257,-157.74960519,"2026-08-04T04:23:46.000Z","UAV 1"
"FRLAV004","Move to {-5499315.048189, -2250231.003964, 2310734.853397}","-",21.38966401,-157.74149935,"2026-08-04T04:23:46.000Z","UAV 1"
"FRT80001","Move to {-5499315.048189, -2250231.003964, 2310734.853397}","-",21.37588293,-157.75242955,"2026-08-04T04:23:46.000Z","UAV 1"
"FRT80002","Move to {-5499315.048189, -2250231.003964, 2310734.853397}","-",21.37572702,-157.75279915,"2026-08-04T04:23:46.000Z","UAV 1"
"FRT80008","Move to {-5499315.048189, -2250231.003964, 2310734.853397}","-",21.37588259,-157.75254415,"2026-08-04T04:23:46.000Z","UAV 1"
"FRT80006","Move to {-5499315.048189, -2250231.003964, 2310734.853397}","-",21.37570319,-157.75247508,"2026-08-04T04:23:46.000Z","UAV 1"
"FRT80007","Move to {-5499315.048189, -2250231.003964, 2310734.853397}","-",21.37551131,-157.75243117,"2026-08-04T04:23:46.000Z","UAV 1"
"FRLAV005","Move to {-5499315.048189, -2250231.003964, 2310734.853397}","-",21.39000444,-157.74191617,"2026-08-04T04:23:46.000Z","UAV 1"
"FRTRK1002","Move to {-5498755.048693, -2250824.434840, 2311307.787782}","-",21.38829120,-157.74993592,"2026-08-04T04:23:46.000Z","UAV 1"
"FRZPU003","None","-",21.38640140,-157.73886953,"2026-08-04T04:23:46.000Z","UAV 1"
"FRZPU001","None","-",21.38648413,-157.73896632,"2026-08-04T04:23:46.000Z","UAV 1"
"FRTRK2002","Move to {-5498755.048693, -2250824.434840, 2311307.787782}","-",21.38822059,-157.74987345,"2026-08-04T04:23:46.000Z","UAV 1"
"FRTRK1003","Move to {-5498755.048693, -2250824.434840, 2311307.787782}","-",21.38824188,-157.74963778,"2026-08-04T04:23:46.000Z","UAV 1"
"FRMORT002","None","-",21.39124517,-157.73722922,"2026-08-04T04:23:46.000Z","UAV 1"
"FRTRK1001","Move to {-5498755.048693, -2250824.434840, 2311307.787782}","-",21.38838276,-157.74969838,"2026-08-04T04:23:46.000Z","UAV 1"
"FRMORT001","None","-",21.39116652,-157.73700854,"2026-08-04T04:23:46.000Z","UAV 1"
"FRM113007","Move to {-5499315.048189, -2250231.003964, 2310734.853397}","-",21.39012056,-157.74184604,"2026-08-04T04:23:46.000Z","UAV 1"
"FRM113002","Move to {-5499315.048189, -2250231.003964, 2310734.853397}","-",21.38984109,-157.74169886,"2026-08-04T04:23:46.000Z","UAV 1"
"FRLAV008","Move to {-5499315.048189, -2250231.003964, 2310734.853397}","-",21.39004608,-157.74172998,"2026-08-04T04:23:46.000Z","UAV 1"
"FRM113006","Move to {-5499315.048189, -2250231.003964, 2310734.853397}","-",21.38992689,-157.74190826,"2026-08-04T04:23:46.000Z","UAV 1"
"FRMORT004","None","-",21.39105358,-157.73697074,"2026-08-04T04:23:46.000Z","UAV 1"
"FRTRK1005","Move to {-5498755.048693, -2250824.434840, 2311307.787782}","-",21.38812498,-157.74950725,"2026-08-04T04:23:46.000Z","UAV 1"
"FRLAV001","Move to {-5499315.048189, -2250231.003964, 2310734.853397}","-",21.38975274,-157.74170417,"2026-08-04T04:23:46.000Z","UAV 1"
"FRTRK2001","Move to {-5498755.048693, -2250824.434840, 2311307.787782}","-",21.38830070,-157.74974934,"2026-08-04T04:23:46.000Z","UAV 1"
"FRMORT003","None","-",21.39122072,-157.73728393,"2026-08-04T04:23:46.000Z","UAV 1"
"FRM113001","Move to {-5499315.048189, -2250231.003964, 2310734.853397}","-",21.38993775,-157.74164551,"2026-08-04T04:23:46.000Z","UAV 1"
"FRM113004","Move to {-5499315.048189, -2250231.003964, 2310734.853397}","-",21.38980739,-157.74196758,"2026-08-04T04:23:46.000Z","UAV 1"
"FRTRK2003","Move to {-5498755.048693, -2250824.434840, 2311307.787782}","-",21.38805257,-157.74960519,"2026-08-04T04:23:46.000Z","UAV 1"
"FRLAV004","Move to {-5499315.048189, -2250231.003964, 2310734.853397}","-",21.38966401,-157.74149935,"2026-08-04T04:23:46.000Z","UAV 1"
"FRT80001","Move to {-5499315.048189, -2250231.003964, 2310734.853397}","-",21.37588293,-157.75242955,"2026-08-04T04:23:46.000Z","UAV 1"
"FRT80002","Move to {-5499315.048189, -2250231.003964, 2310734.853397}","-",21.37572702,-157.75279915,"2026-08-04T04:23:46.000Z","UAV 1"
"FRT80008","Move to {-5499315.048189, -2250231.003964, 2310734.853397}","-",21.37588259,-157.75254415,"2026-08-04T04:23:46.000Z","UAV 1"
"FRT80006","Move to {-5499315.048189, -2250231.003964, 2310734.853397}","-",21.37570319,-157.75247508,"2026-08-04T04:23:46.000Z","UAV 1"
"FRT80007","Move to {-5499315.048189, -2250231.003964, 2310734.853397}","-",21.37551131,-157.75243117,"2026-08-04T04:23:46.000Z","UAV 1"
"FRLAV005","Move to {-5499315.048189, -2250231.003964, 2310734.853397}","-",21.39000444,-157.74191617,"2026-08-04T04:23:46.000Z","UAV 1"
"FRTRK1002","Move to {-5498755.048693, -2250824.434840, 2311307.787782}","-",21.38829120,-157.74993592,"2026-08-04T04:23:46.000Z","UAV 1"
"FRZPU003","None","-",21.38640140,-157.73886953,"2026-08-04T04:23:46.000Z","UAV 1"
"FRZPU001","None","-",21.38648413,-157.73896632,"2026-08-04T04:23:46.000Z","UAV 1"
"FRTRK2002","Move to {-5498755.048693, -2250824.434840, 2311307.787782}","-",21.38822059,-157.74987345,"2026-08-04T04:23:46.000Z","UAV 1"
"FRTRK1003","Move to {-5498755.048693, -2250824.434840, 2311307.787782}","-",21.38824188,-157.74963778,"2026-08-04T04:23:47.000Z","UAV 1"
"FRMORT002","None","-",21.39124517,-157.73722922,"2026-08-04T04:23:47.000Z","UAV 1"
"FRTRK1001","Move to {-5498755.048693, -2250824.434840, 2311307.787782}","-",21.38838276,-157.74969838,"2026-08-04T04:23:47.000Z","UAV 1"
"FRMORT001","None","-",21.39116652,-157.73700854,"2026-08-04T04:23:47.000Z","UAV 1"
"FRM113007","Move to {-5499315.048189, -2250231.003964, 2310734.853397}","-",21.39012056,-157.74184604,"2026-08-04T04:23:47.000Z","UAV 1"
"FRM113002","Move to {-5499315.048189, -2250231.003964, 2310734.853397}","-",21.38984109,-157.74169886,"2026-08-04T04:23:47.000Z","UAV 1"
"FRLAV008","Move to {-5499315.048189, -2250231.003964, 2310734.853397}","-",21.39004608,-157.74172998,"2026-08-04T04:23:47.000Z","UAV 1"
"FRM113006","Move to {-5499315.048189, -2250231.003964, 2310734.853397}","-",21.38992689,-157.74190826,"2026-08-04T04:23:47.000Z","UAV 1"
"FRMORT004","None","-",21.39105358,-157.73697074,"2026-08-04T04:23:47.000Z","UAV 1"
"FRTRK1005","Move to {-5498755.048693, -2250824.434840, 2311307.787782}","-",21.38812498,-157.74950725,"2026-08-04T04:23:47.000Z","UAV 1"
"FRLAV001","Move to {-5499315.048189, -2250231.003964, 2310734.853397}","-",21.38975274,-157.74170417,"2026-08-04T04:23:47.000Z","UAV 1"
"FRTRK2001","Move to {-5498755.048693, -2250824.434840, 2311307.787782}","-",21.38830070,-157.74974934,"2026-08-04T04:23:47.000Z","UAV 1"
"FRMORT003","None","-",21.39122072,-157.73728393,"2026-08-04T04:23:47.000Z","UAV 1"
"FRM113001","Move to {-5499315.048189, -2250231.003964, 2310734.853397}","-",21.38993775,-157.74164551,"2026-08-04T04:23:47.000Z","UAV 1"
"FRM113004","Move to {-5499315.048189, -2250231.003964, 2310734.853397}","-",21.38980739,-157.74196758,"2026-08-04T04:23:47.000Z","UAV 1"
"FRTRK2003","Move to {-5498755.048693, -2250824.434840, 2311307.787782}","-",21.38805257,-157.74960519,"2026-08-04T04:23:47.000Z","UAV 1"
"FRLAV004","Move to {-5499315.048189, -2250231.003964, 2310734.853397}","-",21.38966401,-157.74149935,"2026-08-04T04:23:47.000Z","UAV 1"
"FRT80001","Move to {-5499315.048189, -2250231.003964, 2310734.853397}","-",21.37588293,-157.75242955,"2026-08-04T04:23:47.000Z","UAV 1"
"FRT80002","Move to {-5499315.048189, -2250231.003964, 2310734.853397}","-",21.37572702,-157.75279915,"2026-08-04T04:23:47.000Z","UAV 1"
"FRT80008","Move to {-5499315.048189, -2250231.003964, 2310734.853397}","-",21.37588259,-157.75254415,"2026-08-04T04:23:47.000Z","UAV 1"
"FRT80006","Move to {-5499315.048189, -2250231.003964, 2310734.853397}","-",21.37570319,-157.75247508,"2026-08-04T04:23:47.000Z","UAV 1"
"FRT80007","Move to {-5499315.048189, -2250231.003964, 2310734.853397}","-",21.37551131,-157.75243117,"2026-08-04T04:23:47.000Z","UAV 1"
"FRLAV005","Move to {-5499315.048189, -2250231.003964, 2310734.853397}","-",21.39000444,-157.74191617,"2026-08-04T04:23:47.000Z","UAV 1"
"FRTRK1002","Move to {-5498755.048693, -2250824.434840, 2311307.787782}","-",21.38829120,-157.74993592,"2026-08-04T04:23:47.000Z","UAV 1"
"FRZPU003","None","-",21.38640140,-157.73886953,"2026-08-04T04:23:47.000Z","UAV 1"
"FRZPU001","None","-",21.38648413,-157.73896632,"2026-08-04T04:23:47.000Z","UAV 1"
"FRTRK2002","Move to {-5498755.048693, -2250824.434840, 2311307.787782}","-",21.38822059,-157.74987345,"2026-08-04T04:23:47.000Z","UAV 1"
"FRTRK1003","Move to {-5498755.048693, -2250824.434840, 2311307.787782}","-",21.38821214,-157.74944323,"2026-08-04T04:23:48.000Z","UAV 1"
"FRMORT002","None","-",21.39124517,-157.73722922,"2026-08-04T04:23:48.000Z","UAV 1"
"FRTRK1001","Move to {-5498755.048693, -2250824.434840, 2311307.787782}","-",21.38835069,-157.74950434,"2026-08-04T04:23:48.000Z","UAV 1"
"FRMORT001","None","-",21.39116652,-157.73700854,"2026-08-04T04:23:48.000Z","UAV 1"
"FRM113007","Move to {-5499315.048189, -2250231.003964, 2310734.853397}","-",21.39012793,-157.74184604,"2026-08-04T04:23:48.000Z","UAV 1"
"FRM113002","Move to {-5499315.048189, -2250231.003964, 2310734.853397}","-",21.38984295,-157.74169886,"2026-08-04T04:23:48.000Z","UAV 1"
"FRLAV008","Move to {-5499315.048189, -2250231.003964, 2310734.853397}","-",21.39008391,-157.74156303,"2026-08-04T04:23:48.000Z","UAV 1"
"FRM113006","Move to {-5499315.048189, -2250231.003964, 2310734.853397}","-",21.38993394,-157.74190826,"2026-08-04T04:23:48.000Z","UAV 1"
"FRMORT004","None","-",21.39105358,-157.73697074,"2026-08-04T04:23:48.000Z","UAV 1"
"FRTRK1005","Move to {-5498755.048693, -2250824.434840, 2311307.787782}","-",21.38810486,-157.74936710,"2026-08-04T04:23:48.000Z","UAV 1"
"FRLAV001","Move to {-5499315.048189, -2250231.003964, 2310734.853397}","-",21.38975551,-157.74170246,"2026-08-04T04:23:48.000Z","UAV 1"
"FRTRK2001","Move to {-5498755.048693, -2250824.434840, 2311307.787782}","-",21.38827024,-157.74955505,"2026-08-04T04:23:48.000Z","UAV 1"
"FRM113001","Move to {-5499315.048189, -2250231.003964, 2310734.853397}","-",21.38994013,-157.74164696,"2026-08-04T04:23:48.000Z","UAV 1"
"FRM113004","Move to {-5499315.048189, -2250231.003964, 2310734.853397}","-",21.38980920,-157.74196926,"2026-08-04T04:23:48.000Z","UAV 1"
"FRTRK2003","Move to {-5498755.048693, -2250824.434840, 2311307.787782}","-",21.38802973,-157.74943643,"2026-08-04T04:23:48.000Z","UAV 1"
"FRLAV004","Move to {-5499315.048189, -2250231.003964, 2310734.853397}","-",21.38966560,-157.74149106,"2026-08-04T04:23:48.000Z","UAV 1"
"FRT80001","Move to {-5499315.048189, -2250231.003964, 2310734.853397}","-",21.37600479,-157.75228173,"2026-08-04T04:23:48.000Z","UAV 1"
"FRT80002","Move to {-5499315.048189, -2250231.003964, 2310734.853397}","-",21.37584693,-157.75264947,"2026-08-04T04:23:48.000Z","UAV 1"
"FRT80008","Move to {-5499315.048189, -2250231.003964, 2310734.853397}","-",21.37600320,-157.75239507,"2026-08-04T04:23:48.000Z","UAV 1"
"FRT80006","Move to {-5499315.048189, -2250231.003964, 2310734.853397}","-",21.37582698,-157.75232907,"2026-08-04T04:23:48.000Z","UAV 1"
"FRT80007","Move to {-5499315.048189, -2250231.003964, 2310734.853397}","-",21.37563809,-157.75228806,"2026-08-04T04:23:48.000Z","UAV 1"
"FRLAV005","Move to {-5499315.048189, -2250231.003964, 2310734.853397}","-",21.39001171,-157.74191169,"2026-08-04T04:23:48.000Z","UAV 1"
"FRZPU003","None","-",21.38640140,-157.73886953,"2026-08-04T04:23:48.000Z","UAV 1"
"FRZPU001","None","-",21.38648413,-157.73896632,"2026-08-04T04:23:48.000Z","UAV 1"
"FRTRK2002","Move to {-5498755.048693, -2250824.434840, 2311307.787782}","-",21.38819189,-157.74967898,"2026-08-04T04:23:48.000Z","UAV 1"
"FRLAV007","Move to {-5499315.048189, -2250231.003964, 2310734.853397}","-",21.39005742,-157.74174960,"2026-08-04T04:23:48.000Z","UAV 1"
"M933HE 8","None","-",21.39029792,-157.73722982,"2026-08-04T04:23:48.000Z","UAV 1"
"FRTRK1003","Move to {-5498755.048693, -2250824.434840, 2311307.787782}","-",21.38821214,-157.74944323,"2026-08-04T04:23:48.000Z","UAV 1"
"FRMORT002","None","-",21.39124517,-157.73722922,"2026-08-04T04:23:48.000Z","UAV 1"
"FRTRK1001","Move to {-5498755.048693, -2250824.434840, 2311307.787782}","-",21.38835069,-157.74950434,"2026-08-04T04:23:48.000Z","UAV 1"
"FRMORT001","None","-",21.39116652,-157.73700854,"2026-08-04T04:23:48.000Z","UAV 1"
"FRM113007","Move to {-5499315.048189, -2250231.003964, 2310734.853397}","-",21.39012793,-157.74184604,"2026-08-04T04:23:48.000Z","UAV 1"
"FRM113002","Move to {-5499315.048189, -2250231.003964, 2310734.853397}","-",21.38984295,-157.74169886,"2026-08-04T04:23:48.000Z","UAV 1"
"FRLAV008","Move to {-5499315.048189, -2250231.003964, 2310734.853397}","-",21.39008391,-157.74156303,"2026-08-04T04:23:48.000Z","UAV 1"
"FRM113006","Move to {-5499315.048189, -2250231.003964, 2310734.853397}","-",21.38993394,-157.74190826,"2026-08-04T04:23:48.000Z","UAV 1"
"FRMORT004","None","-",21.39105358,-157.73697074,"2026-08-04T04:23:48.000Z","UAV 1"
"FRTRK1005","Move to {-5498755.048693, -2250824.434840, 2311307.787782}","-",21.38810486,-157.74936710,"2026-08-04T04:23:48.000Z","UAV 1"
"FRLAV001","Move to {-5499315.048189, -2250231.003964, 2310734.853397}","-",21.38975551,-157.74170246,"2026-08-04T04:23:48.000Z","UAV 1"
"FRTRK2001","Move to {-5498755.048693, -2250824.434840, 2311307.787782}","-",21.38827024,-157.74955505,"2026-08-04T04:23:48.000Z","UAV 1"
"FRM113001","Move to {-5499315.048189, -2250231.003964, 2310734.853397}","-",21.38994013,-157.74164696,"2026-08-04T04:23:48.000Z","UAV 1"
"FRM113004","Move to {-5499315.048189, -2250231.003964, 2310734.853397}","-",21.38980920,-157.74196926,"2026-08-04T04:23:48.000Z","UAV 1"
"FRTRK2003","Move to {-5498755.048693, -2250824.434840, 2311307.787782}","-",21.38802973,-157.74943643,"2026-08-04T04:23:48.000Z","UAV 1"
"FRLAV004","Move to {-5499315.048189, -2250231.003964, 2310734.853397}","-",21.38966560,-157.74149106,"2026-08-04T04:23:48.000Z","UAV 1"
"FRT80001","Move to {-5499315.048189, -2250231.003964, 2310734.853397}","-",21.37600479,-157.75228173,"2026-08-04T04:23:48.000Z","UAV 1"
"FRT80002","Move to {-5499315.048189, -2250231.003964, 2310734.853397}","-",21.37584693,-157.75264947,"2026-08-04T04:23:48.000Z","UAV 1"
"FRT80008","Move to {-5499315.048189, -2250231.003964, 2310734.853397}","-",21.37600320,-157.75239507,"2026-08-04T04:23:48.000Z","UAV 1"
"FRT80006","Move to {-5499315.048189, -2250231.003964, 2310734.853397}","-",21.37582698,-157.75232907,"2026-08-04T04:23:48.000Z","UAV 1"
"FRT80007","Move to {-5499315.048189, -2250231.003964, 2310734.853397}","-",21.37563809,-157.75228806,"2026-08-04T04:23:48.000Z","UAV 1"
"FRLAV005","Move to {-5499315.048189, -2250231.003964, 2310734.853397}","-",21.39001171,-157.74191169,"2026-08-04T04:23:48.000Z","UAV 1"
"FRZPU003","None","-",21.38640140,-157.73886953,"2026-08-04T04:23:48.000Z","UAV 1"
"FRZPU001","None","-",21.38648413,-157.73896632,"2026-08-04T04:23:48.000Z","UAV 1"
"FRTRK2002","Move to {-5498755.048693, -2250824.434840, 2311307.787782}","-",21.38819189,-157.74967898,"2026-08-04T04:23:48.000Z","UAV 1"
"FRLAV007","Move to {-5499315.048189, -2250231.003964, 2310734.853397}","-",21.39005742,-157.74174960,"2026-08-04T04:23:48.000Z","UAV 1"
"M933HE 8","None","-",21.39029792,-157.73722982,"2026-08-04T04:23:48.000Z","UAV 1"
"FRTRK1003","Move to {-5498755.048693, -2250824.434840, 2311307.787782}","-",21.38821214,-157.74944323,"2026-08-04T04:23:49.000Z","UAV 1"
"FRMORT002","None","-",21.39124517,-157.73722922,"2026-08-04T04:23:49.000Z","UAV 1"
"FRTRK1001","Move to {-5498755.048693, -2250824.434840, 2311307.787782}","-",21.38835069,-157.74950434,"2026-08-04T04:23:49.000Z","UAV 1"
"FRMORT001","None","-",21.39116652,-157.73700854,"2026-08-04T04:23:49.000Z","UAV 1"
"FRM113007","Move to {-5499315.048189, -2250231.003964, 2310734.853397}","-",21.39012793,-157.74184604,"2026-08-04T04:23:49.000Z","UAV 1"
"FRM113002","Move to {-5499315.048189, -2250231.003964, 2310734.853397}","-",21.38984295,-157.74169886,"2026-08-04T04:23:49.000Z","UAV 1"
"FRLAV008","Move to {-5499315.048189, -2250231.003964, 2310734.853397}","-",21.39008391,-157.74156303,"2026-08-04T04:23:49.000Z","UAV 1"
"FRM113006","Move to {-5499315.048189, -2250231.003964, 2310734.853397}","-",21.38993394,-157.74190826,"2026-08-04T04:23:49.000Z","UAV 1"
"FRMORT004","None","-",21.39105358,-157.73697074,"2026-08-04T04:23:49.000Z","UAV 1"
"FRTRK1005","Move to {-5498755.048693, -2250824.434840, 2311307.787782}","-",21.38810486,-157.74936710,"2026-08-04T04:23:49.000Z","UAV 1"
"FRLAV001","Move to {-5499315.048189, -2250231.003964, 2310734.853397}","-",21.38975551,-157.74170246,"2026-08-04T04:23:49.000Z","UAV 1"
"FRTRK2001","Move to {-5498755.048693, -2250824.434840, 2311307.787782}","-",21.38827024,-157.74955505,"2026-08-04T04:23:49.000Z","UAV 1"
"FRM113001","Move to {-5499315.048189, -2250231.003964, 2310734.853397}","-",21.38994013,-157.74164696,"2026-08-04T04:23:49.000Z","UAV 1"
"FRM113004","Move to {-5499315.048189, -2250231.003964, 2310734.853397}","-",21.38980920,-157.74196926,"2026-08-04T04:23:49.000Z","UAV 1"
"FRTRK2003","Move to {-5498755.048693, -2250824.434840, 2311307.787782}","-",21.38802973,-157.74943643,"2026-08-04T04:23:49.000Z","UAV 1"
"FRLAV004","Move to {-5499315.048189, -2250231.003964, 2310734.853397}","-",21.38966560,-157.74149106,"2026-08-04T04:23:49.000Z","UAV 1"
"FRT80001","Move to {-5499315.048189, -2250231.003964, 2310734.853397}","-",21.37600479,-157.75228173,"2026-08-04T04:23:49.000Z","UAV 1"
"FRT80002","Move to {-5499315.048189, -2250231.003964, 2310734.853397}","-",21.37584693,-157.75264947,"2026-08-04T04:23:49.000Z","UAV 1"
"FRT80008","Move to {-5499315.048189, -2250231.003964, 2310734.853397}","-",21.37600320,-157.75239507,"2026-08-04T04:23:49.000Z","UAV 1"
"FRT80006","Move to {-5499315.048189, -2250231.003964, 2310734.853397}","-",21.37582698,-157.75232907,"2026-08-04T04:23:49.000Z","UAV 1"
"FRT80007","Move to {-5499315.048189, -2250231.003964, 2310734.853397}","-",21.37563809,-157.75228806,"2026-08-04T04:23:49.000Z","UAV 1"
"FRLAV005","Move to {-5499315.048189, -2250231.003964, 2310734.853397}","-",21.39001171,-157.74191169,"2026-08-04T04:23:49.000Z","UAV 1"
"FRZPU003","None","-",21.38640140,-157.73886953,"2026-08-04T04:23:49.000Z","UAV 1"
"FRZPU001","None","-",21.38648413,-157.73896632,"2026-08-04T04:23:49.000Z","UAV 1"
"FRTRK2002","Move to {-5498755.048693, -2250824.434840, 2311307.787782}","-",21.38819189,-157.74967898,"2026-08-04T04:23:49.000Z","UAV 1"
"FRLAV007","Move to {-5499315.048189, -2250231.003964, 2310734.853397}","-",21.39005742,-157.74174960,"2026-08-04T04:23:49.000Z","UAV 1"
"M933HE 8","None","-",21.39029792,-157.73722982,"2026-08-04T04:23:49.000Z","UAV 1"
"FRTRK1003","Move to {-5498755.048693, -2250824.434840, 2311307.787782}","-",21.38818651,-157.74927554,"2026-08-04T04:23:50.000Z","UAV 1"
"FRMORT002","None","-",21.39124517,-157.73722922,"2026-08-04T04:23:50.000Z","UAV 1"
"FRTRK1001","Move to {-5498755.048693, -2250824.434840, 2311307.787782}","-",21.38831847,-157.74930934,"2026-08-04T04:23:50.000Z","UAV 1"
"FRMORT001","None","-",21.39116652,-157.73700854,"2026-08-04T04:23:50.000Z","UAV 1"
"FRM113007","Move to {-5499315.048189, -2250231.003964, 2310734.853397}","-",21.39013535,-157.74184604,"2026-08-04T04:23:50.000Z","UAV 1"
"FRM113002","Move to {-5499315.048189, -2250231.003964, 2310734.853397}","-",21.38984482,-157.74169886,"2026-08-04T04:23:50.000Z","UAV 1"
"FRLAV008","Move to {-5499315.048189, -2250231.003964, 2310734.853397}","-",21.39000664,-157.74138802,"2026-08-04T04:23:50.000Z","UAV 1"
"FRM113006","Move to {-5499315.048189, -2250231.003964, 2310734.853397}","-",21.38994105,-157.74190826,"2026-08-04T04:23:50.000Z","UAV 1"
"FRMORT004","None","-",21.39105358,-157.73697074,"2026-08-04T04:23:50.000Z","UAV 1"
"FRTRK1005","Move to {-5498755.048693, -2250824.434840, 2311307.787782}","-",21.38807839,-157.74918273,"2026-08-04T04:23:50.000Z","UAV 1"
"FRLAV001","Move to {-5499315.048189, -2250231.003964, 2310734.853397}","-",21.38975722,-157.74170140,"2026-08-04T04:23:50.000Z","UAV 1"
"FRTRK2001","Move to {-5498755.048693, -2250824.434840, 2311307.787782}","-",21.38823964,-157.74935987,"2026-08-04T04:23:50.000Z","UAV 1"
"FRM113001","Move to {-5499315.048189, -2250231.003964, 2310734.853397}","-",21.38994318,-157.74164881,"2026-08-04T04:23:50.000Z","UAV 1"
"FRM113004","Move to {-5499315.048189, -2250231.003964, 2310734.853397}","-",21.38981110,-157.74197102,"2026-08-04T04:23:50.000Z","UAV 1"
"FRTRK2003","Move to {-5498755.048693, -2250824.434840, 2311307.787782}","-",21.38800352,-157.74924283,"2026-08-04T04:23:50.000Z","UAV 1"
"FRLAV004","Move to {-5499315.048189, -2250231.003964, 2310734.853397}","-",21.38966720,-157.74148275,"2026-08-04T04:23:50.000Z","UAV 1"
"FRT80001","Move to {-5499315.048189, -2250231.003964, 2310734.853397}","-",21.37612723,-157.75213321,"2026-08-04T04:23:50.000Z","UAV 1"
"FRT80002","Move to {-5499315.048189, -2250231.003964, 2310734.853397}","-",21.37596739,-157.75249909,"2026-08-04T04:23:50.000Z","UAV 1"
"FRT80008","Move to {-5499315.048189, -2250231.003964, 2310734.853397}","-",21.37612433,-157.75224533,"2026-08-04T04:23:50.000Z","UAV 1"
"FRT80006","Move to {-5499315.048189, -2250231.003964, 2310734.853397}","-",21.37595134,-157.75218238,"2026-08-04T04:23:50.000Z","UAV 1"
"FRT80007","Move to {-5499315.048189, -2250231.003964, 2310734.853397}","-",21.37576543,-157.75214432,"2026-08-04T04:23:50.000Z","UAV 1"
"FRLAV005","Move to {-5499315.048189, -2250231.003964, 2310734.853397}","-",21.39001902,-157.74190718,"2026-08-04T04:23:50.000Z","UAV 1"
"FRZPU003","None","-",21.38640140,-157.73886953,"2026-08-04T04:23:50.000Z","UAV 1"
"FRZPU001","None","-",21.38648413,-157.73896632,"2026-08-04T04:23:50.000Z","UAV 1"
"FRTRK2002","Move to {-5498755.048693, -2250824.434840, 2311307.787782}","-",21.38816305,-157.74948352,"2026-08-04T04:23:50.000Z","UAV 1"
"FRLAV007","Move to {-5499315.048189, -2250231.003964, 2310734.853397}","-",21.39006445,-157.74169622,"2026-08-04T04:23:50.000Z","UAV 1"
"FRLAV002","Move to {-5499315.048189, -2250231.003964, 2310734.853397}","-",21.38994401,-157.74173265,"2026-08-04T04:23:50.000Z","UAV 1"
"ENCAESAR002","FFE-On-Location ""Location={-5498358.113175, -2250865.429793, 2312201.552453}""  Name of Weapons to Fire: Indirect-Fire-Gun:M107-155mm. Number-Of-Rounds: 1. Height-Above-Terrain: 0","-",21.36709792,-157.73185356,"2026-08-04T04:25:13.000Z","UAV 1"
"FRT69007","Move to {-5499315.048189, -2250231.003964, 2310734.853397}","-",21.38070294,-157.73204111,"2026-08-04T04:25:13.000Z","UAV 1"
"FRT69002","Move to {-5499315.048189, -2250231.003964, 2310734.853397}","-",21.38062312,-157.73220904,"2026-08-04T04:25:13.000Z","UAV 1"
"FRT69001","Move to {-5499315.048189, -2250231.003964, 2310734.853397}","-",21.38083049,-157.73220700,"2026-08-04T04:25:13.000Z","UAV 1"
"ENM35004","Move to {-5499460.953457, -2250814.454542, 2309743.262342}","-",21.37321699,-157.73305944,"2026-08-04T04:25:13.000Z","UAV 1"
"ENGAZ001","Move to {-5499460.953457, -2250814.454542, 2309743.262342}","-",21.37337528,-157.73279257,"2026-08-04T04:25:13.000Z","UAV 1"
"FRT69006","Move to {-5499315.048189, -2250231.003964, 2310734.853397}","-",21.38096188,-157.73222439,"2026-08-04T04:25:13.000Z","UAV 1"
"ENCAESAR004","FFE-On-Location ""Location={-5499123.141030, -2250320.406046, 2311025.754248}""  Name of Weapons to Fire: Indirect-Fire-Gun:M107-155mm. Number-Of-Rounds: 1. Height-Above-Terrain: 0","-",21.36735946,-157.73175490,"2026-08-04T04:25:13.000Z","UAV 1"
"FRT69003","Move to {-5499315.048189, -2250231.003964, 2310734.853397}","-",21.38097332,-157.73240275,"2026-08-04T04:25:13.000Z","UAV 1"
"FRT69005","Move to {-5499315.048189, -2250231.003964, 2310734.853397}","-",21.38100014,-157.73233777,"2026-08-04T04:25:13.000Z","UAV 1"
"ENM35002","Move to {-5499460.953457, -2250814.454542, 2309743.262342}","-",21.37340544,-157.73283903,"2026-08-04T04:25:13.000Z","UAV 1"
"ENGAZ003","Move to {-5499460.953457, -2250814.454542, 2309743.262342}","-",21.37338431,-157.73326221,"2026-08-04T04:25:13.000Z","UAV 1"
"ENM35001","Move to {-5499460.953457, -2250814.454542, 2309743.262342}","-",21.37314687,-157.73312307,"2026-08-04T04:25:13.000Z","UAV 1"
"ENCAESAR003","FFE-On-Location ""Location={-5498511.672389, -2250935.799735, 2311770.746054}""  Name of Weapons to Fire: Indirect-Fire-Gun:M107-155mm. Number-Of-Rounds: 1. Height-Above-Terrain: 0","-",21.36719878,-157.73183038,"2026-08-04T04:25:13.000Z","UAV 1"
"FRT69008","Move to {-5499315.048189, -2250231.003964, 2310734.853397}","-",21.38096961,-157.73244663,"2026-08-04T04:25:13.000Z","UAV 1"
"FRT69009","Move to {-5499315.048189, -2250231.003964, 2310734.853397}","-",21.38066035,-157.73234161,"2026-08-04T04:25:13.000Z","UAV 1"
"FRT69010","Move to {-5499315.048189, -2250231.003964, 2310734.853397}","-",21.38075758,-157.73208913,"2026-08-04T04:25:13.000Z","UAV 1"
"ENM35003","Move to {-5499460.953457, -2250814.454542, 2309743.262342}","-",21.37355752,-157.73315653,"2026-08-04T04:25:13.000Z","UAV 1"
"ENMORT005","FFE-On-Location ""Location={-5499123.141030, -2250320.406046, 2311025.754248}""  Name of Weapons to Fire: Indirect-Fire-Gun:m9333he. Number-Of-Rounds: 1. Height-Above-Terrain: 0","-",21.37463885,-157.73701809,"2026-08-04T04:28:15.000Z","UAV 1"
"FRT69007","Move to {-5499315.048189, -2250231.003964, 2310734.853397}","-",21.38070294,-157.73204111,"2026-08-04T04:28:15.000Z","UAV 1"
"FRT69002","Move to {-5499315.048189, -2250231.003964, 2310734.853397}","-",21.38062312,-157.73220904,"2026-08-04T04:28:15.000Z","UAV 1"
"ENMORT004","FFE-On-Location ""Location={-5498511.672389, -2250935.799735, 2311770.746054}""  Name of Weapons to Fire: Indirect-Fire-Gun:m9333he. Number-Of-Rounds: 1. Height-Above-Terrain: 0","-",21.37449517,-157.73695548,"2026-08-04T04:28:15.000Z","UAV 1"
"ENM35004","Move to {-5499460.953457, -2250814.454542, 2309743.262342}","-",21.37321699,-157.73305944,"2026-08-04T04:28:15.000Z","UAV 1"
"ENGAZ001","Move to {-5499460.953457, -2250814.454542, 2309743.262342}","-",21.37337528,-157.73279257,"2026-08-04T04:28:15.000Z","UAV 1"
"FRT69006","Move to {-5499315.048189, -2250231.003964, 2310734.853397}","-",21.38096188,-157.73222439,"2026-08-04T04:28:15.000Z","UAV 1"
"FRT69003","Move to {-5499315.048189, -2250231.003964, 2310734.853397}","-",21.38097332,-157.73240275,"2026-08-04T04:28:15.000Z","UAV 1"
"FRT69005","Move to {-5499315.048189, -2250231.003964, 2310734.853397}","-",21.38100014,-157.73233777,"2026-08-04T04:28:15.000Z","UAV 1"
"ENM35002","Move to {-5499460.953457, -2250814.454542, 2309743.262342}","-",21.37340544,-157.73283903,"2026-08-04T04:28:15.000Z","UAV 1"
"ENGAZ003","Move to {-5499460.953457, -2250814.454542, 2309743.262342}","-",21.37338431,-157.73326221,"2026-08-04T04:28:15.000Z","UAV 1"
"ENM35001","Move to {-5499460.953457, -2250814.454542, 2309743.262342}","-",21.37314687,-157.73312307,"2026-08-04T04:28:15.000Z","UAV 1"
"ENMORT001","FFE-On-Location ""Location={-5499123.141030, -2250320.406046, 2311025.754248}""  Name of Weapons to Fire: Indirect-Fire-Gun:m9333he. Number-Of-Rounds: 1. Height-Above-Terrain: 0","-",21.37454920,-157.73726779,"2026-08-04T04:28:15.000Z","UAV 1"
"FRT69008","Move to {-5499315.048189, -2250231.003964, 2310734.853397}","-",21.38096961,-157.73244663,"2026-08-04T04:28:15.000Z","UAV 1"
"FRT69009","Move to {-5499315.048189, -2250231.003964, 2310734.853397}","-",21.38066035,-157.73234161,"2026-08-04T04:28:15.000Z","UAV 1"
"ENGAZ004","Move to {-5499460.953457, -2250814.454542, 2309743.262342}","-",21.37336764,-157.73318922,"2026-08-04T04:28:15.000Z","UAV 1"
"ENMORT003","FFE-On-Location ""Location={-5498358.113175, -2250865.429793, 2312201.552453}""  Name of Weapons to Fire: Indirect-Fire-Gun:m9333he. Number-Of-Rounds: 1. Height-Above-Terrain: 0","-",21.37448817,-157.73726715,"2026-08-04T04:28:15.000Z","UAV 1"
"FRT69010","Move to {-5499315.048189, -2250231.003964, 2310734.853397}","-",21.38075758,-157.73208913,"2026-08-04T04:28:15.000Z","UAV 1"
"ENM35003","Move to {-5499460.953457, -2250814.454542, 2309743.262342}","-",21.37355752,-157.73315653,"2026-08-04T04:28:15.000Z","UAV 1"
"FRT69007","Move to {-5499315.048189, -2250231.003964, 2310734.853397}","-",21.38070294,-157.73204111,"2026-08-04T04:28:47.000Z","UAV 1"
"FRT69002","Move to {-5499315.048189, -2250231.003964, 2310734.853397}","-",21.38062312,-157.73220904,"2026-08-04T04:28:47.000Z","UAV 1"
"FRT69001","Move to {-5499315.048189, -2250231.003964, 2310734.853397}","-",21.38083049,-157.73220700,"2026-08-04T04:28:47.000Z","UAV 1"
"ENM35004","Move to {-5499460.953457, -2250814.454542, 2309743.262342}","-",21.37321699,-157.73305944,"2026-08-04T04:28:47.000Z","UAV 1"
"ENGAZ001","Move to {-5499460.953457, -2250814.454542, 2309743.262342}","-",21.37337528,-157.73279257,"2026-08-04T04:28:47.000Z","UAV 1"
"FRT69006","Move to {-5499315.048189, -2250231.003964, 2310734.853397}","-",21.38096188,-157.73222439,"2026-08-04T04:28:47.000Z","UAV 1"
"ENM35002","Move to {-5499460.953457, -2250814.454542, 2309743.262342}","-",21.37340544,-157.73283903,"2026-08-04T04:28:47.000Z","UAV 1"
"ENGAZ003","Move to {-5499460.953457, -2250814.454542, 2309743.262342}","-",21.37338431,-157.73326221,"2026-08-04T04:28:47.000Z","UAV 1"
"ENM35001","Move to {-5499460.953457, -2250814.454542, 2309743.262342}","-",21.37314687,-157.73312307,"2026-08-04T04:28:47.000Z","UAV 1"
"FRT69009","Move to {-5499315.048189, -2250231.003964, 2310734.853397}","-",21.38066035,-157.73234161,"2026-08-04T04:28:47.000Z","UAV 1"
"FRT69010","Move to {-5499315.048189, -2250231.003964, 2310734.853397}","-",21.38075758,-157.73208913,"2026-08-04T04:28:47.000Z","UAV 1"
"ENM35003","Move to {-5499460.953457, -2250814.454542, 2309743.262342}","-",21.37355752,-157.73315653,"2026-08-04T04:28:47.000Z","UAV 1"
"FRT69007","Move to {-5499315.048189, -2250231.003964, 2310734.853397}","-",21.38070294,-157.73204111,"2026-08-04T04:29:29.000Z","UAV 1"
"FRT69002","Move to {-5499315.048189, -2250231.003964, 2310734.853397}","-",21.38062312,-157.73220904,"2026-08-04T04:29:29.000Z","UAV 1"
"FRT69001","Move to {-5499315.048189, -2250231.003964, 2310734.853397}","-",21.38083049,-157.73220700,"2026-08-04T04:29:29.000Z","UAV 1"
"ENM35004","Move to {-5499460.953457, -2250814.454542, 2309743.262342}","-",21.37321699,-157.73305944,"2026-08-04T04:29:29.000Z","UAV 1"
"ENGAZ001","Move to {-5499460.953457, -2250814.454542, 2309743.262342}","-",21.37337528,-157.73279257,"2026-08-04T04:29:29.000Z","UAV 1"
"FRT69006","Move to {-5499315.048189, -2250231.003964, 2310734.853397}","-",21.38096188,-157.73222439,"2026-08-04T04:29:29.000Z","UAV 1"
"ENM35002","Move to {-5499460.953457, -2250814.454542, 2309743.262342}","-",21.37340544,-157.73283903,"2026-08-04T04:29:29.000Z","UAV 1"
"ENGAZ003","Move to {-5499460.953457, -2250814.454542, 2309743.262342}","-",21.37338431,-157.73326221,"2026-08-04T04:29:29.000Z","UAV 1"
"ENM35001","Move to {-5499460.953457, -2250814.454542, 2309743.262342}","-",21.37314687,-157.73312307,"2026-08-04T04:29:29.000Z","UAV 1"
"FRT69009","Move to {-5499315.048189, -2250231.003964, 2310734.853397}","-",21.38066035,-157.73234161,"2026-08-04T04:29:29.000Z","UAV 1"
"FRT69010","Move to {-5499315.048189, -2250231.003964, 2310734.853397}","-",21.38075758,-157.73208913,"2026-08-04T04:29:29.000Z","UAV 1"
"ENM35003","Move to {-5499460.953457, -2250814.454542, 2309743.262342}","-",21.37355752,-157.73315653,"2026-08-04T04:29:29.000Z","UAV 1"
"ENM1A2003","Move to {-5499107.729384, -2250754.164082, 2310538.606898}","-",21.37332075,-157.74325039,"2026-08-04T04:33:12.000Z","UAV 1"
"ENT72007","Move to {-5499107.729384, -2250754.164082, 2310538.606898}","-",21.37116430,-157.74185204,"2026-08-04T04:33:12.000Z","UAV 1"
"ENT72003","Move to {-5499107.729384, -2250754.164082, 2310538.606898}","-",21.37142841,-157.74159647,"2026-08-04T04:33:12.000Z","UAV 1"
"ENCAESAR002","FFE-On-Location ""Location={-5498358.113175, -2250865.429793, 2312201.552453}""  Name of Weapons to Fire: Indirect-Fire-Gun:M107-155mm. Number-Of-Rounds: 1. Height-Above-Terrain: 0","-",21.36709792,-157.73185356,"2026-08-04T04:33:12.000Z","UAV 1"
"ENT72012","Move to {-5499107.729384, -2250754.164082, 2310538.606898}","-",21.37135511,-157.74170428,"2026-08-04T04:33:12.000Z","UAV 1"
"ENMORT005","FFE-On-Location ""Location={-5499123.141030, -2250320.406046, 2311025.754248}""  Name of Weapons to Fire: Indirect-Fire-Gun:m9333he. Number-Of-Rounds: 1. Height-Above-Terrain: 0","-",21.37463885,-157.73701809,"2026-08-04T04:33:12.000Z","UAV 1"
"ENM1A2001","Move to {-5499107.729384, -2250754.164082, 2310538.606898}","-",21.37344839,-157.74288997,"2026-08-04T04:33:12.000Z","UAV 1"
"FRT69007","Move to {-5499315.048189, -2250231.003964, 2310734.853397}","-",21.38070305,-157.73204111,"2026-08-04T04:33:12.000Z","UAV 1"
"FRT69002","Move to {-5499315.048189, -2250231.003964, 2310734.853397}","-",21.38062323,-157.73220904,"2026-08-04T04:33:12.000Z","UAV 1"
"ENT72002","Move to {-5499107.729384, -2250754.164082, 2310538.606898}","-",21.37128619,-157.74157543,"2026-08-04T04:33:12.000Z","UAV 1"
"ENMORT004","FFE-On-Location ""Location={-5498511.672389, -2250935.799735, 2311770.746054}""  Name of Weapons to Fire: Indirect-Fire-Gun:m9333he. Number-Of-Rounds: 1. Height-Above-Terrain: 0","-",21.37449517,-157.73695548,"2026-08-04T04:33:12.000Z","UAV 1"
"ENT72005","Move to {-5499107.729384, -2250754.164082, 2310538.606898}","-",21.37130374,-157.74188618,"2026-08-04T04:33:12.000Z","UAV 1"
"ENM35004","Move to {-5499460.953457, -2250814.454542, 2309743.262342}","-",21.37321705,-157.73305944,"2026-08-04T04:33:12.000Z","UAV 1"
"ENGAZ001","Move to {-5499460.953457, -2250814.454542, 2309743.262342}","-",21.37337537,-157.73279257,"2026-08-04T04:33:12.000Z","UAV 1"
"ENBTR60006","Move to {-5499107.729384, -2250754.164082, 2310538.606898}","-",21.36897349,-157.74047149,"2026-08-04T04:33:12.000Z","UAV 1"
"FRT69006","Move to {-5499315.048189, -2250231.003964, 2310734.853397}","-",21.38096199,-157.73222439,"2026-08-04T04:33:12.000Z","UAV 1"
"ENT72001","Move to {-5499107.729384, -2250754.164082, 2310538.606898}","-",21.37144946,-157.74170934,"2026-08-04T04:33:12.000Z","UAV 1"
"ENM1A2002","Move to {-5499107.729384, -2250754.164082, 2310538.606898}","-",21.37356081,-157.74317200,"2026-08-04T04:33:12.000Z","UAV 1"
"ENCAESAR004","FFE-On-Location ""Location={-5499123.141030, -2250320.406046, 2311025.754248}""  Name of Weapons to Fire: Indirect-Fire-Gun:M107-155mm. Number-Of-Rounds: 1. Height-Above-Terrain: 0","-",21.36735947,-157.73175490,"2026-08-04T04:33:12.000Z","UAV 1"
"FRT69003","Move to {-5499315.048189, -2250231.003964, 2310734.853397}","-",21.38097343,-157.73240275,"2026-08-04T04:33:12.000Z","UAV 1"
"FRT69005","Move to {-5499315.048189, -2250231.003964, 2310734.853397}","-",21.38100025,-157.73233777,"2026-08-04T04:33:12.000Z","UAV 1"
"ENT72009","Move to {-5499107.729384, -2250754.164082, 2310538.606898}","-",21.37114158,-157.74170025,"2026-08-04T04:33:12.000Z","UAV 1"
"ENT72011","Move to {-5499107.729384, -2250754.164082, 2310538.606898}","-",21.37128833,-157.74162582,"2026-08-04T04:33:12.000Z","UAV 1"
"ENT72004","Move to {-5499107.729384, -2250754.164082, 2310538.606898}","-",21.37154532,-157.74163288,"2026-08-04T04:33:12.000Z","UAV 1"
"ENM35002","Move to {-5499460.953457, -2250814.454542, 2309743.262342}","-",21.37340550,-157.73283903,"2026-08-04T04:33:12.000Z","UAV 1"
"FRZPU003","None","-",21.38640140,-157.73886953,"2026-08-04T04:33:12.000Z","UAV 1"
"ENGAZ003","Move to {-5499460.953457, -2250814.454542, 2309743.262342}","-",21.37338440,-157.73326221,"2026-08-04T04:33:12.000Z","UAV 1"
"ENM35001","Move to {-5499460.953457, -2250814.454542, 2309743.262342}","-",21.37314693,-157.73312307,"2026-08-04T04:33:12.000Z","UAV 1"
"ENT72010","Move to {-5499107.729384, -2250754.164082, 2310538.606898}","-",21.37154267,-157.74155229,"2026-08-04T04:33:12.000Z","UAV 1"
"ENT72006","Move to {-5499107.729384, -2250754.164082, 2310538.606898}","-",21.37145845,-157.74180319,"2026-08-04T04:33:12.000Z","UAV 1"
"ENCAESAR003","FFE-On-Location ""Location={-5498511.672389, -2250935.799735, 2311770.746054}""  Name of Weapons to Fire: Indirect-Fire-Gun:M107-155mm. Number-Of-Rounds: 1. Height-Above-Terrain: 0","-",21.36719878,-157.73183038,"2026-08-04T04:33:12.000Z","UAV 1"
"ENMORT001","FFE-On-Location ""Location={-5499123.141030, -2250320.406046, 2311025.754248}""  Name of Weapons to Fire: Indirect-Fire-Gun:m9333he. Number-Of-Rounds: 1. Height-Above-Terrain: 0","-",21.37454920,-157.73726779,"2026-08-04T04:33:12.000Z","UAV 1"
"FRZPU001","None","-",21.38648413,-157.73896632,"2026-08-04T04:33:12.000Z","UAV 1"
"ENBTR60007","Move to {-5499107.729384, -2250754.164082, 2310538.606898}","-",21.36885251,-157.74045603,"2026-08-04T04:33:12.000Z","UAV 1"
"FRT69008","Move to {-5499315.048189, -2250231.003964, 2310734.853397}","-",21.38096972,-157.73244663,"2026-08-04T04:33:12.000Z","UAV 1"
"FRT69009","Move to {-5499315.048189, -2250231.003964, 2310734.853397}","-",21.38066046,-157.73234161,"2026-08-04T04:33:12.000Z","UAV 1"
"ENGAZ004","Move to {-5499460.953457, -2250814.454542, 2309743.262342}","-",21.37336773,-157.73318922,"2026-08-04T04:33:12.000Z","UAV 1"
"FRT69010","Move to {-5499315.048189, -2250231.003964, 2310734.853397}","-",21.38075769,-157.73208913,"2026-08-04T04:33:12.000Z","UAV 1"
"ENM1A2004","Move to {-5499107.729384, -2250754.164082, 2310538.606898}","-",21.37346993,-157.74313700,"2026-08-04T04:33:12.000Z","UAV 1"
"ENM35003","Move to {-5499460.953457, -2250814.454542, 2309743.262342}","-",21.37355758,-157.73315653,"2026-08-04T04:33:12.000Z","UAV 1"
"ENBTR60005","Move to {-5499107.729384, -2250754.164082, 2310538.606898}","-",21.36897706,-157.74069464,"2026-08-04T04:33:12.000Z","UAV 1"
"ENM1A2003","Move to {-5499107.729384, -2250754.164082, 2310538.606898}","-",21.37332075,-157.74325039,"2026-08-04T04:33:14.000Z","UAV 1"
"ENT72007","Move to {-5499107.729384, -2250754.164082, 2310538.606898}","-",21.37116430,-157.74185204,"2026-08-04T04:33:14.000Z","UAV 1"
"ENT72003","Move to {-5499107.729384, -2250754.164082, 2310538.606898}","-",21.37142841,-157.74159647,"2026-08-04T04:33:14.000Z","UAV 1"
"ENCAESAR002","FFE-On-Location ""Location={-5498358.113175, -2250865.429793, 2312201.552453}""  Name of Weapons to Fire: Indirect-Fire-Gun:M107-155mm. Number-Of-Rounds: 1. Height-Above-Terrain: 0","-",21.36709792,-157.73185356,"2026-08-04T04:33:14.000Z","UAV 1"
"ENT72012","Move to {-5499107.729384, -2250754.164082, 2310538.606898}","-",21.37135511,-157.74170428,"2026-08-04T04:33:14.000Z","UAV 1"
"ENMORT005","FFE-On-Location ""Location={-5499123.141030, -2250320.406046, 2311025.754248}""  Name of Weapons to Fire: Indirect-Fire-Gun:m9333he. Number-Of-Rounds: 1. Height-Above-Terrain: 0","-",21.37463885,-157.73701809,"2026-08-04T04:33:14.000Z","UAV 1"
"ENM1A2001","Move to {-5499107.729384, -2250754.164082, 2310538.606898}","-",21.37344839,-157.74288997,"2026-08-04T04:33:14.000Z","UAV 1"
"FRT69007","Move to {-5499315.048189, -2250231.003964, 2310734.853397}","-",21.38070305,-157.73204111,"2026-08-04T04:33:14.000Z","UAV 1"
"FRT69002","Move to {-5499315.048189, -2250231.003964, 2310734.853397}","-",21.38062323,-157.73220904,"2026-08-04T04:33:14.000Z","UAV 1"
"ENT72002","Move to {-5499107.729384, -2250754.164082, 2310538.606898}","-",21.37128619,-157.74157543,"2026-08-04T04:33:14.000Z","UAV 1"
"ENMORT004","FFE-On-Location ""Location={-5498511.672389, -2250935.799735, 2311770.746054}""  Name of Weapons to Fire: Indirect-Fire-Gun:m9333he. Number-Of-Rounds: 1. Height-Above-Terrain: 0","-",21.37449517,-157.73695548,"2026-08-04T04:33:14.000Z","UAV 1"
"ENT72005","Move to {-5499107.729384, -2250754.164082, 2310538.606898}","-",21.37130374,-157.74188618,"2026-08-04T04:33:14.000Z","UAV 1"
"ENM35004","Move to {-5499460.953457, -2250814.454542, 2309743.262342}","-",21.37321705,-157.73305944,"2026-08-04T04:33:14.000Z","UAV 1"
"ENGAZ001","Move to {-5499460.953457, -2250814.454542, 2309743.262342}","-",21.37337537,-157.73279257,"2026-08-04T04:33:14.000Z","UAV 1"
"ENBTR60006","Move to {-5499107.729384, -2250754.164082, 2310538.606898}","-",21.36897349,-157.74047149,"2026-08-04T04:33:14.000Z","UAV 1"
"FRT69006","Move to {-5499315.048189, -2250231.003964, 2310734.853397}","-",21.38096199,-157.73222439,"2026-08-04T04:33:14.000Z","UAV 1"
"ENT72001","Move to {-5499107.729384, -2250754.164082, 2310538.606898}","-",21.37144946,-157.74170934,"2026-08-04T04:33:14.000Z","UAV 1"
"ENM1A2002","Move to {-5499107.729384, -2250754.164082, 2310538.606898}","-",21.37356081,-157.74317200,"2026-08-04T04:33:14.000Z","UAV 1"
"ENCAESAR004","FFE-On-Location ""Location={-5499123.141030, -2250320.406046, 2311025.754248}""  Name of Weapons to Fire: Indirect-Fire-Gun:M107-155mm. Number-Of-Rounds: 1. Height-Above-Terrain: 0","-",21.36735947,-157.73175490,"2026-08-04T04:33:14.000Z","UAV 1"
"FRT69003","Move to {-5499315.048189, -2250231.003964, 2310734.853397}","-",21.38097343,-157.73240275,"2026-08-04T04:33:14.000Z","UAV 1"
"FRT69005","Move to {-5499315.048189, -2250231.003964, 2310734.853397}","-",21.38100025,-157.73233777,"2026-08-04T04:33:14.000Z","UAV 1"
"ENT72009","Move to {-5499107.729384, -2250754.164082, 2310538.606898}","-",21.37114158,-157.74170025,"2026-08-04T04:33:14.000Z","UAV 1"
"ENT72011","Move to {-5499107.729384, -2250754.164082, 2310538.606898}","-",21.37128833,-157.74162582,"2026-08-04T04:33:14.000Z","UAV 1"
"ENT72004","Move to {-5499107.729384, -2250754.164082, 2310538.606898}","-",21.37154532,-157.74163288,"2026-08-04T04:33:14.000Z","UAV 1"
"ENM35002","Move to {-5499460.953457, -2250814.454542, 2309743.262342}","-",21.37340550,-157.73283903,"2026-08-04T04:33:14.000Z","UAV 1"
"FRZPU003","None","-",21.38640140,-157.73886953,"2026-08-04T04:33:14.000Z","UAV 1"
"ENGAZ003","Move to {-5499460.953457, -2250814.454542, 2309743.262342}","-",21.37338440,-157.73326221,"2026-08-04T04:33:14.000Z","UAV 1"
"ENM35001","Move to {-5499460.953457, -2250814.454542, 2309743.262342}","-",21.37314693,-157.73312307,"2026-08-04T04:33:14.000Z","UAV 1"
"ENT72010","Move to {-5499107.729384, -2250754.164082, 2310538.606898}","-",21.37154267,-157.74155229,"2026-08-04T04:33:14.000Z","UAV 1"
"ENT72006","Move to {-5499107.729384, -2250754.164082, 2310538.606898}","-",21.37145845,-157.74180319,"2026-08-04T04:33:14.000Z","UAV 1"
"ENCAESAR003","FFE-On-Location ""Location={-5498511.672389, -2250935.799735, 2311770.746054}""  Name of Weapons to Fire: Indirect-Fire-Gun:M107-155mm. Number-Of-Rounds: 1. Height-Above-Terrain: 0","-",21.36719878,-157.73183038,"2026-08-04T04:33:14.000Z","UAV 1"
"ENMORT001","FFE-On-Location ""Location={-5499123.141030, -2250320.406046, 2311025.754248}""  Name of Weapons to Fire: Indirect-Fire-Gun:m9333he. Number-Of-Rounds: 1. Height-Above-Terrain: 0","-",21.37454920,-157.73726779,"2026-08-04T04:33:14.000Z","UAV 1"
"FRZPU001","None","-",21.38648413,-157.73896632,"2026-08-04T04:33:14.000Z","UAV 1"
"ENBTR60007","Move to {-5499107.729384, -2250754.164082, 2310538.606898}","-",21.36885251,-157.74045603,"2026-08-04T04:33:14.000Z","UAV 1"
"FRT69008","Move to {-5499315.048189, -2250231.003964, 2310734.853397}","-",21.38096972,-157.73244663,"2026-08-04T04:33:14.000Z","UAV 1"
"FRT69009","Move to {-5499315.048189, -2250231.003964, 2310734.853397}","-",21.38066046,-157.73234161,"2026-08-04T04:33:14.000Z","UAV 1"
"ENGAZ004","Move to {-5499460.953457, -2250814.454542, 2309743.262342}","-",21.37336773,-157.73318922,"2026-08-04T04:33:14.000Z","UAV 1"
"FRT69010","Move to {-5499315.048189, -2250231.003964, 2310734.853397}","-",21.38075769,-157.73208913,"2026-08-04T04:33:14.000Z","UAV 1"
"ENM1A2004","Move to {-5499107.729384, -2250754.164082, 2310538.606898}","-",21.37346993,-157.74313700,"2026-08-04T04:33:14.000Z","UAV 1"
"ENM35003","Move to {-5499460.953457, -2250814.454542, 2309743.262342}","-",21.37355758,-157.73315653,"2026-08-04T04:33:14.000Z","UAV 1"
"ENBTR60005","Move to {-5499107.729384, -2250754.164082, 2310538.606898}","-",21.36897706,-157.74069464,"2026-08-04T04:33:14.000Z","UAV 1"
"FRT80001","Move to {-5499315.048189, -2250231.003964, 2310734.853397}","-",21.37552753,-157.75286292,"2026-08-04T04:33:16.000Z","UAV 1"
"FRTRK1003","Move to {-5498755.048693, -2250824.434840, 2311307.787782}","-",21.38831320,-157.75020795,"2026-08-04T04:33:16.000Z","UAV 1"
"FRT80002","Move to {-5499315.048189, -2250231.003964, 2310734.853397}","-",21.37537702,-157.75323870,"2026-08-04T04:33:16.000Z","UAV 1"
"FRMORT002","FFE-On-Location ""Location={-5499132.853573, -2251193.466895, 2310064.199617}""  Name of Weapons to Fire: Indirect-Fire-Gun:m9333he. Number-Of-Rounds: 1. Height-Above-Terrain: 0","-",21.39124517,-157.73722922,"2026-08-04T04:33:16.000Z","UAV 1"
"FRTRK1001","Move to {-5498755.048693, -2250824.434840, 2311307.787782}","-",21.38845956,-157.75026690,"2026-08-04T04:33:16.000Z","UAV 1"
"FRMORT001","FFE-On-Location ""Location={-5499191.503627, -2251825.311346, 2309314.511859}""  Name of Weapons to Fire: Indirect-Fire-Gun:m9333he. Number-Of-Rounds: 1. Height-Above-Terrain: 0","-",21.39116652,-157.73700854,"2026-08-04T04:33:16.000Z","UAV 1"
"FRLAV002","Move to {-5499315.048189, -2250231.003964, 2310734.853397}","-",21.38991046,-157.74175332,"2026-08-04T04:33:16.000Z","UAV 1"
"FRLAV006","Move to {-5499315.048189, -2250231.003964, 2310734.853397}","-",21.38987170,-157.74207476,"2026-08-04T04:33:16.000Z","UAV 1"
"FRM113007","Move to {-5499315.048189, -2250231.003964, 2310734.853397}","-",21.39009905,-157.74184604,"2026-08-04T04:33:16.000Z","UAV 1"
"FRLAV008","Move to {-5499315.048189, -2250231.003964, 2310734.853397}","-",21.39001912,-157.74174867,"2026-08-04T04:33:16.000Z","UAV 1"
"FRT80008","Move to {-5499315.048189, -2250231.003964, 2310734.853397}","-",21.37552742,-157.75298563,"2026-08-04T04:33:16.000Z","UAV 1"
"FRM113006","Move to {-5499315.048189, -2250231.003964, 2310734.853397}","-",21.38990651,-157.74190826,"2026-08-04T04:33:16.000Z","UAV 1"
"FRMORT004","None","-",21.39105358,-157.73697074,"2026-08-04T04:33:16.000Z","UAV 1"
"FRTRK1005","Move to {-5498755.048693, -2250824.434840, 2311307.787782}","-",21.38819633,-157.75007719,"2026-08-04T04:33:16.000Z","UAV 1"
"FRT80006","Move to {-5499315.048189, -2250231.003964, 2310734.853397}","-",21.37537039,-157.75286961,"2026-08-04T04:33:16.000Z","UAV 1"
"FRT80007","Move to {-5499315.048189, -2250231.003964, 2310734.853397}","-",21.37514231,-157.75285001,"2026-08-04T04:33:16.000Z","UAV 1"
"FRLAV001","Move to {-5499315.048189, -2250231.003964, 2310734.853397}","-",21.38973830,-157.74171306,"2026-08-04T04:33:16.000Z","UAV 1"
"FRTRK2001","Move to {-5498755.048693, -2250824.434840, 2311307.787782}","-",21.38837157,-157.75031415,"2026-08-04T04:33:16.000Z","UAV 1"
"FRTRK2002","Move to {-5498755.048693, -2250824.434840, 2311307.787782}","-",21.38828349,-157.75043534,"2026-08-04T04:33:16.000Z","UAV 1"
"FRMORT003","FFE-On-Location ""Location={-5499460.953457, -2250814.454542, 2309743.262342}""  Name of Weapons to Fire: Indirect-Fire-Gun:m9333he. Number-Of-Rounds: 1. Height-Above-Terrain: 0","-",21.39122072,-157.73728393,"2026-08-04T04:33:16.000Z","UAV 1"
"FRM113001","Move to {-5499315.048189, -2250231.003964, 2310734.853397}","-",21.38989767,-157.74163464,"2026-08-04T04:33:16.000Z","UAV 1"
"FRLAV005","Move to {-5499315.048189, -2250231.003964, 2310734.853397}","-",21.38998341,-157.74192913,"2026-08-04T04:33:16.000Z","UAV 1"
"FRTRK1002","Move to {-5498755.048693, -2250824.434840, 2311307.787782}","-",21.38835577,-157.75049663,"2026-08-04T04:33:16.000Z","UAV 1"
"FRM113004","Move to {-5499315.048189, -2250231.003964, 2310734.853397}","-",21.38979476,-157.74195426,"2026-08-04T04:33:16.000Z","UAV 1"
"FRLAV007","Move to {-5499315.048189, -2250231.003964, 2310734.853397}","-",21.39004329,-157.74177001,"2026-08-04T04:33:16.000Z","UAV 1"
"FRTRK2003","Move to {-5498755.048693, -2250824.434840, 2311307.787782}","-",21.38811233,-157.75017147,"2026-08-04T04:33:16.000Z","UAV 1"
"FRLAV004","Move to {-5499315.048189, -2250231.003964, 2310734.853397}","-",21.38965889,-157.74156290,"2026-08-04T04:33:16.000Z","UAV 1"
"FRT80001","Move to {-5499315.048189, -2250231.003964, 2310734.853397}","-",21.37552753,-157.75286292,"2026-08-04T04:33:17.000Z","UAV 1"
"FRTRK1003","Move to {-5498755.048693, -2250824.434840, 2311307.787782}","-",21.38831320,-157.75020795,"2026-08-04T04:33:17.000Z","UAV 1"
"FRT80002","Move to {-5499315.048189, -2250231.003964, 2310734.853397}","-",21.37537702,-157.75323870,"2026-08-04T04:33:17.000Z","UAV 1"
"FRMORT002","FFE-On-Location ""Location={-5499132.853573, -2251193.466895, 2310064.199617}""  Name of Weapons to Fire: Indirect-Fire-Gun:m9333he. Number-Of-Rounds: 1. Height-Above-Terrain: 0","-",21.39124517,-157.73722922,"2026-08-04T04:33:17.000Z","UAV 1"
"FRTRK1001","Move to {-5498755.048693, -2250824.434840, 2311307.787782}","-",21.38845956,-157.75026690,"2026-08-04T04:33:17.000Z","UAV 1"
"FRMORT001","FFE-On-Location ""Location={-5499191.503627, -2251825.311346, 2309314.511859}""  Name of Weapons to Fire: Indirect-Fire-Gun:m9333he. Number-Of-Rounds: 1. Height-Above-Terrain: 0","-",21.39116652,-157.73700854,"2026-08-04T04:33:17.000Z","UAV 1"
"FRLAV002","Move to {-5499315.048189, -2250231.003964, 2310734.853397}","-",21.38991046,-157.74175332,"2026-08-04T04:33:17.000Z","UAV 1"
"FRLAV006","Move to {-5499315.048189, -2250231.003964, 2310734.853397}","-",21.38987170,-157.74207476,"2026-08-04T04:33:17.000Z","UAV 1"
"FRM113007","Move to {-5499315.048189, -2250231.003964, 2310734.853397}","-",21.39009905,-157.74184604,"2026-08-04T04:33:17.000Z","UAV 1"
"FRLAV008","Move to {-5499315.048189, -2250231.003964, 2310734.853397}","-",21.39001912,-157.74174867,"2026-08-04T04:33:17.000Z","UAV 1"
"FRT80008","Move to {-5499315.048189, -2250231.003964, 2310734.853397}","-",21.37552742,-157.75298563,"2026-08-04T04:33:17.000Z","UAV 1"
"FRM113006","Move to {-5499315.048189, -2250231.003964, 2310734.853397}","-",21.38990651,-157.74190826,"2026-08-04T04:33:17.000Z","UAV 1"
"FRMORT004","None","-",21.39105358,-157.73697074,"2026-08-04T04:33:17.000Z","UAV 1"
"FRTRK1005","Move to {-5498755.048693, -2250824.434840, 2311307.787782}","-",21.38819633,-157.75007719,"2026-08-04T04:33:17.000Z","UAV 1"
"FRT80006","Move to {-5499315.048189, -2250231.003964, 2310734.853397}","-",21.37537039,-157.75286961,"2026-08-04T04:33:17.000Z","UAV 1"
"FRT80007","Move to {-5499315.048189, -2250231.003964, 2310734.853397}","-",21.37514231,-157.75285001,"2026-08-04T04:33:17.000Z","UAV 1"
"FRLAV001","Move to {-5499315.048189, -2250231.003964, 2310734.853397}","-",21.38973830,-157.74171306,"2026-08-04T04:33:17.000Z","UAV 1"
"FRTRK2001","Move to {-5498755.048693, -2250824.434840, 2311307.787782}","-",21.38837157,-157.75031415,"2026-08-04T04:33:17.000Z","UAV 1"
"FRTRK2002","Move to {-5498755.048693, -2250824.434840, 2311307.787782}","-",21.38828349,-157.75043534,"2026-08-04T04:33:17.000Z","UAV 1"
"FRMORT003","FFE-On-Location ""Location={-5499460.953457, -2250814.454542, 2309743.262342}""  Name of Weapons to Fire: Indirect-Fire-Gun:m9333he. Number-Of-Rounds: 1. Height-Above-Terrain: 0","-",21.39122072,-157.73728393,"2026-08-04T04:33:17.000Z","UAV 1"
"FRM113001","Move to {-5499315.048189, -2250231.003964, 2310734.853397}","-",21.38989767,-157.74163464,"2026-08-04T04:33:17.000Z","UAV 1"
"FRLAV005","Move to {-5499315.048189, -2250231.003964, 2310734.853397}","-",21.38998341,-157.74192913,"2026-08-04T04:33:17.000Z","UAV 1"
"FRTRK1002","Move to {-5498755.048693, -2250824.434840, 2311307.787782}","-",21.38835577,-157.75049663,"2026-08-04T04:33:17.000Z","UAV 1"
"FRM113004","Move to {-5499315.048189, -2250231.003964, 2310734.853397}","-",21.38979476,-157.74195426,"2026-08-04T04:33:17.000Z","UAV 1"
"FRLAV007","Move to {-5499315.048189, -2250231.003964, 2310734.853397}","-",21.39004329,-157.74177001,"2026-08-04T04:33:17.000Z","UAV 1"
"FRTRK2003","Move to {-5498755.048693, -2250824.434840, 2311307.787782}","-",21.38811233,-157.75017147,"2026-08-04T04:33:17.000Z","UAV 1"
"FRLAV004","Move to {-5499315.048189, -2250231.003964, 2310734.853397}","-",21.38965889,-157.74156290,"2026-08-04T04:33:17.000Z","UAV 1"
"FRT80001","Move to {-5499315.048189, -2250231.003964, 2310734.853397}","-",21.37552753,-157.75286292,"2026-08-04T04:33:18.000Z","UAV 1"
"FRTRK1003","Move to {-5498755.048693, -2250824.434840, 2311307.787782}","-",21.38831320,-157.75020795,"2026-08-04T04:33:18.000Z","UAV 1"
"FRT80002","Move to {-5499315.048189, -2250231.003964, 2310734.853397}","-",21.37537702,-157.75323870,"2026-08-04T04:33:18.000Z","UAV 1"
"FRMORT002","FFE-On-Location ""Location={-5499132.853573, -2251193.466895, 2310064.199617}""  Name of Weapons to Fire: Indirect-Fire-Gun:m9333he. Number-Of-Rounds: 1. Height-Above-Terrain: 0","-",21.39124517,-157.73722922,"2026-08-04T04:33:18.000Z","UAV 1"
"FRTRK1001","Move to {-5498755.048693, -2250824.434840, 2311307.787782}","-",21.38845956,-157.75026690,"2026-08-04T04:33:18.000Z","UAV 1"
"FRMORT001","FFE-On-Location ""Location={-5499191.503627, -2251825.311346, 2309314.511859}""  Name of Weapons to Fire: Indirect-Fire-Gun:m9333he. Number-Of-Rounds: 1. Height-Above-Terrain: 0","-",21.39116652,-157.73700854,"2026-08-04T04:33:18.000Z","UAV 1"
"FRLAV002","Move to {-5499315.048189, -2250231.003964, 2310734.853397}","-",21.38991046,-157.74175332,"2026-08-04T04:33:18.000Z","UAV 1"
"FRLAV006","Move to {-5499315.048189, -2250231.003964, 2310734.853397}","-",21.38987170,-157.74207476,"2026-08-04T04:33:18.000Z","UAV 1"
"FRM113007","Move to {-5499315.048189, -2250231.003964, 2310734.853397}","-",21.39009905,-157.74184604,"2026-08-04T04:33:18.000Z","UAV 1"
"FRLAV008","Move to {-5499315.048189, -2250231.003964, 2310734.853397}","-",21.39001912,-157.74174867,"2026-08-04T04:33:18.000Z","UAV 1"
"FRT80008","Move to {-5499315.048189, -2250231.003964, 2310734.853397}","-",21.37552742,-157.75298563,"2026-08-04T04:33:18.000Z","UAV 1"
"FRM113006","Move to {-5499315.048189, -2250231.003964, 2310734.853397}","-",21.38990651,-157.74190826,"2026-08-04T04:33:18.000Z","UAV 1"
"FRMORT004","None","-",21.39105358,-157.73697074,"2026-08-04T04:33:18.000Z","UAV 1"
"FRTRK1005","Move to {-5498755.048693, -2250824.434840, 2311307.787782}","-",21.38819633,-157.75007719,"2026-08-04T04:33:18.000Z","UAV 1"
"FRT80006","Move to {-5499315.048189, -2250231.003964, 2310734.853397}","-",21.37537039,-157.75286961,"2026-08-04T04:33:18.000Z","UAV 1"
"FRT80007","Move to {-5499315.048189, -2250231.003964, 2310734.853397}","-",21.37514231,-157.75285001,"2026-08-04T04:33:18.000Z","UAV 1"
"FRLAV001","Move to {-5499315.048189, -2250231.003964, 2310734.853397}","-",21.38973830,-157.74171306,"2026-08-04T04:33:18.000Z","UAV 1"
"FRTRK2001","Move to {-5498755.048693, -2250824.434840, 2311307.787782}","-",21.38837157,-157.75031415,"2026-08-04T04:33:18.000Z","UAV 1"
"FRTRK2002","Move to {-5498755.048693, -2250824.434840, 2311307.787782}","-",21.38828349,-157.75043534,"2026-08-04T04:33:18.000Z","UAV 1"
"FRMORT003","FFE-On-Location ""Location={-5499460.953457, -2250814.454542, 2309743.262342}""  Name of Weapons to Fire: Indirect-Fire-Gun:m9333he. Number-Of-Rounds: 1. Height-Above-Terrain: 0","-",21.39122072,-157.73728393,"2026-08-04T04:33:18.000Z","UAV 1"
"FRM113001","Move to {-5499315.048189, -2250231.003964, 2310734.853397}","-",21.38989767,-157.74163464,"2026-08-04T04:33:18.000Z","UAV 1"
"FRLAV005","Move to {-5499315.048189, -2250231.003964, 2310734.853397}","-",21.38998341,-157.74192913,"2026-08-04T04:33:18.000Z","UAV 1"
"FRTRK1002","Move to {-5498755.048693, -2250824.434840, 2311307.787782}","-",21.38835577,-157.75049663,"2026-08-04T04:33:18.000Z","UAV 1"
"FRM113004","Move to {-5499315.048189, -2250231.003964, 2310734.853397}","-",21.38979476,-157.74195426,"2026-08-04T04:33:18.000Z","UAV 1"
"FRLAV007","Move to {-5499315.048189, -2250231.003964, 2310734.853397}","-",21.39004329,-157.74177001,"2026-08-04T04:33:18.000Z","UAV 1"
"FRTRK2003","Move to {-5498755.048693, -2250824.434840, 2311307.787782}","-",21.38811233,-157.75017147,"2026-08-04T04:33:18.000Z","UAV 1"
"FRLAV004","Move to {-5499315.048189, -2250231.003964, 2310734.853397}","-",21.38965889,-157.74156290,"2026-08-04T04:33:18.000Z","UAV 1"
"ENCAESAR002","FFE-On-Location ""Location={-5498358.113175, -2250865.429793, 2312201.552453}""  Name of Weapons to Fire: Indirect-Fire-Gun:M107-155mm. Number-Of-Rounds: 1. Height-Above-Terrain: 0","-",21.36709792,-157.73185356,"2026-08-04T04:35:36.000Z","UAV 1"
"ENMORT005","FFE-On-Location ""Location={-5499123.141030, -2250320.406046, 2311025.754248}""  Name of Weapons to Fire: Indirect-Fire-Gun:m9333he. Number-Of-Rounds: 1. Height-Above-Terrain: 0","-",21.37463885,-157.73701809,"2026-08-04T04:35:36.000Z","UAV 1"
"FRT69007","Move to {-5499315.048189, -2250231.003964, 2310734.853397}","-",21.38070294,-157.73204111,"2026-08-04T04:35:36.000Z","UAV 1"
"FRT69002","Move to {-5499315.048189, -2250231.003964, 2310734.853397}","-",21.38062312,-157.73220904,"2026-08-04T04:35:36.000Z","UAV 1"
"ENMORT004","FFE-On-Location ""Location={-5498511.672389, -2250935.799735, 2311770.746054}""  Name of Weapons to Fire: Indirect-Fire-Gun:m9333he. Number-Of-Rounds: 1. Height-Above-Terrain: 0","-",21.37449517,-157.73695548,"2026-08-04T04:35:36.000Z","UAV 1"
"ENM35004","Move to {-5499460.953457, -2250814.454542, 2309743.262342}","-",21.37321705,-157.73305944,"2026-08-04T04:35:36.000Z","UAV 1"
"ENGAZ001","Move to {-5499460.953457, -2250814.454542, 2309743.262342}","-",21.37337537,-157.73279257,"2026-08-04T04:35:36.000Z","UAV 1"
"ENBTR60006","Move to {-5499107.729384, -2250754.164082, 2310538.606898}","-",21.36897349,-157.74047149,"2026-08-04T04:35:36.000Z","UAV 1"
"FRT69006","Move to {-5499315.048189, -2250231.003964, 2310734.853397}","-",21.38096189,-157.73222439,"2026-08-04T04:35:36.000Z","UAV 1"
"ENCAESAR004","FFE-On-Location ""Location={-5499123.141030, -2250320.406046, 2311025.754248}""  Name of Weapons to Fire: Indirect-Fire-Gun:M107-155mm. Number-Of-Rounds: 1. Height-Above-Terrain: 0","-",21.36735947,-157.73175490,"2026-08-04T04:35:36.000Z","UAV 1"
"FRT69003","Move to {-5499315.048189, -2250231.003964, 2310734.853397}","-",21.38097332,-157.73240275,"2026-08-04T04:35:36.000Z","UAV 1"
"FRT69005","Move to {-5499315.048189, -2250231.003964, 2310734.853397}","-",21.38100015,-157.73233777,"2026-08-04T04:35:36.000Z","UAV 1"
"ENM35002","Move to {-5499460.953457, -2250814.454542, 2309743.262342}","-",21.37340550,-157.73283903,"2026-08-04T04:35:36.000Z","UAV 1"
"ENGAZ003","Move to {-5499460.953457, -2250814.454542, 2309743.262342}","-",21.37338440,-157.73326221,"2026-08-04T04:35:36.000Z","UAV 1"
"ENM35001","Move to {-5499460.953457, -2250814.454542, 2309743.262342}","-",21.37314693,-157.73312307,"2026-08-04T04:35:36.000Z","UAV 1"
"ENCAESAR003","FFE-On-Location ""Location={-5498511.672389, -2250935.799735, 2311770.746054}""  Name of Weapons to Fire: Indirect-Fire-Gun:M107-155mm. Number-Of-Rounds: 1. Height-Above-Terrain: 0","-",21.36719878,-157.73183038,"2026-08-04T04:35:36.000Z","UAV 1"
"ENMORT001","FFE-On-Location ""Location={-5499123.141030, -2250320.406046, 2311025.754248}""  Name of Weapons to Fire: Indirect-Fire-Gun:m9333he. Number-Of-Rounds: 1. Height-Above-Terrain: 0","-",21.37454920,-157.73726779,"2026-08-04T04:35:36.000Z","UAV 1"
"ENBTR60007","Move to {-5499107.729384, -2250754.164082, 2310538.606898}","-",21.36885251,-157.74045603,"2026-08-04T04:35:36.000Z","UAV 1"
"FRT69008","Move to {-5499315.048189, -2250231.003964, 2310734.853397}","-",21.38096961,-157.73244663,"2026-08-04T04:35:36.000Z","UAV 1"
"FRT69009","Move to {-5499315.048189, -2250231.003964, 2310734.853397}","-",21.38066035,-157.73234161,"2026-08-04T04:35:36.000Z","UAV 1"
"ENGAZ004","Move to {-5499460.953457, -2250814.454542, 2309743.262342}","-",21.37336773,-157.73318922,"2026-08-04T04:35:36.000Z","UAV 1"
"FRT69010","Move to {-5499315.048189, -2250231.003964, 2310734.853397}","-",21.38075759,-157.73208913,"2026-08-04T04:35:36.000Z","UAV 1"
"ENM35003","Move to {-5499460.953457, -2250814.454542, 2309743.262342}","-",21.37355758,-157.73315653,"2026-08-04T04:35:36.000Z","UAV 1"
"ENBTR60005","Move to {-5499107.729384, -2250754.164082, 2310538.606898}","-",21.36897706,-157.74069464,"2026-08-04T04:35:36.000Z","UAV 1"
"ENCAESAR002","FFE-On-Location ""Location={-5498358.113175, -2250865.429793, 2312201.552453}""  Name of Weapons to Fire: Indirect-Fire-Gun:M107-155mm. Number-Of-Rounds: 1. Height-Above-Terrain: 0","-",21.36709792,-157.73185356,"2026-08-04T04:35:37.000Z","UAV 1"
"ENMORT005","FFE-On-Location ""Location={-5499123.141030, -2250320.406046, 2311025.754248}""  Name of Weapons to Fire: Indirect-Fire-Gun:m9333he. Number-Of-Rounds: 1. Height-Above-Terrain: 0","-",21.37463885,-157.73701809,"2026-08-04T04:35:37.000Z","UAV 1"
"FRT69007","Move to {-5499315.048189, -2250231.003964, 2310734.853397}","-",21.38070294,-157.73204111,"2026-08-04T04:35:37.000Z","UAV 1"
"FRT69002","Move to {-5499315.048189, -2250231.003964, 2310734.853397}","-",21.38062312,-157.73220904,"2026-08-04T04:35:37.000Z","UAV 1"
"ENMORT004","FFE-On-Location ""Location={-5498511.672389, -2250935.799735, 2311770.746054}""  Name of Weapons to Fire: Indirect-Fire-Gun:m9333he. Number-Of-Rounds: 1. Height-Above-Terrain: 0","-",21.37449517,-157.73695548,"2026-08-04T04:35:37.000Z","UAV 1"
"ENM35004","Move to {-5499460.953457, -2250814.454542, 2309743.262342}","-",21.37321705,-157.73305944,"2026-08-04T04:35:37.000Z","UAV 1"
"ENGAZ001","Move to {-5499460.953457, -2250814.454542, 2309743.262342}","-",21.37337537,-157.73279257,"2026-08-04T04:35:37.000Z","UAV 1"
"ENBTR60006","Move to {-5499107.729384, -2250754.164082, 2310538.606898}","-",21.36897349,-157.74047149,"2026-08-04T04:35:37.000Z","UAV 1"
"FRT69006","Move to {-5499315.048189, -2250231.003964, 2310734.853397}","-",21.38096189,-157.73222439,"2026-08-04T04:35:37.000Z","UAV 1"
"ENCAESAR004","FFE-On-Location ""Location={-5499123.141030, -2250320.406046, 2311025.754248}""  Name of Weapons to Fire: Indirect-Fire-Gun:M107-155mm. Number-Of-Rounds: 1. Height-Above-Terrain: 0","-",21.36735947,-157.73175490,"2026-08-04T04:35:37.000Z","UAV 1"
"FRT69003","Move to {-5499315.048189, -2250231.003964, 2310734.853397}","-",21.38097332,-157.73240275,"2026-08-04T04:35:37.000Z","UAV 1"
"FRT69005","Move to {-5499315.048189, -2250231.003964, 2310734.853397}","-",21.38100015,-157.73233777,"2026-08-04T04:35:37.000Z","UAV 1"
"ENM35002","Move to {-5499460.953457, -2250814.454542, 2309743.262342}","-",21.37340550,-157.73283903,"2026-08-04T04:35:37.000Z","UAV 1"
"ENGAZ003","Move to {-5499460.953457, -2250814.454542, 2309743.262342}","-",21.37338440,-157.73326221,"2026-08-04T04:35:37.000Z","UAV 1"
"ENM35001","Move to {-5499460.953457, -2250814.454542, 2309743.262342}","-",21.37314693,-157.73312307,"2026-08-04T04:35:37.000Z","UAV 1"
"ENCAESAR003","FFE-On-Location ""Location={-5498511.672389, -2250935.799735, 2311770.746054}""  Name of Weapons to Fire: Indirect-Fire-Gun:M107-155mm. Number-Of-Rounds: 1. Height-Above-Terrain: 0","-",21.36719878,-157.73183038,"2026-08-04T04:35:37.000Z","UAV 1"
"ENMORT001","FFE-On-Location ""Location={-5499123.141030, -2250320.406046, 2311025.754248}""  Name of Weapons to Fire: Indirect-Fire-Gun:m9333he. Number-Of-Rounds: 1. Height-Above-Terrain: 0","-",21.37454920,-157.73726779,"2026-08-04T04:35:37.000Z","UAV 1"
"ENBTR60007","Move to {-5499107.729384, -2250754.164082, 2310538.606898}","-",21.36885251,-157.74045603,"2026-08-04T04:35:37.000Z","UAV 1"
"FRT69008","Move to {-5499315.048189, -2250231.003964, 2310734.853397}","-",21.38096961,-157.73244663,"2026-08-04T04:35:37.000Z","UAV 1"
"FRT69009","Move to {-5499315.048189, -2250231.003964, 2310734.853397}","-",21.38066035,-157.73234161,"2026-08-04T04:35:37.000Z","UAV 1"
"ENGAZ004","Move to {-5499460.953457, -2250814.454542, 2309743.262342}","-",21.37336773,-157.73318922,"2026-08-04T04:35:37.000Z","UAV 1"
"FRT69010","Move to {-5499315.048189, -2250231.003964, 2310734.853397}","-",21.38075759,-157.73208913,"2026-08-04T04:35:37.000Z","UAV 1"
"ENM35003","Move to {-5499460.953457, -2250814.454542, 2309743.262342}","-",21.37355758,-157.73315653,"2026-08-04T04:35:37.000Z","UAV 1"
"ENBTR60005","Move to {-5499107.729384, -2250754.164082, 2310538.606898}","-",21.36897706,-157.74069464,"2026-08-04T04:35:37.000Z","UAV 1"
"FRRPG009","Move to {-5498703.791611, -2251564.953607, 2310708.018636}","-",21.39001251,-157.74166135,"2026-08-04T04:35:40.000Z","UAV 1"
"FRTRK1003","Move to {-5498755.048693, -2250824.434840, 2311307.787782}","-",21.38830952,-157.75020829,"2026-08-04T04:35:40.000Z","UAV 1"
"FRTRK1001","Move to {-5498755.048693, -2250824.434840, 2311307.787782}","-",21.38845616,-157.75026730,"2026-08-04T04:35:40.000Z","UAV 1"
"FRLAV002","Move to {-5499315.048189, -2250231.003964, 2310734.853397}","-",21.38991039,-157.74175337,"2026-08-04T04:35:40.000Z","UAV 1"
"FRLAV006","Move to {-5499315.048189, -2250231.003964, 2310734.853397}","-",21.38987163,-157.74207480,"2026-08-04T04:35:40.000Z","UAV 1"
"FRM113007","Move to {-5499315.048189, -2250231.003964, 2310734.853397}","-",21.39009897,-157.74184604,"2026-08-04T04:35:40.000Z","UAV 1"
"FRLAV008","Move to {-5499315.048189, -2250231.003964, 2310734.853397}","-",21.39001905,-157.74174871,"2026-08-04T04:35:40.000Z","UAV 1"
"FRM113006","Move to {-5499315.048189, -2250231.003964, 2310734.853397}","-",21.38990650,-157.74190826,"2026-08-04T04:35:40.000Z","UAV 1"
"FRTRK1005","Move to {-5498755.048693, -2250824.434840, 2311307.787782}","-",21.38819497,-157.75007818,"2026-08-04T04:35:40.000Z","UAV 1"
"FRLAV001","Move to {-5499315.048189, -2250231.003964, 2310734.853397}","-",21.38973824,-157.74171310,"2026-08-04T04:35:40.000Z","UAV 1"
"FRTRK2001","Move to {-5498755.048693, -2250824.434840, 2311307.787782}","-",21.38836799,-157.75031496,"2026-08-04T04:35:40.000Z","UAV 1"
"FRTRK2002","Move to {-5498755.048693, -2250824.434840, 2311307.787782}","-",21.38828005,-157.75043535,"2026-08-04T04:35:40.000Z","UAV 1"
"FRM113001","Move to {-5499315.048189, -2250231.003964, 2310734.853397}","-",21.38989760,-157.74163464,"2026-08-04T04:35:40.000Z","UAV 1"
"FRLAV005","Move to {-5499315.048189, -2250231.003964, 2310734.853397}","-",21.38998334,-157.74192918,"2026-08-04T04:35:40.000Z","UAV 1"
"FRTRK1002","Move to {-5498755.048693, -2250824.434840, 2311307.787782}","-",21.38835227,-157.75049666,"2026-08-04T04:35:40.000Z","UAV 1"
"FRM113004","Move to {-5499315.048189, -2250231.003964, 2310734.853397}","-",21.38979508,-157.74195493,"2026-08-04T04:35:40.000Z","UAV 1"
"FRLAV007","Move to {-5499315.048189, -2250231.003964, 2310734.853397}","-",21.39004418,-157.74176928,"2026-08-04T04:35:40.000Z","UAV 1"
"FRTRK2003","Move to {-5498755.048693, -2250824.434840, 2311307.787782}","-",21.38811002,-157.75017253,"2026-08-04T04:35:40.000Z","UAV 1"
"FRLAV004","Move to {-5499315.048189, -2250231.003964, 2310734.853397}","-",21.38966064,-157.74155117,"2026-08-04T04:35:40.000Z","UAV 1"
"FRRPG009","Move to {-5498703.791611, -2251564.953607, 2310708.018636}","-",21.39001251,-157.74166135,"2026-08-04T04:35:41.000Z","UAV 1"
"FRTRK1003","Move to {-5498755.048693, -2250824.434840, 2311307.787782}","-",21.38830952,-157.75020829,"2026-08-04T04:35:41.000Z","UAV 1"
"FRTRK1001","Move to {-5498755.048693, -2250824.434840, 2311307.787782}","-",21.38845616,-157.75026730,"2026-08-04T04:35:41.000Z","UAV 1"
"FRLAV002","Move to {-5499315.048189, -2250231.003964, 2310734.853397}","-",21.38991039,-157.74175337,"2026-08-04T04:35:41.000Z","UAV 1"
"FRLAV006","Move to {-5499315.048189, -2250231.003964, 2310734.853397}","-",21.38987163,-157.74207480,"2026-08-04T04:35:41.000Z","UAV 1"
"FRM113007","Move to {-5499315.048189, -2250231.003964, 2310734.853397}","-",21.39009897,-157.74184604,"2026-08-04T04:35:41.000Z","UAV 1"
"FRLAV008","Move to {-5499315.048189, -2250231.003964, 2310734.853397}","-",21.39001905,-157.74174871,"2026-08-04T04:35:41.000Z","UAV 1"
"FRM113006","Move to {-5499315.048189, -2250231.003964, 2310734.853397}","-",21.38990650,-157.74190826,"2026-08-04T04:35:41.000Z","UAV 1"
"FRTRK1005","Move to {-5498755.048693, -2250824.434840, 2311307.787782}","-",21.38819497,-157.75007818,"2026-08-04T04:35:41.000Z","UAV 1"
"FRLAV001","Move to {-5499315.048189, -2250231.003964, 2310734.853397}","-",21.38973824,-157.74171310,"2026-08-04T04:35:41.000Z","UAV 1"
"FRTRK2001","Move to {-5498755.048693, -2250824.434840, 2311307.787782}","-",21.38836799,-157.75031496,"2026-08-04T04:35:41.000Z","UAV 1"
"FRTRK2002","Move to {-5498755.048693, -2250824.434840, 2311307.787782}","-",21.38828005,-157.75043535,"2026-08-04T04:35:41.000Z","UAV 1"
"FRM113001","Move to {-5499315.048189, -2250231.003964, 2310734.853397}","-",21.38989760,-157.74163464,"2026-08-04T04:35:41.000Z","UAV 1"
"FRLAV005","Move to {-5499315.048189, -2250231.003964, 2310734.853397}","-",21.38998334,-157.74192918,"2026-08-04T04:35:41.000Z","UAV 1"
"FRTRK1002","Move to {-5498755.048693, -2250824.434840, 2311307.787782}","-",21.38835227,-157.75049666,"2026-08-04T04:35:41.000Z","UAV 1"
"FRM113004","Move to {-5499315.048189, -2250231.003964, 2310734.853397}","-",21.38979508,-157.74195493,"2026-08-04T04:35:41.000Z","UAV 1"
"FRLAV007","Move to {-5499315.048189, -2250231.003964, 2310734.853397}","-",21.39004418,-157.74176928,"2026-08-04T04:35:41.000Z","UAV 1"
"FRTRK2003","Move to {-5498755.048693, -2250824.434840, 2311307.787782}","-",21.38811002,-157.75017253,"2026-08-04T04:35:41.000Z","UAV 1"
"FRLAV004","Move to {-5499315.048189, -2250231.003964, 2310734.853397}","-",21.38966064,-157.74155117,"2026-08-04T04:35:41.000Z","UAV 1"
"ENM1A2003","Move to {-5499107.729384, -2250754.164082, 2310538.606898}","-",21.37552453,-157.74239972,"2026-08-04T04:36:02.000Z","UAV 1"
"ENT72003","Move to {-5499107.729384, -2250754.164082, 2310538.606898}","-",21.37373481,-157.74141526,"2026-08-04T04:36:02.000Z","UAV 1"
"ENMORT005","None","-",21.37463885,-157.73701809,"2026-08-04T04:36:02.000Z","UAV 1"
"FRT80001","Move to {-5499315.048189, -2250231.003964, 2310734.853397}","-",21.37686581,-157.75123836,"2026-08-04T04:36:02.000Z","UAV 1"
"FRTRK1003","Move to {-5498755.048693, -2250824.434840, 2311307.787782}","-",21.38801209,-157.74817786,"2026-08-04T04:36:02.000Z","UAV 1"
"ENMORT004","None","-",21.37449517,-157.73695548,"2026-08-04T04:36:02.000Z","UAV 1"
"FRT80002","Move to {-5499315.048189, -2250231.003964, 2310734.853397}","-",21.37669083,-157.75159740,"2026-08-04T04:36:02.000Z","UAV 1"
"FRMORT002","None","-",21.39124517,-157.73722922,"2026-08-04T04:36:02.000Z","UAV 1"
"FRTRK1001","Move to {-5498755.048693, -2250824.434840, 2311307.787782}","-",21.38812361,-157.74814763,"2026-08-04T04:36:02.000Z","UAV 1"
"FRM113003","Move to {-5499315.048189, -2250231.003964, 2310734.853397}","-",21.38994660,-157.74197758,"2026-08-04T04:36:02.000Z","UAV 1"
"ENT72005","Move to {-5499107.729384, -2250754.164082, 2310538.606898}","-",21.37362278,-157.74162153,"2026-08-04T04:36:02.000Z","UAV 1"
"ENM35004","Move to {-5499460.953457, -2250814.454542, 2309743.262342}","-",21.37282998,-157.73537166,"2026-08-04T04:36:02.000Z","UAV 1"
"ENGAZ001","Move to {-5499460.953457, -2250814.454542, 2309743.262342}","-",21.37304890,-157.73511389,"2026-08-04T04:36:02.000Z","UAV 1"
"ENBTR60006","Move to {-5499107.729384, -2250754.164082, 2310538.606898}","-",21.37131163,-157.74058984,"2026-08-04T04:36:02.000Z","UAV 1"
"ENBTR80004","Move to {-5499107.729384, -2250754.164082, 2310538.606898}","-",21.37125539,-157.74043731,"2026-08-04T04:36:02.000Z","UAV 1"
"ENT72001","Move to {-5499107.729384, -2250754.164082, 2310538.606898}","-",21.37374274,-157.74149517,"2026-08-04T04:36:02.000Z","UAV 1"
"FRMORT001","None","-",21.39116652,-157.73700854,"2026-08-04T04:36:02.000Z","UAV 1"
"FRLAV002","Move to {-5499315.048189, -2250231.003964, 2310734.853397}","-",21.38960555,-157.74140937,"2026-08-04T04:36:02.000Z","UAV 1"
"ENM1A2002","Move to {-5499107.729384, -2250754.164082, 2310538.606898}","-",21.37574587,-157.74232293,"2026-08-04T04:36:02.000Z","UAV 1"
"FRLAV006","Move to {-5499315.048189, -2250231.003964, 2310734.853397}","-",21.38994668,-157.74202853,"2026-08-04T04:36:02.000Z","UAV 1"
"FRT69005","Move to {-5499315.048189, -2250231.003964, 2310734.853397}","-",21.38107226,-157.73404582,"2026-08-04T04:36:02.000Z","UAV 1"
"FRM113007","Move to {-5499315.048189, -2250231.003964, 2310734.853397}","-",21.39027905,-157.74206896,"2026-08-04T04:36:02.000Z","UAV 1"
"FRM113002","Move to {-5499315.048189, -2250231.003964, 2310734.853397}","-",21.38986390,-157.74169886,"2026-08-04T04:36:02.000Z","UAV 1"
"ENGAZ002","Move to {-5499460.953457, -2250814.454542, 2309743.262342}","-",21.37312178,-157.73545938,"2026-08-04T04:36:02.000Z","UAV 1"
"ENBTR80006","Move to {-5499107.729384, -2250754.164082, 2310538.606898}","-",21.37131546,-157.74060963,"2026-08-04T04:36:02.000Z","UAV 1"
"ENT72004","Move to {-5499107.729384, -2250754.164082, 2310538.606898}","-",21.37384621,-157.74143836,"2026-08-04T04:36:02.000Z","UAV 1"
"FRLAV008","Move to {-5499315.048189, -2250231.003964, 2310734.853397}","-",21.38973979,-157.74135089,"2026-08-04T04:36:02.000Z","UAV 1"
"ENGAZ003","Move to {-5499460.953457, -2250814.454542, 2309743.262342}","-",21.37302733,-157.73557027,"2026-08-04T04:36:02.000Z","UAV 1"
"ENM35001","Move to {-5499460.953457, -2250814.454542, 2309743.262342}","-",21.37277135,-157.73543958,"2026-08-04T04:36:02.000Z","UAV 1"
"FRT80008","Move to {-5499315.048189, -2250231.003964, 2310734.853397}","-",21.37685182,-157.75134735,"2026-08-04T04:36:02.000Z","UAV 1"
"FRM113006","Move to {-5499315.048189, -2250231.003964, 2310734.853397}","-",21.38998543,-157.74190826,"2026-08-04T04:36:02.000Z","UAV 1"
"ENT72010","Move to {-5499107.729384, -2250754.164082, 2310538.606898}","-",21.37384075,-157.74138233,"2026-08-04T04:36:02.000Z","UAV 1"
"FRMORT004","None","-",21.39105358,-157.73697074,"2026-08-04T04:36:02.000Z","UAV 1"
"FRTRK1005","Move to {-5498755.048693, -2250824.434840, 2311307.787782}","-",21.38792664,-157.74816089,"2026-08-04T04:36:02.000Z","UAV 1"
"FRT80006","Move to {-5499315.048189, -2250231.003964, 2310734.853397}","-",21.37673211,-157.75126433,"2026-08-04T04:36:02.000Z","UAV 1"
"ENT72006","Move to {-5499107.729384, -2250754.164082, 2310538.606898}","-",21.37377307,-157.74155863,"2026-08-04T04:36:02.000Z","UAV 1"
"ENMORT001","None","-",21.37454920,-157.73726779,"2026-08-04T04:36:02.000Z","UAV 1"
"FRM109003","Move to {-5499516.453323, -2249726.423604, 2310685.859186}","-",21.39499571,-157.73808108,"2026-08-04T04:36:02.000Z","UAV 1"
"FRM109002","Move to {-5499315.048189, -2250231.003964, 2310734.853397}","-",21.39482932,-157.73788088,"2026-08-04T04:36:02.000Z","UAV 1"
"FRT80007","Move to {-5499315.048189, -2250231.003964, 2310734.853397}","-",21.37653312,-157.75127895,"2026-08-04T04:36:02.000Z","UAV 1"
"FRLAV001","Move to {-5499315.048189, -2250231.003964, 2310734.853397}","-",21.38975606,-157.74170211,"2026-08-04T04:36:02.000Z","UAV 1"
"FRLAV003","Move to {-5499315.048189, -2250231.003964, 2310734.853397}","-",21.38987595,-157.74175584,"2026-08-04T04:36:02.000Z","UAV 1"
"ENMORT002","None","-",21.37448557,-157.73696566,"2026-08-04T04:36:02.000Z","UAV 1"
"ENGAZ004","Move to {-5499460.953457, -2250814.454542, 2309743.262342}","-",21.37301872,-157.73549951,"2026-08-04T04:36:02.000Z","UAV 1"
"FRMORT003","None","-",21.39122072,-157.73728393,"2026-08-04T04:36:02.000Z","UAV 1"
"FRM113005","Move to {-5499315.048189, -2250231.003964, 2310734.853397}","-",21.38988515,-157.74217323,"2026-08-04T04:36:02.000Z","UAV 1"
"FRM113001","Move to {-5499315.048189, -2250231.003964, 2310734.853397}","-",21.38997093,-157.74177387,"2026-08-04T04:36:02.000Z","UAV 1"
"FRLAV005","Move to {-5499315.048189, -2250231.003964, 2310734.853397}","-",21.39007928,-157.74183493,"2026-08-04T04:36:02.000Z","UAV 1"
"FRM109001","Move to {-5499516.453323, -2249726.423604, 2310685.859186}","-",21.39469651,-157.73769618,"2026-08-04T04:36:02.000Z","UAV 1"
"FRTRK1002","Move to {-5498755.048693, -2250824.434840, 2311307.787782}","-",21.38805886,-157.74844416,"2026-08-04T04:36:02.000Z","UAV 1"
"FRLAV007","Move to {-5499315.048189, -2250231.003964, 2310734.853397}","-",21.38995987,-157.74147230,"2026-08-04T04:36:02.000Z","UAV 1"
"FRTRK2003","Move to {-5498755.048693, -2250824.434840, 2311307.787782}","-",21.38784911,-157.74814577,"2026-08-04T04:36:02.000Z","UAV 1"
"FRT69010","Move to {-5499315.048189, -2250231.003964, 2310734.853397}","-",21.38085576,-157.73408106,"2026-08-04T04:36:02.000Z","UAV 1"
"FRM109004","Move to {-5499315.048189, -2250231.003964, 2310734.853397}","-",21.39378598,-157.73838383,"2026-08-04T04:36:02.000Z","UAV 1"
"FRLAV004","Move to {-5499315.048189, -2250231.003964, 2310734.853397}","-",21.38968585,-157.74146281,"2026-08-04T04:36:02.000Z","UAV 1"
"ENM1A2004","Move to {-5499107.729384, -2250754.164082, 2310538.606898}","-",21.37566716,-157.74231023,"2026-08-04T04:36:02.000Z","UAV 1"
"ENBTR60005","Move to {-5499107.729384, -2250754.164082, 2310538.606898}","-",21.37131522,-157.74076189,"2026-08-04T04:36:02.000Z","UAV 1"
"M107 1","None","-",21.36711185,-157.73186078,"2026-08-04T04:36:02.000Z","UAV 1"
"M107 2","None","-",21.36735620,-157.73177135,"2026-08-04T04:36:02.000Z","UAV 1"
"M107 3","None","-",21.36720688,-157.73183752,"2026-08-04T04:36:02.000Z","UAV 1"
"M107 7","None","-",21.36726898,-157.73197872,"2026-08-04T04:36:02.000Z","UAV 1"
"ENM1A2003","Move to {-5499107.729384, -2250754.164082, 2310538.606898}","-",21.37568444,-157.74233781,"2026-08-04T04:36:05.000Z","UAV 1"
"ENT72003","Move to {-5499107.729384, -2250754.164082, 2310538.606898}","-",21.37393071,-157.74139986,"2026-08-04T04:36:05.000Z","UAV 1"
"ENMORT005","None","-",21.37463885,-157.73701809,"2026-08-04T04:36:05.000Z","UAV 1"
"FRT80001","Move to {-5499315.048189, -2250231.003964, 2310734.853397}","-",21.37699573,-157.75108072,"2026-08-04T04:36:05.000Z","UAV 1"
"FRTRK1003","Move to {-5498755.048693, -2250824.434840, 2311307.787782}","-",21.38799793,-157.74808481,"2026-08-04T04:36:05.000Z","UAV 1"
"ENMORT004","None","-",21.37449517,-157.73695548,"2026-08-04T04:36:05.000Z","UAV 1"
"FRT80002","Move to {-5499315.048189, -2250231.003964, 2310734.853397}","-",21.37682227,-157.75143327,"2026-08-04T04:36:05.000Z","UAV 1"
"FRMORT002","None","-",21.39124517,-157.73722922,"2026-08-04T04:36:05.000Z","UAV 1"
"FRTRK1001","Move to {-5498755.048693, -2250824.434840, 2311307.787782}","-",21.38808868,-157.74793587,"2026-08-04T04:36:05.000Z","UAV 1"
"FRM113003","Move to {-5499315.048189, -2250231.003964, 2310734.853397}","-",21.38995443,-157.74197758,"2026-08-04T04:36:05.000Z","UAV 1"
"ENT72005","Move to {-5499107.729384, -2250754.164082, 2310538.606898}","-",21.37382251,-157.74159872,"2026-08-04T04:36:05.000Z","UAV 1"
"ENM35004","Move to {-5499460.953457, -2250814.454542, 2309743.262342}","-",21.37278188,-157.73557596,"2026-08-04T04:36:05.000Z","UAV 1"
"ENGAZ001","Move to {-5499460.953457, -2250814.454542, 2309743.262342}","-",21.37299636,-157.73531646,"2026-08-04T04:36:05.000Z","UAV 1"
"ENBTR60006","Move to {-5499107.729384, -2250754.164082, 2310538.606898}","-",21.37151423,-157.74060011,"2026-08-04T04:36:05.000Z","UAV 1"
"ENBTR80004","Move to {-5499107.729384, -2250754.164082, 2310538.606898}","-",21.37145756,-157.74045137,"2026-08-04T04:36:05.000Z","UAV 1"
"ENT72001","Move to {-5499107.729384, -2250754.164082, 2310538.606898}","-",21.37394451,-157.74147632,"2026-08-04T04:36:05.000Z","UAV 1"
"FRMORT001","None","-",21.39116652,-157.73700854,"2026-08-04T04:36:05.000Z","UAV 1"
"FRLAV002","Move to {-5499315.048189, -2250231.003964, 2310734.853397}","-",21.38944998,-157.74149822,"2026-08-04T04:36:05.000Z","UAV 1"
"ENM1A2002","Move to {-5499107.729384, -2250754.164082, 2310538.606898}","-",21.37594169,-157.74224660,"2026-08-04T04:36:05.000Z","UAV 1"
"FRLAV006","Move to {-5499315.048189, -2250231.003964, 2310734.853397}","-",21.38995401,-157.74202402,"2026-08-04T04:36:05.000Z","UAV 1"
"FRT69005","Move to {-5499315.048189, -2250231.003964, 2310734.853397}","-",21.38107226,-157.73404582,"2026-08-04T04:36:05.000Z","UAV 1"
"FRM113007","Move to {-5499315.048189, -2250231.003964, 2310734.853397}","-",21.39023914,-157.74230559,"2026-08-04T04:36:05.000Z","UAV 1"
"FRM113002","Move to {-5499315.048189, -2250231.003964, 2310734.853397}","-",21.38987045,-157.74169886,"2026-08-04T04:36:05.000Z","UAV 1"
"ENGAZ002","Move to {-5499460.953457, -2250814.454542, 2309743.262342}","-",21.37306407,-157.73566172,"2026-08-04T04:36:05.000Z","UAV 1"
"ENBTR80006","Move to {-5499107.729384, -2250754.164082, 2310538.606898}","-",21.37151559,-157.74061927,"2026-08-04T04:36:05.000Z","UAV 1"
"ENT72004","Move to {-5499107.729384, -2250754.164082, 2310538.606898}","-",21.37404944,-157.74142117,"2026-08-04T04:36:05.000Z","UAV 1"
"FRLAV008","Move to {-5499315.048189, -2250231.003964, 2310734.853397}","-",21.38962327,-157.74141719,"2026-08-04T04:36:05.000Z","UAV 1"
"ENGAZ003","Move to {-5499460.953457, -2250814.454542, 2309743.262342}","-",21.37297060,-157.73577654,"2026-08-04T04:36:05.000Z","UAV 1"
"ENM35001","Move to {-5499460.953457, -2250814.454542, 2309743.262342}","-",21.37272319,-157.73565013,"2026-08-04T04:36:05.000Z","UAV 1"
"FRT80008","Move to {-5499315.048189, -2250231.003964, 2310734.853397}","-",21.37697931,-157.75118972,"2026-08-04T04:36:05.000Z","UAV 1"
"FRM113006","Move to {-5499315.048189, -2250231.003964, 2310734.853397}","-",21.38999340,-157.74190826,"2026-08-04T04:36:05.000Z","UAV 1"
"ENT72010","Move to {-5499107.729384, -2250754.164082, 2310538.606898}","-",21.37404627,-157.74136712,"2026-08-04T04:36:05.000Z","UAV 1"
"ENT72006","Move to {-5499107.729384, -2250754.164082, 2310538.606898}","-",21.37397218,-157.74153758,"2026-08-04T04:36:05.000Z","UAV 1"
"ENMORT001","None","-",21.37454920,-157.73726779,"2026-08-04T04:36:05.000Z","UAV 1"
"FRM109003","Move to {-5499516.453323, -2249726.423604, 2310685.859186}","-",21.39485764,-157.73820987,"2026-08-04T04:36:05.000Z","UAV 1"
"FRM109002","Move to {-5499315.048189, -2250231.003964, 2310734.853397}","-",21.39467014,-157.73797800,"2026-08-04T04:36:05.000Z","UAV 1"
"FRT80007","Move to {-5499315.048189, -2250231.003964, 2310734.853397}","-",21.37667064,-157.75112368,"2026-08-04T04:36:05.000Z","UAV 1"
"FRLAV001","Move to {-5499315.048189, -2250231.003964, 2310734.853397}","-",21.38975757,-157.74170119,"2026-08-04T04:36:05.000Z","UAV 1"
"FRLAV003","Move to {-5499315.048189, -2250231.003964, 2310734.853397}","-",21.38988349,-157.74175119,"2026-08-04T04:36:05.000Z","UAV 1"
"ENMORT002","None","-",21.37448557,-157.73696566,"2026-08-04T04:36:05.000Z","UAV 1"
"ENGAZ004","Move to {-5499460.953457, -2250814.454542, 2309743.262342}","-",21.37296324,-157.73570462,"2026-08-04T04:36:05.000Z","UAV 1"
"FRMORT003","None","-",21.39122072,-157.73728393,"2026-08-04T04:36:05.000Z","UAV 1"
"FRM113005","Move to {-5499315.048189, -2250231.003964, 2310734.853397}","-",21.38988508,-157.74216806,"2026-08-04T04:36:05.000Z","UAV 1"
"FRM113001","Move to {-5499315.048189, -2250231.003964, 2310734.853397}","-",21.38997175,-157.74176572,"2026-08-04T04:36:05.000Z","UAV 1"
"FRLAV005","Move to {-5499315.048189, -2250231.003964, 2310734.853397}","-",21.39008383,-157.74182722,"2026-08-04T04:36:05.000Z","UAV 1"
"FRTRK1002","Move to {-5498755.048693, -2250824.434840, 2311307.787782}","-",21.38802605,-157.74822944,"2026-08-04T04:36:05.000Z","UAV 1"
"FRLAV007","Move to {-5499315.048189, -2250231.003964, 2310734.853397}","-",21.38995721,-157.74146882,"2026-08-04T04:36:05.000Z","UAV 1"
"FRTRK2003","Move to {-5498755.048693, -2250824.434840, 2311307.787782}","-",21.38781997,-157.74792946,"2026-08-04T04:36:05.000Z","UAV 1"
"FRT69010","Move to {-5499315.048189, -2250231.003964, 2310734.853397}","-",21.38085576,-157.73408106,"2026-08-04T04:36:05.000Z","UAV 1"
"FRM109004","Move to {-5499315.048189, -2250231.003964, 2310734.853397}","-",21.39361389,-157.73849059,"2026-08-04T04:36:05.000Z","UAV 1"
"FRLAV004","Move to {-5499315.048189, -2250231.003964, 2310734.853397}","-",21.38968826,-157.74145432,"2026-08-04T04:36:05.000Z","UAV 1"
"ENBTR60005","Move to {-5499107.729384, -2250754.164082, 2310538.606898}","-",21.37151842,-157.74076774,"2026-08-04T04:36:05.000Z","UAV 1"
"M107 1","None","-",21.36711185,-157.73186078,"2026-08-04T04:36:05.000Z","UAV 1"
"M107 2","None","-",21.36735620,-157.73177135,"2026-08-04T04:36:05.000Z","UAV 1"
"M107 3","None","-",21.36720688,-157.73183752,"2026-08-04T04:36:05.000Z","UAV 1"
"M107 7","None","-",21.36726898,-157.73197872,"2026-08-04T04:36:05.000Z","UAV 1"
"ENT72007","Move to {-5499107.729384, -2250754.164082, 2310538.606898}","-",21.37368890,-157.74157969,"2026-08-04T04:36:05.000Z","UAV 1"
"ENM1A2001","Move to {-5499107.729384, -2250754.164082, 2310538.606898}","-",21.37584605,-157.74209413,"2026-08-04T04:36:05.000Z","UAV 1"
"FRTRK2001","Move to {-5498755.048693, -2250824.434840, 2311307.787782}","-",21.38804449,-157.74813683,"2026-08-04T04:36:05.000Z","UAV 1"
"ENBTR80007","Move to {-5499107.729384, -2250754.164082, 2310538.606898}","-",21.37142336,-157.74054105,"2026-08-04T04:36:05.000Z","UAV 1"
"FRM113004","Move to {-5499315.048189, -2250231.003964, 2310734.853397}","-",21.38984741,-157.74201809,"2026-08-04T04:36:05.000Z","UAV 1"
"ENM1A2003","Move to {-5499107.729384, -2250754.164082, 2310538.606898}","-",21.37587179,-157.74226527,"2026-08-04T04:36:07.000Z","UAV 1"
"ENT72003","Move to {-5499107.729384, -2250754.164082, 2310538.606898}","-",21.37412986,-157.74138421,"2026-08-04T04:36:07.000Z","UAV 1"
"ENMORT005","None","-",21.37463885,-157.73701809,"2026-08-04T04:36:07.000Z","UAV 1"
"FRT80001","Move to {-5499315.048189, -2250231.003964, 2310734.853397}","-",21.37712642,-157.75092215,"2026-08-04T04:36:07.000Z","UAV 1"
"ENMORT004","None","-",21.37449517,-157.73695548,"2026-08-04T04:36:07.000Z","UAV 1"
"FRT80002","Move to {-5499315.048189, -2250231.003964, 2310734.853397}","-",21.37694938,-157.75127455,"2026-08-04T04:36:07.000Z","UAV 1"
"FRM113003","Move to {-5499315.048189, -2250231.003964, 2310734.853397}","-",21.38996223,-157.74197758,"2026-08-04T04:36:07.000Z","UAV 1"
"ENT72005","Move to {-5499107.729384, -2250754.164082, 2310538.606898}","-",21.37401663,-157.74157655,"2026-08-04T04:36:07.000Z","UAV 1"
"ENM35004","Move to {-5499460.953457, -2250814.454542, 2309743.262342}","-",21.37273401,-157.73577925,"2026-08-04T04:36:07.000Z","UAV 1"
"ENGAZ001","Move to {-5499460.953457, -2250814.454542, 2309743.262342}","-",21.37294492,-157.73551482,"2026-08-04T04:36:07.000Z","UAV 1"
"ENBTR60006","Move to {-5499107.729384, -2250754.164082, 2310538.606898}","-",21.37171093,-157.74061007,"2026-08-04T04:36:07.000Z","UAV 1"
"ENBTR80004","Move to {-5499107.729384, -2250754.164082, 2310538.606898}","-",21.37165103,-157.74046483,"2026-08-04T04:36:07.000Z","UAV 1"
"ENT72001","Move to {-5499107.729384, -2250754.164082, 2310538.606898}","-",21.37414011,-157.74145804,"2026-08-04T04:36:07.000Z","UAV 1"
"FRLAV002","Move to {-5499315.048189, -2250231.003964, 2310734.853397}","-",21.38927896,-157.74159588,"2026-08-04T04:36:07.000Z","UAV 1"
"ENM1A2002","Move to {-5499107.729384, -2250754.164082, 2310538.606898}","-",21.37613915,-157.74216963,"2026-08-04T04:36:07.000Z","UAV 1"
"FRLAV006","Move to {-5499315.048189, -2250231.003964, 2310734.853397}","-",21.38996125,-157.74201955,"2026-08-04T04:36:07.000Z","UAV 1"
"FRM113007","Move to {-5499315.048189, -2250231.003964, 2310734.853397}","-",21.39011316,-157.74239651,"2026-08-04T04:36:07.000Z","UAV 1"
"FRM113002","Move to {-5499315.048189, -2250231.003964, 2310734.853397}","-",21.38987714,-157.74169886,"2026-08-04T04:36:07.000Z","UAV 1"
"ENGAZ002","Move to {-5499460.953457, -2250814.454542, 2309743.262342}","-",21.37300603,-157.73586522,"2026-08-04T04:36:07.000Z","UAV 1"
"ENBTR80006","Move to {-5499107.729384, -2250754.164082, 2310538.606898}","-",21.37171427,-157.74062883,"2026-08-04T04:36:07.000Z","UAV 1"
"ENT72004","Move to {-5499107.729384, -2250754.164082, 2310538.606898}","-",21.37424380,-157.74140472,"2026-08-04T04:36:07.000Z","UAV 1"
"ENGAZ003","Move to {-5499460.953457, -2250814.454542, 2309743.262342}","-",21.37291508,-157.73597839,"2026-08-04T04:36:07.000Z","UAV 1"
"ENM35001","Move to {-5499460.953457, -2250814.454542, 2309743.262342}","-",21.37267796,-157.73584793,"2026-08-04T04:36:07.000Z","UAV 1"
"FRT80008","Move to {-5499315.048189, -2250231.003964, 2310734.853397}","-",21.37710853,-157.75102996,"2026-08-04T04:36:07.000Z","UAV 1"
"FRM113006","Move to {-5499315.048189, -2250231.003964, 2310734.853397}","-",21.39000126,-157.74190826,"2026-08-04T04:36:07.000Z","UAV 1"
"ENT72010","Move to {-5499107.729384, -2250754.164082, 2310538.606898}","-",21.37424245,-157.74135261,"2026-08-04T04:36:07.000Z","UAV 1"
"ENT72006","Move to {-5499107.729384, -2250754.164082, 2310538.606898}","-",21.37416783,-157.74151689,"2026-08-04T04:36:07.000Z","UAV 1"
"ENMORT001","None","-",21.37454920,-157.73726779,"2026-08-04T04:36:07.000Z","UAV 1"
"FRT80007","Move to {-5499315.048189, -2250231.003964, 2310734.853397}","-",21.37680490,-157.75097209,"2026-08-04T04:36:07.000Z","UAV 1"
"ENMORT002","None","-",21.37448557,-157.73696566,"2026-08-04T04:36:07.000Z","UAV 1"
"ENGAZ004","Move to {-5499460.953457, -2250814.454542, 2309743.262342}","-",21.37290828,-157.73590775,"2026-08-04T04:36:07.000Z","UAV 1"
"FRM113005","Move to {-5499315.048189, -2250231.003964, 2310734.853397}","-",21.38988500,-157.74216293,"2026-08-04T04:36:07.000Z","UAV 1"
"FRM113001","Move to {-5499315.048189, -2250231.003964, 2310734.853397}","-",21.38997256,-157.74175770,"2026-08-04T04:36:07.000Z","UAV 1"
"FRLAV005","Move to {-5499315.048189, -2250231.003964, 2310734.853397}","-",21.39008829,-157.74181967,"2026-08-04T04:36:07.000Z","UAV 1"
"FRLAV007","Move to {-5499315.048189, -2250231.003964, 2310734.853397}","-",21.38995452,-157.74146531,"2026-08-04T04:36:07.000Z","UAV 1"
"FRLAV004","Move to {-5499315.048189, -2250231.003964, 2310734.853397}","-",21.38969055,-157.74144630,"2026-08-04T04:36:07.000Z","UAV 1"
"ENBTR60005","Move to {-5499107.729384, -2250754.164082, 2310538.606898}","-",21.37172582,-157.74077371,"2026-08-04T04:36:07.000Z","UAV 1"
"M107 1","None","-",21.36711185,-157.73186078,"2026-08-04T04:36:07.000Z","UAV 1"
"M107 2","None","-",21.36735620,-157.73177135,"2026-08-04T04:36:07.000Z","UAV 1"
"M107 3","None","-",21.36720688,-157.73183752,"2026-08-04T04:36:07.000Z","UAV 1"
"M107 7","None","-",21.36726898,-157.73197872,"2026-08-04T04:36:07.000Z","UAV 1"
"ENT72007","Move to {-5499107.729384, -2250754.164082, 2310538.606898}","-",21.37388433,-157.74155859,"2026-08-04T04:36:07.000Z","UAV 1"
"ENM1A2001","Move to {-5499107.729384, -2250754.164082, 2310538.606898}","-",21.37606332,-157.74202184,"2026-08-04T04:36:07.000Z","UAV 1"
"ENBTR80007","Move to {-5499107.729384, -2250754.164082, 2310538.606898}","-",21.37161494,-157.74055210,"2026-08-04T04:36:07.000Z","UAV 1"
"FRM113004","Move to {-5499315.048189, -2250231.003964, 2310734.853397}","-",21.38984593,-157.74201406,"2026-08-04T04:36:07.000Z","UAV 1"
"ENCAESAR002","Move to {-5499444.816370, -2250654.663336, 2309957.213850}","-",21.36709792,-157.73185356,"2026-08-04T04:36:07.000Z","UAV 1"
"ENM1A2005","Move to {-5499107.729384, -2250754.164082, 2310538.606898}","-",21.37600579,-157.74205230,"2026-08-04T04:36:07.000Z","UAV 1"
"ENBTR80001","Move to {-5499107.729384, -2250754.164082, 2310538.606898}","-",21.37136813,-157.74054902,"2026-08-04T04:36:07.000Z","UAV 1"
"ENCAESAR004","Move to {-5499444.816370, -2250654.663336, 2309957.213850}","-",21.36735947,-157.73175490,"2026-08-04T04:36:07.000Z","UAV 1"
"ENM35002","Move to {-5499460.953457, -2250814.454542, 2309743.262342}","-",21.37289309,-157.73555193,"2026-08-04T04:36:07.000Z","UAV 1"
"ENBTR80003","Move to {-5499107.729384, -2250754.164082, 2310538.606898}","-",21.37128513,-157.74051069,"2026-08-04T04:36:07.000Z","UAV 1"
"ENCAESAR003","Move to {-5499460.953457, -2250814.454542, 2309743.262342}","-",21.36719878,-157.73183038,"2026-08-04T04:36:07.000Z","UAV 1"
"FRZPU001","None","-",21.38648413,-157.73896632,"2026-08-04T04:36:07.000Z","UAV 1"
"ENBTR60008","Move to {-5499107.729384, -2250754.164082, 2310538.606898}","-",21.37140974,-157.74048174,"2026-08-04T04:36:07.000Z","UAV 1"
"ENBTR80005","Move to {-5499107.729384, -2250754.164082, 2310538.606898}","-",21.37157969,-157.74068542,"2026-08-04T04:36:07.000Z","UAV 1"
"ENBTR60004","Move to {-5499107.729384, -2250754.164082, 2310538.606898}","-",21.37134744,-157.74067459,"2026-08-04T04:36:07.000Z","UAV 1"
"ENM1A2003","Move to {-5499107.729384, -2250754.164082, 2310538.606898}","-",21.37602386,-157.74220638,"2026-08-04T04:36:09.000Z","UAV 1"
"ENT72003","Move to {-5499107.729384, -2250754.164082, 2310538.606898}","-",21.37428614,-157.74137192,"2026-08-04T04:36:09.000Z","UAV 1"
"ENMORT005","None","-",21.37463885,-157.73701809,"2026-08-04T04:36:09.000Z","UAV 1"
"FRT80001","Move to {-5499315.048189, -2250231.003964, 2310734.853397}","-",21.37722748,-157.75079953,"2026-08-04T04:36:09.000Z","UAV 1"
"ENMORT004","None","-",21.37449517,-157.73695548,"2026-08-04T04:36:09.000Z","UAV 1"
"FRT80002","Move to {-5499315.048189, -2250231.003964, 2310734.853397}","-",21.37704843,-157.75115087,"2026-08-04T04:36:09.000Z","UAV 1"
"FRM113003","Move to {-5499315.048189, -2250231.003964, 2310734.853397}","-",21.38996839,-157.74197758,"2026-08-04T04:36:09.000Z","UAV 1"
"ENT72005","Move to {-5499107.729384, -2250754.164082, 2310538.606898}","-",21.37417341,-157.74155865,"2026-08-04T04:36:09.000Z","UAV 1"
"ENM35004","Move to {-5499460.953457, -2250814.454542, 2309743.262342}","-",21.37269607,-157.73594035,"2026-08-04T04:36:09.000Z","UAV 1"
"ENGAZ001","Move to {-5499460.953457, -2250814.454542, 2309743.262342}","-",21.37290375,-157.73567354,"2026-08-04T04:36:09.000Z","UAV 1"
"ENBTR60006","Move to {-5499107.729384, -2250754.164082, 2310538.606898}","-",21.37186364,-157.74061780,"2026-08-04T04:36:09.000Z","UAV 1"
"ENBTR80004","Move to {-5499107.729384, -2250754.164082, 2310538.606898}","-",21.37180715,-157.74047569,"2026-08-04T04:36:09.000Z","UAV 1"
"ENT72001","Move to {-5499107.729384, -2250754.164082, 2310538.606898}","-",21.37429615,-157.74144346,"2026-08-04T04:36:09.000Z","UAV 1"
"FRLAV002","Move to {-5499315.048189, -2250231.003964, 2310734.853397}","-",21.38914769,-157.74167085,"2026-08-04T04:36:09.000Z","UAV 1"
"ENM1A2002","Move to {-5499107.729384, -2250754.164082, 2310538.606898}","-",21.37630167,-157.74210628,"2026-08-04T04:36:09.000Z","UAV 1"
"FRLAV006","Move to {-5499315.048189, -2250231.003964, 2310734.853397}","-",21.38996695,-157.74201604,"2026-08-04T04:36:09.000Z","UAV 1"
"FRM113007","Move to {-5499315.048189, -2250231.003964, 2310734.853397}","-",21.39006924,-157.74241554,"2026-08-04T04:36:09.000Z","UAV 1"
"FRM113002","Move to {-5499315.048189, -2250231.003964, 2310734.853397}","-",21.38988253,-157.74169886,"2026-08-04T04:36:09.000Z","UAV 1"
"ENGAZ002","Move to {-5499460.953457, -2250814.454542, 2309743.262342}","-",21.37296132,-157.73602197,"2026-08-04T04:36:09.000Z","UAV 1"
"ENBTR80006","Move to {-5499107.729384, -2250754.164082, 2310538.606898}","-",21.37186718,-157.74063620,"2026-08-04T04:36:09.000Z","UAV 1"
"ENT72004","Move to {-5499107.729384, -2250754.164082, 2310538.606898}","-",21.37441055,-157.74139062,"2026-08-04T04:36:09.000Z","UAV 1"
"ENGAZ003","Move to {-5499460.953457, -2250814.454542, 2309743.262342}","-",21.37287196,-157.73613516,"2026-08-04T04:36:09.000Z","UAV 1"
"ENM35001","Move to {-5499460.953457, -2250814.454542, 2309743.262342}","-",21.37264072,-157.73601076,"2026-08-04T04:36:09.000Z","UAV 1"
"FRT80008","Move to {-5499315.048189, -2250231.003964, 2310734.853397}","-",21.37720889,-157.75090586,"2026-08-04T04:36:09.000Z","UAV 1"
"FRM113006","Move to {-5499315.048189, -2250231.003964, 2310734.853397}","-",21.39000742,-157.74190826,"2026-08-04T04:36:09.000Z","UAV 1"
"ENT72010","Move to {-5499107.729384, -2250754.164082, 2310538.606898}","-",21.37440424,-157.74134063,"2026-08-04T04:36:09.000Z","UAV 1"
"ENT72006","Move to {-5499107.729384, -2250754.164082, 2310538.606898}","-",21.37432646,-157.74150012,"2026-08-04T04:36:09.000Z","UAV 1"
"ENMORT001","None","-",21.37454920,-157.73726779,"2026-08-04T04:36:09.000Z","UAV 1"
"FRT80007","Move to {-5499315.048189, -2250231.003964, 2310734.853397}","-",21.37691013,-157.75085328,"2026-08-04T04:36:09.000Z","UAV 1"
"ENMORT002","None","-",21.37448557,-157.73696566,"2026-08-04T04:36:09.000Z","UAV 1"
"ENGAZ004","Move to {-5499460.953457, -2250814.454542, 2309743.262342}","-",21.37286578,-157.73606483,"2026-08-04T04:36:09.000Z","UAV 1"
"FRM113005","Move to {-5499315.048189, -2250231.003964, 2310734.853397}","-",21.38988494,-157.74215890,"2026-08-04T04:36:09.000Z","UAV 1"
"FRM113001","Move to {-5499315.048189, -2250231.003964, 2310734.853397}","-",21.38997319,-157.74175141,"2026-08-04T04:36:09.000Z","UAV 1"
"FRLAV005","Move to {-5499315.048189, -2250231.003964, 2310734.853397}","-",21.39009175,-157.74181381,"2026-08-04T04:36:09.000Z","UAV 1"
"FRLAV007","Move to {-5499315.048189, -2250231.003964, 2310734.853397}","-",21.38995237,-157.74146249,"2026-08-04T04:36:09.000Z","UAV 1"
"FRLAV004","Move to {-5499315.048189, -2250231.003964, 2310734.853397}","-",21.38969227,-157.74144029,"2026-08-04T04:36:09.000Z","UAV 1"
"ENBTR60005","Move to {-5499107.729384, -2250754.164082, 2310538.606898}","-",21.37188336,-157.74077824,"2026-08-04T04:36:09.000Z","UAV 1"
"M107 1","None","-",21.36711185,-157.73186078,"2026-08-04T04:36:09.000Z","UAV 1"
"M107 2","None","-",21.36735620,-157.73177135,"2026-08-04T04:36:09.000Z","UAV 1"
"M107 3","None","-",21.36720688,-157.73183752,"2026-08-04T04:36:09.000Z","UAV 1"
"M107 7","None","-",21.36726898,-157.73197872,"2026-08-04T04:36:09.000Z","UAV 1"
"ENM1A2001","Move to {-5499107.729384, -2250754.164082, 2310538.606898}","-",21.37622141,-157.74196924,"2026-08-04T04:36:09.000Z","UAV 1"
"ENBTR80007","Move to {-5499107.729384, -2250754.164082, 2310538.606898}","-",21.37177113,-157.74056111,"2026-08-04T04:36:09.000Z","UAV 1"
"FRM113004","Move to {-5499315.048189, -2250231.003964, 2310734.853397}","-",21.38984475,-157.74201083,"2026-08-04T04:36:09.000Z","UAV 1"
"ENCAESAR002","Move to {-5499444.816370, -2250654.663336, 2309957.213850}","-",21.36709792,-157.73185356,"2026-08-04T04:36:09.000Z","UAV 1"
"ENBTR80001","Move to {-5499107.729384, -2250754.164082, 2310538.606898}","-",21.37152124,-157.74055763,"2026-08-04T04:36:09.000Z","UAV 1"
"ENCAESAR004","Move to {-5499444.816370, -2250654.663336, 2309957.213850}","-",21.36735947,-157.73175490,"2026-08-04T04:36:09.000Z","UAV 1"
"ENM35002","Move to {-5499460.953457, -2250814.454542, 2309743.262342}","-",21.37285293,-157.73571098,"2026-08-04T04:36:09.000Z","UAV 1"
"ENBTR80003","Move to {-5499107.729384, -2250754.164082, 2310538.606898}","-",21.37144210,-157.74052019,"2026-08-04T04:36:09.000Z","UAV 1"
"ENCAESAR003","Move to {-5499460.953457, -2250814.454542, 2309743.262342}","-",21.36719878,-157.73183038,"2026-08-04T04:36:09.000Z","UAV 1"
"ENBTR60008","Move to {-5499107.729384, -2250754.164082, 2310538.606898}","-",21.37156307,-157.74049174,"2026-08-04T04:36:09.000Z","UAV 1"
"ENBTR80005","Move to {-5499107.729384, -2250754.164082, 2310538.606898}","-",21.37173601,-157.74069164,"2026-08-04T04:36:09.000Z","UAV 1"
"ENBTR60004","Move to {-5499107.729384, -2250754.164082, 2310538.606898}","-",21.37150242,-157.74068080,"2026-08-04T04:36:09.000Z","UAV 1"
"FRT69005","Move to {-5499315.048189, -2250231.003964, 2310734.853397}","-",21.38107226,-157.73404582,"2026-08-04T04:36:09.000Z","UAV 1"
"ENT72011","Move to {-5499107.729384, -2250754.164082, 2310538.606898}","-",21.37415677,-157.74139377,"2026-08-04T04:36:09.000Z","UAV 1"
"FRT69010","Move to {-5499315.048189, -2250231.003964, 2310734.853397}","-",21.38085576,-157.73408106,"2026-08-04T04:36:09.000Z","UAV 1"
"ENM1A2003","Move to {-5499107.729384, -2250754.164082, 2310538.606898}","-",21.37622897,-157.74212696,"2026-08-04T04:36:11.000Z","UAV 1"
"ENT72003","Move to {-5499107.729384, -2250754.164082, 2310538.606898}","-",21.37449830,-157.74135524,"2026-08-04T04:36:11.000Z","UAV 1"
"ENMORT005","None","-",21.37463885,-157.73701809,"2026-08-04T04:36:11.000Z","UAV 1"
"FRT80001","Move to {-5499315.048189, -2250231.003964, 2310734.853397}","-",21.37735571,-157.75064394,"2026-08-04T04:36:11.000Z","UAV 1"
"ENMORT004","None","-",21.37449517,-157.73695548,"2026-08-04T04:36:11.000Z","UAV 1"
"FRT80002","Move to {-5499315.048189, -2250231.003964, 2310734.853397}","-",21.37717680,-157.75099058,"2026-08-04T04:36:11.000Z","UAV 1"
"FRM113003","Move to {-5499315.048189, -2250231.003964, 2310734.853397}","-",21.38997628,-157.74197758,"2026-08-04T04:36:11.000Z","UAV 1"
"ENT72005","Move to {-5499107.729384, -2250754.164082, 2310538.606898}","-",21.37438448,-157.74153454,"2026-08-04T04:36:11.000Z","UAV 1"
"ENM35004","Move to {-5499460.953457, -2250814.454542, 2309743.262342}","-",21.37264800,-157.73614452,"2026-08-04T04:36:11.000Z","UAV 1"
"ENGAZ001","Move to {-5499460.953457, -2250814.454542, 2309743.262342}","-",21.37285092,-157.73587724,"2026-08-04T04:36:11.000Z","UAV 1"
"ENBTR60006","Move to {-5499107.729384, -2250754.164082, 2310538.606898}","-",21.37205951,-157.74062772,"2026-08-04T04:36:11.000Z","UAV 1"
"ENBTR80004","Move to {-5499107.729384, -2250754.164082, 2310538.606898}","-",21.37199993,-157.74048910,"2026-08-04T04:36:11.000Z","UAV 1"
"ENT72001","Move to {-5499107.729384, -2250754.164082, 2310538.606898}","-",21.37451423,-157.74142307,"2026-08-04T04:36:11.000Z","UAV 1"
"FRLAV002","Move to {-5499315.048189, -2250231.003964, 2310734.853397}","-",21.38898939,-157.74176125,"2026-08-04T04:36:11.000Z","UAV 1"
"ENM1A2002","Move to {-5499107.729384, -2250754.164082, 2310538.606898}","-",21.37647844,-157.74203738,"2026-08-04T04:36:11.000Z","UAV 1"
"FRLAV006","Move to {-5499315.048189, -2250231.003964, 2310734.853397}","-",21.38997420,-157.74201157,"2026-08-04T04:36:11.000Z","UAV 1"
"FRM113007","Move to {-5499315.048189, -2250231.003964, 2310734.853397}","-",21.39007778,-157.74241185,"2026-08-04T04:36:11.000Z","UAV 1"
"FRM113002","Move to {-5499315.048189, -2250231.003964, 2310734.853397}","-",21.38988953,-157.74169886,"2026-08-04T04:36:11.000Z","UAV 1"
"ENGAZ002","Move to {-5499460.953457, -2250814.454542, 2309743.262342}","-",21.37290457,-157.73622093,"2026-08-04T04:36:11.000Z","UAV 1"
"ENBTR80006","Move to {-5499107.729384, -2250754.164082, 2310538.606898}","-",21.37206050,-157.74064551,"2026-08-04T04:36:11.000Z","UAV 1"
"ENT72004","Move to {-5499107.729384, -2250754.164082, 2310538.606898}","-",21.37462021,-157.74137288,"2026-08-04T04:36:11.000Z","UAV 1"
"ENGAZ003","Move to {-5499460.953457, -2250814.454542, 2309743.262342}","-",21.37281625,-157.73633774,"2026-08-04T04:36:11.000Z","UAV 1"
"ENM35001","Move to {-5499460.953457, -2250814.454542, 2309743.262342}","-",21.37259321,-157.73621848,"2026-08-04T04:36:11.000Z","UAV 1"
"FRT80008","Move to {-5499315.048189, -2250231.003964, 2310734.853397}","-",21.37733597,-157.75074874,"2026-08-04T04:36:11.000Z","UAV 1"
"FRM113006","Move to {-5499315.048189, -2250231.003964, 2310734.853397}","-",21.39001527,-157.74190826,"2026-08-04T04:36:11.000Z","UAV 1"
"ENT72010","Move to {-5499107.729384, -2250754.164082, 2310538.606898}","-",21.37461387,-157.74132512,"2026-08-04T04:36:11.000Z","UAV 1"
"ENT72006","Move to {-5499107.729384, -2250754.164082, 2310538.606898}","-",21.37454519,-157.74147699,"2026-08-04T04:36:11.000Z","UAV 1"
"ENMORT001","None","-",21.37454920,-157.73726779,"2026-08-04T04:36:11.000Z","UAV 1"
"FRT80007","Move to {-5499315.048189, -2250231.003964, 2310734.853397}","-",21.37704471,-157.75070133,"2026-08-04T04:36:11.000Z","UAV 1"
"ENMORT002","None","-",21.37448557,-157.73696566,"2026-08-04T04:36:11.000Z","UAV 1"
"ENGAZ004","Move to {-5499460.953457, -2250814.454542, 2309743.262342}","-",21.37281111,-157.73626691,"2026-08-04T04:36:11.000Z","UAV 1"
"FRM113005","Move to {-5499315.048189, -2250231.003964, 2310734.853397}","-",21.38988487,-157.74215379,"2026-08-04T04:36:11.000Z","UAV 1"
"FRM113001","Move to {-5499315.048189, -2250231.003964, 2310734.853397}","-",21.38997400,-157.74174342,"2026-08-04T04:36:11.000Z","UAV 1"
"FRLAV005","Move to {-5499315.048189, -2250231.003964, 2310734.853397}","-",21.39009613,-157.74180638,"2026-08-04T04:36:11.000Z","UAV 1"
"FRLAV007","Move to {-5499315.048189, -2250231.003964, 2310734.853397}","-",21.38994959,-157.74145885,"2026-08-04T04:36:11.000Z","UAV 1"
"FRLAV004","Move to {-5499315.048189, -2250231.003964, 2310734.853397}","-",21.38969435,-157.74143297,"2026-08-04T04:36:11.000Z","UAV 1"
"ENBTR60005","Move to {-5499107.729384, -2250754.164082, 2310538.606898}","-",21.37207096,-157.74078364,"2026-08-04T04:36:11.000Z","UAV 1"
"M107 1","None","-",21.36711185,-157.73186078,"2026-08-04T04:36:11.000Z","UAV 1"
"M107 2","None","-",21.36735620,-157.73177135,"2026-08-04T04:36:11.000Z","UAV 1"
"M107 3","None","-",21.36720688,-157.73183752,"2026-08-04T04:36:11.000Z","UAV 1"
"M107 7","None","-",21.36726898,-157.73197872,"2026-08-04T04:36:11.000Z","UAV 1"
"ENBTR80007","Move to {-5499107.729384, -2250754.164082, 2310538.606898}","-",21.37196609,-157.74057236,"2026-08-04T04:36:11.000Z","UAV 1"
"FRM113004","Move to {-5499315.048189, -2250231.003964, 2310734.853397}","-",21.38984322,-157.74200668,"2026-08-04T04:36:11.000Z","UAV 1"
"ENCAESAR002","Move to {-5499444.816370, -2250654.663336, 2309957.213850}","-",21.36709792,-157.73185356,"2026-08-04T04:36:11.000Z","UAV 1"
"ENBTR80001","Move to {-5499107.729384, -2250754.164082, 2310538.606898}","-",21.37171083,-157.74056830,"2026-08-04T04:36:11.000Z","UAV 1"
"ENCAESAR004","Move to {-5499444.816370, -2250654.663336, 2309957.213850}","-",21.36735947,-157.73175490,"2026-08-04T04:36:11.000Z","UAV 1"
"ENM35002","Move to {-5499460.953457, -2250814.454542, 2309743.262342}","-",21.37280136,-157.73591518,"2026-08-04T04:36:11.000Z","UAV 1"
"ENBTR80003","Move to {-5499107.729384, -2250754.164082, 2310538.606898}","-",21.37163004,-157.74053156,"2026-08-04T04:36:11.000Z","UAV 1"
"ENCAESAR003","Move to {-5499460.953457, -2250814.454542, 2309743.262342}","-",21.36719879,-157.73183038,"2026-08-04T04:36:11.000Z","UAV 1"
"ENBTR60008","Move to {-5499107.729384, -2250754.164082, 2310538.606898}","-",21.37176016,-157.74050459,"2026-08-04T04:36:11.000Z","UAV 1"
"ENBTR80005","Move to {-5499107.729384, -2250754.164082, 2310538.606898}","-",21.37193395,-157.74069953,"2026-08-04T04:36:11.000Z","UAV 1"
"ENBTR60004","Move to {-5499107.729384, -2250754.164082, 2310538.606898}","-",21.37170051,-157.74068873,"2026-08-04T04:36:11.000Z","UAV 1"
"FRT69005","Move to {-5499315.048189, -2250231.003964, 2310734.853397}","-",21.38107226,-157.73404582,"2026-08-04T04:36:11.000Z","UAV 1"
"ENT72011","Move to {-5499107.729384, -2250754.164082, 2310538.606898}","-",21.37436001,-157.74137732,"2026-08-04T04:36:11.000Z","UAV 1"
"FRT69010","Move to {-5499315.048189, -2250231.003964, 2310734.853397}","-",21.38085576,-157.73408106,"2026-08-04T04:36:11.000Z","UAV 1"
"ENT72007","Move to {-5499107.729384, -2250754.164082, 2310538.606898}","-",21.37423262,-157.74152100,"2026-08-04T04:36:11.000Z","UAV 1"
"ENT72002","Move to {-5499107.729384, -2250754.164082, 2310538.606898}","-",21.37435742,-157.74134665,"2026-08-04T04:36:11.000Z","UAV 1"
"ENT72009","Move to {-5499107.729384, -2250754.164082, 2310538.606898}","-",21.37418279,-157.74143049,"2026-08-04T04:36:11.000Z","UAV 1"
"M933HE 5","None","-",21.38493518,-157.73857978,"2026-08-04T04:36:11.000Z","UAV 1"
"ENM1A2003","Move to {-5499107.729384, -2250754.164082, 2310538.606898}","-",21.37641841,-157.74205362,"2026-08-04T04:36:13.000Z","UAV 1"
"ENMORT005","None","-",21.37463885,-157.73701809,"2026-08-04T04:36:13.000Z","UAV 1"
"ENMORT004","None","-",21.37449517,-157.73695548,"2026-08-04T04:36:13.000Z","UAV 1"
"ENT72005","Move to {-5499107.729384, -2250754.164082, 2310538.606898}","-",21.37458612,-157.74151151,"2026-08-04T04:36:13.000Z","UAV 1"
"ENM35004","Move to {-5499460.953457, -2250814.454542, 2309743.262342}","-",21.37259970,-157.73634964,"2026-08-04T04:36:13.000Z","UAV 1"
"ENGAZ001","Move to {-5499460.953457, -2250814.454542, 2309743.262342}","-",21.37279828,-157.73608023,"2026-08-04T04:36:13.000Z","UAV 1"
"ENBTR60006","Move to {-5499107.729384, -2250754.164082, 2310538.606898}","-",21.37225824,-157.74063779,"2026-08-04T04:36:13.000Z","UAV 1"
"ENBTR80004","Move to {-5499107.729384, -2250754.164082, 2310538.606898}","-",21.37219866,-157.74050292,"2026-08-04T04:36:13.000Z","UAV 1"
"ENT72001","Move to {-5499107.729384, -2250754.164082, 2310538.606898}","-",21.37470796,-157.74140497,"2026-08-04T04:36:13.000Z","UAV 1"
"FRLAV002","Move to {-5499315.048189, -2250231.003964, 2310734.853397}","-",21.38881672,-157.74185986,"2026-08-04T04:36:13.000Z","UAV 1"
"ENM1A2002","Move to {-5499107.729384, -2250754.164082, 2310538.606898}","-",21.37666120,-157.74196614,"2026-08-04T04:36:13.000Z","UAV 1"
"FRLAV006","Move to {-5499315.048189, -2250231.003964, 2310734.853397}","-",21.38998147,-157.74200709,"2026-08-04T04:36:13.000Z","UAV 1"
"FRM113007","Move to {-5499315.048189, -2250231.003964, 2310734.853397}","-",21.39008634,-157.74240813,"2026-08-04T04:36:13.000Z","UAV 1"
"FRM113002","Move to {-5499315.048189, -2250231.003964, 2310734.853397}","-",21.38989659,-157.74169886,"2026-08-04T04:36:13.000Z","UAV 1"
"ENGAZ002","Move to {-5499460.953457, -2250814.454542, 2309743.262342}","-",21.37284643,-157.73642479,"2026-08-04T04:36:13.000Z","UAV 1"
"ENBTR80006","Move to {-5499107.729384, -2250754.164082, 2310538.606898}","-",21.37226088,-157.74065516,"2026-08-04T04:36:13.000Z","UAV 1"
"ENT72004","Move to {-5499107.729384, -2250754.164082, 2310538.606898}","-",21.37479075,-157.74135845,"2026-08-04T04:36:13.000Z","UAV 1"
"ENGAZ003","Move to {-5499460.953457, -2250814.454542, 2309743.262342}","-",21.37276029,-157.73654117,"2026-08-04T04:36:13.000Z","UAV 1"
"ENM35001","Move to {-5499460.953457, -2250814.454542, 2309743.262342}","-",21.37254682,-157.73642132,"2026-08-04T04:36:13.000Z","UAV 1"
"FRM113006","Move to {-5499315.048189, -2250231.003964, 2310734.853397}","-",21.39002315,-157.74190826,"2026-08-04T04:36:13.000Z","UAV 1"
"ENT72010","Move to {-5499107.729384, -2250754.164082, 2310538.606898}","-",21.37479765,-157.74131152,"2026-08-04T04:36:13.000Z","UAV 1"
"ENT72006","Move to {-5499107.729384, -2250754.164082, 2310538.606898}","-",21.37472913,-157.74145754,"2026-08-04T04:36:13.000Z","UAV 1"
"ENMORT001","None","-",21.37454920,-157.73726779,"2026-08-04T04:36:13.000Z","UAV 1"
"ENMORT002","None","-",21.37448557,-157.73696566,"2026-08-04T04:36:13.000Z","UAV 1"
"ENGAZ004","Move to {-5499460.953457, -2250814.454542, 2309743.262342}","-",21.37275601,-157.73647060,"2026-08-04T04:36:13.000Z","UAV 1"
"FRM113005","Move to {-5499315.048189, -2250231.003964, 2310734.853397}","-",21.38988481,-157.74214911,"2026-08-04T04:36:13.000Z","UAV 1"
"FRM113001","Move to {-5499315.048189, -2250231.003964, 2310734.853397}","-",21.38997357,-157.74174617,"2026-08-04T04:36:13.000Z","UAV 1"
"FRLAV005","Move to {-5499315.048189, -2250231.003964, 2310734.853397}","-",21.39010050,-157.74179898,"2026-08-04T04:36:13.000Z","UAV 1"
"FRLAV007","Move to {-5499315.048189, -2250231.003964, 2310734.853397}","-",21.38994681,-157.74145523,"2026-08-04T04:36:13.000Z","UAV 1"
"FRLAV004","Move to {-5499315.048189, -2250231.003964, 2310734.853397}","-",21.38969634,-157.74142601,"2026-08-04T04:36:13.000Z","UAV 1"
"ENBTR60005","Move to {-5499107.729384, -2250754.164082, 2310538.606898}","-",21.37226688,-157.74078927,"2026-08-04T04:36:13.000Z","UAV 1"
"M107 1","None","-",21.36711185,-157.73186078,"2026-08-04T04:36:13.000Z","UAV 1"
"M107 2","None","-",21.36735620,-157.73177135,"2026-08-04T04:36:13.000Z","UAV 1"
"M107 3","None","-",21.36720688,-157.73183752,"2026-08-04T04:36:13.000Z","UAV 1"
"M107 7","None","-",21.36726898,-157.73197872,"2026-08-04T04:36:13.000Z","UAV 1"
"ENBTR80007","Move to {-5499107.729384, -2250754.164082, 2310538.606898}","-",21.37216332,-157.74058373,"2026-08-04T04:36:13.000Z","UAV 1"
"FRM113004","Move to {-5499315.048189, -2250231.003964, 2310734.853397}","-",21.38984169,-157.74200250,"2026-08-04T04:36:13.000Z","UAV 1"
"ENCAESAR002","Move to {-5499444.816370, -2250654.663336, 2309957.213850}","-",21.36709792,-157.73185356,"2026-08-04T04:36:13.000Z","UAV 1"
"ENBTR80001","Move to {-5499107.729384, -2250754.164082, 2310538.606898}","-",21.37191101,-157.74057955,"2026-08-04T04:36:13.000Z","UAV 1"
"ENCAESAR004","Move to {-5499444.816370, -2250654.663336, 2309957.213850}","-",21.36735947,-157.73175490,"2026-08-04T04:36:13.000Z","UAV 1"
"ENM35002","Move to {-5499460.953457, -2250814.454542, 2309743.262342}","-",21.37274998,-157.73611865,"2026-08-04T04:36:13.000Z","UAV 1"
"ENBTR80003","Move to {-5499107.729384, -2250754.164082, 2310538.606898}","-",21.37183033,-157.74054368,"2026-08-04T04:36:13.000Z","UAV 1"
"ENCAESAR003","Move to {-5499460.953457, -2250814.454542, 2309743.262342}","-",21.36719879,-157.73183038,"2026-08-04T04:36:13.000Z","UAV 1"
"ENBTR60008","Move to {-5499107.729384, -2250754.164082, 2310538.606898}","-",21.37195545,-157.74051733,"2026-08-04T04:36:13.000Z","UAV 1"
"ENBTR80005","Move to {-5499107.729384, -2250754.164082, 2310538.606898}","-",21.37213008,-157.74070735,"2026-08-04T04:36:13.000Z","UAV 1"
"ENBTR60004","Move to {-5499107.729384, -2250754.164082, 2310538.606898}","-",21.37189864,-157.74069667,"2026-08-04T04:36:13.000Z","UAV 1"
"ENT72011","Move to {-5499107.729384, -2250754.164082, 2310538.606898}","-",21.37457219,-157.74136014,"2026-08-04T04:36:13.000Z","UAV 1"
"ENT72007","Move to {-5499107.729384, -2250754.164082, 2310538.606898}","-",21.37444859,-157.74149768,"2026-08-04T04:36:13.000Z","UAV 1"
"ENT72009","Move to {-5499107.729384, -2250754.164082, 2310538.606898}","-",21.37438896,-157.74141220,"2026-08-04T04:36:13.000Z","UAV 1"
"ENM1A2001","Move to {-5499107.729384, -2250754.164082, 2310538.606898}","-",21.37658861,-157.74184706,"2026-08-04T04:36:13.000Z","UAV 1"
"FRZPU003","None","-",21.38640140,-157.73886953,"2026-08-04T04:36:13.000Z","UAV 1"
"FRZPU001","None","-",21.38648413,-157.73896632,"2026-08-04T04:36:13.000Z","UAV 1"
"ENMORT003","None","-",21.37448817,-157.73726715,"2026-08-04T04:36:13.000Z","UAV 1"
"ENM1A2003","Move to {-5499107.729384, -2250754.164082, 2310538.606898}","-",21.37656522,-157.74199677,"2026-08-04T04:36:15.000Z","UAV 1"
"ENMORT005","None","-",21.37463885,-157.73701809,"2026-08-04T04:36:15.000Z","UAV 1"
"ENMORT004","None","-",21.37449517,-157.73695548,"2026-08-04T04:36:15.000Z","UAV 1"
"ENT72005","Move to {-5499107.729384, -2250754.164082, 2310538.606898}","-",21.37473444,-157.74149457,"2026-08-04T04:36:15.000Z","UAV 1"
"ENM35004","Move to {-5499460.953457, -2250814.454542, 2309743.262342}","-",21.37255782,-157.73652750,"2026-08-04T04:36:15.000Z","UAV 1"
"ENGAZ001","Move to {-5499460.953457, -2250814.454542, 2309743.262342}","-",21.37275250,-157.73625674,"2026-08-04T04:36:15.000Z","UAV 1"
"ENBTR60006","Move to {-5499107.729384, -2250754.164082, 2310538.606898}","-",21.37243621,-157.74064680,"2026-08-04T04:36:15.000Z","UAV 1"
"ENBTR80004","Move to {-5499107.729384, -2250754.164082, 2310538.606898}","-",21.37237105,-157.74051491,"2026-08-04T04:36:15.000Z","UAV 1"
"ENT72001","Move to {-5499107.729384, -2250754.164082, 2310538.606898}","-",21.37485858,-157.74139089,"2026-08-04T04:36:15.000Z","UAV 1"
"FRLAV002","Move to {-5499315.048189, -2250231.003964, 2310734.853397}","-",21.38867016,-157.74194355,"2026-08-04T04:36:15.000Z","UAV 1"
"ENM1A2002","Move to {-5499107.729384, -2250754.164082, 2310538.606898}","-",21.37681346,-157.74190678,"2026-08-04T04:36:15.000Z","UAV 1"
"FRLAV006","Move to {-5499315.048189, -2250231.003964, 2310734.853397}","-",21.38998776,-157.74200321,"2026-08-04T04:36:15.000Z","UAV 1"
"FRM113007","Move to {-5499315.048189, -2250231.003964, 2310734.853397}","-",21.39009375,-157.74240492,"2026-08-04T04:36:15.000Z","UAV 1"
"ENGAZ002","Move to {-5499460.953457, -2250814.454542, 2309743.262342}","-",21.37279627,-157.73660063,"2026-08-04T04:36:15.000Z","UAV 1"
"ENBTR80006","Move to {-5499107.729384, -2250754.164082, 2310538.606898}","-",21.37243728,-157.74066365,"2026-08-04T04:36:15.000Z","UAV 1"
"ENT72004","Move to {-5499107.729384, -2250754.164082, 2310538.606898}","-",21.37495776,-157.74134432,"2026-08-04T04:36:15.000Z","UAV 1"
"ENGAZ003","Move to {-5499460.953457, -2250814.454542, 2309743.262342}","-",21.37271196,-157.73671690,"2026-08-04T04:36:15.000Z","UAV 1"
"ENM35001","Move to {-5499460.953457, -2250814.454542, 2309743.262342}","-",21.37250580,-157.73660070,"2026-08-04T04:36:15.000Z","UAV 1"
"FRM113006","Move to {-5499315.048189, -2250231.003964, 2310734.853397}","-",21.39003005,-157.74190826,"2026-08-04T04:36:15.000Z","UAV 1"
"ENT72010","Move to {-5499107.729384, -2250754.164082, 2310538.606898}","-",21.37495666,-157.74129975,"2026-08-04T04:36:15.000Z","UAV 1"
"ENT72006","Move to {-5499107.729384, -2250754.164082, 2310538.606898}","-",21.37488609,-157.74144095,"2026-08-04T04:36:15.000Z","UAV 1"
"ENMORT001","None","-",21.37454920,-157.73726779,"2026-08-04T04:36:15.000Z","UAV 1"
"ENMORT002","None","-",21.37448557,-157.73696566,"2026-08-04T04:36:15.000Z","UAV 1"
"ENGAZ004","Move to {-5499460.953457, -2250814.454542, 2309743.262342}","-",21.37270835,-157.73664677,"2026-08-04T04:36:15.000Z","UAV 1"
"FRM113005","Move to {-5499315.048189, -2250231.003964, 2310734.853397}","-",21.38988476,-157.74215674,"2026-08-04T04:36:15.000Z","UAV 1"
"FRM113001","Move to {-5499315.048189, -2250231.003964, 2310734.853397}","-",21.38997436,-157.74174030,"2026-08-04T04:36:15.000Z","UAV 1"
"FRLAV005","Move to {-5499315.048189, -2250231.003964, 2310734.853397}","-",21.39010424,-157.74179264,"2026-08-04T04:36:15.000Z","UAV 1"
"FRLAV007","Move to {-5499315.048189, -2250231.003964, 2310734.853397}","-",21.38994446,-157.74145215,"2026-08-04T04:36:15.000Z","UAV 1"
"FRLAV004","Move to {-5499315.048189, -2250231.003964, 2310734.853397}","-",21.38969797,-157.74142029,"2026-08-04T04:36:15.000Z","UAV 1"
"ENBTR60005","Move to {-5499107.729384, -2250754.164082, 2310538.606898}","-",21.37244455,-157.74079438,"2026-08-04T04:36:15.000Z","UAV 1"
"M107 1","None","-",21.36711185,-157.73186078,"2026-08-04T04:36:15.000Z","UAV 1"
"M107 2","None","-",21.36735620,-157.73177135,"2026-08-04T04:36:15.000Z","UAV 1"
"M107 3","None","-",21.36720688,-157.73183752,"2026-08-04T04:36:15.000Z","UAV 1"
"M107 7","None","-",21.36726898,-157.73197872,"2026-08-04T04:36:15.000Z","UAV 1"
"ENBTR80007","Move to {-5499107.729384, -2250754.164082, 2310538.606898}","-",21.37234003,-157.74059392,"2026-08-04T04:36:15.000Z","UAV 1"
"FRM113004","Move to {-5499315.048189, -2250231.003964, 2310734.853397}","-",21.38984044,-157.74199910,"2026-08-04T04:36:15.000Z","UAV 1"
"ENCAESAR002","Move to {-5499444.816370, -2250654.663336, 2309957.213850}","-",21.36709792,-157.73185356,"2026-08-04T04:36:15.000Z","UAV 1"
"ENBTR80001","Move to {-5499107.729384, -2250754.164082, 2310538.606898}","-",21.37208165,-157.74058915,"2026-08-04T04:36:15.000Z","UAV 1"
"ENCAESAR004","Move to {-5499444.816370, -2250654.663336, 2309957.213850}","-",21.36735947,-157.73175490,"2026-08-04T04:36:15.000Z","UAV 1"
"ENM35002","Move to {-5499460.953457, -2250814.454542, 2309743.262342}","-",21.37270538,-157.73629526,"2026-08-04T04:36:15.000Z","UAV 1"
"ENBTR80003","Move to {-5499107.729384, -2250754.164082, 2310538.606898}","-",21.37199935,-157.74055391,"2026-08-04T04:36:15.000Z","UAV 1"
"ENCAESAR003","Move to {-5499460.953457, -2250814.454542, 2309743.262342}","-",21.36719879,-157.73183038,"2026-08-04T04:36:15.000Z","UAV 1"
"ENBTR60008","Move to {-5499107.729384, -2250754.164082, 2310538.606898}","-",21.37212624,-157.74052847,"2026-08-04T04:36:15.000Z","UAV 1"
"ENBTR80005","Move to {-5499107.729384, -2250754.164082, 2310538.606898}","-",21.37230161,-157.74071418,"2026-08-04T04:36:15.000Z","UAV 1"
"ENBTR60004","Move to {-5499107.729384, -2250754.164082, 2310538.606898}","-",21.37207110,-157.74070357,"2026-08-04T04:36:15.000Z","UAV 1"
"ENT72011","Move to {-5499107.729384, -2250754.164082, 2310538.606898}","-",21.37473454,-157.74134700,"2026-08-04T04:36:15.000Z","UAV 1"
"ENT72009","Move to {-5499107.729384, -2250754.164082, 2310538.606898}","-",21.37457494,-157.74139570,"2026-08-04T04:36:15.000Z","UAV 1"
"FRZPU003","None","-",21.38640140,-157.73886953,"2026-08-04T04:36:15.000Z","UAV 1"
"FRZPU001","None","-",21.38648413,-157.73896632,"2026-08-04T04:36:15.000Z","UAV 1"
"ENMORT003","None","-",21.37448817,-157.73726715,"2026-08-04T04:36:15.000Z","UAV 1"
"ENBTR60002","Move to {-5499107.729384, -2250754.164082, 2310538.606898}","-",21.37221441,-157.74079784,"2026-08-04T04:36:15.000Z","UAV 1"
"FRLAV001","Move to {-5499315.048189, -2250231.003964, 2310734.853397}","-",21.38975486,-157.74170286,"2026-08-04T04:36:15.000Z","UAV 1"
"M933HE 3","None","-",21.36784790,-157.73163519,"2026-08-04T04:36:15.000Z","UAV 1"
"M933HE 6","None","-",21.37181028,-157.74175925,"2026-08-04T04:36:15.000Z","UAV 1"
"M933HE 8","None","-",21.37479344,-157.73697267,"2026-08-04T04:36:15.000Z","UAV 1"
"ENM1A2003","Move to {-5499107.729384, -2250754.164082, 2310538.606898}","-",21.37656522,-157.74199677,"2026-08-04T04:36:16.000Z","UAV 1"
"ENMORT005","None","-",21.37463885,-157.73701809,"2026-08-04T04:36:16.000Z","UAV 1"
"ENMORT004","None","-",21.37449517,-157.73695548,"2026-08-04T04:36:16.000Z","UAV 1"
"ENT72005","Move to {-5499107.729384, -2250754.164082, 2310538.606898}","-",21.37473444,-157.74149457,"2026-08-04T04:36:16.000Z","UAV 1"
"ENM35004","Move to {-5499460.953457, -2250814.454542, 2309743.262342}","-",21.37255782,-157.73652750,"2026-08-04T04:36:16.000Z","UAV 1"
"ENGAZ001","Move to {-5499460.953457, -2250814.454542, 2309743.262342}","-",21.37275250,-157.73625674,"2026-08-04T04:36:16.000Z","UAV 1"
"ENBTR60006","Move to {-5499107.729384, -2250754.164082, 2310538.606898}","-",21.37243621,-157.74064680,"2026-08-04T04:36:16.000Z","UAV 1"
"ENBTR80004","Move to {-5499107.729384, -2250754.164082, 2310538.606898}","-",21.37237105,-157.74051491,"2026-08-04T04:36:16.000Z","UAV 1"
"ENT72001","Move to {-5499107.729384, -2250754.164082, 2310538.606898}","-",21.37485858,-157.74139089,"2026-08-04T04:36:16.000Z","UAV 1"
"FRLAV002","Move to {-5499315.048189, -2250231.003964, 2310734.853397}","-",21.38867016,-157.74194355,"2026-08-04T04:36:16.000Z","UAV 1"
"ENM1A2002","Move to {-5499107.729384, -2250754.164082, 2310538.606898}","-",21.37681346,-157.74190678,"2026-08-04T04:36:16.000Z","UAV 1"
"FRLAV006","Move to {-5499315.048189, -2250231.003964, 2310734.853397}","-",21.38998776,-157.74200321,"2026-08-04T04:36:16.000Z","UAV 1"
"FRM113007","Move to {-5499315.048189, -2250231.003964, 2310734.853397}","-",21.39009375,-157.74240492,"2026-08-04T04:36:16.000Z","UAV 1"
"ENGAZ002","Move to {-5499460.953457, -2250814.454542, 2309743.262342}","-",21.37279627,-157.73660063,"2026-08-04T04:36:16.000Z","UAV 1"
"ENBTR80006","Move to {-5499107.729384, -2250754.164082, 2310538.606898}","-",21.37243728,-157.74066365,"2026-08-04T04:36:16.000Z","UAV 1"
"ENT72004","Move to {-5499107.729384, -2250754.164082, 2310538.606898}","-",21.37495776,-157.74134432,"2026-08-04T04:36:16.000Z","UAV 1"
"ENGAZ003","Move to {-5499460.953457, -2250814.454542, 2309743.262342}","-",21.37271196,-157.73671690,"2026-08-04T04:36:16.000Z","UAV 1"
"ENM35001","Move to {-5499460.953457, -2250814.454542, 2309743.262342}","-",21.37250580,-157.73660070,"2026-08-04T04:36:16.000Z","UAV 1"
"FRM113006","Move to {-5499315.048189, -2250231.003964, 2310734.853397}","-",21.39003005,-157.74190826,"2026-08-04T04:36:16.000Z","UAV 1"
"ENT72010","Move to {-5499107.729384, -2250754.164082, 2310538.606898}","-",21.37495666,-157.74129975,"2026-08-04T04:36:16.000Z","UAV 1"
"ENT72006","Move to {-5499107.729384, -2250754.164082, 2310538.606898}","-",21.37488609,-157.74144095,"2026-08-04T04:36:16.000Z","UAV 1"
"ENMORT001","None","-",21.37454920,-157.73726779,"2026-08-04T04:36:16.000Z","UAV 1"
"ENMORT002","None","-",21.37448557,-157.73696566,"2026-08-04T04:36:16.000Z","UAV 1"
"ENGAZ004","Move to {-5499460.953457, -2250814.454542, 2309743.262342}","-",21.37270835,-157.73664677,"2026-08-04T04:36:16.000Z","UAV 1"
"FRM113005","Move to {-5499315.048189, -2250231.003964, 2310734.853397}","-",21.38988476,-157.74215674,"2026-08-04T04:36:16.000Z","UAV 1"
"FRM113001","Move to {-5499315.048189, -2250231.003964, 2310734.853397}","-",21.38997436,-157.74174030,"2026-08-04T04:36:16.000Z","UAV 1"
"FRLAV005","Move to {-5499315.048189, -2250231.003964, 2310734.853397}","-",21.39010424,-157.74179264,"2026-08-04T04:36:16.000Z","UAV 1"
"FRLAV007","Move to {-5499315.048189, -2250231.003964, 2310734.853397}","-",21.38994446,-157.74145215,"2026-08-04T04:36:16.000Z","UAV 1"
"FRLAV004","Move to {-5499315.048189, -2250231.003964, 2310734.853397}","-",21.38969797,-157.74142029,"2026-08-04T04:36:16.000Z","UAV 1"
"ENBTR60005","Move to {-5499107.729384, -2250754.164082, 2310538.606898}","-",21.37244455,-157.74079438,"2026-08-04T04:36:16.000Z","UAV 1"
"M107 1","None","-",21.36711185,-157.73186078,"2026-08-04T04:36:16.000Z","UAV 1"
"M107 2","None","-",21.36735620,-157.73177135,"2026-08-04T04:36:16.000Z","UAV 1"
"M107 3","None","-",21.36720688,-157.73183752,"2026-08-04T04:36:16.000Z","UAV 1"
"M107 7","None","-",21.36726898,-157.73197872,"2026-08-04T04:36:16.000Z","UAV 1"
"ENBTR80007","Move to {-5499107.729384, -2250754.164082, 2310538.606898}","-",21.37234003,-157.74059392,"2026-08-04T04:36:16.000Z","UAV 1"
"FRM113004","Move to {-5499315.048189, -2250231.003964, 2310734.853397}","-",21.38984044,-157.74199910,"2026-08-04T04:36:16.000Z","UAV 1"
"ENCAESAR002","Move to {-5499444.816370, -2250654.663336, 2309957.213850}","-",21.36709792,-157.73185356,"2026-08-04T04:36:16.000Z","UAV 1"
"ENBTR80001","Move to {-5499107.729384, -2250754.164082, 2310538.606898}","-",21.37208165,-157.74058915,"2026-08-04T04:36:16.000Z","UAV 1"
"ENCAESAR004","Move to {-5499444.816370, -2250654.663336, 2309957.213850}","-",21.36735947,-157.73175490,"2026-08-04T04:36:16.000Z","UAV 1"
"ENM35002","Move to {-5499460.953457, -2250814.454542, 2309743.262342}","-",21.37270538,-157.73629526,"2026-08-04T04:36:16.000Z","UAV 1"
"ENBTR80003","Move to {-5499107.729384, -2250754.164082, 2310538.606898}","-",21.37199935,-157.74055391,"2026-08-04T04:36:16.000Z","UAV 1"
"ENCAESAR003","Move to {-5499460.953457, -2250814.454542, 2309743.262342}","-",21.36719879,-157.73183038,"2026-08-04T04:36:16.000Z","UAV 1"
"ENBTR60008","Move to {-5499107.729384, -2250754.164082, 2310538.606898}","-",21.37212624,-157.74052847,"2026-08-04T04:36:16.000Z","UAV 1"
"ENBTR80005","Move to {-5499107.729384, -2250754.164082, 2310538.606898}","-",21.37230161,-157.74071418,"2026-08-04T04:36:16.000Z","UAV 1"
"ENBTR60004","Move to {-5499107.729384, -2250754.164082, 2310538.606898}","-",21.37207110,-157.74070357,"2026-08-04T04:36:16.000Z","UAV 1"
"ENT72011","Move to {-5499107.729384, -2250754.164082, 2310538.606898}","-",21.37473454,-157.74134700,"2026-08-04T04:36:16.000Z","UAV 1"
"ENT72009","Move to {-5499107.729384, -2250754.164082, 2310538.606898}","-",21.37457494,-157.74139570,"2026-08-04T04:36:16.000Z","UAV 1"
"FRZPU003","None","-",21.38640140,-157.73886953,"2026-08-04T04:36:16.000Z","UAV 1"
"FRZPU001","None","-",21.38648413,-157.73896632,"2026-08-04T04:36:16.000Z","UAV 1"
"ENMORT003","None","-",21.37448817,-157.73726715,"2026-08-04T04:36:16.000Z","UAV 1"
"ENBTR60002","Move to {-5499107.729384, -2250754.164082, 2310538.606898}","-",21.37221441,-157.74079784,"2026-08-04T04:36:16.000Z","UAV 1"
"FRLAV001","Move to {-5499315.048189, -2250231.003964, 2310734.853397}","-",21.38975486,-157.74170286,"2026-08-04T04:36:16.000Z","UAV 1"
"M933HE 3","None","-",21.36784790,-157.73163519,"2026-08-04T04:36:16.000Z","UAV 1"
"M933HE 6","None","-",21.37181028,-157.74175925,"2026-08-04T04:36:16.000Z","UAV 1"
"M933HE 8","None","-",21.37479344,-157.73697267,"2026-08-04T04:36:16.000Z","UAV 1"
"ENM1A2003","Move to {-5499107.729384, -2250754.164082, 2310538.606898}","-",21.37675601,-157.74192289,"2026-08-04T04:36:18.000Z","UAV 1"
"ENMORT005","None","-",21.37463885,-157.73701809,"2026-08-04T04:36:18.000Z","UAV 1"
"ENMORT004","None","-",21.37449517,-157.73695548,"2026-08-04T04:36:18.000Z","UAV 1"
"ENT72005","Move to {-5499107.729384, -2250754.164082, 2310538.606898}","-",21.37493959,-157.74147114,"2026-08-04T04:36:18.000Z","UAV 1"
"ENGAZ001","Move to {-5499460.953457, -2250814.454542, 2309743.262342}","-",21.37269876,-157.73646396,"2026-08-04T04:36:18.000Z","UAV 1"
"ENBTR60006","Move to {-5499107.729384, -2250754.164082, 2310538.606898}","-",21.37263912,-157.74065708,"2026-08-04T04:36:18.000Z","UAV 1"
"ENBTR80004","Move to {-5499107.729384, -2250754.164082, 2310538.606898}","-",21.37257441,-157.74052906,"2026-08-04T04:36:18.000Z","UAV 1"
"ENT72001","Move to {-5499107.729384, -2250754.164082, 2310538.606898}","-",21.37506444,-157.74137166,"2026-08-04T04:36:18.000Z","UAV 1"
"FRLAV002","Move to {-5499315.048189, -2250231.003964, 2310734.853397}","-",21.38849602,-157.74204300,"2026-08-04T04:36:18.000Z","UAV 1"
"ENM1A2002","Move to {-5499107.729384, -2250754.164082, 2310538.606898}","-",21.37700088,-157.74183372,"2026-08-04T04:36:18.000Z","UAV 1"
"FRLAV006","Move to {-5499315.048189, -2250231.003964, 2310734.853397}","-",21.38999514,-157.74199866,"2026-08-04T04:36:18.000Z","UAV 1"
"FRM113007","Move to {-5499315.048189, -2250231.003964, 2310734.853397}","-",21.39010248,-157.74240114,"2026-08-04T04:36:18.000Z","UAV 1"
"ENGAZ002","Move to {-5499460.953457, -2250814.454542, 2309743.262342}","-",21.37273762,-157.73680626,"2026-08-04T04:36:18.000Z","UAV 1"
"ENBTR80006","Move to {-5499107.729384, -2250754.164082, 2310538.606898}","-",21.37263374,-157.74067311,"2026-08-04T04:36:18.000Z","UAV 1"
"ENT72004","Move to {-5499107.729384, -2250754.164082, 2310538.606898}","-",21.37516194,-157.74132705,"2026-08-04T04:36:18.000Z","UAV 1"
"ENGAZ003","Move to {-5499460.953457, -2250814.454542, 2309743.262342}","-",21.37265481,-157.73692468,"2026-08-04T04:36:18.000Z","UAV 1"
"FRM113006","Move to {-5499315.048189, -2250231.003964, 2310734.853397}","-",21.39003828,-157.74190826,"2026-08-04T04:36:18.000Z","UAV 1"
"ENT72010","Move to {-5499107.729384, -2250754.164082, 2310538.606898}","-",21.37516051,-157.74128467,"2026-08-04T04:36:18.000Z","UAV 1"
"ENT72006","Move to {-5499107.729384, -2250754.164082, 2310538.606898}","-",21.37508833,-157.74141956,"2026-08-04T04:36:18.000Z","UAV 1"
"ENMORT001","None","-",21.37454920,-157.73726779,"2026-08-04T04:36:18.000Z","UAV 1"
"ENGAZ004","Move to {-5499460.953457, -2250814.454542, 2309743.262342}","-",21.37265233,-157.73685383,"2026-08-04T04:36:18.000Z","UAV 1"
"FRM113005","Move to {-5499315.048189, -2250231.003964, 2310734.853397}","-",21.38988479,-157.74215170,"2026-08-04T04:36:18.000Z","UAV 1"
"FRM113001","Move to {-5499315.048189, -2250231.003964, 2310734.853397}","-",21.38997242,-157.74174834,"2026-08-04T04:36:18.000Z","UAV 1"
"FRLAV005","Move to {-5499315.048189, -2250231.003964, 2310734.853397}","-",21.39010857,-157.74178531,"2026-08-04T04:36:18.000Z","UAV 1"
"FRLAV007","Move to {-5499315.048189, -2250231.003964, 2310734.853397}","-",21.38994174,-157.74144859,"2026-08-04T04:36:18.000Z","UAV 1"
"FRLAV004","Move to {-5499315.048189, -2250231.003964, 2310734.853397}","-",21.38969987,-157.74141364,"2026-08-04T04:36:18.000Z","UAV 1"
"ENBTR60005","Move to {-5499107.729384, -2250754.164082, 2310538.606898}","-",21.37263961,-157.74079999,"2026-08-04T04:36:18.000Z","UAV 1"
"M107 1","None","-",21.36711185,-157.73186078,"2026-08-04T04:36:18.000Z","UAV 1"
"M107 2","None","-",21.36735620,-157.73177135,"2026-08-04T04:36:18.000Z","UAV 1"
"M107 3","None","-",21.36720688,-157.73183752,"2026-08-04T04:36:18.000Z","UAV 1"
"M107 7","None","-",21.36726898,-157.73197872,"2026-08-04T04:36:18.000Z","UAV 1"
"ENBTR80007","Move to {-5499107.729384, -2250754.164082, 2310538.606898}","-",21.37253795,-157.74060534,"2026-08-04T04:36:18.000Z","UAV 1"
"FRM113004","Move to {-5499315.048189, -2250231.003964, 2310734.853397}","-",21.38984104,-157.74200081,"2026-08-04T04:36:18.000Z","UAV 1"
"ENBTR80001","Move to {-5499107.729384, -2250754.164082, 2310538.606898}","-",21.37228365,-157.74060051,"2026-08-04T04:36:18.000Z","UAV 1"
"ENCAESAR004","Move to {-5499444.816370, -2250654.663336, 2309957.213850}","-",21.36735947,-157.73175490,"2026-08-04T04:36:18.000Z","UAV 1"
"ENM35002","Move to {-5499460.953457, -2250814.454542, 2309743.262342}","-",21.37265288,-157.73650314,"2026-08-04T04:36:18.000Z","UAV 1"
"ENBTR80003","Move to {-5499107.729384, -2250754.164082, 2310538.606898}","-",21.37220128,-157.74056613,"2026-08-04T04:36:18.000Z","UAV 1"
"ENCAESAR003","Move to {-5499460.953457, -2250814.454542, 2309743.262342}","-",21.36719879,-157.73183038,"2026-08-04T04:36:18.000Z","UAV 1"
"ENBTR60008","Move to {-5499107.729384, -2250754.164082, 2310538.606898}","-",21.37232816,-157.74054164,"2026-08-04T04:36:18.000Z","UAV 1"
"ENBTR80005","Move to {-5499107.729384, -2250754.164082, 2310538.606898}","-",21.37250182,-157.74072216,"2026-08-04T04:36:18.000Z","UAV 1"
"ENBTR60004","Move to {-5499107.729384, -2250754.164082, 2310538.606898}","-",21.37227843,-157.74071187,"2026-08-04T04:36:18.000Z","UAV 1"
"ENT72009","Move to {-5499107.729384, -2250754.164082, 2310538.606898}","-",21.37476149,-157.74137914,"2026-08-04T04:36:18.000Z","UAV 1"
"FRZPU003","None","-",21.38640140,-157.73886953,"2026-08-04T04:36:18.000Z","UAV 1"
"FRZPU001","None","-",21.38648413,-157.73896632,"2026-08-04T04:36:18.000Z","UAV 1"
"ENMORT003","None","-",21.37448817,-157.73726715,"2026-08-04T04:36:18.000Z","UAV 1"
"ENBTR60002","Move to {-5499107.729384, -2250754.164082, 2310538.606898}","-",21.37241694,-157.74080337,"2026-08-04T04:36:18.000Z","UAV 1"
"FRLAV001","Move to {-5499315.048189, -2250231.003964, 2310734.853397}","-",21.38975643,-157.74170189,"2026-08-04T04:36:18.000Z","UAV 1"
"ENM1A2001","Move to {-5499107.729384, -2250754.164082, 2310538.606898}","-",21.37693163,-157.74173292,"2026-08-04T04:36:18.000Z","UAV 1"
"FRZPU002","None","-",21.38652036,-157.73918185,"2026-08-04T04:36:18.000Z","UAV 1"
"ENCAESAR002","FFE-On-Location ""Location={-5498358.113175, -2250865.429793, 2312201.552453}""  Name of Weapons to Fire: Indirect-Fire-Gun:M107-155mm. Number-Of-Rounds: 1. Height-Above-Terrain: 0","-",21.36709792,-157.73185356,"2026-08-04T04:36:55.000Z","UAV 1"
"ENMORT005","FFE-On-Location ""Location={-5499123.141030, -2250320.406046, 2311025.754248}""  Name of Weapons to Fire: Indirect-Fire-Gun:m9333he. Number-Of-Rounds: 1. Height-Above-Terrain: 0","-",21.37463885,-157.73701809,"2026-08-04T04:36:55.000Z","UAV 1"
"FRT69007","Move to {-5499315.048189, -2250231.003964, 2310734.853397}","-",21.38070294,-157.73204111,"2026-08-04T04:36:55.000Z","UAV 1"
"FRT69002","Move to {-5499315.048189, -2250231.003964, 2310734.853397}","-",21.38062312,-157.73220904,"2026-08-04T04:36:55.000Z","UAV 1"
"ENMORT004","FFE-On-Location ""Location={-5498511.672389, -2250935.799735, 2311770.746054}""  Name of Weapons to Fire: Indirect-Fire-Gun:m9333he. Number-Of-Rounds: 1. Height-Above-Terrain: 0","-",21.37449517,-157.73695548,"2026-08-04T04:36:55.000Z","UAV 1"
"ENM35004","Move to {-5499460.953457, -2250814.454542, 2309743.262342}","-",21.37321705,-157.73305944,"2026-08-04T04:36:55.000Z","UAV 1"
"ENGAZ001","Move to {-5499460.953457, -2250814.454542, 2309743.262342}","-",21.37337536,-157.73279257,"2026-08-04T04:36:55.000Z","UAV 1"
"ENBTR60006","Move to {-5499107.729384, -2250754.164082, 2310538.606898}","-",21.36897348,-157.74047149,"2026-08-04T04:36:55.000Z","UAV 1"
"FRT69006","Move to {-5499315.048189, -2250231.003964, 2310734.853397}","-",21.38096189,-157.73222439,"2026-08-04T04:36:55.000Z","UAV 1"
"ENCAESAR004","FFE-On-Location ""Location={-5499123.141030, -2250320.406046, 2311025.754248}""  Name of Weapons to Fire: Indirect-Fire-Gun:M107-155mm. Number-Of-Rounds: 1. Height-Above-Terrain: 0","-",21.36735947,-157.73175490,"2026-08-04T04:36:55.000Z","UAV 1"
"FRT69003","Move to {-5499315.048189, -2250231.003964, 2310734.853397}","-",21.38097332,-157.73240275,"2026-08-04T04:36:55.000Z","UAV 1"
"FRT69005","Move to {-5499315.048189, -2250231.003964, 2310734.853397}","-",21.38100015,-157.73233777,"2026-08-04T04:36:55.000Z","UAV 1"
"ENM35002","Move to {-5499460.953457, -2250814.454542, 2309743.262342}","-",21.37340550,-157.73283903,"2026-08-04T04:36:55.000Z","UAV 1"
"ENGAZ003","Move to {-5499460.953457, -2250814.454542, 2309743.262342}","-",21.37338439,-157.73326221,"2026-08-04T04:36:55.000Z","UAV 1"
"ENM35001","Move to {-5499460.953457, -2250814.454542, 2309743.262342}","-",21.37314692,-157.73312307,"2026-08-04T04:36:55.000Z","UAV 1"
"ENCAESAR003","FFE-On-Location ""Location={-5498511.672389, -2250935.799735, 2311770.746054}""  Name of Weapons to Fire: Indirect-Fire-Gun:M107-155mm. Number-Of-Rounds: 1. Height-Above-Terrain: 0","-",21.36719878,-157.73183038,"2026-08-04T04:36:55.000Z","UAV 1"
"ENMORT001","FFE-On-Location ""Location={-5499123.141030, -2250320.406046, 2311025.754248}""  Name of Weapons to Fire: Indirect-Fire-Gun:m9333he. Number-Of-Rounds: 1. Height-Above-Terrain: 0","-",21.37454920,-157.73726779,"2026-08-04T04:36:55.000Z","UAV 1"
"ENBTR60007","Move to {-5499107.729384, -2250754.164082, 2310538.606898}","-",21.36885250,-157.74045603,"2026-08-04T04:36:55.000Z","UAV 1"
"FRT69008","Move to {-5499315.048189, -2250231.003964, 2310734.853397}","-",21.38096961,-157.73244663,"2026-08-04T04:36:55.000Z","UAV 1"
"FRT69009","Move to {-5499315.048189, -2250231.003964, 2310734.853397}","-",21.38066035,-157.73234161,"2026-08-04T04:36:55.000Z","UAV 1"
"ENGAZ004","Move to {-5499460.953457, -2250814.454542, 2309743.262342}","-",21.37336773,-157.73318922,"2026-08-04T04:36:55.000Z","UAV 1"
"FRT69010","Move to {-5499315.048189, -2250231.003964, 2310734.853397}","-",21.38075759,-157.73208913,"2026-08-04T04:36:55.000Z","UAV 1"
"ENM35003","Move to {-5499460.953457, -2250814.454542, 2309743.262342}","-",21.37355758,-157.73315653,"2026-08-04T04:36:55.000Z","UAV 1"
"ENBTR60005","Move to {-5499107.729384, -2250754.164082, 2310538.606898}","-",21.36897705,-157.74069464,"2026-08-04T04:36:55.000Z","UAV 1"
"ENCAESAR002","FFE-On-Location ""Location={-5498358.113175, -2250865.429793, 2312201.552453}""  Name of Weapons to Fire: Indirect-Fire-Gun:M107-155mm. Number-Of-Rounds: 1. Height-Above-Terrain: 0","-",21.36709792,-157.73185356,"2026-08-04T04:36:55.000Z","UAV 1"
"ENMORT005","FFE-On-Location ""Location={-5499123.141030, -2250320.406046, 2311025.754248}""  Name of Weapons to Fire: Indirect-Fire-Gun:m9333he. Number-Of-Rounds: 1. Height-Above-Terrain: 0","-",21.37463885,-157.73701809,"2026-08-04T04:36:55.000Z","UAV 1"
"FRT69007","Move to {-5499315.048189, -2250231.003964, 2310734.853397}","-",21.38070294,-157.73204111,"2026-08-04T04:36:55.000Z","UAV 1"
"FRT69002","Move to {-5499315.048189, -2250231.003964, 2310734.853397}","-",21.38062312,-157.73220904,"2026-08-04T04:36:55.000Z","UAV 1"
"ENMORT004","FFE-On-Location ""Location={-5498511.672389, -2250935.799735, 2311770.746054}""  Name of Weapons to Fire: Indirect-Fire-Gun:m9333he. Number-Of-Rounds: 1. Height-Above-Terrain: 0","-",21.37449517,-157.73695548,"2026-08-04T04:36:55.000Z","UAV 1"
"ENM35004","Move to {-5499460.953457, -2250814.454542, 2309743.262342}","-",21.37321705,-157.73305944,"2026-08-04T04:36:55.000Z","UAV 1"
"ENGAZ001","Move to {-5499460.953457, -2250814.454542, 2309743.262342}","-",21.37337536,-157.73279257,"2026-08-04T04:36:55.000Z","UAV 1"
"ENBTR60006","Move to {-5499107.729384, -2250754.164082, 2310538.606898}","-",21.36897348,-157.74047149,"2026-08-04T04:36:55.000Z","UAV 1"
"FRT69006","Move to {-5499315.048189, -2250231.003964, 2310734.853397}","-",21.38096189,-157.73222439,"2026-08-04T04:36:55.000Z","UAV 1"
"ENCAESAR004","FFE-On-Location ""Location={-5499123.141030, -2250320.406046, 2311025.754248}""  Name of Weapons to Fire: Indirect-Fire-Gun:M107-155mm. Number-Of-Rounds: 1. Height-Above-Terrain: 0","-",21.36735947,-157.73175490,"2026-08-04T04:36:55.000Z","UAV 1"
"FRT69003","Move to {-5499315.048189, -2250231.003964, 2310734.853397}","-",21.38097332,-157.73240275,"2026-08-04T04:36:55.000Z","UAV 1"
"FRT69005","Move to {-5499315.048189, -2250231.003964, 2310734.853397}","-",21.38100015,-157.73233777,"2026-08-04T04:36:55.000Z","UAV 1"
"ENM35002","Move to {-5499460.953457, -2250814.454542, 2309743.262342}","-",21.37340550,-157.73283903,"2026-08-04T04:36:55.000Z","UAV 1"
"ENGAZ003","Move to {-5499460.953457, -2250814.454542, 2309743.262342}","-",21.37338439,-157.73326221,"2026-08-04T04:36:55.000Z","UAV 1"
"ENM35001","Move to {-5499460.953457, -2250814.454542, 2309743.262342}","-",21.37314692,-157.73312307,"2026-08-04T04:36:55.000Z","UAV 1"
"ENCAESAR003","FFE-On-Location ""Location={-5498511.672389, -2250935.799735, 2311770.746054}""  Name of Weapons to Fire: Indirect-Fire-Gun:M107-155mm. Number-Of-Rounds: 1. Height-Above-Terrain: 0","-",21.36719878,-157.73183038,"2026-08-04T04:36:55.000Z","UAV 1"
"ENMORT001","FFE-On-Location ""Location={-5499123.141030, -2250320.406046, 2311025.754248}""  Name of Weapons to Fire: Indirect-Fire-Gun:m9333he. Number-Of-Rounds: 1. Height-Above-Terrain: 0","-",21.37454920,-157.73726779,"2026-08-04T04:36:55.000Z","UAV 1"
"ENBTR60007","Move to {-5499107.729384, -2250754.164082, 2310538.606898}","-",21.36885250,-157.74045603,"2026-08-04T04:36:55.000Z","UAV 1"
"FRT69008","Move to {-5499315.048189, -2250231.003964, 2310734.853397}","-",21.38096961,-157.73244663,"2026-08-04T04:36:55.000Z","UAV 1"
"FRT69009","Move to {-5499315.048189, -2250231.003964, 2310734.853397}","-",21.38066035,-157.73234161,"2026-08-04T04:36:55.000Z","UAV 1"
"ENGAZ004","Move to {-5499460.953457, -2250814.454542, 2309743.262342}","-",21.37336773,-157.73318922,"2026-08-04T04:36:55.000Z","UAV 1"
"FRT69010","Move to {-5499315.048189, -2250231.003964, 2310734.853397}","-",21.38075759,-157.73208913,"2026-08-04T04:36:55.000Z","UAV 1"
"ENM35003","Move to {-5499460.953457, -2250814.454542, 2309743.262342}","-",21.37355758,-157.73315653,"2026-08-04T04:36:55.000Z","UAV 1"
"ENBTR60005","Move to {-5499107.729384, -2250754.164082, 2310538.606898}","-",21.36897705,-157.74069464,"2026-08-04T04:36:55.000Z","UAV 1"
"FRCMD002","Move to {-5499516.453323, -2249726.423604, 2310685.859186}","-",21.38915307,-157.75073902,"2026-08-04T04:38:19.000Z","UAV 1"
"FRCMD002","Move to {-5499516.453323, -2249726.423604, 2310685.859186}","-",21.38915307,-157.75073902,"2026-08-04T04:38:20.000Z","UAV 1"
