object,event,subject,lat,lon,timestamp,source
"ENM1A2003","Move to {-5499107.729384, -2250754.164082, 2310538.606898}","-",21.37384968,-157.74305001,"2026-08-03T22:00:04.240Z","UAV 2"
"FRM901001","None","-",21.38680798,-157.73443834,"2026-08-03T22:00:04.240Z","UAV 2"
"ENM1A2001","Move to {-5499107.729384, -2250754.164082, 2310538.606898}","-",21.37396589,-157.74271991,"2026-08-03T22:00:04.240Z","UAV 2"
"FRT69007","Move to {-5499315.048189, -2250231.003964, 2310734.853397}","-",21.38073737,-157.73241752,"2026-08-03T22:00:04.240Z","UAV 2"
"ENM35004","Move to {-5499460.953457, -2250814.454542, 2309743.262342}","-",21.37318421,-157.73329719,"2026-08-03T22:00:04.240Z","UAV 2"
"ENGAZ001","Move to {-5499460.953457, -2250814.454542, 2309743.262342}","-",21.37343149,-157.73316229,"2026-08-03T22:00:04.240Z","UAV 2"
"FRT69006","Move to {-5499315.048189, -2250231.003964, 2310734.853397}","-",21.38098961,-157.73260079,"2026-08-03T22:00:04.240Z","UAV 2"
"ENM1A2002","Move to {-5499107.729384, -2250754.164082, 2310538.606898}","-",21.37409734,-157.74296753,"2026-08-03T22:00:04.240Z","UAV 2"
"ENCAESAR004","Move to {-5499444.816370, -2250654.663336, 2309957.213850}","-",21.37601276,-157.73451630,"2026-08-03T22:00:04.240Z","UAV 2"
"FRT69003","Move to {-5499315.048189, -2250231.003964, 2310734.853397}","-",21.38100070,-157.73277915,"2026-08-03T22:00:04.240Z","UAV 2"
"FRT69005","Move to {-5499315.048189, -2250231.003964, 2310734.853397}","-",21.38102684,-157.73271415,"2026-08-03T22:00:04.240Z","UAV 2"
"ENM35002","Move to {-5499460.953457, -2250814.454542, 2309743.262342}","-",21.37336708,-157.73308854,"2026-08-03T22:00:04.240Z","UAV 2"
"ENGAZ003","Move to {-5499460.953457, -2250814.454542, 2309743.262342}","-",21.37342198,-157.73361925,"2026-08-03T22:00:04.240Z","UAV 2"
"ENM35001","Move to {-5499460.953457, -2250814.454542, 2309743.262342}","-",21.37311575,-157.73335973,"2026-08-03T22:00:04.240Z","UAV 2"
"ENCAESAR003","Move to {-5499460.953457, -2250814.454542, 2309743.262342}","-",21.37585208,-157.73459179,"2026-08-03T22:00:04.240Z","UAV 2"
"FRM109003","Move to {-5499516.453323, -2249726.423604, 2310685.859186}","-",21.38680864,-157.73465517,"2026-08-03T22:00:04.240Z","UAV 2"
"FRM109002","Move to {-5499315.048189, -2250231.003964, 2310734.853397}","-",21.38670406,-157.73454745,"2026-08-03T22:00:04.240Z","UAV 2"
"FRT69008","Move to {-5499315.048189, -2250231.003964, 2310734.853397}","-",21.38099707,-157.73282303,"2026-08-03T22:00:04.240Z","UAV 2"
"FRM109001","Move to {-5499516.453323, -2249726.423604, 2310685.859186}","-",21.38650020,-157.73425927,"2026-08-03T22:00:04.240Z","UAV 2"
"FRAHS002","Move to {-5499315.048189, -2250231.003964, 2310734.853397}","-",21.38655078,-157.73465933,"2026-08-03T22:00:04.240Z","UAV 2"
"FRT69010","Move to {-5499315.048189, -2250231.003964, 2310734.853397}","-",21.38079062,-157.73246555,"2026-08-03T22:00:04.240Z","UAV 2"
"FRM109004","Move to {-5499315.048189, -2250231.003964, 2310734.853397}","-",21.38683655,-157.73430863,"2026-08-03T22:00:04.240Z","UAV 2"
"ENM1A2004","Move to {-5499107.729384, -2250754.164082, 2310538.606898}","-",21.37400407,-157.74293952,"2026-08-03T22:00:04.240Z","UAV 2"
"ENM35003","Move to {-5499460.953457, -2250814.454542, 2309743.262342}","-",21.37351380,-157.73340050,"2026-08-03T22:00:04.240Z","UAV 2"
"ENT72007","Move to {-5499107.729384, -2250754.164082, 2310538.606898}","-",21.37171334,-157.74179283,"2026-08-03T22:00:04.240Z","UAV 2"
"ENT72003","Move to {-5499107.729384, -2250754.164082, 2310538.606898}","-",21.37190602,-157.74155897,"2026-08-03T22:00:04.240Z","UAV 2"
"ENT72012","Move to {-5499107.729384, -2250754.164082, 2310538.606898}","-",21.37190849,-157.74165360,"2026-08-03T22:00:04.240Z","UAV 2"
"ENT72008","Move to {-5499107.729384, -2250754.164082, 2310538.606898}","-",21.37192395,-157.74163201,"2026-08-03T22:00:04.240Z","UAV 2"
"ENM1A2005","Move to {-5499107.729384, -2250754.164082, 2310538.606898}","-",21.37390446,-157.74275931,"2026-08-03T22:00:04.240Z","UAV 2"
"ENT72002","Move to {-5499107.729384, -2250754.164082, 2310538.606898}","-",21.37182075,-157.74153564,"2026-08-03T22:00:04.240Z","UAV 2"
"ENT72005","Move to {-5499107.729384, -2250754.164082, 2310538.606898}","-",21.37187493,-157.74182101,"2026-08-03T22:00:04.240Z","UAV 2"
"ENT72001","Move to {-5499107.729384, -2250754.164082, 2310538.606898}","-",21.37187772,-157.74166937,"2026-08-03T22:00:04.240Z","UAV 2"
"ENGAZ002","Move to {-5499460.953457, -2250814.454542, 2309743.262342}","-",21.37354086,-157.73351947,"2026-08-03T22:00:04.240Z","UAV 2"
"ENT72009","Move to {-5499107.729384, -2250754.164082, 2310538.606898}","-",21.37163128,-157.74165685,"2026-08-03T22:00:04.240Z","UAV 2"
"ENT72011","Move to {-5499107.729384, -2250754.164082, 2310538.606898}","-",21.37183971,-157.74158124,"2026-08-03T22:00:04.240Z","UAV 2"
"ENT72004","Move to {-5499107.729384, -2250754.164082, 2310538.606898}","-",21.37199714,-157.74159471,"2026-08-03T22:00:04.240Z","UAV 2"
"ENT72010","Move to {-5499107.729384, -2250754.164082, 2310538.606898}","-",21.37198450,-157.74151964,"2026-08-03T22:00:04.240Z","UAV 2"
"ENT72006","Move to {-5499107.729384, -2250754.164082, 2310538.606898}","-",21.37197700,-157.74174842,"2026-08-03T22:00:04.240Z","UAV 2"
"ENMIM001","Move to {-5499460.953457, -2250814.454542, 2309743.262342}","-",21.37581551,-157.73492767,"2026-08-03T22:00:04.240Z","UAV 2"
"ENCAESAR001","Move to {-5499460.953457, -2250814.454542, 2309743.262342}","-",21.37592116,-157.73473101,"2026-08-03T22:00:04.240Z","UAV 2"
"ENM1A2003","Move to {-5499107.729384, -2250754.164082, 2310538.606898}","-",21.37332137,-157.74325039,"2026-08-03T22:00:00.165Z","UAV 2"
"FRM901001","None","-",21.38680798,-157.73443834,"2026-08-03T22:00:00.165Z","UAV 2"
"ENMORT005","FFE-On-Location ""Location={-5499123.141030, -2250320.406046, 2311025.754248}""  Name of Weapons to Fire: Indirect-Fire-Gun:m9333he. Number-Of-Rounds: 1. Height-Above-Terrain: 0","-",21.37463885,-157.73701809,"2026-08-03T22:00:00.165Z","UAV 2"
"ENM1A2001","Move to {-5499107.729384, -2250754.164082, 2310538.606898}","-",21.37344901,-157.74288997,"2026-08-03T22:00:00.165Z","UAV 2"
"FRT69007","Move to {-5499315.048189, -2250231.003964, 2310734.853397}","-",21.38070357,-157.73204111,"2026-08-03T22:00:00.165Z","UAV 2"
"ENMORT004","FFE-On-Location ""Location={-5498511.672389, -2250935.799735, 2311770.746054}""  Name of Weapons to Fire: Indirect-Fire-Gun:m9333he. Number-Of-Rounds: 1. Height-Above-Terrain: 0","-",21.37449517,-157.73695548,"2026-08-03T22:00:00.165Z","UAV 2"
"ENM35004","Move to {-5499460.953457, -2250814.454542, 2309743.262342}","-",21.37321732,-157.73305944,"2026-08-03T22:00:00.165Z","UAV 2"
"ENGAZ001","Move to {-5499460.953457, -2250814.454542, 2309743.262342}","-",21.37337579,-157.73279257,"2026-08-03T22:00:00.165Z","UAV 2"
"FRT69006","Move to {-5499315.048189, -2250231.003964, 2310734.853397}","-",21.38096251,-157.73222439,"2026-08-03T22:00:00.165Z","UAV 2"
"FRMORT001","FFE-On-Location ""Location={-5498976.908217, -2251427.979631, 2310206.739358}""  Name of Weapons to Fire: Indirect-Fire-Gun:m9333he. Number-Of-Rounds: 1. Height-Above-Terrain: 0","-",21.39116652,-157.73700854,"2026-08-03T22:00:00.165Z","UAV 2"
"ENM1A2002","Move to {-5499107.729384, -2250754.164082, 2310538.606898}","-",21.37356143,-157.74317200,"2026-08-03T22:00:00.165Z","UAV 2"
"ENCAESAR004","Move to {-5499444.816370, -2250654.663336, 2309957.213850}","-",21.37601276,-157.73451630,"2026-08-03T22:00:00.165Z","UAV 2"
"FRT69003","Move to {-5499315.048189, -2250231.003964, 2310734.853397}","-",21.38097395,-157.73240275,"2026-08-03T22:00:00.165Z","UAV 2"
"FRT69005","Move to {-5499315.048189, -2250231.003964, 2310734.853397}","-",21.38100077,-157.73233777,"2026-08-03T22:00:00.165Z","UAV 2"
"ENM35002","Move to {-5499460.953457, -2250814.454542, 2309743.262342}","-",21.37340577,-157.73283903,"2026-08-03T22:00:00.165Z","UAV 2"
"ENGAZ003","Move to {-5499460.953457, -2250814.454542, 2309743.262342}","-",21.37338482,-157.73326221,"2026-08-03T22:00:00.165Z","UAV 2"
"ENM35001","Move to {-5499460.953457, -2250814.454542, 2309743.262342}","-",21.37314720,-157.73312307,"2026-08-03T22:00:00.165Z","UAV 2"
"FRMORT004","None","-",21.39105358,-157.73697074,"2026-08-03T22:00:00.165Z","UAV 2"
"ENCAESAR003","Move to {-5499460.953457, -2250814.454542, 2309743.262342}","-",21.37585208,-157.73459179,"2026-08-03T22:00:00.165Z","UAV 2"
"ENMORT001","FFE-On-Location ""Location={-5499123.141030, -2250320.406046, 2311025.754248}""  Name of Weapons to Fire: Indirect-Fire-Gun:m9333he. Number-Of-Rounds: 1. Height-Above-Terrain: 0","-",21.37454920,-157.73726779,"2026-08-03T22:00:00.165Z","UAV 2"
"FRM109003","Move to {-5499516.453323, -2249726.423604, 2310685.859186}","-",21.38680864,-157.73465517,"2026-08-03T22:00:00.165Z","UAV 2"
"FRM109002","Move to {-5499315.048189, -2250231.003964, 2310734.853397}","-",21.38670406,-157.73454745,"2026-08-03T22:00:00.165Z","UAV 2"
"FRT69008","Move to {-5499315.048189, -2250231.003964, 2310734.853397}","-",21.38097024,-157.73244663,"2026-08-03T22:00:00.165Z","UAV 2"
"FRT69009","Move to {-5499315.048189, -2250231.003964, 2310734.853397}","-",21.38066098,-157.73234161,"2026-08-03T22:00:00.165Z","UAV 2"
"ENGAZ004","Move to {-5499460.953457, -2250814.454542, 2309743.262342}","-",21.37336815,-157.73318922,"2026-08-03T22:00:00.165Z","UAV 2"
"FRM109001","Move to {-5499516.453323, -2249726.423604, 2310685.859186}","-",21.38650020,-157.73425927,"2026-08-03T22:00:00.165Z","UAV 2"
"ENMORT003","FFE-On-Location ""Location={-5498573.025370, -2251262.832114, 2311309.431241}""  Name of Weapons to Fire: Indirect-Fire-Gun:m9333he. Number-Of-Rounds: 1. Height-Above-Terrain: 0","-",21.37448817,-157.73726715,"2026-08-03T22:00:00.165Z","UAV 2"
"FRAHS002","Move to {-5499315.048189, -2250231.003964, 2310734.853397}","-",21.38655078,-157.73465933,"2026-08-03T22:00:00.165Z","UAV 2"
"FRT69010","Move to {-5499315.048189, -2250231.003964, 2310734.853397}","-",21.38075821,-157.73208913,"2026-08-03T22:00:00.165Z","UAV 2"
"FRM109004","Move to {-5499315.048189, -2250231.003964, 2310734.853397}","-",21.38683655,-157.73430863,"2026-08-03T22:00:00.165Z","UAV 2"
"ENM1A2004","Move to {-5499107.729384, -2250754.164082, 2310538.606898}","-",21.37347055,-157.74313700,"2026-08-03T22:00:00.165Z","UAV 2"
"ENM35003","Move to {-5499460.953457, -2250814.454542, 2309743.262342}","-",21.37355785,-157.73315653,"2026-08-03T22:00:00.165Z","UAV 2"
"ENM1A2003","Move to {-5499107.729384, -2250754.164082, 2310538.606898}","-",21.37332137,-157.74325039,"2026-08-03T22:00:00.165Z","UAV 2"
"FRM901001","None","-",21.38680798,-157.73443834,"2026-08-03T22:00:00.165Z","UAV 2"
"ENMORT005","FFE-On-Location ""Location={-5499123.141030, -2250320.406046, 2311025.754248}""  Name of Weapons to Fire: Indirect-Fire-Gun:m9333he. Number-Of-Rounds: 1. Height-Above-Terrain: 0","-",21.37463885,-157.73701809,"2026-08-03T22:00:00.165Z","UAV 2"
"ENM1A2001","Move to {-5499107.729384, -2250754.164082, 2310538.606898}","-",21.37344901,-157.74288997,"2026-08-03T22:00:00.165Z","UAV 2"
"FRT69007","Move to {-5499315.048189, -2250231.003964, 2310734.853397}","-",21.38070357,-157.73204111,"2026-08-03T22:00:00.165Z","UAV 2"
"ENMORT004","FFE-On-Location ""Location={-5498511.672389, -2250935.799735, 2311770.746054}""  Name of Weapons to Fire: Indirect-Fire-Gun:m9333he. Number-Of-Rounds: 1. Height-Above-Terrain: 0","-",21.37449517,-157.73695548,"2026-08-03T22:00:00.165Z","UAV 2"
"ENM35004","Move to {-5499460.953457, -2250814.454542, 2309743.262342}","-",21.37321732,-157.73305944,"2026-08-03T22:00:00.165Z","UAV 2"
"ENGAZ001","Move to {-5499460.953457, -2250814.454542, 2309743.262342}","-",21.37337579,-157.73279257,"2026-08-03T22:00:00.165Z","UAV 2"
"FRT69006","Move to {-5499315.048189, -2250231.003964, 2310734.853397}","-",21.38096251,-157.73222439,"2026-08-03T22:00:00.165Z","UAV 2"
"FRMORT001","FFE-On-Location ""Location={-5498976.908217, -2251427.979631, 2310206.739358}""  Name of Weapons to Fire: Indirect-Fire-Gun:m9333he. Number-Of-Rounds: 1. Height-Above-Terrain: 0","-",21.39116652,-157.73700854,"2026-08-03T22:00:00.165Z","UAV 2"
"ENM1A2002","Move to {-5499107.729384, -2250754.164082, 2310538.606898}","-",21.37356143,-157.74317200,"2026-08-03T22:00:00.165Z","UAV 2"
"ENCAESAR004","Move to {-5499444.816370, -2250654.663336, 2309957.213850}","-",21.37601276,-157.73451630,"2026-08-03T22:00:00.165Z","UAV 2"
"FRT69003","Move to {-5499315.048189, -2250231.003964, 2310734.853397}","-",21.38097395,-157.73240275,"2026-08-03T22:00:00.165Z","UAV 2"
"FRT69005","Move to {-5499315.048189, -2250231.003964, 2310734.853397}","-",21.38100077,-157.73233777,"2026-08-03T22:00:00.165Z","UAV 2"
"ENM35002","Move to {-5499460.953457, -2250814.454542, 2309743.262342}","-",21.37340577,-157.73283903,"2026-08-03T22:00:00.165Z","UAV 2"
"ENGAZ003","Move to {-5499460.953457, -2250814.454542, 2309743.262342}","-",21.37338482,-157.73326221,"2026-08-03T22:00:00.165Z","UAV 2"
"ENM35001","Move to {-5499460.953457, -2250814.454542, 2309743.262342}","-",21.37314720,-157.73312307,"2026-08-03T22:00:00.165Z","UAV 2"
"FRMORT004","None","-",21.39105358,-157.73697074,"2026-08-03T22:00:00.165Z","UAV 2"
"ENCAESAR003","Move to {-5499460.953457, -2250814.454542, 2309743.262342}","-",21.37585208,-157.73459179,"2026-08-03T22:00:00.165Z","UAV 2"
"ENMORT001","FFE-On-Location ""Location={-5499123.141030, -2250320.406046, 2311025.754248}""  Name of Weapons to Fire: Indirect-Fire-Gun:m9333he. Number-Of-Rounds: 1. Height-Above-Terrain: 0","-",21.37454920,-157.73726779,"2026-08-03T22:00:00.165Z","UAV 2"
"FRM109003","Move to {-5499516.453323, -2249726.423604, 2310685.859186}","-",21.38680864,-157.73465517,"2026-08-03T22:00:00.165Z","UAV 2"
"FRM109002","Move to {-5499315.048189, -2250231.003964, 2310734.853397}","-",21.38670406,-157.73454745,"2026-08-03T22:00:00.165Z","UAV 2"
"FRT69008","Move to {-5499315.048189, -2250231.003964, 2310734.853397}","-",21.38097024,-157.73244663,"2026-08-03T22:00:00.165Z","UAV 2"
"FRT69009","Move to {-5499315.048189, -2250231.003964, 2310734.853397}","-",21.38066098,-157.73234161,"2026-08-03T22:00:00.165Z","UAV 2"
"ENGAZ004","Move to {-5499460.953457, -2250814.454542, 2309743.262342}","-",21.37336815,-157.73318922,"2026-08-03T22:00:00.165Z","UAV 2"
"FRM109001","Move to {-5499516.453323, -2249726.423604, 2310685.859186}","-",21.38650020,-157.73425927,"2026-08-03T22:00:00.165Z","UAV 2"
"ENMORT003","FFE-On-Location ""Location={-5498573.025370, -2251262.832114, 2311309.431241}""  Name of Weapons to Fire: Indirect-Fire-Gun:m9333he. Number-Of-Rounds: 1. Height-Above-Terrain: 0","-",21.37448817,-157.73726715,"2026-08-03T22:00:00.165Z","UAV 2"
"FRAHS002","Move to {-5499315.048189, -2250231.003964, 2310734.853397}","-",21.38655078,-157.73465933,"2026-08-03T22:00:00.165Z","UAV 2"
"FRT69010","Move to {-5499315.048189, -2250231.003964, 2310734.853397}","-",21.38075821,-157.73208913,"2026-08-03T22:00:00.165Z","UAV 2"
"FRM109004","Move to {-5499315.048189, -2250231.003964, 2310734.853397}","-",21.38683655,-157.73430863,"2026-08-03T22:00:00.165Z","UAV 2"
"ENM1A2004","Move to {-5499107.729384, -2250754.164082, 2310538.606898}","-",21.37347055,-157.74313700,"2026-08-03T22:00:00.165Z","UAV 2"
"ENM35003","Move to {-5499460.953457, -2250814.454542, 2309743.262342}","-",21.37355785,-157.73315653,"2026-08-03T22:00:00.165Z","UAV 2"
"ENM1A2003","Move to {-5499107.729384, -2250754.164082, 2310538.606898}","-",21.37332152,-157.74325039,"2026-08-03T22:00:00.181Z","UAV 2"
"FRM901001","None","-",21.38680798,-157.73443834,"2026-08-03T22:00:00.181Z","UAV 2"
"ENMORT005","FFE-On-Location ""Location={-5499123.141030, -2250320.406046, 2311025.754248}""  Name of Weapons to Fire: Indirect-Fire-Gun:m9333he. Number-Of-Rounds: 1. Height-Above-Terrain: 0","-",21.37463885,-157.73701809,"2026-08-03T22:00:00.181Z","UAV 2"
"ENM1A2001","Move to {-5499107.729384, -2250754.164082, 2310538.606898}","-",21.37344916,-157.74288997,"2026-08-03T22:00:00.181Z","UAV 2"
"FRT69007","Move to {-5499315.048189, -2250231.003964, 2310734.853397}","-",21.38070369,-157.73204111,"2026-08-03T22:00:00.181Z","UAV 2"
"ENMORT004","FFE-On-Location ""Location={-5498511.672389, -2250935.799735, 2311770.746054}""  Name of Weapons to Fire: Indirect-Fire-Gun:m9333he. Number-Of-Rounds: 1. Height-Above-Terrain: 0","-",21.37449517,-157.73695548,"2026-08-03T22:00:00.181Z","UAV 2"
"ENM35004","Move to {-5499460.953457, -2250814.454542, 2309743.262342}","-",21.37321738,-157.73305944,"2026-08-03T22:00:00.181Z","UAV 2"
"ENGAZ001","Move to {-5499460.953457, -2250814.454542, 2309743.262342}","-",21.37337589,-157.73279257,"2026-08-03T22:00:00.181Z","UAV 2"
"FRT69006","Move to {-5499315.048189, -2250231.003964, 2310734.853397}","-",21.38096264,-157.73222439,"2026-08-03T22:00:00.181Z","UAV 2"
"FRMORT001","FFE-On-Location ""Location={-5498976.908217, -2251427.979631, 2310206.739358}""  Name of Weapons to Fire: Indirect-Fire-Gun:m9333he. Number-Of-Rounds: 1. Height-Above-Terrain: 0","-",21.39116652,-157.73700854,"2026-08-03T22:00:00.181Z","UAV 2"
"ENM1A2002","Move to {-5499107.729384, -2250754.164082, 2310538.606898}","-",21.37356158,-157.74317200,"2026-08-03T22:00:00.181Z","UAV 2"
"ENCAESAR004","Move to {-5499444.816370, -2250654.663336, 2309957.213850}","-",21.37601276,-157.73451630,"2026-08-03T22:00:00.181Z","UAV 2"
"FRT69003","Move to {-5499315.048189, -2250231.003964, 2310734.853397}","-",21.38097407,-157.73240275,"2026-08-03T22:00:00.181Z","UAV 2"
"FRT69005","Move to {-5499315.048189, -2250231.003964, 2310734.853397}","-",21.38100090,-157.73233777,"2026-08-03T22:00:00.181Z","UAV 2"
"ENM35002","Move to {-5499460.953457, -2250814.454542, 2309743.262342}","-",21.37340583,-157.73283903,"2026-08-03T22:00:00.181Z","UAV 2"
"ENGAZ003","Move to {-5499460.953457, -2250814.454542, 2309743.262342}","-",21.37338492,-157.73326221,"2026-08-03T22:00:00.181Z","UAV 2"
"ENM35001","Move to {-5499460.953457, -2250814.454542, 2309743.262342}","-",21.37314726,-157.73312307,"2026-08-03T22:00:00.181Z","UAV 2"
"FRMORT004","None","-",21.39105358,-157.73697074,"2026-08-03T22:00:00.181Z","UAV 2"
"ENCAESAR003","Move to {-5499460.953457, -2250814.454542, 2309743.262342}","-",21.37585208,-157.73459179,"2026-08-03T22:00:00.181Z","UAV 2"
"ENMORT001","FFE-On-Location ""Location={-5499123.141030, -2250320.406046, 2311025.754248}""  Name of Weapons to Fire: Indirect-Fire-Gun:m9333he. Number-Of-Rounds: 1. Height-Above-Terrain: 0","-",21.37454920,-157.73726779,"2026-08-03T22:00:00.181Z","UAV 2"
"FRM109003","Move to {-5499516.453323, -2249726.423604, 2310685.859186}","-",21.38680864,-157.73465517,"2026-08-03T22:00:00.181Z","UAV 2"
"FRM109002","Move to {-5499315.048189, -2250231.003964, 2310734.853397}","-",21.38670406,-157.73454745,"2026-08-03T22:00:00.181Z","UAV 2"
"FRT69008","Move to {-5499315.048189, -2250231.003964, 2310734.853397}","-",21.38097036,-157.73244663,"2026-08-03T22:00:00.181Z","UAV 2"
"FRT69009","Move to {-5499315.048189, -2250231.003964, 2310734.853397}","-",21.38066110,-157.73234161,"2026-08-03T22:00:00.181Z","UAV 2"
"ENGAZ004","Move to {-5499460.953457, -2250814.454542, 2309743.262342}","-",21.37336825,-157.73318922,"2026-08-03T22:00:00.181Z","UAV 2"
"FRM109001","Move to {-5499516.453323, -2249726.423604, 2310685.859186}","-",21.38650020,-157.73425927,"2026-08-03T22:00:00.181Z","UAV 2"
"ENMORT003","FFE-On-Location ""Location={-5498573.025370, -2251262.832114, 2311309.431241}""  Name of Weapons to Fire: Indirect-Fire-Gun:m9333he. Number-Of-Rounds: 1. Height-Above-Terrain: 0","-",21.37448817,-157.73726715,"2026-08-03T22:00:00.181Z","UAV 2"
"FRAHS002","Move to {-5499315.048189, -2250231.003964, 2310734.853397}","-",21.38655078,-157.73465933,"2026-08-03T22:00:00.181Z","UAV 2"
"FRT69010","Move to {-5499315.048189, -2250231.003964, 2310734.853397}","-",21.38075834,-157.73208913,"2026-08-03T22:00:00.181Z","UAV 2"
"FRM109004","Move to {-5499315.048189, -2250231.003964, 2310734.853397}","-",21.38683655,-157.73430863,"2026-08-03T22:00:00.181Z","UAV 2"
"ENM1A2004","Move to {-5499107.729384, -2250754.164082, 2310538.606898}","-",21.37347070,-157.74313700,"2026-08-03T22:00:00.181Z","UAV 2"
"ENM35003","Move to {-5499460.953457, -2250814.454542, 2309743.262342}","-",21.37355792,-157.73315653,"2026-08-03T22:00:00.181Z","UAV 2"
"ENM1A2003","Move to {-5499107.729384, -2250754.164082, 2310538.606898}","-",21.37332112,-157.74325039,"2026-08-03T22:00:00.135Z","UAV 2"
"ENMORT005","FFE-On-Location ""Location={-5499123.141030, -2250320.406046, 2311025.754248}""  Name of Weapons to Fire: Indirect-Fire-Gun:m9333he. Number-Of-Rounds: 1. Height-Above-Terrain: 0","-",21.37463885,-157.73701809,"2026-08-03T22:00:00.135Z","UAV 2"
"ENM1A2001","Move to {-5499107.729384, -2250754.164082, 2310538.606898}","-",21.37344876,-157.74288997,"2026-08-03T22:00:00.135Z","UAV 2"
"FRT69007","Move to {-5499315.048189, -2250231.003964, 2310734.853397}","-",21.38070336,-157.73204111,"2026-08-03T22:00:00.135Z","UAV 2"
"ENMORT004","FFE-On-Location ""Location={-5498511.672389, -2250935.799735, 2311770.746054}""  Name of Weapons to Fire: Indirect-Fire-Gun:m9333he. Number-Of-Rounds: 1. Height-Above-Terrain: 0","-",21.37449517,-157.73695548,"2026-08-03T22:00:00.135Z","UAV 2"
"ENM35004","Move to {-5499460.953457, -2250814.454542, 2309743.262342}","-",21.37321721,-157.73305944,"2026-08-03T22:00:00.135Z","UAV 2"
"ENGAZ001","Move to {-5499460.953457, -2250814.454542, 2309743.262342}","-",21.37337562,-157.73279257,"2026-08-03T22:00:00.135Z","UAV 2"
"FRT69006","Move to {-5499315.048189, -2250231.003964, 2310734.853397}","-",21.38096230,-157.73222439,"2026-08-03T22:00:00.135Z","UAV 2"
"FRMORT001","FFE-On-Location ""Location={-5499191.503627, -2251825.311346, 2309314.511859}""  Name of Weapons to Fire: Indirect-Fire-Gun:m9333he. Number-Of-Rounds: 1. Height-Above-Terrain: 0","-",21.39116652,-157.73700854,"2026-08-03T22:00:00.135Z","UAV 2"
"ENM1A2002","Move to {-5499107.729384, -2250754.164082, 2310538.606898}","-",21.37356118,-157.74317200,"2026-08-03T22:00:00.135Z","UAV 2"
"FRT69003","Move to {-5499315.048189, -2250231.003964, 2310734.853397}","-",21.38097374,-157.73240275,"2026-08-03T22:00:00.135Z","UAV 2"
"FRT69005","Move to {-5499315.048189, -2250231.003964, 2310734.853397}","-",21.38100056,-157.73233777,"2026-08-03T22:00:00.135Z","UAV 2"
"ENM35002","Move to {-5499460.953457, -2250814.454542, 2309743.262342}","-",21.37340566,-157.73283903,"2026-08-03T22:00:00.135Z","UAV 2"
"ENGAZ003","Move to {-5499460.953457, -2250814.454542, 2309743.262342}","-",21.37338465,-157.73326221,"2026-08-03T22:00:00.135Z","UAV 2"
"ENM35001","Move to {-5499460.953457, -2250814.454542, 2309743.262342}","-",21.37314709,-157.73312307,"2026-08-03T22:00:00.135Z","UAV 2"
"FRMORT004","None","-",21.39105358,-157.73697074,"2026-08-03T22:00:00.135Z","UAV 2"
"ENMORT001","FFE-On-Location ""Location={-5499123.141030, -2250320.406046, 2311025.754248}""  Name of Weapons to Fire: Indirect-Fire-Gun:m9333he. Number-Of-Rounds: 1. Height-Above-Terrain: 0","-",21.37454920,-157.73726779,"2026-08-03T22:00:00.135Z","UAV 2"
"FRT69008","Move to {-5499315.048189, -2250231.003964, 2310734.853397}","-",21.38097003,-157.73244663,"2026-08-03T22:00:00.135Z","UAV 2"
"FRT69009","Move to {-5499315.048189, -2250231.003964, 2310734.853397}","-",21.38066077,-157.73234161,"2026-08-03T22:00:00.135Z","UAV 2"
"ENGAZ004","Move to {-5499460.953457, -2250814.454542, 2309743.262342}","-",21.37336798,-157.73318922,"2026-08-03T22:00:00.135Z","UAV 2"
"ENMORT003","FFE-On-Location ""Location={-5498358.113175, -2250865.429793, 2312201.552453}""  Name of Weapons to Fire: Indirect-Fire-Gun:m9333he. Number-Of-Rounds: 1. Height-Above-Terrain: 0","-",21.37448817,-157.73726715,"2026-08-03T22:00:00.135Z","UAV 2"
"FRT69010","Move to {-5499315.048189, -2250231.003964, 2310734.853397}","-",21.38075800,-157.73208913,"2026-08-03T22:00:00.135Z","UAV 2"
"ENM1A2004","Move to {-5499107.729384, -2250754.164082, 2310538.606898}","-",21.37347030,-157.74313700,"2026-08-03T22:00:00.135Z","UAV 2"
"ENM35003","Move to {-5499460.953457, -2250814.454542, 2309743.262342}","-",21.37355774,-157.73315653,"2026-08-03T22:00:00.135Z","UAV 2"
"FRM901001","None","-",21.39546138,-157.73719974,"2026-08-03T22:00:16.677Z","UAV 2"
"FRAHS001","FFE-On-Location ""Location={-5499191.503627, -2251825.311346, 2309314.511859}""  Name of Weapons to Fire: Indirect-Fire-Gun:M107-155mm. Number-Of-Rounds: 1. Height-Above-Terrain: 0","-",21.39511611,-157.73746058,"2026-08-03T22:00:16.677Z","UAV 2"
"FRM109003","Move to {-5499516.453323, -2249726.423604, 2310685.859186}","-",21.39548496,-157.73742474,"2026-08-03T22:00:16.677Z","UAV 2"
"FRM109002","Move to {-5499315.048189, -2250231.003964, 2310734.853397}","-",21.39538039,-157.73731702,"2026-08-03T22:00:16.677Z","UAV 2"
"FRM109001","Move to {-5499516.453323, -2249726.423604, 2310685.859186}","-",21.39517652,-157.73702882,"2026-08-03T22:00:16.677Z","UAV 2"
"FRAHS002","FFE-On-Location ""Location={-5499132.853573, -2251193.466895, 2310064.199617}""  Name of Weapons to Fire: Indirect-Fire-Gun:M107-155mm. Number-Of-Rounds: 1. Height-Above-Terrain: 0","-",21.39520418,-157.73742074,"2026-08-03T22:00:16.677Z","UAV 2"
"FRM901001","None","-",21.39546138,-157.73719974,"2026-08-03T22:00:18.556Z","UAV 2"
"FRM109003","Move to {-5499516.453323, -2249726.423604, 2310685.859186}","-",21.39550587,-157.73753416,"2026-08-03T22:00:18.556Z","UAV 2"
"FRM109002","Move to {-5499315.048189, -2250231.003964, 2310734.853397}","-",21.39540130,-157.73742644,"2026-08-03T22:00:18.556Z","UAV 2"
"FRAHS002","FFE-On-Location ""Location={-5499132.853573, -2251193.466895, 2310064.199617}""  Name of Weapons to Fire: Indirect-Fire-Gun:M107-155mm. Number-Of-Rounds: 1. Height-Above-Terrain: 0","-",21.39520418,-157.73742074,"2026-08-03T22:00:18.556Z","UAV 2"
"FRM109003","Move to {-5499516.453323, -2249726.423604, 2310685.859186}","-",21.39539946,-157.73769913,"2026-08-03T22:00:20.597Z","UAV 2"
"ENM1A2003","Move to {-5499107.729384, -2250754.164082, 2310538.606898}","-",21.37332118,-157.74325039,"2026-08-03T22:00:00.142Z","UAV 2"
"ENMORT005","FFE-On-Location ""Location={-5499123.141030, -2250320.406046, 2311025.754248}""  Name of Weapons to Fire: Indirect-Fire-Gun:m9333he. Number-Of-Rounds: 1. Height-Above-Terrain: 0","-",21.37463885,-157.73701809,"2026-08-03T22:00:00.142Z","UAV 2"
"ENM1A2001","Move to {-5499107.729384, -2250754.164082, 2310538.606898}","-",21.37344882,-157.74288997,"2026-08-03T22:00:00.142Z","UAV 2"
"FRT69007","Move to {-5499315.048189, -2250231.003964, 2310734.853397}","-",21.38070341,-157.73204111,"2026-08-03T22:00:00.142Z","UAV 2"
"ENMORT004","FFE-On-Location ""Location={-5498511.672389, -2250935.799735, 2311770.746054}""  Name of Weapons to Fire: Indirect-Fire-Gun:m9333he. Number-Of-Rounds: 1. Height-Above-Terrain: 0","-",21.37449517,-157.73695548,"2026-08-03T22:00:00.142Z","UAV 2"
"ENM35004","Move to {-5499460.953457, -2250814.454542, 2309743.262342}","-",21.37321724,-157.73305944,"2026-08-03T22:00:00.142Z","UAV 2"
"ENGAZ001","Move to {-5499460.953457, -2250814.454542, 2309743.262342}","-",21.37337566,-157.73279257,"2026-08-03T22:00:00.142Z","UAV 2"
"FRT69006","Move to {-5499315.048189, -2250231.003964, 2310734.853397}","-",21.38096235,-157.73222439,"2026-08-03T22:00:00.142Z","UAV 2"
"FRMORT001","FFE-On-Location ""Location={-5499191.503627, -2251825.311346, 2309314.511859}""  Name of Weapons to Fire: Indirect-Fire-Gun:m9333he. Number-Of-Rounds: 1. Height-Above-Terrain: 0","-",21.39116652,-157.73700854,"2026-08-03T22:00:00.142Z","UAV 2"
"ENM1A2002","Move to {-5499107.729384, -2250754.164082, 2310538.606898}","-",21.37356124,-157.74317200,"2026-08-03T22:00:00.142Z","UAV 2"
"FRT69003","Move to {-5499315.048189, -2250231.003964, 2310734.853397}","-",21.38097378,-157.73240275,"2026-08-03T22:00:00.142Z","UAV 2"
"FRT69005","Move to {-5499315.048189, -2250231.003964, 2310734.853397}","-",21.38100061,-157.73233777,"2026-08-03T22:00:00.142Z","UAV 2"
"ENM35002","Move to {-5499460.953457, -2250814.454542, 2309743.262342}","-",21.37340569,-157.73283903,"2026-08-03T22:00:00.142Z","UAV 2"
"ENGAZ003","Move to {-5499460.953457, -2250814.454542, 2309743.262342}","-",21.37338469,-157.73326221,"2026-08-03T22:00:00.142Z","UAV 2"
"ENM35001","Move to {-5499460.953457, -2250814.454542, 2309743.262342}","-",21.37314711,-157.73312307,"2026-08-03T22:00:00.142Z","UAV 2"
"FRMORT004","None","-",21.39105358,-157.73697074,"2026-08-03T22:00:00.142Z","UAV 2"
"ENMORT001","FFE-On-Location ""Location={-5499123.141030, -2250320.406046, 2311025.754248}""  Name of Weapons to Fire: Indirect-Fire-Gun:m9333he. Number-Of-Rounds: 1. Height-Above-Terrain: 0","-",21.37454920,-157.73726779,"2026-08-03T22:00:00.142Z","UAV 2"
"FRT69008","Move to {-5499315.048189, -2250231.003964, 2310734.853397}","-",21.38097008,-157.73244663,"2026-08-03T22:00:00.142Z","UAV 2"
"FRT69009","Move to {-5499315.048189, -2250231.003964, 2310734.853397}","-",21.38066082,-157.73234161,"2026-08-03T22:00:00.142Z","UAV 2"
"ENGAZ004","Move to {-5499460.953457, -2250814.454542, 2309743.262342}","-",21.37336802,-157.73318922,"2026-08-03T22:00:00.142Z","UAV 2"
"ENMORT003","FFE-On-Location ""Location={-5498358.113175, -2250865.429793, 2312201.552453}""  Name of Weapons to Fire: Indirect-Fire-Gun:m9333he. Number-Of-Rounds: 1. Height-Above-Terrain: 0","-",21.37448817,-157.73726715,"2026-08-03T22:00:00.142Z","UAV 2"
"FRT69010","Move to {-5499315.048189, -2250231.003964, 2310734.853397}","-",21.38075805,-157.73208913,"2026-08-03T22:00:00.142Z","UAV 2"
"ENM1A2004","Move to {-5499107.729384, -2250754.164082, 2310538.606898}","-",21.37347036,-157.74313700,"2026-08-03T22:00:00.142Z","UAV 2"
"ENM35003","Move to {-5499460.953457, -2250814.454542, 2309743.262342}","-",21.37355777,-157.73315653,"2026-08-03T22:00:00.142Z","UAV 2"
"ENM1A2003","Move to {-5499107.729384, -2250754.164082, 2310538.606898}","-",21.37332118,-157.74325039,"2026-08-03T22:00:00.142Z","UAV 2"
"ENMORT005","FFE-On-Location ""Location={-5499123.141030, -2250320.406046, 2311025.754248}""  Name of Weapons to Fire: Indirect-Fire-Gun:m9333he. Number-Of-Rounds: 1. Height-Above-Terrain: 0","-",21.37463885,-157.73701809,"2026-08-03T22:00:00.142Z","UAV 2"
"ENM1A2001","Move to {-5499107.729384, -2250754.164082, 2310538.606898}","-",21.37344882,-157.74288997,"2026-08-03T22:00:00.142Z","UAV 2"
"FRT69007","Move to {-5499315.048189, -2250231.003964, 2310734.853397}","-",21.38070341,-157.73204111,"2026-08-03T22:00:00.142Z","UAV 2"
"ENMORT004","FFE-On-Location ""Location={-5498511.672389, -2250935.799735, 2311770.746054}""  Name of Weapons to Fire: Indirect-Fire-Gun:m9333he. Number-Of-Rounds: 1. Height-Above-Terrain: 0","-",21.37449517,-157.73695548,"2026-08-03T22:00:00.142Z","UAV 2"
"ENM35004","Move to {-5499460.953457, -2250814.454542, 2309743.262342}","-",21.37321724,-157.73305944,"2026-08-03T22:00:00.142Z","UAV 2"
"ENGAZ001","Move to {-5499460.953457, -2250814.454542, 2309743.262342}","-",21.37337566,-157.73279257,"2026-08-03T22:00:00.142Z","UAV 2"
"FRT69006","Move to {-5499315.048189, -2250231.003964, 2310734.853397}","-",21.38096235,-157.73222439,"2026-08-03T22:00:00.142Z","UAV 2"
"FRMORT001","FFE-On-Location ""Location={-5499191.503627, -2251825.311346, 2309314.511859}""  Name of Weapons to Fire: Indirect-Fire-Gun:m9333he. Number-Of-Rounds: 1. Height-Above-Terrain: 0","-",21.39116652,-157.73700854,"2026-08-03T22:00:00.142Z","UAV 2"
"ENM1A2002","Move to {-5499107.729384, -2250754.164082, 2310538.606898}","-",21.37356124,-157.74317200,"2026-08-03T22:00:00.142Z","UAV 2"
"FRT69003","Move to {-5499315.048189, -2250231.003964, 2310734.853397}","-",21.38097378,-157.73240275,"2026-08-03T22:00:00.142Z","UAV 2"
"FRT69005","Move to {-5499315.048189, -2250231.003964, 2310734.853397}","-",21.38100061,-157.73233777,"2026-08-03T22:00:00.142Z","UAV 2"
"ENM35002","Move to {-5499460.953457, -2250814.454542, 2309743.262342}","-",21.37340569,-157.73283903,"2026-08-03T22:00:00.142Z","UAV 2"
"ENGAZ003","Move to {-5499460.953457, -2250814.454542, 2309743.262342}","-",21.37338469,-157.73326221,"2026-08-03T22:00:00.142Z","UAV 2"
"ENM35001","Move to {-5499460.953457, -2250814.454542, 2309743.262342}","-",21.37314711,-157.73312307,"2026-08-03T22:00:00.142Z","UAV 2"
"FRMORT004","None","-",21.39105358,-157.73697074,"2026-08-03T22:00:00.142Z","UAV 2"
"ENMORT001","FFE-On-Location ""Location={-5499123.141030, -2250320.406046, 2311025.754248}""  Name of Weapons to Fire: Indirect-Fire-Gun:m9333he. Number-Of-Rounds: 1. Height-Above-Terrain: 0","-",21.37454920,-157.73726779,"2026-08-03T22:00:00.142Z","UAV 2"
"FRT69008","Move to {-5499315.048189, -2250231.003964, 2310734.853397}","-",21.38097008,-157.73244663,"2026-08-03T22:00:00.142Z","UAV 2"
"FRT69009","Move to {-5499315.048189, -2250231.003964, 2310734.853397}","-",21.38066082,-157.73234161,"2026-08-03T22:00:00.142Z","UAV 2"
"ENGAZ004","Move to {-5499460.953457, -2250814.454542, 2309743.262342}","-",21.37336802,-157.73318922,"2026-08-03T22:00:00.142Z","UAV 2"
"ENMORT003","FFE-On-Location ""Location={-5498358.113175, -2250865.429793, 2312201.552453}""  Name of Weapons to Fire: Indirect-Fire-Gun:m9333he. Number-Of-Rounds: 1. Height-Above-Terrain: 0","-",21.37448817,-157.73726715,"2026-08-03T22:00:00.142Z","UAV 2"
"FRT69010","Move to {-5499315.048189, -2250231.003964, 2310734.853397}","-",21.38075805,-157.73208913,"2026-08-03T22:00:00.142Z","UAV 2"
"ENM1A2004","Move to {-5499107.729384, -2250754.164082, 2310538.606898}","-",21.37347036,-157.74313700,"2026-08-03T22:00:00.142Z","UAV 2"
"ENM35003","Move to {-5499460.953457, -2250814.454542, 2309743.262342}","-",21.37355777,-157.73315653,"2026-08-03T22:00:00.142Z","UAV 2"
"FRM901001","None","-",21.39546138,-157.73719974,"2026-08-03T22:00:16.565Z","UAV 2"
"FRAHS001","FFE-On-Location ""Location={-5499191.503627, -2251825.311346, 2309314.511859}""  Name of Weapons to Fire: Indirect-Fire-Gun:M107-155mm. Number-Of-Rounds: 1. Height-Above-Terrain: 0","-",21.39511611,-157.73746058,"2026-08-03T22:00:16.565Z","UAV 2"
"FRM109003","Move to {-5499516.453323, -2249726.423604, 2310685.859186}","-",21.39548046,-157.73742142,"2026-08-03T22:00:16.565Z","UAV 2"
"FRM109002","Move to {-5499315.048189, -2250231.003964, 2310734.853397}","-",21.39537588,-157.73731370,"2026-08-03T22:00:16.565Z","UAV 2"
"FRM109001","Move to {-5499516.453323, -2249726.423604, 2310685.859186}","-",21.39517202,-157.73702550,"2026-08-03T22:00:16.565Z","UAV 2"
"FRAHS002","FFE-On-Location ""Location={-5499132.853573, -2251193.466895, 2310064.199617}""  Name of Weapons to Fire: Indirect-Fire-Gun:M107-155mm. Number-Of-Rounds: 1. Height-Above-Terrain: 0","-",21.39520418,-157.73742074,"2026-08-03T22:00:16.565Z","UAV 2"
"FRM901001","None","-",21.39546138,-157.73719974,"2026-08-03T22:00:18.442Z","UAV 2"
"FRAHS001","FFE-On-Location ""Location={-5499191.503627, -2251825.311346, 2309314.511859}""  Name of Weapons to Fire: Indirect-Fire-Gun:M107-155mm. Number-Of-Rounds: 1. Height-Above-Terrain: 0","-",21.39511611,-157.73746058,"2026-08-03T22:00:18.442Z","UAV 2"
"FRM109003","Move to {-5499516.453323, -2249726.423604, 2310685.859186}","-",21.39550836,-157.73752117,"2026-08-03T22:00:18.442Z","UAV 2"
"FRM109002","Move to {-5499315.048189, -2250231.003964, 2310734.853397}","-",21.39540379,-157.73741346,"2026-08-03T22:00:18.442Z","UAV 2"
"FRAHS002","FFE-On-Location ""Location={-5499132.853573, -2251193.466895, 2310064.199617}""  Name of Weapons to Fire: Indirect-Fire-Gun:M107-155mm. Number-Of-Rounds: 1. Height-Above-Terrain: 0","-",21.39520418,-157.73742074,"2026-08-03T22:00:18.442Z","UAV 2"
"FRM109003","Move to {-5499516.453323, -2249726.423604, 2310685.859186}","-",21.39539427,-157.73770711,"2026-08-03T22:00:20.732Z","UAV 2"
"ENM1A2003","Move to {-5499107.729384, -2250754.164082, 2310538.606898}","-",21.37332119,-157.74325039,"2026-08-03T22:00:00.143Z","UAV 2"
"ENMORT005","FFE-On-Location ""Location={-5499123.141030, -2250320.406046, 2311025.754248}""  Name of Weapons to Fire: Indirect-Fire-Gun:m9333he. Number-Of-Rounds: 1. Height-Above-Terrain: 0","-",21.37463885,-157.73701809,"2026-08-03T22:00:00.143Z","UAV 2"
"ENM1A2001","Move to {-5499107.729384, -2250754.164082, 2310538.606898}","-",21.37344883,-157.74288997,"2026-08-03T22:00:00.143Z","UAV 2"
"FRT69007","Move to {-5499315.048189, -2250231.003964, 2310734.853397}","-",21.38070341,-157.73204111,"2026-08-03T22:00:00.143Z","UAV 2"
"ENMORT004","FFE-On-Location ""Location={-5498511.672389, -2250935.799735, 2311770.746054}""  Name of Weapons to Fire: Indirect-Fire-Gun:m9333he. Number-Of-Rounds: 1. Height-Above-Terrain: 0","-",21.37449517,-157.73695548,"2026-08-03T22:00:00.143Z","UAV 2"
"ENM35004","Move to {-5499460.953457, -2250814.454542, 2309743.262342}","-",21.37321724,-157.73305944,"2026-08-03T22:00:00.143Z","UAV 2"
"ENGAZ001","Move to {-5499460.953457, -2250814.454542, 2309743.262342}","-",21.37337567,-157.73279257,"2026-08-03T22:00:00.143Z","UAV 2"
"FRT69006","Move to {-5499315.048189, -2250231.003964, 2310734.853397}","-",21.38096236,-157.73222439,"2026-08-03T22:00:00.143Z","UAV 2"
"FRMORT001","FFE-On-Location ""Location={-5499191.503627, -2251825.311346, 2309314.511859}""  Name of Weapons to Fire: Indirect-Fire-Gun:m9333he. Number-Of-Rounds: 1. Height-Above-Terrain: 0","-",21.39116652,-157.73700854,"2026-08-03T22:00:00.143Z","UAV 2"
"ENM1A2002","Move to {-5499107.729384, -2250754.164082, 2310538.606898}","-",21.37356125,-157.74317200,"2026-08-03T22:00:00.143Z","UAV 2"
"FRT69003","Move to {-5499315.048189, -2250231.003964, 2310734.853397}","-",21.38097379,-157.73240275,"2026-08-03T22:00:00.143Z","UAV 2"
"FRT69005","Move to {-5499315.048189, -2250231.003964, 2310734.853397}","-",21.38100062,-157.73233777,"2026-08-03T22:00:00.143Z","UAV 2"
"ENM35002","Move to {-5499460.953457, -2250814.454542, 2309743.262342}","-",21.37340569,-157.73283903,"2026-08-03T22:00:00.143Z","UAV 2"
"ENGAZ003","Move to {-5499460.953457, -2250814.454542, 2309743.262342}","-",21.37338469,-157.73326221,"2026-08-03T22:00:00.143Z","UAV 2"
"ENM35001","Move to {-5499460.953457, -2250814.454542, 2309743.262342}","-",21.37314712,-157.73312307,"2026-08-03T22:00:00.143Z","UAV 2"
"FRMORT004","None","-",21.39105358,-157.73697074,"2026-08-03T22:00:00.143Z","UAV 2"
"ENMORT001","FFE-On-Location ""Location={-5499123.141030, -2250320.406046, 2311025.754248}""  Name of Weapons to Fire: Indirect-Fire-Gun:m9333he. Number-Of-Rounds: 1. Height-Above-Terrain: 0","-",21.37454920,-157.73726779,"2026-08-03T22:00:00.143Z","UAV 2"
"FRT69008","Move to {-5499315.048189, -2250231.003964, 2310734.853397}","-",21.38097008,-157.73244663,"2026-08-03T22:00:00.143Z","UAV 2"
"FRT69009","Move to {-5499315.048189, -2250231.003964, 2310734.853397}","-",21.38066083,-157.73234161,"2026-08-03T22:00:00.143Z","UAV 2"
"ENGAZ004","Move to {-5499460.953457, -2250814.454542, 2309743.262342}","-",21.37336803,-157.73318922,"2026-08-03T22:00:00.143Z","UAV 2"
"ENMORT003","FFE-On-Location ""Location={-5498358.113175, -2250865.429793, 2312201.552453}""  Name of Weapons to Fire: Indirect-Fire-Gun:m9333he. Number-Of-Rounds: 1. Height-Above-Terrain: 0","-",21.37448817,-157.73726715,"2026-08-03T22:00:00.143Z","UAV 2"
"FRT69010","Move to {-5499315.048189, -2250231.003964, 2310734.853397}","-",21.38075806,-157.73208913,"2026-08-03T22:00:00.143Z","UAV 2"
"ENM1A2004","Move to {-5499107.729384, -2250754.164082, 2310538.606898}","-",21.37347037,-157.74313700,"2026-08-03T22:00:00.143Z","UAV 2"
"ENM35003","Move to {-5499460.953457, -2250814.454542, 2309743.262342}","-",21.37355777,-157.73315653,"2026-08-03T22:00:00.143Z","UAV 2"
"ENM1A2003","Move to {-5499107.729384, -2250754.164082, 2310538.606898}","-",21.37332119,-157.74325039,"2026-08-03T22:00:00.143Z","UAV 2"
"ENMORT005","FFE-On-Location ""Location={-5499123.141030, -2250320.406046, 2311025.754248}""  Name of Weapons to Fire: Indirect-Fire-Gun:m9333he. Number-Of-Rounds: 1. Height-Above-Terrain: 0","-",21.37463885,-157.73701809,"2026-08-03T22:00:00.143Z","UAV 2"
"ENM1A2001","Move to {-5499107.729384, -2250754.164082, 2310538.606898}","-",21.37344883,-157.74288997,"2026-08-03T22:00:00.143Z","UAV 2"
"FRT69007","Move to {-5499315.048189, -2250231.003964, 2310734.853397}","-",21.38070341,-157.73204111,"2026-08-03T22:00:00.143Z","UAV 2"
"ENMORT004","FFE-On-Location ""Location={-5498511.672389, -2250935.799735, 2311770.746054}""  Name of Weapons to Fire: Indirect-Fire-Gun:m9333he. Number-Of-Rounds: 1. Height-Above-Terrain: 0","-",21.37449517,-157.73695548,"2026-08-03T22:00:00.143Z","UAV 2"
"ENM35004","Move to {-5499460.953457, -2250814.454542, 2309743.262342}","-",21.37321724,-157.73305944,"2026-08-03T22:00:00.143Z","UAV 2"
"ENGAZ001","Move to {-5499460.953457, -2250814.454542, 2309743.262342}","-",21.37337567,-157.73279257,"2026-08-03T22:00:00.143Z","UAV 2"
"FRT69006","Move to {-5499315.048189, -2250231.003964, 2310734.853397}","-",21.38096236,-157.73222439,"2026-08-03T22:00:00.143Z","UAV 2"
"FRMORT001","FFE-On-Location ""Location={-5499191.503627, -2251825.311346, 2309314.511859}""  Name of Weapons to Fire: Indirect-Fire-Gun:m9333he. Number-Of-Rounds: 1. Height-Above-Terrain: 0","-",21.39116652,-157.73700854,"2026-08-03T22:00:00.143Z","UAV 2"
"ENM1A2002","Move to {-5499107.729384, -2250754.164082, 2310538.606898}","-",21.37356125,-157.74317200,"2026-08-03T22:00:00.143Z","UAV 2"
"FRT69003","Move to {-5499315.048189, -2250231.003964, 2310734.853397}","-",21.38097379,-157.73240275,"2026-08-03T22:00:00.143Z","UAV 2"
"FRT69005","Move to {-5499315.048189, -2250231.003964, 2310734.853397}","-",21.38100062,-157.73233777,"2026-08-03T22:00:00.143Z","UAV 2"
"ENM35002","Move to {-5499460.953457, -2250814.454542, 2309743.262342}","-",21.37340569,-157.73283903,"2026-08-03T22:00:00.143Z","UAV 2"
"ENGAZ003","Move to {-5499460.953457, -2250814.454542, 2309743.262342}","-",21.37338469,-157.73326221,"2026-08-03T22:00:00.143Z","UAV 2"
"ENM35001","Move to {-5499460.953457, -2250814.454542, 2309743.262342}","-",21.37314712,-157.73312307,"2026-08-03T22:00:00.143Z","UAV 2"
"FRMORT004","None","-",21.39105358,-157.73697074,"2026-08-03T22:00:00.143Z","UAV 2"
"ENMORT001","FFE-On-Location ""Location={-5499123.141030, -2250320.406046, 2311025.754248}""  Name of Weapons to Fire: Indirect-Fire-Gun:m9333he. Number-Of-Rounds: 1. Height-Above-Terrain: 0","-",21.37454920,-157.73726779,"2026-08-03T22:00:00.143Z","UAV 2"
"FRT69008","Move to {-5499315.048189, -2250231.003964, 2310734.853397}","-",21.38097008,-157.73244663,"2026-08-03T22:00:00.143Z","UAV 2"
"FRT69009","Move to {-5499315.048189, -2250231.003964, 2310734.853397}","-",21.38066083,-157.73234161,"2026-08-03T22:00:00.143Z","UAV 2"
"ENGAZ004","Move to {-5499460.953457, -2250814.454542, 2309743.262342}","-",21.37336803,-157.73318922,"2026-08-03T22:00:00.143Z","UAV 2"
"ENMORT003","FFE-On-Location ""Location={-5498358.113175, -2250865.429793, 2312201.552453}""  Name of Weapons to Fire: Indirect-Fire-Gun:m9333he. Number-Of-Rounds: 1. Height-Above-Terrain: 0","-",21.37448817,-157.73726715,"2026-08-03T22:00:00.143Z","UAV 2"
"FRT69010","Move to {-5499315.048189, -2250231.003964, 2310734.853397}","-",21.38075806,-157.73208913,"2026-08-03T22:00:00.143Z","UAV 2"
"ENM1A2004","Move to {-5499107.729384, -2250754.164082, 2310538.606898}","-",21.37347037,-157.74313700,"2026-08-03T22:00:00.143Z","UAV 2"
"ENM35003","Move to {-5499460.953457, -2250814.454542, 2309743.262342}","-",21.37355777,-157.73315653,"2026-08-03T22:00:00.143Z","UAV 2"
"FRT69003","Move to {-5499315.048189, -2250231.003964, 2310734.853397}","-",21.38107660,-157.73266381,"2026-08-03T22:00:04.160Z","UAV 2"
"FRT69008","Move to {-5499315.048189, -2250231.003964, 2310734.853397}","-",21.38107290,-157.73270770,"2026-08-03T22:00:04.160Z","UAV 2"
"FRT69003","Move to {-5499315.048189, -2250231.003964, 2310734.853397}","-",21.38107660,-157.73266381,"2026-08-03T22:00:04.160Z","UAV 2"
"FRT69008","Move to {-5499315.048189, -2250231.003964, 2310734.853397}","-",21.38107290,-157.73270770,"2026-08-03T22:00:04.160Z","UAV 2"
"FRT69003","Move to {-5499315.048189, -2250231.003964, 2310734.853397}","-",21.38107660,-157.73266381,"2026-08-03T22:00:04.160Z","UAV 2"
"FRT69008","Move to {-5499315.048189, -2250231.003964, 2310734.853397}","-",21.38107290,-157.73270770,"2026-08-03T22:00:04.160Z","UAV 2"
"FRM901001","None","-",21.39546138,-157.73719974,"2026-08-03T22:00:14.597Z","UAV 2"
"FRM109001","FFE-On-Location ""Location={-5499191.503627, -2251825.311346, 2309314.511859}""  Name of Weapons to Fire: Indirect-Fire-Gun:M107-155mm. Number-Of-Rounds: 1. Height-Above-Terrain: 0","-",21.39515360,-157.73702065,"2026-08-03T22:00:14.597Z","UAV 2"
"FRM901001","None","-",21.39546138,-157.73719974,"2026-08-03T22:00:14.597Z","UAV 2"
"FRM109001","Move to {-5499516.453323, -2249726.423604, 2310685.859186}","-",21.39515360,-157.73702065,"2026-08-03T22:00:14.597Z","UAV 2"
"FRM901001","None","-",21.39546138,-157.73719974,"2026-08-03T22:00:16.476Z","UAV 2"
"FRM109001","Move to {-5499516.453323, -2249726.423604, 2310685.859186}","-",21.39516200,-157.73702141,"2026-08-03T22:00:16.476Z","UAV 2"
"FRAHS001","FFE-On-Location ""Location={-5499191.503627, -2251825.311346, 2309314.511859}""  Name of Weapons to Fire: Indirect-Fire-Gun:M107-155mm. Number-Of-Rounds: 1. Height-Above-Terrain: 0","-",21.39511611,-157.73746058,"2026-08-03T22:00:16.476Z","UAV 2"
"FRM109003","Move to {-5499516.453323, -2249726.423604, 2310685.859186}","-",21.39547044,-157.73741733,"2026-08-03T22:00:16.476Z","UAV 2"
"FRM109002","Move to {-5499315.048189, -2250231.003964, 2310734.853397}","-",21.39536587,-157.73730961,"2026-08-03T22:00:16.476Z","UAV 2"
"FRAHS002","FFE-On-Location ""Location={-5499132.853573, -2251193.466895, 2310064.199617}""  Name of Weapons to Fire: Indirect-Fire-Gun:M107-155mm. Number-Of-Rounds: 1. Height-Above-Terrain: 0","-",21.39520418,-157.73742074,"2026-08-03T22:00:16.476Z","UAV 2"
"FRM109004","Move to {-5499315.048189, -2250231.003964, 2310734.853397}","-",21.39458377,-157.73789850,"2026-08-03T22:00:16.476Z","UAV 2"
"FRM901001","None","-",21.39546138,-157.73719974,"2026-08-03T22:00:18.669Z","UAV 2"
"FRAHS001","FFE-On-Location ""Location={-5499191.503627, -2251825.311346, 2309314.511859}""  Name of Weapons to Fire: Indirect-Fire-Gun:M107-155mm. Number-Of-Rounds: 1. Height-Above-Terrain: 0","-",21.39511611,-157.73746058,"2026-08-03T22:00:18.669Z","UAV 2"
"FRM109003","Move to {-5499516.453323, -2249726.423604, 2310685.859186}","-",21.39550850,-157.73751363,"2026-08-03T22:00:18.669Z","UAV 2"
"FRM109002","Move to {-5499315.048189, -2250231.003964, 2310734.853397}","-",21.39540393,-157.73740591,"2026-08-03T22:00:18.669Z","UAV 2"
"FRAHS002","FFE-On-Location ""Location={-5499132.853573, -2251193.466895, 2310064.199617}""  Name of Weapons to Fire: Indirect-Fire-Gun:M107-155mm. Number-Of-Rounds: 1. Height-Above-Terrain: 0","-",21.39520418,-157.73742074,"2026-08-03T22:00:18.669Z","UAV 2"
"FRCMD001","Move to {-5499315.048189, -2250231.003964, 2310734.853397}","-",21.38980654,-157.75016457,"2026-08-03T22:00:59.515Z","UAV 2"
"ENM1A2003","Move to {-5499107.729384, -2250754.164082, 2310538.606898}","-",21.37332110,-157.74325039,"2026-08-03T22:00:00.132Z","UAV 2"
"ENMORT005","FFE-On-Location ""Location={-5499123.141030, -2250320.406046, 2311025.754248}""  Name of Weapons to Fire: Indirect-Fire-Gun:m9333he. Number-Of-Rounds: 1. Height-Above-Terrain: 0","-",21.37463885,-157.73701809,"2026-08-03T22:00:00.132Z","UAV 2"
"ENM1A2001","Move to {-5499107.729384, -2250754.164082, 2310538.606898}","-",21.37344874,-157.74288997,"2026-08-03T22:00:00.132Z","UAV 2"
"FRT69007","Move to {-5499315.048189, -2250231.003964, 2310734.853397}","-",21.38070334,-157.73204111,"2026-08-03T22:00:00.132Z","UAV 2"
"ENMORT004","FFE-On-Location ""Location={-5498511.672389, -2250935.799735, 2311770.746054}""  Name of Weapons to Fire: Indirect-Fire-Gun:m9333he. Number-Of-Rounds: 1. Height-Above-Terrain: 0","-",21.37449517,-157.73695548,"2026-08-03T22:00:00.132Z","UAV 2"
"ENM35004","Move to {-5499460.953457, -2250814.454542, 2309743.262342}","-",21.37321720,-157.73305944,"2026-08-03T22:00:00.132Z","UAV 2"
"ENGAZ001","Move to {-5499460.953457, -2250814.454542, 2309743.262342}","-",21.37337561,-157.73279257,"2026-08-03T22:00:00.132Z","UAV 2"
"FRT69006","Move to {-5499315.048189, -2250231.003964, 2310734.853397}","-",21.38096228,-157.73222439,"2026-08-03T22:00:00.132Z","UAV 2"
"FRMORT001","FFE-On-Location ""Location={-5499191.503627, -2251825.311346, 2309314.511859}""  Name of Weapons to Fire: Indirect-Fire-Gun:m9333he. Number-Of-Rounds: 1. Height-Above-Terrain: 0","-",21.39116652,-157.73700854,"2026-08-03T22:00:00.132Z","UAV 2"
"ENM1A2002","Move to {-5499107.729384, -2250754.164082, 2310538.606898}","-",21.37356116,-157.74317200,"2026-08-03T22:00:00.132Z","UAV 2"
"FRT69003","Move to {-5499315.048189, -2250231.003964, 2310734.853397}","-",21.38097372,-157.73240275,"2026-08-03T22:00:00.132Z","UAV 2"
"FRT69005","Move to {-5499315.048189, -2250231.003964, 2310734.853397}","-",21.38100054,-157.73233777,"2026-08-03T22:00:00.132Z","UAV 2"
"ENM35002","Move to {-5499460.953457, -2250814.454542, 2309743.262342}","-",21.37340565,-157.73283903,"2026-08-03T22:00:00.132Z","UAV 2"
"ENGAZ003","Move to {-5499460.953457, -2250814.454542, 2309743.262342}","-",21.37338463,-157.73326221,"2026-08-03T22:00:00.132Z","UAV 2"
"ENM35001","Move to {-5499460.953457, -2250814.454542, 2309743.262342}","-",21.37314708,-157.73312307,"2026-08-03T22:00:00.132Z","UAV 2"
"FRMORT004","None","-",21.39105358,-157.73697074,"2026-08-03T22:00:00.132Z","UAV 2"
"ENMORT001","FFE-On-Location ""Location={-5499123.141030, -2250320.406046, 2311025.754248}""  Name of Weapons to Fire: Indirect-Fire-Gun:m9333he. Number-Of-Rounds: 1. Height-Above-Terrain: 0","-",21.37454920,-157.73726779,"2026-08-03T22:00:00.132Z","UAV 2"
"FRT69008","Move to {-5499315.048189, -2250231.003964, 2310734.853397}","-",21.38097001,-157.73244663,"2026-08-03T22:00:00.132Z","UAV 2"
"FRT69009","Move to {-5499315.048189, -2250231.003964, 2310734.853397}","-",21.38066075,-157.73234161,"2026-08-03T22:00:00.132Z","UAV 2"
"ENGAZ004","Move to {-5499460.953457, -2250814.454542, 2309743.262342}","-",21.37336797,-157.73318922,"2026-08-03T22:00:00.132Z","UAV 2"
"ENMORT003","FFE-On-Location ""Location={-5498358.113175, -2250865.429793, 2312201.552453}""  Name of Weapons to Fire: Indirect-Fire-Gun:m9333he. Number-Of-Rounds: 1. Height-Above-Terrain: 0","-",21.37448817,-157.73726715,"2026-08-03T22:00:00.132Z","UAV 2"
"FRT69010","Move to {-5499315.048189, -2250231.003964, 2310734.853397}","-",21.38075798,-157.73208913,"2026-08-03T22:00:00.132Z","UAV 2"
"ENM1A2004","Move to {-5499107.729384, -2250754.164082, 2310538.606898}","-",21.37347028,-157.74313700,"2026-08-03T22:00:00.132Z","UAV 2"
"ENM35003","Move to {-5499460.953457, -2250814.454542, 2309743.262342}","-",21.37355773,-157.73315653,"2026-08-03T22:00:00.132Z","UAV 2"
"ENM1A2003","Move to {-5499107.729384, -2250754.164082, 2310538.606898}","-",21.37332110,-157.74325039,"2026-08-03T22:00:00.132Z","UAV 2"
"ENMORT005","FFE-On-Location ""Location={-5499123.141030, -2250320.406046, 2311025.754248}""  Name of Weapons to Fire: Indirect-Fire-Gun:m9333he. Number-Of-Rounds: 1. Height-Above-Terrain: 0","-",21.37463885,-157.73701809,"2026-08-03T22:00:00.132Z","UAV 2"
"ENM1A2001","Move to {-5499107.729384, -2250754.164082, 2310538.606898}","-",21.37344874,-157.74288997,"2026-08-03T22:00:00.132Z","UAV 2"
"FRT69007","Move to {-5499315.048189, -2250231.003964, 2310734.853397}","-",21.38070334,-157.73204111,"2026-08-03T22:00:00.132Z","UAV 2"
"ENMORT004","FFE-On-Location ""Location={-5498511.672389, -2250935.799735, 2311770.746054}""  Name of Weapons to Fire: Indirect-Fire-Gun:m9333he. Number-Of-Rounds: 1. Height-Above-Terrain: 0","-",21.37449517,-157.73695548,"2026-08-03T22:00:00.132Z","UAV 2"
"ENM35004","Move to {-5499460.953457, -2250814.454542, 2309743.262342}","-",21.37321720,-157.73305944,"2026-08-03T22:00:00.132Z","UAV 2"
"ENGAZ001","Move to {-5499460.953457, -2250814.454542, 2309743.262342}","-",21.37337561,-157.73279257,"2026-08-03T22:00:00.132Z","UAV 2"
"FRT69006","Move to {-5499315.048189, -2250231.003964, 2310734.853397}","-",21.38096228,-157.73222439,"2026-08-03T22:00:00.132Z","UAV 2"
"FRMORT001","FFE-On-Location ""Location={-5499191.503627, -2251825.311346, 2309314.511859}""  Name of Weapons to Fire: Indirect-Fire-Gun:m9333he. Number-Of-Rounds: 1. Height-Above-Terrain: 0","-",21.39116652,-157.73700854,"2026-08-03T22:00:00.132Z","UAV 2"
"ENM1A2002","Move to {-5499107.729384, -2250754.164082, 2310538.606898}","-",21.37356116,-157.74317200,"2026-08-03T22:00:00.132Z","UAV 2"
"FRT69003","Move to {-5499315.048189, -2250231.003964, 2310734.853397}","-",21.38097372,-157.73240275,"2026-08-03T22:00:00.132Z","UAV 2"
"FRT69005","Move to {-5499315.048189, -2250231.003964, 2310734.853397}","-",21.38100054,-157.73233777,"2026-08-03T22:00:00.132Z","UAV 2"
"ENM35002","Move to {-5499460.953457, -2250814.454542, 2309743.262342}","-",21.37340565,-157.73283903,"2026-08-03T22:00:00.132Z","UAV 2"
"ENGAZ003","Move to {-5499460.953457, -2250814.454542, 2309743.262342}","-",21.37338463,-157.73326221,"2026-08-03T22:00:00.132Z","UAV 2"
"ENM35001","Move to {-5499460.953457, -2250814.454542, 2309743.262342}","-",21.37314708,-157.73312307,"2026-08-03T22:00:00.132Z","UAV 2"
"FRMORT004","None","-",21.39105358,-157.73697074,"2026-08-03T22:00:00.132Z","UAV 2"
"ENMORT001","FFE-On-Location ""Location={-5499123.141030, -2250320.406046, 2311025.754248}""  Name of Weapons to Fire: Indirect-Fire-Gun:m9333he. Number-Of-Rounds: 1. Height-Above-Terrain: 0","-",21.37454920,-157.73726779,"2026-08-03T22:00:00.132Z","UAV 2"
"FRT69008","Move to {-5499315.048189, -2250231.003964, 2310734.853397}","-",21.38097001,-157.73244663,"2026-08-03T22:00:00.132Z","UAV 2"
"FRT69009","Move to {-5499315.048189, -2250231.003964, 2310734.853397}","-",21.38066075,-157.73234161,"2026-08-03T22:00:00.132Z","UAV 2"
"ENGAZ004","Move to {-5499460.953457, -2250814.454542, 2309743.262342}","-",21.37336797,-157.73318922,"2026-08-03T22:00:00.132Z","UAV 2"
"ENMORT003","FFE-On-Location ""Location={-5498358.113175, -2250865.429793, 2312201.552453}""  Name of Weapons to Fire: Indirect-Fire-Gun:m9333he. Number-Of-Rounds: 1. Height-Above-Terrain: 0","-",21.37448817,-157.73726715,"2026-08-03T22:00:00.132Z","UAV 2"
"FRT69010","Move to {-5499315.048189, -2250231.003964, 2310734.853397}","-",21.38075798,-157.73208913,"2026-08-03T22:00:00.132Z","UAV 2"
"ENM1A2004","Move to {-5499107.729384, -2250754.164082, 2310538.606898}","-",21.37347028,-157.74313700,"2026-08-03T22:00:00.132Z","UAV 2"
"ENM35003","Move to {-5499460.953457, -2250814.454542, 2309743.262342}","-",21.37355773,-157.73315653,"2026-08-03T22:00:00.132Z","UAV 2"
"FRM901001","None","-",21.39546138,-157.73719974,"2026-08-03T22:00:14.636Z","UAV 2"
"FRM109001","Move to {-5499516.453323, -2249726.423604, 2310685.859186}","-",21.39515360,-157.73702065,"2026-08-03T22:00:14.636Z","UAV 2"
"FRM901001","None","-",21.39546138,-157.73719974,"2026-08-03T22:00:16.569Z","UAV 2"
"FRM109001","Move to {-5499516.453323, -2249726.423604, 2310685.859186}","-",21.39516481,-157.73702230,"2026-08-03T22:00:16.569Z","UAV 2"
"FRAHS001","FFE-On-Location ""Location={-5499191.503627, -2251825.311346, 2309314.511859}""  Name of Weapons to Fire: Indirect-Fire-Gun:M107-155mm. Number-Of-Rounds: 1. Height-Above-Terrain: 0","-",21.39511611,-157.73746058,"2026-08-03T22:00:16.569Z","UAV 2"
"FRM109003","Move to {-5499516.453323, -2249726.423604, 2310685.859186}","-",21.39547325,-157.73741822,"2026-08-03T22:00:16.569Z","UAV 2"
"FRM109002","Move to {-5499315.048189, -2250231.003964, 2310734.853397}","-",21.39536867,-157.73731050,"2026-08-03T22:00:16.569Z","UAV 2"
"FRAHS002","FFE-On-Location ""Location={-5499132.853573, -2251193.466895, 2310064.199617}""  Name of Weapons to Fire: Indirect-Fire-Gun:M107-155mm. Number-Of-Rounds: 1. Height-Above-Terrain: 0","-",21.39520418,-157.73742074,"2026-08-03T22:00:16.569Z","UAV 2"
"FRM109004","Move to {-5499315.048189, -2250231.003964, 2310734.853397}","-",21.39456954,-157.73790270,"2026-08-03T22:00:16.569Z","UAV 2"
"FRM901001","None","-",21.39546138,-157.73719974,"2026-08-03T22:00:18.785Z","UAV 2"
"FRAHS001","FFE-On-Location ""Location={-5499191.503627, -2251825.311346, 2309314.511859}""  Name of Weapons to Fire: Indirect-Fire-Gun:M107-155mm. Number-Of-Rounds: 1. Height-Above-Terrain: 0","-",21.39511611,-157.73746058,"2026-08-03T22:00:18.785Z","UAV 2"
"FRM109003","Move to {-5499516.453323, -2249726.423604, 2310685.859186}","-",21.39550483,-157.73752708,"2026-08-03T22:00:18.785Z","UAV 2"
"FRM109002","Move to {-5499315.048189, -2250231.003964, 2310734.853397}","-",21.39540025,-157.73741936,"2026-08-03T22:00:18.785Z","UAV 2"
"FRAHS002","FFE-On-Location ""Location={-5499132.853573, -2251193.466895, 2310064.199617}""  Name of Weapons to Fire: Indirect-Fire-Gun:M107-155mm. Number-Of-Rounds: 1. Height-Above-Terrain: 0","-",21.39520418,-157.73742074,"2026-08-03T22:00:18.785Z","UAV 2"
"FRM901001","None","-",21.39546138,-157.73719974,"2026-08-03T22:00:18.785Z","UAV 2"
"FRAHS001","FFE-On-Location ""Location={-5499191.503627, -2251825.311346, 2309314.511859}""  Name of Weapons to Fire: Indirect-Fire-Gun:M107-155mm. Number-Of-Rounds: 1. Height-Above-Terrain: 0","-",21.39511611,-157.73746058,"2026-08-03T22:00:18.785Z","UAV 2"
"FRM109003","Move to {-5499516.453323, -2249726.423604, 2310685.859186}","-",21.39550483,-157.73752708,"2026-08-03T22:00:18.785Z","UAV 2"
"FRM109002","Move to {-5499315.048189, -2250231.003964, 2310734.853397}","-",21.39540025,-157.73741936,"2026-08-03T22:00:18.785Z","UAV 2"
"FRAHS002","FFE-On-Location ""Location={-5499132.853573, -2251193.466895, 2310064.199617}""  Name of Weapons to Fire: Indirect-Fire-Gun:M107-155mm. Number-Of-Rounds: 1. Height-Above-Terrain: 0","-",21.39520418,-157.73742074,"2026-08-03T22:00:18.785Z","UAV 2"
"FRCMD001","Move to {-5499315.048189, -2250231.003964, 2310734.853397}","-",21.38980419,-157.75016359,"2026-08-03T22:00:59.656Z","UAV 2"
"ENM1A2003","Move to {-5499107.729384, -2250754.164082, 2310538.606898}","-",21.37332109,-157.74325039,"2026-08-03T22:00:00.131Z","UAV 2"
"ENMORT005","FFE-On-Location ""Location={-5499123.141030, -2250320.406046, 2311025.754248}""  Name of Weapons to Fire: Indirect-Fire-Gun:m9333he. Number-Of-Rounds: 1. Height-Above-Terrain: 0","-",21.37463885,-157.73701809,"2026-08-03T22:00:00.131Z","UAV 2"
"ENM1A2001","Move to {-5499107.729384, -2250754.164082, 2310538.606898}","-",21.37344873,-157.74288997,"2026-08-03T22:00:00.131Z","UAV 2"
"FRT69007","Move to {-5499315.048189, -2250231.003964, 2310734.853397}","-",21.38070334,-157.73204111,"2026-08-03T22:00:00.131Z","UAV 2"
"ENMORT004","FFE-On-Location ""Location={-5498511.672389, -2250935.799735, 2311770.746054}""  Name of Weapons to Fire: Indirect-Fire-Gun:m9333he. Number-Of-Rounds: 1. Height-Above-Terrain: 0","-",21.37449517,-157.73695548,"2026-08-03T22:00:00.131Z","UAV 2"
"ENM35004","Move to {-5499460.953457, -2250814.454542, 2309743.262342}","-",21.37321720,-157.73305944,"2026-08-03T22:00:00.131Z","UAV 2"
"ENGAZ001","Move to {-5499460.953457, -2250814.454542, 2309743.262342}","-",21.37337560,-157.73279257,"2026-08-03T22:00:00.131Z","UAV 2"
"FRT69006","Move to {-5499315.048189, -2250231.003964, 2310734.853397}","-",21.38096228,-157.73222439,"2026-08-03T22:00:00.131Z","UAV 2"
"FRMORT001","FFE-On-Location ""Location={-5499191.503627, -2251825.311346, 2309314.511859}""  Name of Weapons to Fire: Indirect-Fire-Gun:m9333he. Number-Of-Rounds: 1. Height-Above-Terrain: 0","-",21.39116652,-157.73700854,"2026-08-03T22:00:00.131Z","UAV 2"
"ENM1A2002","Move to {-5499107.729384, -2250754.164082, 2310538.606898}","-",21.37356115,-157.74317200,"2026-08-03T22:00:00.131Z","UAV 2"
"FRT69003","Move to {-5499315.048189, -2250231.003964, 2310734.853397}","-",21.38097371,-157.73240275,"2026-08-03T22:00:00.131Z","UAV 2"
"FRT69005","Move to {-5499315.048189, -2250231.003964, 2310734.853397}","-",21.38100054,-157.73233777,"2026-08-03T22:00:00.131Z","UAV 2"
"ENM35002","Move to {-5499460.953457, -2250814.454542, 2309743.262342}","-",21.37340565,-157.73283903,"2026-08-03T22:00:00.131Z","UAV 2"
"ENGAZ003","Move to {-5499460.953457, -2250814.454542, 2309743.262342}","-",21.37338463,-157.73326221,"2026-08-03T22:00:00.131Z","UAV 2"
"ENM35001","Move to {-5499460.953457, -2250814.454542, 2309743.262342}","-",21.37314708,-157.73312307,"2026-08-03T22:00:00.131Z","UAV 2"
"FRMORT004","None","-",21.39105358,-157.73697074,"2026-08-03T22:00:00.131Z","UAV 2"
"ENMORT001","FFE-On-Location ""Location={-5499123.141030, -2250320.406046, 2311025.754248}""  Name of Weapons to Fire: Indirect-Fire-Gun:m9333he. Number-Of-Rounds: 1. Height-Above-Terrain: 0","-",21.37454920,-157.73726779,"2026-08-03T22:00:00.131Z","UAV 2"
"FRT69008","Move to {-5499315.048189, -2250231.003964, 2310734.853397}","-",21.38097000,-157.73244663,"2026-08-03T22:00:00.131Z","UAV 2"
"FRT69009","Move to {-5499315.048189, -2250231.003964, 2310734.853397}","-",21.38066075,-157.73234161,"2026-08-03T22:00:00.131Z","UAV 2"
"ENGAZ004","Move to {-5499460.953457, -2250814.454542, 2309743.262342}","-",21.37336797,-157.73318922,"2026-08-03T22:00:00.131Z","UAV 2"
"ENMORT003","FFE-On-Location ""Location={-5498358.113175, -2250865.429793, 2312201.552453}""  Name of Weapons to Fire: Indirect-Fire-Gun:m9333he. Number-Of-Rounds: 1. Height-Above-Terrain: 0","-",21.37448817,-157.73726715,"2026-08-03T22:00:00.131Z","UAV 2"
"FRT69010","Move to {-5499315.048189, -2250231.003964, 2310734.853397}","-",21.38075798,-157.73208913,"2026-08-03T22:00:00.131Z","UAV 2"
"ENM1A2004","Move to {-5499107.729384, -2250754.164082, 2310538.606898}","-",21.37347028,-157.74313700,"2026-08-03T22:00:00.131Z","UAV 2"
"ENM35003","Move to {-5499460.953457, -2250814.454542, 2309743.262342}","-",21.37355773,-157.73315653,"2026-08-03T22:00:00.131Z","UAV 2"
"FRM109001","FFE-On-Location ""Location={-5499191.503627, -2251825.311346, 2309314.511859}""  Name of Weapons to Fire: Indirect-Fire-Gun:M107-155mm. Number-Of-Rounds: 1. Height-Above-Terrain: 0","-",21.39515360,-157.73702065,"2026-08-03T22:00:14.448Z","UAV 2"
"FRM109001","Move to {-5499516.453323, -2249726.423604, 2310685.859186}","-",21.39515360,-157.73702065,"2026-08-03T22:00:14.448Z","UAV 2"
"FRM109001","Move to {-5499516.453323, -2249726.423604, 2310685.859186}","-",21.39516469,-157.73702229,"2026-08-03T22:00:16.352Z","UAV 2"
"FRM901001","None","-",21.39546138,-157.73719974,"2026-08-03T22:00:16.352Z","UAV 2"
"FRAHS001","FFE-On-Location ""Location={-5499191.503627, -2251825.311346, 2309314.511859}""  Name of Weapons to Fire: Indirect-Fire-Gun:M107-155mm. Number-Of-Rounds: 1. Height-Above-Terrain: 0","-",21.39511611,-157.73746058,"2026-08-03T22:00:16.352Z","UAV 2"
"FRM109003","Move to {-5499516.453323, -2249726.423604, 2310685.859186}","-",21.39547313,-157.73741822,"2026-08-03T22:00:16.352Z","UAV 2"
"FRM109002","Move to {-5499315.048189, -2250231.003964, 2310734.853397}","-",21.39536855,-157.73731050,"2026-08-03T22:00:16.352Z","UAV 2"
"FRAHS002","FFE-On-Location ""Location={-5499132.853573, -2251193.466895, 2310064.199617}""  Name of Weapons to Fire: Indirect-Fire-Gun:M107-155mm. Number-Of-Rounds: 1. Height-Above-Terrain: 0","-",21.39520418,-157.73742074,"2026-08-03T22:00:16.352Z","UAV 2"
"FRM109004","Move to {-5499315.048189, -2250231.003964, 2310734.853397}","-",21.39458324,-157.73788980,"2026-08-03T22:00:16.352Z","UAV 2"
"FRM109001","Move to {-5499516.453323, -2249726.423604, 2310685.859186}","-",21.39519793,-157.73713033,"2026-08-03T22:00:18.570Z","UAV 2"
"FRM901001","None","-",21.39546138,-157.73719974,"2026-08-03T22:00:18.570Z","UAV 2"
"FRAHS001","FFE-On-Location ""Location={-5499191.503627, -2251825.311346, 2309314.511859}""  Name of Weapons to Fire: Indirect-Fire-Gun:M107-155mm. Number-Of-Rounds: 1. Height-Above-Terrain: 0","-",21.39511611,-157.73746058,"2026-08-03T22:00:18.570Z","UAV 2"
"FRM109003","Move to {-5499516.453323, -2249726.423604, 2310685.859186}","-",21.39550637,-157.73752625,"2026-08-03T22:00:18.570Z","UAV 2"
"FRM109002","Move to {-5499315.048189, -2250231.003964, 2310734.853397}","-",21.39540180,-157.73741853,"2026-08-03T22:00:18.570Z","UAV 2"
"FRAHS002","FFE-On-Location ""Location={-5499132.853573, -2251193.466895, 2310064.199617}""  Name of Weapons to Fire: Indirect-Fire-Gun:M107-155mm. Number-Of-Rounds: 1. Height-Above-Terrain: 0","-",21.39520418,-157.73742074,"2026-08-03T22:00:18.570Z","UAV 2"
"FRM109003","Move to {-5499516.453323, -2249726.423604, 2310685.859186}","-",21.39540369,-157.73769273,"2026-08-03T22:00:20.631Z","UAV 2"
"FRCMD001","Move to {-5499315.048189, -2250231.003964, 2310734.853397}","-",21.38980851,-157.75016539,"2026-08-03T22:00:59.266Z","UAV 2"
"ENM1A2003","Move to {-5499107.729384, -2250754.164082, 2310538.606898}","-",21.37332111,-157.74325039,"2026-08-03T22:00:00.133Z","UAV 2"
"ENMORT005","FFE-On-Location ""Location={-5499123.141030, -2250320.406046, 2311025.754248}""  Name of Weapons to Fire: Indirect-Fire-Gun:m9333he. Number-Of-Rounds: 1. Height-Above-Terrain: 0","-",21.37463885,-157.73701809,"2026-08-03T22:00:00.133Z","UAV 2"
"ENM1A2001","Move to {-5499107.729384, -2250754.164082, 2310538.606898}","-",21.37344875,-157.74288997,"2026-08-03T22:00:00.133Z","UAV 2"
"FRT69007","Move to {-5499315.048189, -2250231.003964, 2310734.853397}","-",21.38070335,-157.73204111,"2026-08-03T22:00:00.133Z","UAV 2"
"ENMORT004","FFE-On-Location ""Location={-5498511.672389, -2250935.799735, 2311770.746054}""  Name of Weapons to Fire: Indirect-Fire-Gun:m9333he. Number-Of-Rounds: 1. Height-Above-Terrain: 0","-",21.37449517,-157.73695548,"2026-08-03T22:00:00.133Z","UAV 2"
"ENM35004","Move to {-5499460.953457, -2250814.454542, 2309743.262342}","-",21.37321721,-157.73305944,"2026-08-03T22:00:00.133Z","UAV 2"
"ENGAZ001","Move to {-5499460.953457, -2250814.454542, 2309743.262342}","-",21.37337561,-157.73279257,"2026-08-03T22:00:00.133Z","UAV 2"
"FRT69006","Move to {-5499315.048189, -2250231.003964, 2310734.853397}","-",21.38096229,-157.73222439,"2026-08-03T22:00:00.133Z","UAV 2"
"FRMORT001","FFE-On-Location ""Location={-5499191.503627, -2251825.311346, 2309314.511859}""  Name of Weapons to Fire: Indirect-Fire-Gun:m9333he. Number-Of-Rounds: 1. Height-Above-Terrain: 0","-",21.39116652,-157.73700854,"2026-08-03T22:00:00.133Z","UAV 2"
"ENM1A2002","Move to {-5499107.729384, -2250754.164082, 2310538.606898}","-",21.37356117,-157.74317200,"2026-08-03T22:00:00.133Z","UAV 2"
"FRT69003","Move to {-5499315.048189, -2250231.003964, 2310734.853397}","-",21.38097373,-157.73240275,"2026-08-03T22:00:00.133Z","UAV 2"
"FRT69005","Move to {-5499315.048189, -2250231.003964, 2310734.853397}","-",21.38100055,-157.73233777,"2026-08-03T22:00:00.133Z","UAV 2"
"ENM35002","Move to {-5499460.953457, -2250814.454542, 2309743.262342}","-",21.37340566,-157.73283903,"2026-08-03T22:00:00.133Z","UAV 2"
"ENGAZ003","Move to {-5499460.953457, -2250814.454542, 2309743.262342}","-",21.37338464,-157.73326221,"2026-08-03T22:00:00.133Z","UAV 2"
"ENM35001","Move to {-5499460.953457, -2250814.454542, 2309743.262342}","-",21.37314708,-157.73312307,"2026-08-03T22:00:00.133Z","UAV 2"
"FRMORT004","None","-",21.39105358,-157.73697074,"2026-08-03T22:00:00.133Z","UAV 2"
"ENMORT001","FFE-On-Location ""Location={-5499123.141030, -2250320.406046, 2311025.754248}""  Name of Weapons to Fire: Indirect-Fire-Gun:m9333he. Number-Of-Rounds: 1. Height-Above-Terrain: 0","-",21.37454920,-157.73726779,"2026-08-03T22:00:00.133Z","UAV 2"
"FRT69008","Move to {-5499315.048189, -2250231.003964, 2310734.853397}","-",21.38097002,-157.73244663,"2026-08-03T22:00:00.133Z","UAV 2"
"FRT69009","Move to {-5499315.048189, -2250231.003964, 2310734.853397}","-",21.38066076,-157.73234161,"2026-08-03T22:00:00.133Z","UAV 2"
"ENGAZ004","Move to {-5499460.953457, -2250814.454542, 2309743.262342}","-",21.37336798,-157.73318922,"2026-08-03T22:00:00.133Z","UAV 2"
"ENMORT003","FFE-On-Location ""Location={-5498358.113175, -2250865.429793, 2312201.552453}""  Name of Weapons to Fire: Indirect-Fire-Gun:m9333he. Number-Of-Rounds: 1. Height-Above-Terrain: 0","-",21.37448817,-157.73726715,"2026-08-03T22:00:00.133Z","UAV 2"
"FRT69010","Move to {-5499315.048189, -2250231.003964, 2310734.853397}","-",21.38075800,-157.73208913,"2026-08-03T22:00:00.133Z","UAV 2"
"ENM1A2004","Move to {-5499107.729384, -2250754.164082, 2310538.606898}","-",21.37347029,-157.74313700,"2026-08-03T22:00:00.133Z","UAV 2"
"ENM35003","Move to {-5499460.953457, -2250814.454542, 2309743.262342}","-",21.37355774,-157.73315653,"2026-08-03T22:00:00.133Z","UAV 2"
"FRT69003","Move to {-5499315.048189, -2250231.003964, 2310734.853397}","-",21.38106581,-157.73267691,"2026-08-03T22:00:04.180Z","UAV 2"
"FRT69005","Move to {-5499315.048189, -2250231.003964, 2310734.853397}","-",21.38109249,-157.73261192,"2026-08-03T22:00:04.180Z","UAV 2"
"FRT69008","Move to {-5499315.048189, -2250231.003964, 2310734.853397}","-",21.38106212,-157.73272079,"2026-08-03T22:00:04.180Z","UAV 2"
"FRT69009","Move to {-5499315.048189, -2250231.003964, 2310734.853397}","-",21.38075468,-157.73261577,"2026-08-03T22:00:04.180Z","UAV 2"
"FRT69003","Move to {-5499315.048189, -2250231.003964, 2310734.853397}","-",21.38106581,-157.73267691,"2026-08-03T22:00:04.180Z","UAV 2"
"FRT69005","Move to {-5499315.048189, -2250231.003964, 2310734.853397}","-",21.38109249,-157.73261192,"2026-08-03T22:00:04.180Z","UAV 2"
"FRT69008","Move to {-5499315.048189, -2250231.003964, 2310734.853397}","-",21.38106212,-157.73272079,"2026-08-03T22:00:04.180Z","UAV 2"
"FRT69009","Move to {-5499315.048189, -2250231.003964, 2310734.853397}","-",21.38075468,-157.73261577,"2026-08-03T22:00:04.180Z","UAV 2"
"FRM109001","FFE-On-Location ""Location={-5499191.503627, -2251825.311346, 2309314.511859}""  Name of Weapons to Fire: Indirect-Fire-Gun:M107-155mm. Number-Of-Rounds: 1. Height-Above-Terrain: 0","-",21.39515360,-157.73702065,"2026-08-03T22:00:14.500Z","UAV 2"
"FRM109001","Move to {-5499516.453323, -2249726.423604, 2310685.859186}","-",21.39516520,-157.73702238,"2026-08-03T22:00:16.440Z","UAV 2"
"FRM901001","None","-",21.39546138,-157.73719974,"2026-08-03T22:00:16.440Z","UAV 2"
"FRAHS001","FFE-On-Location ""Location={-5499191.503627, -2251825.311346, 2309314.511859}""  Name of Weapons to Fire: Indirect-Fire-Gun:M107-155mm. Number-Of-Rounds: 1. Height-Above-Terrain: 0","-",21.39511611,-157.73746058,"2026-08-03T22:00:16.440Z","UAV 2"
"FRM109003","Move to {-5499516.453323, -2249726.423604, 2310685.859186}","-",21.39547364,-157.73741831,"2026-08-03T22:00:16.440Z","UAV 2"
"FRM109002","Move to {-5499315.048189, -2250231.003964, 2310734.853397}","-",21.39536907,-157.73731059,"2026-08-03T22:00:16.440Z","UAV 2"
"FRAHS002","FFE-On-Location ""Location={-5499132.853573, -2251193.466895, 2310064.199617}""  Name of Weapons to Fire: Indirect-Fire-Gun:M107-155mm. Number-Of-Rounds: 1. Height-Above-Terrain: 0","-",21.39520418,-157.73742074,"2026-08-03T22:00:16.440Z","UAV 2"
"FRM109004","Move to {-5499315.048189, -2250231.003964, 2310734.853397}","-",21.39457456,-157.73789597,"2026-08-03T22:00:16.440Z","UAV 2"
"FRM109001","Move to {-5499516.453323, -2249726.423604, 2310685.859186}","-",21.39516520,-157.73702238,"2026-08-03T22:00:16.440Z","UAV 2"
"FRM901001","None","-",21.39546138,-157.73719974,"2026-08-03T22:00:16.440Z","UAV 2"
"FRAHS001","FFE-On-Location ""Location={-5499191.503627, -2251825.311346, 2309314.511859}""  Name of Weapons to Fire: Indirect-Fire-Gun:M107-155mm. Number-Of-Rounds: 1. Height-Above-Terrain: 0","-",21.39511611,-157.73746058,"2026-08-03T22:00:16.440Z","UAV 2"
"FRM109003","Move to {-5499516.453323, -2249726.423604, 2310685.859186}","-",21.39547364,-157.73741831,"2026-08-03T22:00:16.440Z","UAV 2"
"FRM109002","Move to {-5499315.048189, -2250231.003964, 2310734.853397}","-",21.39536907,-157.73731059,"2026-08-03T22:00:16.440Z","UAV 2"
"FRAHS002","FFE-On-Location ""Location={-5499132.853573, -2251193.466895, 2310064.199617}""  Name of Weapons to Fire: Indirect-Fire-Gun:M107-155mm. Number-Of-Rounds: 1. Height-Above-Terrain: 0","-",21.39520418,-157.73742074,"2026-08-03T22:00:16.440Z","UAV 2"
"FRM109004","Move to {-5499315.048189, -2250231.003964, 2310734.853397}","-",21.39457456,-157.73789597,"2026-08-03T22:00:16.440Z","UAV 2"
"FRM109001","Move to {-5499516.453323, -2249726.423604, 2310685.859186}","-",21.39519996,-157.73712316,"2026-08-03T22:00:18.559Z","UAV 2"
"FRM901001","None","-",21.39546138,-157.73719974,"2026-08-03T22:00:18.559Z","UAV 2"
"FRAHS001","FFE-On-Location ""Location={-5499191.503627, -2251825.311346, 2309314.511859}""  Name of Weapons to Fire: Indirect-Fire-Gun:M107-155mm. Number-Of-Rounds: 1. Height-Above-Terrain: 0","-",21.39511611,-157.73746058,"2026-08-03T22:00:18.559Z","UAV 2"
"FRM109003","Move to {-5499516.453323, -2249726.423604, 2310685.859186}","-",21.39550840,-157.73751908,"2026-08-03T22:00:18.559Z","UAV 2"
"FRM109002","Move to {-5499315.048189, -2250231.003964, 2310734.853397}","-",21.39540383,-157.73741136,"2026-08-03T22:00:18.559Z","UAV 2"
"FRAHS002","FFE-On-Location ""Location={-5499132.853573, -2251193.466895, 2310064.199617}""  Name of Weapons to Fire: Indirect-Fire-Gun:M107-155mm. Number-Of-Rounds: 1. Height-Above-Terrain: 0","-",21.39520418,-157.73742074,"2026-08-03T22:00:18.559Z","UAV 2"
"FRCMD001","Move to {-5499315.048189, -2250231.003964, 2310734.853397}","-",21.38980630,-157.75016447,"2026-08-03T22:00:59.521Z","UAV 2"
"FRCMD001","Move to {-5499315.048189, -2250231.003964, 2310734.853397}","-",21.38980630,-157.75016447,"2026-08-03T22:00:59.521Z","UAV 2"
"ENM1A2003","Move to {-5499107.729384, -2250754.164082, 2310538.606898}","-",21.37332110,-157.74325039,"2026-08-03T22:00:00.132Z","UAV 2"
"ENMORT005","FFE-On-Location ""Location={-5499123.141030, -2250320.406046, 2311025.754248}""  Name of Weapons to Fire: Indirect-Fire-Gun:m9333he. Number-Of-Rounds: 1. Height-Above-Terrain: 0","-",21.37463885,-157.73701809,"2026-08-03T22:00:00.132Z","UAV 2"
"ENM1A2001","Move to {-5499107.729384, -2250754.164082, 2310538.606898}","-",21.37344874,-157.74288997,"2026-08-03T22:00:00.132Z","UAV 2"
"FRT69007","Move to {-5499315.048189, -2250231.003964, 2310734.853397}","-",21.38070334,-157.73204111,"2026-08-03T22:00:00.132Z","UAV 2"
"ENMORT004","FFE-On-Location ""Location={-5498511.672389, -2250935.799735, 2311770.746054}""  Name of Weapons to Fire: Indirect-Fire-Gun:m9333he. Number-Of-Rounds: 1. Height-Above-Terrain: 0","-",21.37449517,-157.73695548,"2026-08-03T22:00:00.132Z","UAV 2"
"ENM35004","Move to {-5499460.953457, -2250814.454542, 2309743.262342}","-",21.37321720,-157.73305944,"2026-08-03T22:00:00.132Z","UAV 2"
"ENGAZ001","Move to {-5499460.953457, -2250814.454542, 2309743.262342}","-",21.37337561,-157.73279257,"2026-08-03T22:00:00.132Z","UAV 2"
"FRT69006","Move to {-5499315.048189, -2250231.003964, 2310734.853397}","-",21.38096229,-157.73222439,"2026-08-03T22:00:00.132Z","UAV 2"
"FRMORT001","FFE-On-Location ""Location={-5499191.503627, -2251825.311346, 2309314.511859}""  Name of Weapons to Fire: Indirect-Fire-Gun:m9333he. Number-Of-Rounds: 1. Height-Above-Terrain: 0","-",21.39116652,-157.73700854,"2026-08-03T22:00:00.132Z","UAV 2"
"ENM1A2002","Move to {-5499107.729384, -2250754.164082, 2310538.606898}","-",21.37356116,-157.74317200,"2026-08-03T22:00:00.132Z","UAV 2"
"FRT69003","Move to {-5499315.048189, -2250231.003964, 2310734.853397}","-",21.38097372,-157.73240275,"2026-08-03T22:00:00.132Z","UAV 2"
"FRT69005","Move to {-5499315.048189, -2250231.003964, 2310734.853397}","-",21.38100055,-157.73233777,"2026-08-03T22:00:00.132Z","UAV 2"
"ENM35002","Move to {-5499460.953457, -2250814.454542, 2309743.262342}","-",21.37340565,-157.73283903,"2026-08-03T22:00:00.132Z","UAV 2"
"ENGAZ003","Move to {-5499460.953457, -2250814.454542, 2309743.262342}","-",21.37338463,-157.73326221,"2026-08-03T22:00:00.132Z","UAV 2"
"ENM35001","Move to {-5499460.953457, -2250814.454542, 2309743.262342}","-",21.37314708,-157.73312307,"2026-08-03T22:00:00.132Z","UAV 2"
"FRMORT004","None","-",21.39105358,-157.73697074,"2026-08-03T22:00:00.132Z","UAV 2"
"ENMORT001","FFE-On-Location ""Location={-5499123.141030, -2250320.406046, 2311025.754248}""  Name of Weapons to Fire: Indirect-Fire-Gun:m9333he. Number-Of-Rounds: 1. Height-Above-Terrain: 0","-",21.37454920,-157.73726779,"2026-08-03T22:00:00.132Z","UAV 2"
"FRT69008","Move to {-5499315.048189, -2250231.003964, 2310734.853397}","-",21.38097001,-157.73244663,"2026-08-03T22:00:00.132Z","UAV 2"
"FRT69009","Move to {-5499315.048189, -2250231.003964, 2310734.853397}","-",21.38066075,-157.73234161,"2026-08-03T22:00:00.132Z","UAV 2"
"ENGAZ004","Move to {-5499460.953457, -2250814.454542, 2309743.262342}","-",21.37336797,-157.73318922,"2026-08-03T22:00:00.132Z","UAV 2"
"ENMORT003","FFE-On-Location ""Location={-5498358.113175, -2250865.429793, 2312201.552453}""  Name of Weapons to Fire: Indirect-Fire-Gun:m9333he. Number-Of-Rounds: 1. Height-Above-Terrain: 0","-",21.37448817,-157.73726715,"2026-08-03T22:00:00.132Z","UAV 2"
"FRT69010","Move to {-5499315.048189, -2250231.003964, 2310734.853397}","-",21.38075799,-157.73208913,"2026-08-03T22:00:00.132Z","UAV 2"
"ENM1A2004","Move to {-5499107.729384, -2250754.164082, 2310538.606898}","-",21.37347028,-157.74313700,"2026-08-03T22:00:00.132Z","UAV 2"
"ENM35003","Move to {-5499460.953457, -2250814.454542, 2309743.262342}","-",21.37355773,-157.73315653,"2026-08-03T22:00:00.132Z","UAV 2"
"FRMORT002","FFE-On-Location ""Location={-5499132.853573, -2251193.466895, 2310064.199617}""  Name of Weapons to Fire: Indirect-Fire-Gun:m9333he. Number-Of-Rounds: 1. Height-Above-Terrain: 0","-",21.39124517,-157.73722922,"2026-08-03T22:00:04.265Z","UAV 2"
"FRMORT001","FFE-On-Location ""Location={-5499191.503627, -2251825.311346, 2309314.511859}""  Name of Weapons to Fire: Indirect-Fire-Gun:m9333he. Number-Of-Rounds: 1. Height-Above-Terrain: 0","-",21.39116652,-157.73700854,"2026-08-03T22:00:04.265Z","UAV 2"
"FRLAV002","Move to {-5499315.048189, -2250231.003964, 2310734.853397}","-",21.38991055,-157.74175327,"2026-08-03T22:00:04.265Z","UAV 2"
"FRLAV006","Move to {-5499315.048189, -2250231.003964, 2310734.853397}","-",21.38987192,-157.74207462,"2026-08-03T22:00:04.265Z","UAV 2"
"FRM113007","Move to {-5499315.048189, -2250231.003964, 2310734.853397}","-",21.39009928,-157.74184604,"2026-08-03T22:00:04.265Z","UAV 2"
"FRLAV008","Move to {-5499315.048189, -2250231.003964, 2310734.853397}","-",21.39001934,-157.74174854,"2026-08-03T22:00:04.265Z","UAV 2"
"FRM113006","Move to {-5499315.048189, -2250231.003964, 2310734.853397}","-",21.38990654,-157.74190826,"2026-08-03T22:00:04.265Z","UAV 2"
"FRMORT004","None","-",21.39105358,-157.73697074,"2026-08-03T22:00:04.265Z","UAV 2"
"FRLAV001","Move to {-5499315.048189, -2250231.003964, 2310734.853397}","-",21.38973840,-157.74171300,"2026-08-03T22:00:04.265Z","UAV 2"
"FRLAV003","Move to {-5499315.048189, -2250231.003964, 2310734.853397}","-",21.38980424,-157.74180005,"2026-08-03T22:00:04.265Z","UAV 2"
"FRMORT003","FFE-On-Location ""Location={-5499460.953457, -2250814.454542, 2309743.262342}""  Name of Weapons to Fire: Indirect-Fire-Gun:m9333he. Number-Of-Rounds: 1. Height-Above-Terrain: 0","-",21.39122072,-157.73728393,"2026-08-03T22:00:04.265Z","UAV 2"
"FRM113005","Move to {-5499315.048189, -2250231.003964, 2310734.853397}","-",21.38983730,-157.74207557,"2026-08-03T22:00:04.265Z","UAV 2"
"FRM113001","Move to {-5499315.048189, -2250231.003964, 2310734.853397}","-",21.38989765,-157.74163464,"2026-08-03T22:00:04.265Z","UAV 2"
"FRLAV005","Move to {-5499315.048189, -2250231.003964, 2310734.853397}","-",21.38998349,-157.74192909,"2026-08-03T22:00:04.265Z","UAV 2"
"FRM113004","Move to {-5499315.048189, -2250231.003964, 2310734.853397}","-",21.38980577,-157.74196554,"2026-08-03T22:00:04.265Z","UAV 2"
"FRLAV007","Move to {-5499315.048189, -2250231.003964, 2310734.853397}","-",21.39004102,-157.74177333,"2026-08-03T22:00:04.265Z","UAV 2"
"FRLAV004","Move to {-5499315.048189, -2250231.003964, 2310734.853397}","-",21.38965740,-157.74149962,"2026-08-03T22:00:04.265Z","UAV 2"
"FRMORT002","FFE-On-Location ""Location={-5499132.853573, -2251193.466895, 2310064.199617}""  Name of Weapons to Fire: Indirect-Fire-Gun:m9333he. Number-Of-Rounds: 1. Height-Above-Terrain: 0","-",21.39124517,-157.73722922,"2026-08-03T22:00:04.265Z","UAV 2"
"FRMORT001","FFE-On-Location ""Location={-5499191.503627, -2251825.311346, 2309314.511859}""  Name of Weapons to Fire: Indirect-Fire-Gun:m9333he. Number-Of-Rounds: 1. Height-Above-Terrain: 0","-",21.39116652,-157.73700854,"2026-08-03T22:00:04.265Z","UAV 2"
"FRLAV002","Move to {-5499315.048189, -2250231.003964, 2310734.853397}","-",21.38991055,-157.74175327,"2026-08-03T22:00:04.265Z","UAV 2"
"FRLAV006","Move to {-5499315.048189, -2250231.003964, 2310734.853397}","-",21.38987192,-157.74207462,"2026-08-03T22:00:04.265Z","UAV 2"
"FRM113007","Move to {-5499315.048189, -2250231.003964, 2310734.853397}","-",21.39009928,-157.74184604,"2026-08-03T22:00:04.265Z","UAV 2"
"FRLAV008","Move to {-5499315.048189, -2250231.003964, 2310734.853397}","-",21.39001934,-157.74174854,"2026-08-03T22:00:04.265Z","UAV 2"
"FRM113006","Move to {-5499315.048189, -2250231.003964, 2310734.853397}","-",21.38990654,-157.74190826,"2026-08-03T22:00:04.265Z","UAV 2"
"FRMORT004","None","-",21.39105358,-157.73697074,"2026-08-03T22:00:04.265Z","UAV 2"
"FRLAV001","Move to {-5499315.048189, -2250231.003964, 2310734.853397}","-",21.38973840,-157.74171300,"2026-08-03T22:00:04.265Z","UAV 2"
"FRLAV003","Move to {-5499315.048189, -2250231.003964, 2310734.853397}","-",21.38980424,-157.74180005,"2026-08-03T22:00:04.265Z","UAV 2"
"FRMORT003","FFE-On-Location ""Location={-5499460.953457, -2250814.454542, 2309743.262342}""  Name of Weapons to Fire: Indirect-Fire-Gun:m9333he. Number-Of-Rounds: 1. Height-Above-Terrain: 0","-",21.39122072,-157.73728393,"2026-08-03T22:00:04.265Z","UAV 2"
"FRM113005","Move to {-5499315.048189, -2250231.003964, 2310734.853397}","-",21.38983730,-157.74207557,"2026-08-03T22:00:04.265Z","UAV 2"
"FRM113001","Move to {-5499315.048189, -2250231.003964, 2310734.853397}","-",21.38989765,-157.74163464,"2026-08-03T22:00:04.265Z","UAV 2"
"FRLAV005","Move to {-5499315.048189, -2250231.003964, 2310734.853397}","-",21.38998349,-157.74192909,"2026-08-03T22:00:04.265Z","UAV 2"
"FRM113004","Move to {-5499315.048189, -2250231.003964, 2310734.853397}","-",21.38980577,-157.74196554,"2026-08-03T22:00:04.265Z","UAV 2"
"FRLAV007","Move to {-5499315.048189, -2250231.003964, 2310734.853397}","-",21.39004102,-157.74177333,"2026-08-03T22:00:04.265Z","UAV 2"
"FRLAV004","Move to {-5499315.048189, -2250231.003964, 2310734.853397}","-",21.38965740,-157.74149962,"2026-08-03T22:00:04.265Z","UAV 2"
"ENM1A2003","Move to {-5499107.729384, -2250754.164082, 2310538.606898}","-",21.37332109,-157.74325039,"2026-08-03T22:00:00.131Z","UAV 2"
"ENMORT005","FFE-On-Location ""Location={-5499123.141030, -2250320.406046, 2311025.754248}""  Name of Weapons to Fire: Indirect-Fire-Gun:m9333he. Number-Of-Rounds: 1. Height-Above-Terrain: 0","-",21.37463885,-157.73701809,"2026-08-03T22:00:00.131Z","UAV 2"
"ENM1A2001","Move to {-5499107.729384, -2250754.164082, 2310538.606898}","-",21.37344873,-157.74288997,"2026-08-03T22:00:00.131Z","UAV 2"
"FRT69007","Move to {-5499315.048189, -2250231.003964, 2310734.853397}","-",21.38070333,-157.73204111,"2026-08-03T22:00:00.131Z","UAV 2"
"ENMORT004","FFE-On-Location ""Location={-5498511.672389, -2250935.799735, 2311770.746054}""  Name of Weapons to Fire: Indirect-Fire-Gun:m9333he. Number-Of-Rounds: 1. Height-Above-Terrain: 0","-",21.37449517,-157.73695548,"2026-08-03T22:00:00.131Z","UAV 2"
"ENM35004","Move to {-5499460.953457, -2250814.454542, 2309743.262342}","-",21.37321720,-157.73305944,"2026-08-03T22:00:00.131Z","UAV 2"
"ENGAZ001","Move to {-5499460.953457, -2250814.454542, 2309743.262342}","-",21.37337560,-157.73279257,"2026-08-03T22:00:00.131Z","UAV 2"
"FRT69006","Move to {-5499315.048189, -2250231.003964, 2310734.853397}","-",21.38096228,-157.73222439,"2026-08-03T22:00:00.131Z","UAV 2"
"FRMORT001","FFE-On-Location ""Location={-5499191.503627, -2251825.311346, 2309314.511859}""  Name of Weapons to Fire: Indirect-Fire-Gun:m9333he. Number-Of-Rounds: 1. Height-Above-Terrain: 0","-",21.39116652,-157.73700854,"2026-08-03T22:00:00.131Z","UAV 2"
"ENM1A2002","Move to {-5499107.729384, -2250754.164082, 2310538.606898}","-",21.37356115,-157.74317200,"2026-08-03T22:00:00.131Z","UAV 2"
"FRT69003","Move to {-5499315.048189, -2250231.003964, 2310734.853397}","-",21.38097371,-157.73240275,"2026-08-03T22:00:00.131Z","UAV 2"
"FRT69005","Move to {-5499315.048189, -2250231.003964, 2310734.853397}","-",21.38100054,-157.73233777,"2026-08-03T22:00:00.131Z","UAV 2"
"ENM35002","Move to {-5499460.953457, -2250814.454542, 2309743.262342}","-",21.37340565,-157.73283903,"2026-08-03T22:00:00.131Z","UAV 2"
"ENGAZ003","Move to {-5499460.953457, -2250814.454542, 2309743.262342}","-",21.37338463,-157.73326221,"2026-08-03T22:00:00.131Z","UAV 2"
"ENM35001","Move to {-5499460.953457, -2250814.454542, 2309743.262342}","-",21.37314708,-157.73312307,"2026-08-03T22:00:00.131Z","UAV 2"
"FRMORT004","None","-",21.39105358,-157.73697074,"2026-08-03T22:00:00.131Z","UAV 2"
"ENMORT001","FFE-On-Location ""Location={-5499123.141030, -2250320.406046, 2311025.754248}""  Name of Weapons to Fire: Indirect-Fire-Gun:m9333he. Number-Of-Rounds: 1. Height-Above-Terrain: 0","-",21.37454920,-157.73726779,"2026-08-03T22:00:00.131Z","UAV 2"
"FRT69008","Move to {-5499315.048189, -2250231.003964, 2310734.853397}","-",21.38097000,-157.73244663,"2026-08-03T22:00:00.131Z","UAV 2"
"FRT69009","Move to {-5499315.048189, -2250231.003964, 2310734.853397}","-",21.38066074,-157.73234161,"2026-08-03T22:00:00.131Z","UAV 2"
"ENGAZ004","Move to {-5499460.953457, -2250814.454542, 2309743.262342}","-",21.37336796,-157.73318922,"2026-08-03T22:00:00.131Z","UAV 2"
"ENMORT003","FFE-On-Location ""Location={-5498358.113175, -2250865.429793, 2312201.552453}""  Name of Weapons to Fire: Indirect-Fire-Gun:m9333he. Number-Of-Rounds: 1. Height-Above-Terrain: 0","-",21.37448817,-157.73726715,"2026-08-03T22:00:00.131Z","UAV 2"
"FRT69010","Move to {-5499315.048189, -2250231.003964, 2310734.853397}","-",21.38075798,-157.73208913,"2026-08-03T22:00:00.131Z","UAV 2"
"ENM1A2004","Move to {-5499107.729384, -2250754.164082, 2310538.606898}","-",21.37347027,-157.74313700,"2026-08-03T22:00:00.131Z","UAV 2"
"ENM35003","Move to {-5499460.953457, -2250814.454542, 2309743.262342}","-",21.37355773,-157.73315653,"2026-08-03T22:00:00.131Z","UAV 2"
"ENM1A2003","Move to {-5499107.729384, -2250754.164082, 2310538.606898}","-",21.37332109,-157.74325039,"2026-08-03T22:00:00.131Z","UAV 2"
"ENMORT005","FFE-On-Location ""Location={-5499123.141030, -2250320.406046, 2311025.754248}""  Name of Weapons to Fire: Indirect-Fire-Gun:m9333he. Number-Of-Rounds: 1. Height-Above-Terrain: 0","-",21.37463885,-157.73701809,"2026-08-03T22:00:00.131Z","UAV 2"
"ENM1A2001","Move to {-5499107.729384, -2250754.164082, 2310538.606898}","-",21.37344873,-157.74288997,"2026-08-03T22:00:00.131Z","UAV 2"
"FRT69007","Move to {-5499315.048189, -2250231.003964, 2310734.853397}","-",21.38070333,-157.73204111,"2026-08-03T22:00:00.131Z","UAV 2"
"ENMORT004","FFE-On-Location ""Location={-5498511.672389, -2250935.799735, 2311770.746054}""  Name of Weapons to Fire: Indirect-Fire-Gun:m9333he. Number-Of-Rounds: 1. Height-Above-Terrain: 0","-",21.37449517,-157.73695548,"2026-08-03T22:00:00.131Z","UAV 2"
"ENM35004","Move to {-5499460.953457, -2250814.454542, 2309743.262342}","-",21.37321720,-157.73305944,"2026-08-03T22:00:00.131Z","UAV 2"
"ENGAZ001","Move to {-5499460.953457, -2250814.454542, 2309743.262342}","-",21.37337560,-157.73279257,"2026-08-03T22:00:00.131Z","UAV 2"
"FRT69006","Move to {-5499315.048189, -2250231.003964, 2310734.853397}","-",21.38096228,-157.73222439,"2026-08-03T22:00:00.131Z","UAV 2"
"FRMORT001","FFE-On-Location ""Location={-5499191.503627, -2251825.311346, 2309314.511859}""  Name of Weapons to Fire: Indirect-Fire-Gun:m9333he. Number-Of-Rounds: 1. Height-Above-Terrain: 0","-",21.39116652,-157.73700854,"2026-08-03T22:00:00.131Z","UAV 2"
"ENM1A2002","Move to {-5499107.729384, -2250754.164082, 2310538.606898}","-",21.37356115,-157.74317200,"2026-08-03T22:00:00.131Z","UAV 2"
"FRT69003","Move to {-5499315.048189, -2250231.003964, 2310734.853397}","-",21.38097371,-157.73240275,"2026-08-03T22:00:00.131Z","UAV 2"
"FRT69005","Move to {-5499315.048189, -2250231.003964, 2310734.853397}","-",21.38100054,-157.73233777,"2026-08-03T22:00:00.131Z","UAV 2"
"ENM35002","Move to {-5499460.953457, -2250814.454542, 2309743.262342}","-",21.37340565,-157.73283903,"2026-08-03T22:00:00.131Z","UAV 2"
"ENGAZ003","Move to {-5499460.953457, -2250814.454542, 2309743.262342}","-",21.37338463,-157.73326221,"2026-08-03T22:00:00.131Z","UAV 2"
"ENM35001","Move to {-5499460.953457, -2250814.454542, 2309743.262342}","-",21.37314708,-157.73312307,"2026-08-03T22:00:00.131Z","UAV 2"
"FRMORT004","None","-",21.39105358,-157.73697074,"2026-08-03T22:00:00.131Z","UAV 2"
"ENMORT001","FFE-On-Location ""Location={-5499123.141030, -2250320.406046, 2311025.754248}""  Name of Weapons to Fire: Indirect-Fire-Gun:m9333he. Number-Of-Rounds: 1. Height-Above-Terrain: 0","-",21.37454920,-157.73726779,"2026-08-03T22:00:00.131Z","UAV 2"
"FRT69008","Move to {-5499315.048189, -2250231.003964, 2310734.853397}","-",21.38097000,-157.73244663,"2026-08-03T22:00:00.131Z","UAV 2"
"FRT69009","Move to {-5499315.048189, -2250231.003964, 2310734.853397}","-",21.38066074,-157.73234161,"2026-08-03T22:00:00.131Z","UAV 2"
"ENGAZ004","Move to {-5499460.953457, -2250814.454542, 2309743.262342}","-",21.37336796,-157.73318922,"2026-08-03T22:00:00.131Z","UAV 2"
"ENMORT003","FFE-On-Location ""Location={-5498358.113175, -2250865.429793, 2312201.552453}""  Name of Weapons to Fire: Indirect-Fire-Gun:m9333he. Number-Of-Rounds: 1. Height-Above-Terrain: 0","-",21.37448817,-157.73726715,"2026-08-03T22:00:00.131Z","UAV 2"
"FRT69010","Move to {-5499315.048189, -2250231.003964, 2310734.853397}","-",21.38075798,-157.73208913,"2026-08-03T22:00:00.131Z","UAV 2"
"ENM1A2004","Move to {-5499107.729384, -2250754.164082, 2310538.606898}","-",21.37347027,-157.74313700,"2026-08-03T22:00:00.131Z","UAV 2"
"ENM35003","Move to {-5499460.953457, -2250814.454542, 2309743.262342}","-",21.37355773,-157.73315653,"2026-08-03T22:00:00.131Z","UAV 2"
"ENMORT005","FFE-On-Location ""Location={-5499123.141030, -2250320.406046, 2311025.754248}""  Name of Weapons to Fire: Indirect-Fire-Gun:m9333he. Number-Of-Rounds: 1. Height-Above-Terrain: 0","-",21.37463885,-157.73701809,"2026-08-03T22:00:02.305Z","UAV 2"
"FRT69007","Move to {-5499315.048189, -2250231.003964, 2310734.853397}","-",21.38077865,-157.73212350,"2026-08-03T22:00:02.305Z","UAV 2"
"ENMORT004","FFE-On-Location ""Location={-5498511.672389, -2250935.799735, 2311770.746054}""  Name of Weapons to Fire: Indirect-Fire-Gun:m9333he. Number-Of-Rounds: 1. Height-Above-Terrain: 0","-",21.37449517,-157.73695548,"2026-08-03T22:00:02.305Z","UAV 2"
"ENM35004","Move to {-5499460.953457, -2250814.454542, 2309743.262342}","-",21.37327116,-157.73310592,"2026-08-03T22:00:02.305Z","UAV 2"
"ENGAZ001","Move to {-5499460.953457, -2250814.454542, 2309743.262342}","-",21.37346303,-157.73285787,"2026-08-03T22:00:02.305Z","UAV 2"
"FRT69006","Move to {-5499315.048189, -2250231.003964, 2310734.853397}","-",21.38103759,-157.73230678,"2026-08-03T22:00:02.305Z","UAV 2"
"FRT69003","Move to {-5499315.048189, -2250231.003964, 2310734.853397}","-",21.38104902,-157.73248514,"2026-08-03T22:00:02.305Z","UAV 2"
"FRT69005","Move to {-5499315.048189, -2250231.003964, 2310734.853397}","-",21.38107585,-157.73242015,"2026-08-03T22:00:02.305Z","UAV 2"
"ENGAZ003","Move to {-5499460.953457, -2250814.454542, 2309743.262342}","-",21.37346856,-157.73332616,"2026-08-03T22:00:02.305Z","UAV 2"
"ENM35001","Move to {-5499460.953457, -2250814.454542, 2309743.262342}","-",21.37320075,-157.73316938,"2026-08-03T22:00:02.305Z","UAV 2"
"ENMORT001","FFE-On-Location ""Location={-5499123.141030, -2250320.406046, 2311025.754248}""  Name of Weapons to Fire: Indirect-Fire-Gun:m9333he. Number-Of-Rounds: 1. Height-Above-Terrain: 0","-",21.37454920,-157.73726779,"2026-08-03T22:00:02.305Z","UAV 2"
"FRT69008","Move to {-5499315.048189, -2250231.003964, 2310734.853397}","-",21.38104532,-157.73252902,"2026-08-03T22:00:02.305Z","UAV 2"
"FRT69009","Move to {-5499315.048189, -2250231.003964, 2310734.853397}","-",21.38073606,-157.73242399,"2026-08-03T22:00:02.305Z","UAV 2"
"ENMORT003","FFE-On-Location ""Location={-5498358.113175, -2250865.429793, 2312201.552453}""  Name of Weapons to Fire: Indirect-Fire-Gun:m9333he. Number-Of-Rounds: 1. Height-Above-Terrain: 0","-",21.37448817,-157.73726715,"2026-08-03T22:00:02.305Z","UAV 2"
"FRT69010","Move to {-5499315.048189, -2250231.003964, 2310734.853397}","-",21.38083329,-157.73217151,"2026-08-03T22:00:02.305Z","UAV 2"
"ENM35003","Move to {-5499460.953457, -2250814.454542, 2309743.262342}","-",21.37361368,-157.73320420,"2026-08-03T22:00:02.305Z","UAV 2"
"ENMORT005","FFE-On-Location ""Location={-5499123.141030, -2250320.406046, 2311025.754248}""  Name of Weapons to Fire: Indirect-Fire-Gun:m9333he. Number-Of-Rounds: 1. Height-Above-Terrain: 0","-",21.37463885,-157.73701809,"2026-08-03T22:00:02.305Z","UAV 2"
"FRT69007","Move to {-5499315.048189, -2250231.003964, 2310734.853397}","-",21.38077865,-157.73212350,"2026-08-03T22:00:02.305Z","UAV 2"
"ENMORT004","FFE-On-Location ""Location={-5498511.672389, -2250935.799735, 2311770.746054}""  Name of Weapons to Fire: Indirect-Fire-Gun:m9333he. Number-Of-Rounds: 1. Height-Above-Terrain: 0","-",21.37449517,-157.73695548,"2026-08-03T22:00:02.305Z","UAV 2"
"ENM35004","Move to {-5499460.953457, -2250814.454542, 2309743.262342}","-",21.37327116,-157.73310592,"2026-08-03T22:00:02.305Z","UAV 2"
"ENGAZ001","Move to {-5499460.953457, -2250814.454542, 2309743.262342}","-",21.37346303,-157.73285787,"2026-08-03T22:00:02.305Z","UAV 2"
"FRT69006","Move to {-5499315.048189, -2250231.003964, 2310734.853397}","-",21.38103759,-157.73230678,"2026-08-03T22:00:02.305Z","UAV 2"
"FRT69003","Move to {-5499315.048189, -2250231.003964, 2310734.853397}","-",21.38104902,-157.73248514,"2026-08-03T22:00:02.305Z","UAV 2"
"FRT69005","Move to {-5499315.048189, -2250231.003964, 2310734.853397}","-",21.38107585,-157.73242015,"2026-08-03T22:00:02.305Z","UAV 2"
"ENGAZ003","Move to {-5499460.953457, -2250814.454542, 2309743.262342}","-",21.37346856,-157.73332616,"2026-08-03T22:00:02.305Z","UAV 2"
"ENM35001","Move to {-5499460.953457, -2250814.454542, 2309743.262342}","-",21.37320075,-157.73316938,"2026-08-03T22:00:02.305Z","UAV 2"
"ENMORT001","FFE-On-Location ""Location={-5499123.141030, -2250320.406046, 2311025.754248}""  Name of Weapons to Fire: Indirect-Fire-Gun:m9333he. Number-Of-Rounds: 1. Height-Above-Terrain: 0","-",21.37454920,-157.73726779,"2026-08-03T22:00:02.305Z","UAV 2"
"FRT69008","Move to {-5499315.048189, -2250231.003964, 2310734.853397}","-",21.38104532,-157.73252902,"2026-08-03T22:00:02.305Z","UAV 2"
"FRT69009","Move to {-5499315.048189, -2250231.003964, 2310734.853397}","-",21.38073606,-157.73242399,"2026-08-03T22:00:02.305Z","UAV 2"
"ENMORT003","FFE-On-Location ""Location={-5498358.113175, -2250865.429793, 2312201.552453}""  Name of Weapons to Fire: Indirect-Fire-Gun:m9333he. Number-Of-Rounds: 1. Height-Above-Terrain: 0","-",21.37448817,-157.73726715,"2026-08-03T22:00:02.305Z","UAV 2"
"FRT69010","Move to {-5499315.048189, -2250231.003964, 2310734.853397}","-",21.38083329,-157.73217151,"2026-08-03T22:00:02.305Z","UAV 2"
"ENM35003","Move to {-5499460.953457, -2250814.454542, 2309743.262342}","-",21.37361368,-157.73320420,"2026-08-03T22:00:02.305Z","UAV 2"
"FRLAV002","Move to {-5499315.048189, -2250231.003964, 2310734.853397}","-",21.38991087,-157.74175307,"2026-08-03T22:00:04.369Z","UAV 2"
"FRLAV006","Move to {-5499315.048189, -2250231.003964, 2310734.853397}","-",21.38987223,-157.74207443,"2026-08-03T22:00:04.369Z","UAV 2"
"FRM113007","Move to {-5499315.048189, -2250231.003964, 2310734.853397}","-",21.39009962,-157.74184604,"2026-08-03T22:00:04.369Z","UAV 2"
"FRLAV008","Move to {-5499315.048189, -2250231.003964, 2310734.853397}","-",21.39001967,-157.74174833,"2026-08-03T22:00:04.369Z","UAV 2"
"FRM113006","Move to {-5499315.048189, -2250231.003964, 2310734.853397}","-",21.38990685,-157.74190826,"2026-08-03T22:00:04.369Z","UAV 2"
"FRLAV001","Move to {-5499315.048189, -2250231.003964, 2310734.853397}","-",21.38973869,-157.74171282,"2026-08-03T22:00:04.369Z","UAV 2"
"FRLAV003","Move to {-5499315.048189, -2250231.003964, 2310734.853397}","-",21.38980453,-157.74179987,"2026-08-03T22:00:04.369Z","UAV 2"
"FRM113005","Move to {-5499315.048189, -2250231.003964, 2310734.853397}","-",21.38983812,-157.74207665,"2026-08-03T22:00:04.369Z","UAV 2"
"FRM113001","Move to {-5499315.048189, -2250231.003964, 2310734.853397}","-",21.38989799,-157.74163464,"2026-08-03T22:00:04.369Z","UAV 2"
"FRLAV005","Move to {-5499315.048189, -2250231.003964, 2310734.853397}","-",21.38998383,-157.74192888,"2026-08-03T22:00:04.369Z","UAV 2"
"FRM113004","Move to {-5499315.048189, -2250231.003964, 2310734.853397}","-",21.38979225,-157.74195301,"2026-08-03T22:00:04.369Z","UAV 2"
"FRLAV007","Move to {-5499315.048189, -2250231.003964, 2310734.853397}","-",21.39004524,-157.74176564,"2026-08-03T22:00:04.369Z","UAV 2"
"FRLAV004","Move to {-5499315.048189, -2250231.003964, 2310734.853397}","-",21.38965859,-157.74154118,"2026-08-03T22:00:04.369Z","UAV 2"
"FRLAV002","Move to {-5499315.048189, -2250231.003964, 2310734.853397}","-",21.38991087,-157.74175307,"2026-08-03T22:00:04.369Z","UAV 2"
"FRLAV006","Move to {-5499315.048189, -2250231.003964, 2310734.853397}","-",21.38987223,-157.74207443,"2026-08-03T22:00:04.369Z","UAV 2"
"FRM113007","Move to {-5499315.048189, -2250231.003964, 2310734.853397}","-",21.39009962,-157.74184604,"2026-08-03T22:00:04.369Z","UAV 2"
"FRLAV008","Move to {-5499315.048189, -2250231.003964, 2310734.853397}","-",21.39001967,-157.74174833,"2026-08-03T22:00:04.369Z","UAV 2"
"FRM113006","Move to {-5499315.048189, -2250231.003964, 2310734.853397}","-",21.38990685,-157.74190826,"2026-08-03T22:00:04.369Z","UAV 2"
"FRLAV001","Move to {-5499315.048189, -2250231.003964, 2310734.853397}","-",21.38973869,-157.74171282,"2026-08-03T22:00:04.369Z","UAV 2"
"FRLAV003","Move to {-5499315.048189, -2250231.003964, 2310734.853397}","-",21.38980453,-157.74179987,"2026-08-03T22:00:04.369Z","UAV 2"
"FRM113005","Move to {-5499315.048189, -2250231.003964, 2310734.853397}","-",21.38983812,-157.74207665,"2026-08-03T22:00:04.369Z","UAV 2"
"FRM113001","Move to {-5499315.048189, -2250231.003964, 2310734.853397}","-",21.38989799,-157.74163464,"2026-08-03T22:00:04.369Z","UAV 2"
"FRLAV005","Move to {-5499315.048189, -2250231.003964, 2310734.853397}","-",21.38998383,-157.74192888,"2026-08-03T22:00:04.369Z","UAV 2"
"FRM113004","Move to {-5499315.048189, -2250231.003964, 2310734.853397}","-",21.38979225,-157.74195301,"2026-08-03T22:00:04.369Z","UAV 2"
"FRLAV007","Move to {-5499315.048189, -2250231.003964, 2310734.853397}","-",21.39004524,-157.74176564,"2026-08-03T22:00:04.369Z","UAV 2"
"FRLAV004","Move to {-5499315.048189, -2250231.003964, 2310734.853397}","-",21.38965859,-157.74154118,"2026-08-03T22:00:04.369Z","UAV 2"
"FRM109001","FFE-On-Location ""Location={-5499191.503627, -2251825.311346, 2309314.511859}""  Name of Weapons to Fire: Indirect-Fire-Gun:M107-155mm. Number-Of-Rounds: 1. Height-Above-Terrain: 0","-",21.39515360,-157.73702065,"2026-08-03T22:00:06.253Z","UAV 2"
"FRM109001","FFE-On-Location ""Location={-5499191.503627, -2251825.311346, 2309314.511859}""  Name of Weapons to Fire: Indirect-Fire-Gun:M107-155mm. Number-Of-Rounds: 1. Height-Above-Terrain: 0","-",21.39515360,-157.73702065,"2026-08-03T22:00:06.253Z","UAV 2"
"FRCMD002","Move to {-5499516.453323, -2249726.423604, 2310685.859186}","-",21.38920936,-157.75073312,"2026-08-03T22:01:20.114Z","UAV 2"
"FRCMD002","Move to {-5499516.453323, -2249726.423604, 2310685.859186}","-",21.38920936,-157.75073312,"2026-08-03T22:01:20.114Z","UAV 2"
"FRCMD002","Move to {-5499516.453323, -2249726.423604, 2310685.859186}","-",21.38918175,-157.75073601,"2026-08-03T22:01:22.163Z","UAV 2"
"ENM1A2003","Move to {-5499107.729384, -2250754.164082, 2310538.606898}","-",21.37332113,-157.74325039,"2026-08-03T22:00:00.135Z","UAV 2"
"ENMORT005","FFE-On-Location ""Location={-5499123.141030, -2250320.406046, 2311025.754248}""  Name of Weapons to Fire: Indirect-Fire-Gun:m9333he. Number-Of-Rounds: 1. Height-Above-Terrain: 0","-",21.37463885,-157.73701809,"2026-08-03T22:00:00.135Z","UAV 2"
"ENM1A2001","Move to {-5499107.729384, -2250754.164082, 2310538.606898}","-",21.37344877,-157.74288997,"2026-08-03T22:00:00.135Z","UAV 2"
"FRT69007","Move to {-5499315.048189, -2250231.003964, 2310734.853397}","-",21.38070336,-157.73204111,"2026-08-03T22:00:00.135Z","UAV 2"
"ENMORT004","FFE-On-Location ""Location={-5498511.672389, -2250935.799735, 2311770.746054}""  Name of Weapons to Fire: Indirect-Fire-Gun:m9333he. Number-Of-Rounds: 1. Height-Above-Terrain: 0","-",21.37449517,-157.73695548,"2026-08-03T22:00:00.135Z","UAV 2"
"ENM35004","Move to {-5499460.953457, -2250814.454542, 2309743.262342}","-",21.37321721,-157.73305944,"2026-08-03T22:00:00.135Z","UAV 2"
"ENGAZ001","Move to {-5499460.953457, -2250814.454542, 2309743.262342}","-",21.37337563,-157.73279257,"2026-08-03T22:00:00.135Z","UAV 2"
"FRT69006","Move to {-5499315.048189, -2250231.003964, 2310734.853397}","-",21.38096231,-157.73222439,"2026-08-03T22:00:00.135Z","UAV 2"
"FRMORT001","FFE-On-Location ""Location={-5499191.503627, -2251825.311346, 2309314.511859}""  Name of Weapons to Fire: Indirect-Fire-Gun:m9333he. Number-Of-Rounds: 1. Height-Above-Terrain: 0","-",21.39116652,-157.73700854,"2026-08-03T22:00:00.135Z","UAV 2"
"ENM1A2002","Move to {-5499107.729384, -2250754.164082, 2310538.606898}","-",21.37356118,-157.74317200,"2026-08-03T22:00:00.135Z","UAV 2"
"FRT69003","Move to {-5499315.048189, -2250231.003964, 2310734.853397}","-",21.38097374,-157.73240275,"2026-08-03T22:00:00.135Z","UAV 2"
"FRT69005","Move to {-5499315.048189, -2250231.003964, 2310734.853397}","-",21.38100057,-157.73233777,"2026-08-03T22:00:00.135Z","UAV 2"
"ENM35002","Move to {-5499460.953457, -2250814.454542, 2309743.262342}","-",21.37340566,-157.73283903,"2026-08-03T22:00:00.135Z","UAV 2"
"ENGAZ003","Move to {-5499460.953457, -2250814.454542, 2309743.262342}","-",21.37338465,-157.73326221,"2026-08-03T22:00:00.135Z","UAV 2"
"ENM35001","Move to {-5499460.953457, -2250814.454542, 2309743.262342}","-",21.37314709,-157.73312307,"2026-08-03T22:00:00.135Z","UAV 2"
"FRMORT004","None","-",21.39105358,-157.73697074,"2026-08-03T22:00:00.135Z","UAV 2"
"ENMORT001","FFE-On-Location ""Location={-5499123.141030, -2250320.406046, 2311025.754248}""  Name of Weapons to Fire: Indirect-Fire-Gun:m9333he. Number-Of-Rounds: 1. Height-Above-Terrain: 0","-",21.37454920,-157.73726779,"2026-08-03T22:00:00.135Z","UAV 2"
"FRT69008","Move to {-5499315.048189, -2250231.003964, 2310734.853397}","-",21.38097003,-157.73244663,"2026-08-03T22:00:00.135Z","UAV 2"
"FRT69009","Move to {-5499315.048189, -2250231.003964, 2310734.853397}","-",21.38066077,-157.73234161,"2026-08-03T22:00:00.135Z","UAV 2"
"ENGAZ004","Move to {-5499460.953457, -2250814.454542, 2309743.262342}","-",21.37336799,-157.73318922,"2026-08-03T22:00:00.135Z","UAV 2"
"ENMORT003","FFE-On-Location ""Location={-5498358.113175, -2250865.429793, 2312201.552453}""  Name of Weapons to Fire: Indirect-Fire-Gun:m9333he. Number-Of-Rounds: 1. Height-Above-Terrain: 0","-",21.37448817,-157.73726715,"2026-08-03T22:00:00.135Z","UAV 2"
"FRT69010","Move to {-5499315.048189, -2250231.003964, 2310734.853397}","-",21.38075801,-157.73208913,"2026-08-03T22:00:00.135Z","UAV 2"
"ENM1A2004","Move to {-5499107.729384, -2250754.164082, 2310538.606898}","-",21.37347031,-157.74313700,"2026-08-03T22:00:00.135Z","UAV 2"
"ENM35003","Move to {-5499460.953457, -2250814.454542, 2309743.262342}","-",21.37355774,-157.73315653,"2026-08-03T22:00:00.135Z","UAV 2"
"ENMORT005","FFE-On-Location ""Location={-5499123.141030, -2250320.406046, 2311025.754248}""  Name of Weapons to Fire: Indirect-Fire-Gun:m9333he. Number-Of-Rounds: 1. Height-Above-Terrain: 0","-",21.37463885,-157.73701809,"2026-08-03T22:00:02.121Z","UAV 2"
"FRT69007","Move to {-5499315.048189, -2250231.003964, 2310734.853397}","-",21.38077271,-157.73210684,"2026-08-03T22:00:02.121Z","UAV 2"
"ENMORT004","FFE-On-Location ""Location={-5498511.672389, -2250935.799735, 2311770.746054}""  Name of Weapons to Fire: Indirect-Fire-Gun:m9333he. Number-Of-Rounds: 1. Height-Above-Terrain: 0","-",21.37449517,-157.73695548,"2026-08-03T22:00:02.121Z","UAV 2"
"ENM35004","Move to {-5499460.953457, -2250814.454542, 2309743.262342}","-",21.37326554,-157.73309529,"2026-08-03T22:00:02.121Z","UAV 2"
"ENGAZ001","Move to {-5499460.953457, -2250814.454542, 2309743.262342}","-",21.37345228,-157.73284449,"2026-08-03T22:00:02.121Z","UAV 2"
"FRT69006","Move to {-5499315.048189, -2250231.003964, 2310734.853397}","-",21.38103166,-157.73229012,"2026-08-03T22:00:02.121Z","UAV 2"
"FRT69003","Move to {-5499315.048189, -2250231.003964, 2310734.853397}","-",21.38104309,-157.73246848,"2026-08-03T22:00:02.121Z","UAV 2"
"FRT69005","Move to {-5499315.048189, -2250231.003964, 2310734.853397}","-",21.38106991,-157.73240349,"2026-08-03T22:00:02.121Z","UAV 2"
"ENGAZ003","Move to {-5499460.953457, -2250814.454542, 2309743.262342}","-",21.37345840,-157.73331285,"2026-08-03T22:00:02.121Z","UAV 2"
"ENM35001","Move to {-5499460.953457, -2250814.454542, 2309743.262342}","-",21.37319517,-157.73315876,"2026-08-03T22:00:02.121Z","UAV 2"
"ENMORT001","FFE-On-Location ""Location={-5499123.141030, -2250320.406046, 2311025.754248}""  Name of Weapons to Fire: Indirect-Fire-Gun:m9333he. Number-Of-Rounds: 1. Height-Above-Terrain: 0","-",21.37454920,-157.73726779,"2026-08-03T22:00:02.121Z","UAV 2"
"FRT69008","Move to {-5499315.048189, -2250231.003964, 2310734.853397}","-",21.38103938,-157.73251236,"2026-08-03T22:00:02.121Z","UAV 2"
"FRT69009","Move to {-5499315.048189, -2250231.003964, 2310734.853397}","-",21.38073012,-157.73240734,"2026-08-03T22:00:02.121Z","UAV 2"
"ENMORT003","FFE-On-Location ""Location={-5498358.113175, -2250865.429793, 2312201.552453}""  Name of Weapons to Fire: Indirect-Fire-Gun:m9333he. Number-Of-Rounds: 1. Height-Above-Terrain: 0","-",21.37448817,-157.73726715,"2026-08-03T22:00:02.121Z","UAV 2"
"FRT69010","Move to {-5499315.048189, -2250231.003964, 2310734.853397}","-",21.38082736,-157.73215485,"2026-08-03T22:00:02.121Z","UAV 2"
"ENM35003","Move to {-5499460.953457, -2250814.454542, 2309743.262342}","-",21.37360773,-157.73319349,"2026-08-03T22:00:02.121Z","UAV 2"
"ENMORT005","FFE-On-Location ""Location={-5499123.141030, -2250320.406046, 2311025.754248}""  Name of Weapons to Fire: Indirect-Fire-Gun:m9333he. Number-Of-Rounds: 1. Height-Above-Terrain: 0","-",21.37463885,-157.73701809,"2026-08-03T22:00:02.121Z","UAV 2"
"FRT69007","Move to {-5499315.048189, -2250231.003964, 2310734.853397}","-",21.38077271,-157.73210684,"2026-08-03T22:00:02.121Z","UAV 2"
"ENMORT004","FFE-On-Location ""Location={-5498511.672389, -2250935.799735, 2311770.746054}""  Name of Weapons to Fire: Indirect-Fire-Gun:m9333he. Number-Of-Rounds: 1. Height-Above-Terrain: 0","-",21.37449517,-157.73695548,"2026-08-03T22:00:02.121Z","UAV 2"
"ENM35004","Move to {-5499460.953457, -2250814.454542, 2309743.262342}","-",21.37326554,-157.73309529,"2026-08-03T22:00:02.121Z","UAV 2"
"ENGAZ001","Move to {-5499460.953457, -2250814.454542, 2309743.262342}","-",21.37345228,-157.73284449,"2026-08-03T22:00:02.121Z","UAV 2"
"FRT69006","Move to {-5499315.048189, -2250231.003964, 2310734.853397}","-",21.38103166,-157.73229012,"2026-08-03T22:00:02.121Z","UAV 2"
"FRT69003","Move to {-5499315.048189, -2250231.003964, 2310734.853397}","-",21.38104309,-157.73246848,"2026-08-03T22:00:02.121Z","UAV 2"
"FRT69005","Move to {-5499315.048189, -2250231.003964, 2310734.853397}","-",21.38106991,-157.73240349,"2026-08-03T22:00:02.121Z","UAV 2"
"ENGAZ003","Move to {-5499460.953457, -2250814.454542, 2309743.262342}","-",21.37345840,-157.73331285,"2026-08-03T22:00:02.121Z","UAV 2"
"ENM35001","Move to {-5499460.953457, -2250814.454542, 2309743.262342}","-",21.37319517,-157.73315876,"2026-08-03T22:00:02.121Z","UAV 2"
"ENMORT001","FFE-On-Location ""Location={-5499123.141030, -2250320.406046, 2311025.754248}""  Name of Weapons to Fire: Indirect-Fire-Gun:m9333he. Number-Of-Rounds: 1. Height-Above-Terrain: 0","-",21.37454920,-157.73726779,"2026-08-03T22:00:02.121Z","UAV 2"
"FRT69008","Move to {-5499315.048189, -2250231.003964, 2310734.853397}","-",21.38103938,-157.73251236,"2026-08-03T22:00:02.121Z","UAV 2"
"FRT69009","Move to {-5499315.048189, -2250231.003964, 2310734.853397}","-",21.38073012,-157.73240734,"2026-08-03T22:00:02.121Z","UAV 2"
"ENMORT003","FFE-On-Location ""Location={-5498358.113175, -2250865.429793, 2312201.552453}""  Name of Weapons to Fire: Indirect-Fire-Gun:m9333he. Number-Of-Rounds: 1. Height-Above-Terrain: 0","-",21.37448817,-157.73726715,"2026-08-03T22:00:02.121Z","UAV 2"
"FRT69010","Move to {-5499315.048189, -2250231.003964, 2310734.853397}","-",21.38082736,-157.73215485,"2026-08-03T22:00:02.121Z","UAV 2"
"ENM35003","Move to {-5499460.953457, -2250814.454542, 2309743.262342}","-",21.37360773,-157.73319349,"2026-08-03T22:00:02.121Z","UAV 2"
"FRLAV002","Move to {-5499315.048189, -2250231.003964, 2310734.853397}","-",21.38991026,-157.74175345,"2026-08-03T22:00:04.188Z","UAV 2"
"FRLAV006","Move to {-5499315.048189, -2250231.003964, 2310734.853397}","-",21.38987165,-157.74207479,"2026-08-03T22:00:04.188Z","UAV 2"
"FRM113007","Move to {-5499315.048189, -2250231.003964, 2310734.853397}","-",21.39009898,-157.74184604,"2026-08-03T22:00:04.188Z","UAV 2"
"FRLAV008","Move to {-5499315.048189, -2250231.003964, 2310734.853397}","-",21.39001906,-157.74174870,"2026-08-03T22:00:04.188Z","UAV 2"
"FRM113006","Move to {-5499315.048189, -2250231.003964, 2310734.853397}","-",21.38990623,-157.74190826,"2026-08-03T22:00:04.188Z","UAV 2"
"FRLAV001","Move to {-5499315.048189, -2250231.003964, 2310734.853397}","-",21.38973813,-157.74171317,"2026-08-03T22:00:04.188Z","UAV 2"
"FRLAV003","Move to {-5499315.048189, -2250231.003964, 2310734.853397}","-",21.38980397,-157.74180021,"2026-08-03T22:00:04.188Z","UAV 2"
"FRM113005","Move to {-5499315.048189, -2250231.003964, 2310734.853397}","-",21.38983947,-157.74207754,"2026-08-03T22:00:04.188Z","UAV 2"
"FRM113001","Move to {-5499315.048189, -2250231.003964, 2310734.853397}","-",21.38989736,-157.74163464,"2026-08-03T22:00:04.188Z","UAV 2"
"FRLAV005","Move to {-5499315.048189, -2250231.003964, 2310734.853397}","-",21.38998320,-157.74192927,"2026-08-03T22:00:04.188Z","UAV 2"
"FRM113004","Move to {-5499315.048189, -2250231.003964, 2310734.853397}","-",21.38979403,-157.74195415,"2026-08-03T22:00:04.188Z","UAV 2"
"FRLAV007","Move to {-5499315.048189, -2250231.003964, 2310734.853397}","-",21.39004141,-157.74177280,"2026-08-03T22:00:04.188Z","UAV 2"
"FRLAV004","Move to {-5499315.048189, -2250231.003964, 2310734.853397}","-",21.38965739,-157.74153593,"2026-08-03T22:00:04.188Z","UAV 2"
"FRLAV002","Move to {-5499315.048189, -2250231.003964, 2310734.853397}","-",21.38991026,-157.74175345,"2026-08-03T22:00:04.188Z","UAV 2"
"FRLAV006","Move to {-5499315.048189, -2250231.003964, 2310734.853397}","-",21.38987165,-157.74207479,"2026-08-03T22:00:04.188Z","UAV 2"
"FRM113007","Move to {-5499315.048189, -2250231.003964, 2310734.853397}","-",21.39009898,-157.74184604,"2026-08-03T22:00:04.188Z","UAV 2"
"FRLAV008","Move to {-5499315.048189, -2250231.003964, 2310734.853397}","-",21.39001906,-157.74174870,"2026-08-03T22:00:04.188Z","UAV 2"
"FRM113006","Move to {-5499315.048189, -2250231.003964, 2310734.853397}","-",21.38990623,-157.74190826,"2026-08-03T22:00:04.188Z","UAV 2"
"FRLAV001","Move to {-5499315.048189, -2250231.003964, 2310734.853397}","-",21.38973813,-157.74171317,"2026-08-03T22:00:04.188Z","UAV 2"
"FRLAV003","Move to {-5499315.048189, -2250231.003964, 2310734.853397}","-",21.38980397,-157.74180021,"2026-08-03T22:00:04.188Z","UAV 2"
"FRM113005","Move to {-5499315.048189, -2250231.003964, 2310734.853397}","-",21.38983947,-157.74207754,"2026-08-03T22:00:04.188Z","UAV 2"
"FRM113001","Move to {-5499315.048189, -2250231.003964, 2310734.853397}","-",21.38989736,-157.74163464,"2026-08-03T22:00:04.188Z","UAV 2"
"FRLAV005","Move to {-5499315.048189, -2250231.003964, 2310734.853397}","-",21.38998320,-157.74192927,"2026-08-03T22:00:04.188Z","UAV 2"
"FRM113004","Move to {-5499315.048189, -2250231.003964, 2310734.853397}","-",21.38979403,-157.74195415,"2026-08-03T22:00:04.188Z","UAV 2"
"FRLAV007","Move to {-5499315.048189, -2250231.003964, 2310734.853397}","-",21.39004141,-157.74177280,"2026-08-03T22:00:04.188Z","UAV 2"
"FRLAV004","Move to {-5499315.048189, -2250231.003964, 2310734.853397}","-",21.38965739,-157.74153593,"2026-08-03T22:00:04.188Z","UAV 2"
"FRM109001","FFE-On-Location ""Location={-5499191.503627, -2251825.311346, 2309314.511859}""  Name of Weapons to Fire: Indirect-Fire-Gun:M107-155mm. Number-Of-Rounds: 1. Height-Above-Terrain: 0","-",21.39515360,-157.73702065,"2026-08-03T22:00:06.160Z","UAV 2"
"FRM109001","FFE-On-Location ""Location={-5499191.503627, -2251825.311346, 2309314.511859}""  Name of Weapons to Fire: Indirect-Fire-Gun:M107-155mm. Number-Of-Rounds: 1. Height-Above-Terrain: 0","-",21.39515360,-157.73702065,"2026-08-03T22:00:06.160Z","UAV 2"
"FRM109001","FFE-On-Location ""Location={-5499191.503627, -2251825.311346, 2309314.511859}""  Name of Weapons to Fire: Indirect-Fire-Gun:M107-155mm. Number-Of-Rounds: 1. Height-Above-Terrain: 0","-",21.39515360,-157.73702065,"2026-08-03T22:00:06.160Z","UAV 2"
"ENM1A2003","Move to {-5499107.729384, -2250754.164082, 2310538.606898}","-",21.37332125,-157.74325039,"2026-08-03T22:00:00.151Z","UAV 2"
"ENMORT005","FFE-On-Location ""Location={-5499123.141030, -2250320.406046, 2311025.754248}""  Name of Weapons to Fire: Indirect-Fire-Gun:m9333he. Number-Of-Rounds: 1. Height-Above-Terrain: 0","-",21.37463885,-157.73701809,"2026-08-03T22:00:00.151Z","UAV 2"
"ENM1A2001","Move to {-5499107.729384, -2250754.164082, 2310538.606898}","-",21.37344889,-157.74288997,"2026-08-03T22:00:00.151Z","UAV 2"
"FRT69007","Move to {-5499315.048189, -2250231.003964, 2310734.853397}","-",21.38070347,-157.73204111,"2026-08-03T22:00:00.151Z","UAV 2"
"ENMORT004","FFE-On-Location ""Location={-5498511.672389, -2250935.799735, 2311770.746054}""  Name of Weapons to Fire: Indirect-Fire-Gun:m9333he. Number-Of-Rounds: 1. Height-Above-Terrain: 0","-",21.37449517,-157.73695548,"2026-08-03T22:00:00.151Z","UAV 2"
"ENM35004","Move to {-5499460.953457, -2250814.454542, 2309743.262342}","-",21.37321727,-157.73305944,"2026-08-03T22:00:00.151Z","UAV 2"
"ENGAZ001","Move to {-5499460.953457, -2250814.454542, 2309743.262342}","-",21.37337571,-157.73279257,"2026-08-03T22:00:00.151Z","UAV 2"
"FRT69006","Move to {-5499315.048189, -2250231.003964, 2310734.853397}","-",21.38096241,-157.73222439,"2026-08-03T22:00:00.151Z","UAV 2"
"FRMORT001","FFE-On-Location ""Location={-5499191.503627, -2251825.311346, 2309314.511859}""  Name of Weapons to Fire: Indirect-Fire-Gun:m9333he. Number-Of-Rounds: 1. Height-Above-Terrain: 0","-",21.39116652,-157.73700854,"2026-08-03T22:00:00.151Z","UAV 2"
"ENM1A2002","Move to {-5499107.729384, -2250754.164082, 2310538.606898}","-",21.37356131,-157.74317200,"2026-08-03T22:00:00.151Z","UAV 2"
"FRT69003","Move to {-5499315.048189, -2250231.003964, 2310734.853397}","-",21.38097384,-157.73240275,"2026-08-03T22:00:00.151Z","UAV 2"
"FRT69005","Move to {-5499315.048189, -2250231.003964, 2310734.853397}","-",21.38100067,-157.73233777,"2026-08-03T22:00:00.151Z","UAV 2"
"ENM35002","Move to {-5499460.953457, -2250814.454542, 2309743.262342}","-",21.37340572,-157.73283903,"2026-08-03T22:00:00.151Z","UAV 2"
"ENGAZ003","Move to {-5499460.953457, -2250814.454542, 2309743.262342}","-",21.37338474,-157.73326221,"2026-08-03T22:00:00.151Z","UAV 2"
"ENM35001","Move to {-5499460.953457, -2250814.454542, 2309743.262342}","-",21.37314714,-157.73312307,"2026-08-03T22:00:00.151Z","UAV 2"
"FRMORT004","None","-",21.39105358,-157.73697074,"2026-08-03T22:00:00.151Z","UAV 2"
"ENMORT001","FFE-On-Location ""Location={-5499123.141030, -2250320.406046, 2311025.754248}""  Name of Weapons to Fire: Indirect-Fire-Gun:m9333he. Number-Of-Rounds: 1. Height-Above-Terrain: 0","-",21.37454920,-157.73726779,"2026-08-03T22:00:00.151Z","UAV 2"
"FRT69008","Move to {-5499315.048189, -2250231.003964, 2310734.853397}","-",21.38097014,-157.73244663,"2026-08-03T22:00:00.151Z","UAV 2"
"FRT69009","Move to {-5499315.048189, -2250231.003964, 2310734.853397}","-",21.38066088,-157.73234161,"2026-08-03T22:00:00.151Z","UAV 2"
"ENGAZ004","Move to {-5499460.953457, -2250814.454542, 2309743.262342}","-",21.37336807,-157.73318922,"2026-08-03T22:00:00.151Z","UAV 2"
"ENMORT003","FFE-On-Location ""Location={-5498358.113175, -2250865.429793, 2312201.552453}""  Name of Weapons to Fire: Indirect-Fire-Gun:m9333he. Number-Of-Rounds: 1. Height-Above-Terrain: 0","-",21.37448817,-157.73726715,"2026-08-03T22:00:00.151Z","UAV 2"
"FRT69010","Move to {-5499315.048189, -2250231.003964, 2310734.853397}","-",21.38075811,-157.73208913,"2026-08-03T22:00:00.151Z","UAV 2"
"ENM1A2004","Move to {-5499107.729384, -2250754.164082, 2310538.606898}","-",21.37347043,-157.74313700,"2026-08-03T22:00:00.151Z","UAV 2"
"ENM35003","Move to {-5499460.953457, -2250814.454542, 2309743.262342}","-",21.37355780,-157.73315653,"2026-08-03T22:00:00.151Z","UAV 2"
"FRT69007","Move to {-5499315.048189, -2250231.003964, 2310734.853397}","-",21.38077264,-157.73211119,"2026-08-03T22:00:02.154Z","UAV 2"
"FRT69010","Move to {-5499315.048189, -2250231.003964, 2310734.853397}","-",21.38082729,-157.73215920,"2026-08-03T22:00:02.154Z","UAV 2"
"FRT69007","Move to {-5499315.048189, -2250231.003964, 2310734.853397}","-",21.38077264,-157.73211119,"2026-08-03T22:00:02.154Z","UAV 2"
"FRT69010","Move to {-5499315.048189, -2250231.003964, 2310734.853397}","-",21.38082729,-157.73215920,"2026-08-03T22:00:02.154Z","UAV 2"
"FRMORT002","FFE-On-Location ""Location={-5499132.853573, -2251193.466895, 2310064.199617}""  Name of Weapons to Fire: Indirect-Fire-Gun:m9333he. Number-Of-Rounds: 1. Height-Above-Terrain: 0","-",21.39124517,-157.73722922,"2026-08-03T22:00:04.215Z","UAV 2"
"FRMORT001","FFE-On-Location ""Location={-5499191.503627, -2251825.311346, 2309314.511859}""  Name of Weapons to Fire: Indirect-Fire-Gun:m9333he. Number-Of-Rounds: 1. Height-Above-Terrain: 0","-",21.39116652,-157.73700854,"2026-08-03T22:00:04.215Z","UAV 2"
"FRLAV002","Move to {-5499315.048189, -2250231.003964, 2310734.853397}","-",21.38991031,-157.74175342,"2026-08-03T22:00:04.215Z","UAV 2"
"FRLAV006","Move to {-5499315.048189, -2250231.003964, 2310734.853397}","-",21.38987173,-157.74207474,"2026-08-03T22:00:04.215Z","UAV 2"
"FRM113007","Move to {-5499315.048189, -2250231.003964, 2310734.853397}","-",21.39009908,-157.74184604,"2026-08-03T22:00:04.215Z","UAV 2"
"FRLAV008","Move to {-5499315.048189, -2250231.003964, 2310734.853397}","-",21.39001915,-157.74174865,"2026-08-03T22:00:04.215Z","UAV 2"
"FRM113006","Move to {-5499315.048189, -2250231.003964, 2310734.853397}","-",21.38990627,-157.74190826,"2026-08-03T22:00:04.215Z","UAV 2"
"FRMORT004","None","-",21.39105358,-157.73697074,"2026-08-03T22:00:04.215Z","UAV 2"
"FRLAV001","Move to {-5499315.048189, -2250231.003964, 2310734.853397}","-",21.38973819,-157.74171314,"2026-08-03T22:00:04.215Z","UAV 2"
"FRLAV003","Move to {-5499315.048189, -2250231.003964, 2310734.853397}","-",21.38980403,-157.74180018,"2026-08-03T22:00:04.215Z","UAV 2"
"FRMORT003","FFE-On-Location ""Location={-5499460.953457, -2250814.454542, 2309743.262342}""  Name of Weapons to Fire: Indirect-Fire-Gun:m9333he. Number-Of-Rounds: 1. Height-Above-Terrain: 0","-",21.39122072,-157.73728393,"2026-08-03T22:00:04.215Z","UAV 2"
"FRM113005","Move to {-5499315.048189, -2250231.003964, 2310734.853397}","-",21.38983294,-157.74207143,"2026-08-03T22:00:04.215Z","UAV 2"
"FRM113001","Move to {-5499315.048189, -2250231.003964, 2310734.853397}","-",21.38989740,-157.74163464,"2026-08-03T22:00:04.215Z","UAV 2"
"FRLAV005","Move to {-5499315.048189, -2250231.003964, 2310734.853397}","-",21.38998325,-157.74192924,"2026-08-03T22:00:04.215Z","UAV 2"
"FRM113004","Move to {-5499315.048189, -2250231.003964, 2310734.853397}","-",21.38979539,-157.74195627,"2026-08-03T22:00:04.215Z","UAV 2"
"FRLAV007","Move to {-5499315.048189, -2250231.003964, 2310734.853397}","-",21.39004227,-157.74177430,"2026-08-03T22:00:04.215Z","UAV 2"
"FRLAV004","Move to {-5499315.048189, -2250231.003964, 2310734.853397}","-",21.38965669,-157.74153046,"2026-08-03T22:00:04.215Z","UAV 2"
"FRMORT002","FFE-On-Location ""Location={-5499132.853573, -2251193.466895, 2310064.199617}""  Name of Weapons to Fire: Indirect-Fire-Gun:m9333he. Number-Of-Rounds: 1. Height-Above-Terrain: 0","-",21.39124517,-157.73722922,"2026-08-03T22:00:04.215Z","UAV 2"
"FRMORT001","FFE-On-Location ""Location={-5499191.503627, -2251825.311346, 2309314.511859}""  Name of Weapons to Fire: Indirect-Fire-Gun:m9333he. Number-Of-Rounds: 1. Height-Above-Terrain: 0","-",21.39116652,-157.73700854,"2026-08-03T22:00:04.215Z","UAV 2"
"FRLAV002","Move to {-5499315.048189, -2250231.003964, 2310734.853397}","-",21.38991031,-157.74175342,"2026-08-03T22:00:04.215Z","UAV 2"
"FRLAV006","Move to {-5499315.048189, -2250231.003964, 2310734.853397}","-",21.38987173,-157.74207474,"2026-08-03T22:00:04.215Z","UAV 2"
"FRM113007","Move to {-5499315.048189, -2250231.003964, 2310734.853397}","-",21.39009908,-157.74184604,"2026-08-03T22:00:04.215Z","UAV 2"
"FRLAV008","Move to {-5499315.048189, -2250231.003964, 2310734.853397}","-",21.39001915,-157.74174865,"2026-08-03T22:00:04.215Z","UAV 2"
"FRM113006","Move to {-5499315.048189, -2250231.003964, 2310734.853397}","-",21.38990627,-157.74190826,"2026-08-03T22:00:04.215Z","UAV 2"
"FRMORT004","None","-",21.39105358,-157.73697074,"2026-08-03T22:00:04.215Z","UAV 2"
"FRLAV001","Move to {-5499315.048189, -2250231.003964, 2310734.853397}","-",21.38973819,-157.74171314,"2026-08-03T22:00:04.215Z","UAV 2"
"FRLAV003","Move to {-5499315.048189, -2250231.003964, 2310734.853397}","-",21.38980403,-157.74180018,"2026-08-03T22:00:04.215Z","UAV 2"
"FRMORT003","FFE-On-Location ""Location={-5499460.953457, -2250814.454542, 2309743.262342}""  Name of Weapons to Fire: Indirect-Fire-Gun:m9333he. Number-Of-Rounds: 1. Height-Above-Terrain: 0","-",21.39122072,-157.73728393,"2026-08-03T22:00:04.215Z","UAV 2"
"FRM113005","Move to {-5499315.048189, -2250231.003964, 2310734.853397}","-",21.38983294,-157.74207143,"2026-08-03T22:00:04.215Z","UAV 2"
"FRM113001","Move to {-5499315.048189, -2250231.003964, 2310734.853397}","-",21.38989740,-157.74163464,"2026-08-03T22:00:04.215Z","UAV 2"
"FRLAV005","Move to {-5499315.048189, -2250231.003964, 2310734.853397}","-",21.38998325,-157.74192924,"2026-08-03T22:00:04.215Z","UAV 2"
"FRM113004","Move to {-5499315.048189, -2250231.003964, 2310734.853397}","-",21.38979539,-157.74195627,"2026-08-03T22:00:04.215Z","UAV 2"
"FRLAV007","Move to {-5499315.048189, -2250231.003964, 2310734.853397}","-",21.39004227,-157.74177430,"2026-08-03T22:00:04.215Z","UAV 2"
"FRLAV004","Move to {-5499315.048189, -2250231.003964, 2310734.853397}","-",21.38965669,-157.74153046,"2026-08-03T22:00:04.215Z","UAV 2"
"FRM109001","FFE-On-Location ""Location={-5499191.503627, -2251825.311346, 2309314.511859}""  Name of Weapons to Fire: Indirect-Fire-Gun:M107-155mm. Number-Of-Rounds: 1. Height-Above-Terrain: 0","-",21.39515360,-157.73702065,"2026-08-03T22:00:06.242Z","UAV 2"
"FRM109001","FFE-On-Location ""Location={-5499191.503627, -2251825.311346, 2309314.511859}""  Name of Weapons to Fire: Indirect-Fire-Gun:M107-155mm. Number-Of-Rounds: 1. Height-Above-Terrain: 0","-",21.39515360,-157.73702065,"2026-08-03T22:00:06.242Z","UAV 2"
"FRM109001","FFE-On-Location ""Location={-5499191.503627, -2251825.311346, 2309314.511859}""  Name of Weapons to Fire: Indirect-Fire-Gun:M107-155mm. Number-Of-Rounds: 1. Height-Above-Terrain: 0","-",21.39515360,-157.73702065,"2026-08-03T22:00:06.242Z","UAV 2"
"ENM1A2003","Move to {-5499107.729384, -2250754.164082, 2310538.606898}","-",21.37332107,-157.74325039,"2026-08-03T22:00:00.127Z","UAV 2"
"ENMORT005","FFE-On-Location ""Location={-5499123.141030, -2250320.406046, 2311025.754248}""  Name of Weapons to Fire: Indirect-Fire-Gun:m9333he. Number-Of-Rounds: 1. Height-Above-Terrain: 0","-",21.37463885,-157.73701809,"2026-08-03T22:00:00.127Z","UAV 2"
"ENM1A2001","Move to {-5499107.729384, -2250754.164082, 2310538.606898}","-",21.37344871,-157.74288997,"2026-08-03T22:00:00.127Z","UAV 2"
"FRT69007","Move to {-5499315.048189, -2250231.003964, 2310734.853397}","-",21.38070331,-157.73204111,"2026-08-03T22:00:00.127Z","UAV 2"
"ENMORT004","FFE-On-Location ""Location={-5498511.672389, -2250935.799735, 2311770.746054}""  Name of Weapons to Fire: Indirect-Fire-Gun:m9333he. Number-Of-Rounds: 1. Height-Above-Terrain: 0","-",21.37449517,-157.73695548,"2026-08-03T22:00:00.127Z","UAV 2"
"ENM35004","Move to {-5499460.953457, -2250814.454542, 2309743.262342}","-",21.37321719,-157.73305944,"2026-08-03T22:00:00.127Z","UAV 2"
"ENGAZ001","Move to {-5499460.953457, -2250814.454542, 2309743.262342}","-",21.37337559,-157.73279257,"2026-08-03T22:00:00.127Z","UAV 2"
"FRT69006","Move to {-5499315.048189, -2250231.003964, 2310734.853397}","-",21.38096226,-157.73222439,"2026-08-03T22:00:00.127Z","UAV 2"
"FRMORT001","FFE-On-Location ""Location={-5499191.503627, -2251825.311346, 2309314.511859}""  Name of Weapons to Fire: Indirect-Fire-Gun:m9333he. Number-Of-Rounds: 1. Height-Above-Terrain: 0","-",21.39116652,-157.73700854,"2026-08-03T22:00:00.127Z","UAV 2"
"ENM1A2002","Move to {-5499107.729384, -2250754.164082, 2310538.606898}","-",21.37356113,-157.74317200,"2026-08-03T22:00:00.127Z","UAV 2"
"FRT69003","Move to {-5499315.048189, -2250231.003964, 2310734.853397}","-",21.38097369,-157.73240275,"2026-08-03T22:00:00.127Z","UAV 2"
"FRT69005","Move to {-5499315.048189, -2250231.003964, 2310734.853397}","-",21.38100052,-157.73233777,"2026-08-03T22:00:00.127Z","UAV 2"
"ENM35002","Move to {-5499460.953457, -2250814.454542, 2309743.262342}","-",21.37340564,-157.73283903,"2026-08-03T22:00:00.127Z","UAV 2"
"ENGAZ003","Move to {-5499460.953457, -2250814.454542, 2309743.262342}","-",21.37338461,-157.73326221,"2026-08-03T22:00:00.127Z","UAV 2"
"ENM35001","Move to {-5499460.953457, -2250814.454542, 2309743.262342}","-",21.37314707,-157.73312307,"2026-08-03T22:00:00.127Z","UAV 2"
"FRMORT004","None","-",21.39105358,-157.73697074,"2026-08-03T22:00:00.127Z","UAV 2"
"ENMORT001","FFE-On-Location ""Location={-5499123.141030, -2250320.406046, 2311025.754248}""  Name of Weapons to Fire: Indirect-Fire-Gun:m9333he. Number-Of-Rounds: 1. Height-Above-Terrain: 0","-",21.37454920,-157.73726779,"2026-08-03T22:00:00.127Z","UAV 2"
"FRT69008","Move to {-5499315.048189, -2250231.003964, 2310734.853397}","-",21.38096998,-157.73244663,"2026-08-03T22:00:00.127Z","UAV 2"
"FRT69009","Move to {-5499315.048189, -2250231.003964, 2310734.853397}","-",21.38066072,-157.73234161,"2026-08-03T22:00:00.127Z","UAV 2"
"ENGAZ004","Move to {-5499460.953457, -2250814.454542, 2309743.262342}","-",21.37336795,-157.73318922,"2026-08-03T22:00:00.127Z","UAV 2"
"ENMORT003","FFE-On-Location ""Location={-5498358.113175, -2250865.429793, 2312201.552453}""  Name of Weapons to Fire: Indirect-Fire-Gun:m9333he. Number-Of-Rounds: 1. Height-Above-Terrain: 0","-",21.37448817,-157.73726715,"2026-08-03T22:00:00.127Z","UAV 2"
"FRT69010","Move to {-5499315.048189, -2250231.003964, 2310734.853397}","-",21.38075796,-157.73208913,"2026-08-03T22:00:00.127Z","UAV 2"
"ENM1A2004","Move to {-5499107.729384, -2250754.164082, 2310538.606898}","-",21.37347025,-157.74313700,"2026-08-03T22:00:00.127Z","UAV 2"
"ENM35003","Move to {-5499460.953457, -2250814.454542, 2309743.262342}","-",21.37355772,-157.73315653,"2026-08-03T22:00:00.127Z","UAV 2"
"ENM1A2003","Move to {-5499107.729384, -2250754.164082, 2310538.606898}","-",21.37332113,-157.74325039,"2026-08-03T22:00:00.135Z","UAV 2"
"ENMORT005","FFE-On-Location ""Location={-5499123.141030, -2250320.406046, 2311025.754248}""  Name of Weapons to Fire: Indirect-Fire-Gun:m9333he. Number-Of-Rounds: 1. Height-Above-Terrain: 0","-",21.37463885,-157.73701809,"2026-08-03T22:00:00.135Z","UAV 2"
"ENM1A2001","Move to {-5499107.729384, -2250754.164082, 2310538.606898}","-",21.37344876,-157.74288997,"2026-08-03T22:00:00.135Z","UAV 2"
"FRT69007","Move to {-5499315.048189, -2250231.003964, 2310734.853397}","-",21.38070336,-157.73204111,"2026-08-03T22:00:00.135Z","UAV 2"
"ENMORT004","FFE-On-Location ""Location={-5498511.672389, -2250935.799735, 2311770.746054}""  Name of Weapons to Fire: Indirect-Fire-Gun:m9333he. Number-Of-Rounds: 1. Height-Above-Terrain: 0","-",21.37449517,-157.73695548,"2026-08-03T22:00:00.135Z","UAV 2"
"ENM35004","Move to {-5499460.953457, -2250814.454542, 2309743.262342}","-",21.37321721,-157.73305944,"2026-08-03T22:00:00.135Z","UAV 2"
"ENGAZ001","Move to {-5499460.953457, -2250814.454542, 2309743.262342}","-",21.37337562,-157.73279257,"2026-08-03T22:00:00.135Z","UAV 2"
"FRT69006","Move to {-5499315.048189, -2250231.003964, 2310734.853397}","-",21.38096231,-157.73222439,"2026-08-03T22:00:00.135Z","UAV 2"
"FRMORT001","FFE-On-Location ""Location={-5499191.503627, -2251825.311346, 2309314.511859}""  Name of Weapons to Fire: Indirect-Fire-Gun:m9333he. Number-Of-Rounds: 1. Height-Above-Terrain: 0","-",21.39116652,-157.73700854,"2026-08-03T22:00:00.135Z","UAV 2"
"ENM1A2002","Move to {-5499107.729384, -2250754.164082, 2310538.606898}","-",21.37356118,-157.74317200,"2026-08-03T22:00:00.135Z","UAV 2"
"FRT69003","Move to {-5499315.048189, -2250231.003964, 2310734.853397}","-",21.38097374,-157.73240275,"2026-08-03T22:00:00.135Z","UAV 2"
"FRT69005","Move to {-5499315.048189, -2250231.003964, 2310734.853397}","-",21.38100057,-157.73233777,"2026-08-03T22:00:00.135Z","UAV 2"
"ENM35002","Move to {-5499460.953457, -2250814.454542, 2309743.262342}","-",21.37340566,-157.73283903,"2026-08-03T22:00:00.135Z","UAV 2"
"ENGAZ003","Move to {-5499460.953457, -2250814.454542, 2309743.262342}","-",21.37338465,-157.73326221,"2026-08-03T22:00:00.135Z","UAV 2"
"ENM35001","Move to {-5499460.953457, -2250814.454542, 2309743.262342}","-",21.37314709,-157.73312307,"2026-08-03T22:00:00.135Z","UAV 2"
"FRMORT004","None","-",21.39105358,-157.73697074,"2026-08-03T22:00:00.135Z","UAV 2"
"ENMORT001","FFE-On-Location ""Location={-5499123.141030, -2250320.406046, 2311025.754248}""  Name of Weapons to Fire: Indirect-Fire-Gun:m9333he. Number-Of-Rounds: 1. Height-Above-Terrain: 0","-",21.37454920,-157.73726779,"2026-08-03T22:00:00.135Z","UAV 2"
"FRT69008","Move to {-5499315.048189, -2250231.003964, 2310734.853397}","-",21.38097003,-157.73244663,"2026-08-03T22:00:00.135Z","UAV 2"
"FRT69009","Move to {-5499315.048189, -2250231.003964, 2310734.853397}","-",21.38066077,-157.73234161,"2026-08-03T22:00:00.135Z","UAV 2"
"ENGAZ004","Move to {-5499460.953457, -2250814.454542, 2309743.262342}","-",21.37336799,-157.73318922,"2026-08-03T22:00:00.135Z","UAV 2"
"ENMORT003","FFE-On-Location ""Location={-5498358.113175, -2250865.429793, 2312201.552453}""  Name of Weapons to Fire: Indirect-Fire-Gun:m9333he. Number-Of-Rounds: 1. Height-Above-Terrain: 0","-",21.37448817,-157.73726715,"2026-08-03T22:00:00.135Z","UAV 2"
"FRT69010","Move to {-5499315.048189, -2250231.003964, 2310734.853397}","-",21.38075801,-157.73208913,"2026-08-03T22:00:00.135Z","UAV 2"
"ENM1A2004","Move to {-5499107.729384, -2250754.164082, 2310538.606898}","-",21.37347031,-157.74313700,"2026-08-03T22:00:00.135Z","UAV 2"
"ENM35003","Move to {-5499460.953457, -2250814.454542, 2309743.262342}","-",21.37355774,-157.73315653,"2026-08-03T22:00:00.135Z","UAV 2"
"ENM1A2003","Move to {-5499107.729384, -2250754.164082, 2310538.606898}","-",21.37332113,-157.74325039,"2026-08-03T22:00:00.135Z","UAV 2"
"ENMORT005","FFE-On-Location ""Location={-5499123.141030, -2250320.406046, 2311025.754248}""  Name of Weapons to Fire: Indirect-Fire-Gun:m9333he. Number-Of-Rounds: 1. Height-Above-Terrain: 0","-",21.37463885,-157.73701809,"2026-08-03T22:00:00.135Z","UAV 2"
"ENM1A2001","Move to {-5499107.729384, -2250754.164082, 2310538.606898}","-",21.37344876,-157.74288997,"2026-08-03T22:00:00.135Z","UAV 2"
"FRT69007","Move to {-5499315.048189, -2250231.003964, 2310734.853397}","-",21.38070336,-157.73204111,"2026-08-03T22:00:00.135Z","UAV 2"
"ENMORT004","FFE-On-Location ""Location={-5498511.672389, -2250935.799735, 2311770.746054}""  Name of Weapons to Fire: Indirect-Fire-Gun:m9333he. Number-Of-Rounds: 1. Height-Above-Terrain: 0","-",21.37449517,-157.73695548,"2026-08-03T22:00:00.135Z","UAV 2"
"ENM35004","Move to {-5499460.953457, -2250814.454542, 2309743.262342}","-",21.37321721,-157.73305944,"2026-08-03T22:00:00.135Z","UAV 2"
"ENGAZ001","Move to {-5499460.953457, -2250814.454542, 2309743.262342}","-",21.37337562,-157.73279257,"2026-08-03T22:00:00.135Z","UAV 2"
"FRT69006","Move to {-5499315.048189, -2250231.003964, 2310734.853397}","-",21.38096231,-157.73222439,"2026-08-03T22:00:00.135Z","UAV 2"
"FRMORT001","FFE-On-Location ""Location={-5499191.503627, -2251825.311346, 2309314.511859}""  Name of Weapons to Fire: Indirect-Fire-Gun:m9333he. Number-Of-Rounds: 1. Height-Above-Terrain: 0","-",21.39116652,-157.73700854,"2026-08-03T22:00:00.135Z","UAV 2"
"ENM1A2002","Move to {-5499107.729384, -2250754.164082, 2310538.606898}","-",21.37356118,-157.74317200,"2026-08-03T22:00:00.135Z","UAV 2"
"FRT69003","Move to {-5499315.048189, -2250231.003964, 2310734.853397}","-",21.38097374,-157.73240275,"2026-08-03T22:00:00.135Z","UAV 2"
"FRT69005","Move to {-5499315.048189, -2250231.003964, 2310734.853397}","-",21.38100057,-157.73233777,"2026-08-03T22:00:00.135Z","UAV 2"
"ENM35002","Move to {-5499460.953457, -2250814.454542, 2309743.262342}","-",21.37340566,-157.73283903,"2026-08-03T22:00:00.135Z","UAV 2"
"ENGAZ003","Move to {-5499460.953457, -2250814.454542, 2309743.262342}","-",21.37338465,-157.73326221,"2026-08-03T22:00:00.135Z","UAV 2"
"ENM35001","Move to {-5499460.953457, -2250814.454542, 2309743.262342}","-",21.37314709,-157.73312307,"2026-08-03T22:00:00.135Z","UAV 2"
"FRMORT004","None","-",21.39105358,-157.73697074,"2026-08-03T22:00:00.135Z","UAV 2"
"ENMORT001","FFE-On-Location ""Location={-5499123.141030, -2250320.406046, 2311025.754248}""  Name of Weapons to Fire: Indirect-Fire-Gun:m9333he. Number-Of-Rounds: 1. Height-Above-Terrain: 0","-",21.37454920,-157.73726779,"2026-08-03T22:00:00.135Z","UAV 2"
"FRT69008","Move to {-5499315.048189, -2250231.003964, 2310734.853397}","-",21.38097003,-157.73244663,"2026-08-03T22:00:00.135Z","UAV 2"
"FRT69009","Move to {-5499315.048189, -2250231.003964, 2310734.853397}","-",21.38066077,-157.73234161,"2026-08-03T22:00:00.135Z","UAV 2"
"ENGAZ004","Move to {-5499460.953457, -2250814.454542, 2309743.262342}","-",21.37336799,-157.73318922,"2026-08-03T22:00:00.135Z","UAV 2"
"ENMORT003","FFE-On-Location ""Location={-5498358.113175, -2250865.429793, 2312201.552453}""  Name of Weapons to Fire: Indirect-Fire-Gun:m9333he. Number-Of-Rounds: 1. Height-Above-Terrain: 0","-",21.37448817,-157.73726715,"2026-08-03T22:00:00.135Z","UAV 2"
"FRT69010","Move to {-5499315.048189, -2250231.003964, 2310734.853397}","-",21.38075801,-157.73208913,"2026-08-03T22:00:00.135Z","UAV 2"
"ENM1A2004","Move to {-5499107.729384, -2250754.164082, 2310538.606898}","-",21.37347031,-157.74313700,"2026-08-03T22:00:00.135Z","UAV 2"
"ENM35003","Move to {-5499460.953457, -2250814.454542, 2309743.262342}","-",21.37355774,-157.73315653,"2026-08-03T22:00:00.135Z","UAV 2"
"FRCMD002","Move to {-5499516.453323, -2249726.423604, 2310685.859186}","-",21.38915358,-157.75073897,"2026-08-03T22:01:24.240Z","UAV 2"
"FRCMD002","Move to {-5499516.453323, -2249726.423604, 2310685.859186}","-",21.38915358,-157.75073897,"2026-08-03T22:01:24.240Z","UAV 2"
"ENM1A2003","Move to {-5499107.729384, -2250754.164082, 2310538.606898}","-",21.37332075,-157.74325039,"2026-08-04T04:08:39.000Z","UAV 2"
"ENMORT005","FFE-On-Location ""Location={-5499123.141030, -2250320.406046, 2311025.754248}""  Name of Weapons to Fire: Indirect-Fire-Gun:m9333he. Number-Of-Rounds: 1. Height-Above-Terrain: 0","-",21.37463885,-157.73701809,"2026-08-04T04:08:39.000Z","UAV 2"
"ENM1A2001","Move to {-5499107.729384, -2250754.164082, 2310538.606898}","-",21.37344839,-157.74288997,"2026-08-04T04:08:39.000Z","UAV 2"
"FRT69007","Move to {-5499315.048189, -2250231.003964, 2310734.853397}","-",21.38070305,-157.73204111,"2026-08-04T04:08:39.000Z","UAV 2"
"ENMORT004","FFE-On-Location ""Location={-5498511.672389, -2250935.799735, 2311770.746054}""  Name of Weapons to Fire: Indirect-Fire-Gun:m9333he. Number-Of-Rounds: 1. Height-Above-Terrain: 0","-",21.37449517,-157.73695548,"2026-08-04T04:08:39.000Z","UAV 2"
"ENM35004","Move to {-5499460.953457, -2250814.454542, 2309743.262342}","-",21.37321705,-157.73305944,"2026-08-04T04:08:39.000Z","UAV 2"
"ENGAZ001","Move to {-5499460.953457, -2250814.454542, 2309743.262342}","-",21.37337537,-157.73279257,"2026-08-04T04:08:39.000Z","UAV 2"
"FRT69006","Move to {-5499315.048189, -2250231.003964, 2310734.853397}","-",21.38096199,-157.73222439,"2026-08-04T04:08:39.000Z","UAV 2"
"FRMORT001","FFE-On-Location ""Location={-5499191.503627, -2251825.311346, 2309314.511859}""  Name of Weapons to Fire: Indirect-Fire-Gun:m9333he. Number-Of-Rounds: 1. Height-Above-Terrain: 0","-",21.39116652,-157.73700854,"2026-08-04T04:08:39.000Z","UAV 2"
"ENM1A2002","Move to {-5499107.729384, -2250754.164082, 2310538.606898}","-",21.37356081,-157.74317200,"2026-08-04T04:08:39.000Z","UAV 2"
"FRT69003","Move to {-5499315.048189, -2250231.003964, 2310734.853397}","-",21.38097342,-157.73240275,"2026-08-04T04:08:39.000Z","UAV 2"
"FRT69005","Move to {-5499315.048189, -2250231.003964, 2310734.853397}","-",21.38100025,-157.73233777,"2026-08-04T04:08:39.000Z","UAV 2"
"ENM35002","Move to {-5499460.953457, -2250814.454542, 2309743.262342}","-",21.37340550,-157.73283903,"2026-08-04T04:08:39.000Z","UAV 2"
"ENGAZ003","Move to {-5499460.953457, -2250814.454542, 2309743.262342}","-",21.37338440,-157.73326221,"2026-08-04T04:08:39.000Z","UAV 2"
"ENM35001","Move to {-5499460.953457, -2250814.454542, 2309743.262342}","-",21.37314693,-157.73312307,"2026-08-04T04:08:39.000Z","UAV 2"
"FRMORT004","None","-",21.39105358,-157.73697074,"2026-08-04T04:08:39.000Z","UAV 2"
"ENMORT001","FFE-On-Location ""Location={-5499123.141030, -2250320.406046, 2311025.754248}""  Name of Weapons to Fire: Indirect-Fire-Gun:m9333he. Number-Of-Rounds: 1. Height-Above-Terrain: 0","-",21.37454920,-157.73726779,"2026-08-04T04:08:39.000Z","UAV 2"
"FRT69008","Move to {-5499315.048189, -2250231.003964, 2310734.853397}","-",21.38096972,-157.73244663,"2026-08-04T04:08:39.000Z","UAV 2"
"FRT69009","Move to {-5499315.048189, -2250231.003964, 2310734.853397}","-",21.38066046,-157.73234161,"2026-08-04T04:08:39.000Z","UAV 2"
"ENGAZ004","Move to {-5499460.953457, -2250814.454542, 2309743.262342}","-",21.37336773,-157.73318922,"2026-08-04T04:08:39.000Z","UAV 2"
"ENMORT003","FFE-On-Location ""Location={-5498358.113175, -2250865.429793, 2312201.552453}""  Name of Weapons to Fire: Indirect-Fire-Gun:m9333he. Number-Of-Rounds: 1. Height-Above-Terrain: 0","-",21.37448817,-157.73726715,"2026-08-04T04:08:39.000Z","UAV 2"
"FRT69010","Move to {-5499315.048189, -2250231.003964, 2310734.853397}","-",21.38075769,-157.73208913,"2026-08-04T04:08:39.000Z","UAV 2"
"ENM1A2004","Move to {-5499107.729384, -2250754.164082, 2310538.606898}","-",21.37346993,-157.74313700,"2026-08-04T04:08:39.000Z","UAV 2"
"ENM35003","Move to {-5499460.953457, -2250814.454542, 2309743.262342}","-",21.37355758,-157.73315653,"2026-08-04T04:08:39.000Z","UAV 2"
"ENM1A2003","Move to {-5499107.729384, -2250754.164082, 2310538.606898}","-",21.37332103,-157.74325039,"2026-08-04T04:09:15.000Z","UAV 2"
"ENMORT005","FFE-On-Location ""Location={-5499123.141030, -2250320.406046, 2311025.754248}""  Name of Weapons to Fire: Indirect-Fire-Gun:m9333he. Number-Of-Rounds: 1. Height-Above-Terrain: 0","-",21.37463885,-157.73701809,"2026-08-04T04:09:15.000Z","UAV 2"
"ENM1A2001","Move to {-5499107.729384, -2250754.164082, 2310538.606898}","-",21.37344866,-157.74288997,"2026-08-04T04:09:15.000Z","UAV 2"
"FRT69007","Move to {-5499315.048189, -2250231.003964, 2310734.853397}","-",21.38070328,-157.73204111,"2026-08-04T04:09:15.000Z","UAV 2"
"ENMORT004","FFE-On-Location ""Location={-5498511.672389, -2250935.799735, 2311770.746054}""  Name of Weapons to Fire: Indirect-Fire-Gun:m9333he. Number-Of-Rounds: 1. Height-Above-Terrain: 0","-",21.37449517,-157.73695548,"2026-08-04T04:09:15.000Z","UAV 2"
"ENM35004","Move to {-5499460.953457, -2250814.454542, 2309743.262342}","-",21.37321717,-157.73305944,"2026-08-04T04:09:15.000Z","UAV 2"
"ENGAZ001","Move to {-5499460.953457, -2250814.454542, 2309743.262342}","-",21.37337556,-157.73279257,"2026-08-04T04:09:15.000Z","UAV 2"
"FRT69006","Move to {-5499315.048189, -2250231.003964, 2310734.853397}","-",21.38096222,-157.73222439,"2026-08-04T04:09:15.000Z","UAV 2"
"FRMORT001","FFE-On-Location ""Location={-5499191.503627, -2251825.311346, 2309314.511859}""  Name of Weapons to Fire: Indirect-Fire-Gun:m9333he. Number-Of-Rounds: 1. Height-Above-Terrain: 0","-",21.39116652,-157.73700854,"2026-08-04T04:09:15.000Z","UAV 2"
"ENM1A2002","Move to {-5499107.729384, -2250754.164082, 2310538.606898}","-",21.37356108,-157.74317200,"2026-08-04T04:09:15.000Z","UAV 2"
"FRT69003","Move to {-5499315.048189, -2250231.003964, 2310734.853397}","-",21.38097366,-157.73240275,"2026-08-04T04:09:15.000Z","UAV 2"
"FRT69005","Move to {-5499315.048189, -2250231.003964, 2310734.853397}","-",21.38100048,-157.73233777,"2026-08-04T04:09:15.000Z","UAV 2"
"ENM35002","Move to {-5499460.953457, -2250814.454542, 2309743.262342}","-",21.37340562,-157.73283903,"2026-08-04T04:09:15.000Z","UAV 2"
"ENGAZ003","Move to {-5499460.953457, -2250814.454542, 2309743.262342}","-",21.37338458,-157.73326221,"2026-08-04T04:09:15.000Z","UAV 2"
"ENM35001","Move to {-5499460.953457, -2250814.454542, 2309743.262342}","-",21.37314705,-157.73312307,"2026-08-04T04:09:15.000Z","UAV 2"
"FRMORT004","None","-",21.39105358,-157.73697074,"2026-08-04T04:09:15.000Z","UAV 2"
"ENMORT001","FFE-On-Location ""Location={-5499123.141030, -2250320.406046, 2311025.754248}""  Name of Weapons to Fire: Indirect-Fire-Gun:m9333he. Number-Of-Rounds: 1. Height-Above-Terrain: 0","-",21.37454920,-157.73726779,"2026-08-04T04:09:15.000Z","UAV 2"
"FRT69008","Move to {-5499315.048189, -2250231.003964, 2310734.853397}","-",21.38096995,-157.73244663,"2026-08-04T04:09:15.000Z","UAV 2"
"FRT69009","Move to {-5499315.048189, -2250231.003964, 2310734.853397}","-",21.38066069,-157.73234161,"2026-08-04T04:09:15.000Z","UAV 2"
"ENGAZ004","Move to {-5499460.953457, -2250814.454542, 2309743.262342}","-",21.37336792,-157.73318922,"2026-08-04T04:09:15.000Z","UAV 2"
"ENMORT003","FFE-On-Location ""Location={-5498358.113175, -2250865.429793, 2312201.552453}""  Name of Weapons to Fire: Indirect-Fire-Gun:m9333he. Number-Of-Rounds: 1. Height-Above-Terrain: 0","-",21.37448817,-157.73726715,"2026-08-04T04:09:15.000Z","UAV 2"
"FRT69010","Move to {-5499315.048189, -2250231.003964, 2310734.853397}","-",21.38075792,-157.73208913,"2026-08-04T04:09:15.000Z","UAV 2"
"ENM1A2004","Move to {-5499107.729384, -2250754.164082, 2310538.606898}","-",21.37347021,-157.74313700,"2026-08-04T04:09:15.000Z","UAV 2"
"ENM35003","Move to {-5499460.953457, -2250814.454542, 2309743.262342}","-",21.37355770,-157.73315653,"2026-08-04T04:09:15.000Z","UAV 2"
"ENMORT005","FFE-On-Location ""Location={-5499123.141030, -2250320.406046, 2311025.754248}""  Name of Weapons to Fire: Indirect-Fire-Gun:m9333he. Number-Of-Rounds: 1. Height-Above-Terrain: 0","-",21.37463885,-157.73701809,"2026-08-04T04:09:46.000Z","UAV 2"
"FRT69007","Move to {-5499315.048189, -2250231.003964, 2310734.853397}","-",21.38072434,-157.73222417,"2026-08-04T04:09:46.000Z","UAV 2"
"ENMORT004","FFE-On-Location ""Location={-5498511.672389, -2250935.799735, 2311770.746054}""  Name of Weapons to Fire: Indirect-Fire-Gun:m9333he. Number-Of-Rounds: 1. Height-Above-Terrain: 0","-",21.37449517,-157.73695548,"2026-08-04T04:09:46.000Z","UAV 2"
"ENM35004","Move to {-5499460.953457, -2250814.454542, 2309743.262342}","-",21.37323780,-157.73317375,"2026-08-04T04:09:46.000Z","UAV 2"
"ENGAZ001","Move to {-5499460.953457, -2250814.454542, 2309743.262342}","-",21.37344999,-157.73295788,"2026-08-04T04:09:46.000Z","UAV 2"
"FRT69006","Move to {-5499315.048189, -2250231.003964, 2310734.853397}","-",21.38098001,-157.73240745,"2026-08-04T04:09:46.000Z","UAV 2"
"FRT69003","Move to {-5499315.048189, -2250231.003964, 2310734.853397}","-",21.38099128,-157.73258581,"2026-08-04T04:09:46.000Z","UAV 2"
"FRT69005","Move to {-5499315.048189, -2250231.003964, 2310734.853397}","-",21.38101777,-157.73252082,"2026-08-04T04:09:46.000Z","UAV 2"
"ENGAZ003","Move to {-5499460.953457, -2250814.454542, 2309743.262342}","-",21.37345009,-157.73342355,"2026-08-04T04:09:46.000Z","UAV 2"
"ENM35001","Move to {-5499460.953457, -2250814.454542, 2309743.262342}","-",21.37316854,-157.73323658,"2026-08-04T04:09:46.000Z","UAV 2"
"ENMORT001","FFE-On-Location ""Location={-5499123.141030, -2250320.406046, 2311025.754248}""  Name of Weapons to Fire: Indirect-Fire-Gun:m9333he. Number-Of-Rounds: 1. Height-Above-Terrain: 0","-",21.37454920,-157.73726779,"2026-08-04T04:09:46.000Z","UAV 2"
"FRT69008","Move to {-5499315.048189, -2250231.003964, 2310734.853397}","-",21.38098761,-157.73262969,"2026-08-04T04:09:46.000Z","UAV 2"
"FRT69009","Move to {-5499315.048189, -2250231.003964, 2310734.853397}","-",21.38068233,-157.73252466,"2026-08-04T04:09:46.000Z","UAV 2"
"ENMORT003","FFE-On-Location ""Location={-5498358.113175, -2250865.429793, 2312201.552453}""  Name of Weapons to Fire: Indirect-Fire-Gun:m9333he. Number-Of-Rounds: 1. Height-Above-Terrain: 0","-",21.37448817,-157.73726715,"2026-08-04T04:09:46.000Z","UAV 2"
"FRT69010","Move to {-5499315.048189, -2250231.003964, 2310734.853397}","-",21.38077830,-157.73227219,"2026-08-04T04:09:46.000Z","UAV 2"
"ENM35003","Move to {-5499460.953457, -2250814.454542, 2309743.262342}","-",21.37357336,-157.73327556,"2026-08-04T04:09:46.000Z","UAV 2"
"ENGAZ002","Move to {-5499460.953457, -2250814.454542, 2309743.262342}","-",21.37356424,-157.73331927,"2026-08-04T04:09:46.000Z","UAV 2"
"ENM1A2003","Move to {-5499107.729384, -2250754.164082, 2310538.606898}","-",21.37332107,-157.74325039,"2026-08-04T04:13:00.000Z","UAV 2"
"ENMORT005","FFE-On-Location ""Location={-5499123.141030, -2250320.406046, 2311025.754248}""  Name of Weapons to Fire: Indirect-Fire-Gun:m9333he. Number-Of-Rounds: 1. Height-Above-Terrain: 0","-",21.37463885,-157.73701809,"2026-08-04T04:13:00.000Z","UAV 2"
"ENM1A2001","Move to {-5499107.729384, -2250754.164082, 2310538.606898}","-",21.37344871,-157.74288997,"2026-08-04T04:13:00.000Z","UAV 2"
"FRT69007","Move to {-5499315.048189, -2250231.003964, 2310734.853397}","-",21.38070332,-157.73204111,"2026-08-04T04:13:00.000Z","UAV 2"
"ENMORT004","FFE-On-Location ""Location={-5498511.672389, -2250935.799735, 2311770.746054}""  Name of Weapons to Fire: Indirect-Fire-Gun:m9333he. Number-Of-Rounds: 1. Height-Above-Terrain: 0","-",21.37449517,-157.73695548,"2026-08-04T04:13:00.000Z","UAV 2"
"ENM35004","Move to {-5499460.953457, -2250814.454542, 2309743.262342}","-",21.37321719,-157.73305944,"2026-08-04T04:13:00.000Z","UAV 2"
"ENGAZ001","Move to {-5499460.953457, -2250814.454542, 2309743.262342}","-",21.37337559,-157.73279257,"2026-08-04T04:13:00.000Z","UAV 2"
"FRT69006","Move to {-5499315.048189, -2250231.003964, 2310734.853397}","-",21.38096226,-157.73222439,"2026-08-04T04:13:00.000Z","UAV 2"
"FRMORT001","FFE-On-Location ""Location={-5499191.503627, -2251825.311346, 2309314.511859}""  Name of Weapons to Fire: Indirect-Fire-Gun:m9333he. Number-Of-Rounds: 1. Height-Above-Terrain: 0","-",21.39116652,-157.73700854,"2026-08-04T04:13:00.000Z","UAV 2"
"ENM1A2002","Move to {-5499107.729384, -2250754.164082, 2310538.606898}","-",21.37356113,-157.74317200,"2026-08-04T04:13:00.000Z","UAV 2"
"FRT69003","Move to {-5499315.048189, -2250231.003964, 2310734.853397}","-",21.38097369,-157.73240275,"2026-08-04T04:13:00.000Z","UAV 2"
"FRT69005","Move to {-5499315.048189, -2250231.003964, 2310734.853397}","-",21.38100052,-157.73233777,"2026-08-04T04:13:00.000Z","UAV 2"
"ENM35002","Move to {-5499460.953457, -2250814.454542, 2309743.262342}","-",21.37340564,-157.73283903,"2026-08-04T04:13:00.000Z","UAV 2"
"ENGAZ003","Move to {-5499460.953457, -2250814.454542, 2309743.262342}","-",21.37338461,-157.73326221,"2026-08-04T04:13:00.000Z","UAV 2"
"ENM35001","Move to {-5499460.953457, -2250814.454542, 2309743.262342}","-",21.37314707,-157.73312307,"2026-08-04T04:13:00.000Z","UAV 2"
"FRMORT004","None","-",21.39105358,-157.73697074,"2026-08-04T04:13:00.000Z","UAV 2"
"ENMORT001","FFE-On-Location ""Location={-5499123.141030, -2250320.406046, 2311025.754248}""  Name of Weapons to Fire: Indirect-Fire-Gun:m9333he. Number-Of-Rounds: 1. Height-Above-Terrain: 0","-",21.37454920,-157.73726779,"2026-08-04T04:13:00.000Z","UAV 2"
"FRT69008","Move to {-5499315.048189, -2250231.003964, 2310734.853397}","-",21.38096998,-157.73244663,"2026-08-04T04:13:00.000Z","UAV 2"
"FRT69009","Move to {-5499315.048189, -2250231.003964, 2310734.853397}","-",21.38066073,-157.73234161,"2026-08-04T04:13:00.000Z","UAV 2"
"ENGAZ004","Move to {-5499460.953457, -2250814.454542, 2309743.262342}","-",21.37336795,-157.73318922,"2026-08-04T04:13:00.000Z","UAV 2"
"ENMORT003","FFE-On-Location ""Location={-5498358.113175, -2250865.429793, 2312201.552453}""  Name of Weapons to Fire: Indirect-Fire-Gun:m9333he. Number-Of-Rounds: 1. Height-Above-Terrain: 0","-",21.37448817,-157.73726715,"2026-08-04T04:13:00.000Z","UAV 2"
"FRT69010","Move to {-5499315.048189, -2250231.003964, 2310734.853397}","-",21.38075796,-157.73208913,"2026-08-04T04:13:00.000Z","UAV 2"
"ENM1A2004","Move to {-5499107.729384, -2250754.164082, 2310538.606898}","-",21.37347025,-157.74313700,"2026-08-04T04:13:00.000Z","UAV 2"
"ENM35003","Move to {-5499460.953457, -2250814.454542, 2309743.262342}","-",21.37355772,-157.73315653,"2026-08-04T04:13:00.000Z","UAV 2"
"ENM1A2003","Move to {-5499107.729384, -2250754.164082, 2310538.606898}","-",21.37332108,-157.74325039,"2026-08-04T04:13:46.000Z","UAV 2"
"ENMORT005","FFE-On-Location ""Location={-5499123.141030, -2250320.406046, 2311025.754248}""  Name of Weapons to Fire: Indirect-Fire-Gun:m9333he. Number-Of-Rounds: 1. Height-Above-Terrain: 0","-",21.37463885,-157.73701809,"2026-08-04T04:13:46.000Z","UAV 2"
"ENM1A2001","Move to {-5499107.729384, -2250754.164082, 2310538.606898}","-",21.37344872,-157.74288997,"2026-08-04T04:13:46.000Z","UAV 2"
"FRT69007","Move to {-5499315.048189, -2250231.003964, 2310734.853397}","-",21.38070332,-157.73204111,"2026-08-04T04:13:46.000Z","UAV 2"
"FRT69002","Move to {-5499315.048189, -2250231.003964, 2310734.853397}","-",21.38062350,-157.73220904,"2026-08-04T04:13:46.000Z","UAV 2"
"FRT69001","Move to {-5499315.048189, -2250231.003964, 2310734.853397}","-",21.38083087,-157.73220700,"2026-08-04T04:13:46.000Z","UAV 2"
"ENMORT004","FFE-On-Location ""Location={-5498511.672389, -2250935.799735, 2311770.746054}""  Name of Weapons to Fire: Indirect-Fire-Gun:m9333he. Number-Of-Rounds: 1. Height-Above-Terrain: 0","-",21.37449517,-157.73695548,"2026-08-04T04:13:46.000Z","UAV 2"
"ENM35004","Move to {-5499460.953457, -2250814.454542, 2309743.262342}","-",21.37321719,-157.73305944,"2026-08-04T04:13:46.000Z","UAV 2"
"ENGAZ001","Move to {-5499460.953457, -2250814.454542, 2309743.262342}","-",21.37337559,-157.73279257,"2026-08-04T04:13:46.000Z","UAV 2"
"FRT69006","Move to {-5499315.048189, -2250231.003964, 2310734.853397}","-",21.38096227,-157.73222439,"2026-08-04T04:13:46.000Z","UAV 2"
"ENM1A2002","Move to {-5499107.729384, -2250754.164082, 2310538.606898}","-",21.37356113,-157.74317200,"2026-08-04T04:13:46.000Z","UAV 2"
"FRT69003","Move to {-5499315.048189, -2250231.003964, 2310734.853397}","-",21.38097370,-157.73240275,"2026-08-04T04:13:46.000Z","UAV 2"
"FRT69005","Move to {-5499315.048189, -2250231.003964, 2310734.853397}","-",21.38100053,-157.73233777,"2026-08-04T04:13:46.000Z","UAV 2"
"ENM35002","Move to {-5499460.953457, -2250814.454542, 2309743.262342}","-",21.37340564,-157.73283903,"2026-08-04T04:13:46.000Z","UAV 2"
"ENGAZ003","Move to {-5499460.953457, -2250814.454542, 2309743.262342}","-",21.37338462,-157.73326221,"2026-08-04T04:13:46.000Z","UAV 2"
"ENM35001","Move to {-5499460.953457, -2250814.454542, 2309743.262342}","-",21.37314707,-157.73312307,"2026-08-04T04:13:46.000Z","UAV 2"
"ENMORT001","FFE-On-Location ""Location={-5499123.141030, -2250320.406046, 2311025.754248}""  Name of Weapons to Fire: Indirect-Fire-Gun:m9333he. Number-Of-Rounds: 1. Height-Above-Terrain: 0","-",21.37454920,-157.73726779,"2026-08-04T04:13:46.000Z","UAV 2"
"FRT69008","Move to {-5499315.048189, -2250231.003964, 2310734.853397}","-",21.38096999,-157.73244663,"2026-08-04T04:13:46.000Z","UAV 2"
"FRT69009","Move to {-5499315.048189, -2250231.003964, 2310734.853397}","-",21.38066073,-157.73234161,"2026-08-04T04:13:46.000Z","UAV 2"
"ENMORT003","FFE-On-Location ""Location={-5498358.113175, -2250865.429793, 2312201.552453}""  Name of Weapons to Fire: Indirect-Fire-Gun:m9333he. Number-Of-Rounds: 1. Height-Above-Terrain: 0","-",21.37448817,-157.73726715,"2026-08-04T04:13:46.000Z","UAV 2"
"FRT69010","Move to {-5499315.048189, -2250231.003964, 2310734.853397}","-",21.38075797,-157.73208913,"2026-08-04T04:13:46.000Z","UAV 2"
"ENM1A2004","Move to {-5499107.729384, -2250754.164082, 2310538.606898}","-",21.37347026,-157.74313700,"2026-08-04T04:13:46.000Z","UAV 2"
"ENM35003","Move to {-5499460.953457, -2250814.454542, 2309743.262342}","-",21.37355772,-157.73315653,"2026-08-04T04:13:46.000Z","UAV 2"
"ENM1A2003","Move to {-5499107.729384, -2250754.164082, 2310538.606898}","-",21.37332108,-157.74325039,"2026-08-04T04:13:48.000Z","UAV 2"
"ENMORT005","FFE-On-Location ""Location={-5499123.141030, -2250320.406046, 2311025.754248}""  Name of Weapons to Fire: Indirect-Fire-Gun:m9333he. Number-Of-Rounds: 1. Height-Above-Terrain: 0","-",21.37463885,-157.73701809,"2026-08-04T04:13:48.000Z","UAV 2"
"ENM1A2001","Move to {-5499107.729384, -2250754.164082, 2310538.606898}","-",21.37344872,-157.74288997,"2026-08-04T04:13:48.000Z","UAV 2"
"FRT69007","Move to {-5499315.048189, -2250231.003964, 2310734.853397}","-",21.38070332,-157.73204111,"2026-08-04T04:13:48.000Z","UAV 2"
"FRT69002","Move to {-5499315.048189, -2250231.003964, 2310734.853397}","-",21.38062350,-157.73220904,"2026-08-04T04:13:48.000Z","UAV 2"
"FRT69001","Move to {-5499315.048189, -2250231.003964, 2310734.853397}","-",21.38083087,-157.73220700,"2026-08-04T04:13:48.000Z","UAV 2"
"ENMORT004","FFE-On-Location ""Location={-5498511.672389, -2250935.799735, 2311770.746054}""  Name of Weapons to Fire: Indirect-Fire-Gun:m9333he. Number-Of-Rounds: 1. Height-Above-Terrain: 0","-",21.37449517,-157.73695548,"2026-08-04T04:13:48.000Z","UAV 2"
"ENM35004","Move to {-5499460.953457, -2250814.454542, 2309743.262342}","-",21.37321719,-157.73305944,"2026-08-04T04:13:48.000Z","UAV 2"
"ENGAZ001","Move to {-5499460.953457, -2250814.454542, 2309743.262342}","-",21.37337559,-157.73279257,"2026-08-04T04:13:48.000Z","UAV 2"
"FRT69006","Move to {-5499315.048189, -2250231.003964, 2310734.853397}","-",21.38096227,-157.73222439,"2026-08-04T04:13:48.000Z","UAV 2"
"ENM1A2002","Move to {-5499107.729384, -2250754.164082, 2310538.606898}","-",21.37356113,-157.74317200,"2026-08-04T04:13:48.000Z","UAV 2"
"FRT69003","Move to {-5499315.048189, -2250231.003964, 2310734.853397}","-",21.38097370,-157.73240275,"2026-08-04T04:13:48.000Z","UAV 2"
"FRT69005","Move to {-5499315.048189, -2250231.003964, 2310734.853397}","-",21.38100053,-157.73233777,"2026-08-04T04:13:48.000Z","UAV 2"
"ENM35002","Move to {-5499460.953457, -2250814.454542, 2309743.262342}","-",21.37340564,-157.73283903,"2026-08-04T04:13:48.000Z","UAV 2"
"ENGAZ003","Move to {-5499460.953457, -2250814.454542, 2309743.262342}","-",21.37338462,-157.73326221,"2026-08-04T04:13:48.000Z","UAV 2"
"ENM35001","Move to {-5499460.953457, -2250814.454542, 2309743.262342}","-",21.37314707,-157.73312307,"2026-08-04T04:13:48.000Z","UAV 2"
"ENMORT001","FFE-On-Location ""Location={-5499123.141030, -2250320.406046, 2311025.754248}""  Name of Weapons to Fire: Indirect-Fire-Gun:m9333he. Number-Of-Rounds: 1. Height-Above-Terrain: 0","-",21.37454920,-157.73726779,"2026-08-04T04:13:48.000Z","UAV 2"
"FRT69008","Move to {-5499315.048189, -2250231.003964, 2310734.853397}","-",21.38096999,-157.73244663,"2026-08-04T04:13:48.000Z","UAV 2"
"FRT69009","Move to {-5499315.048189, -2250231.003964, 2310734.853397}","-",21.38066073,-157.73234161,"2026-08-04T04:13:48.000Z","UAV 2"
"ENMORT003","FFE-On-Location ""Location={-5498358.113175, -2250865.429793, 2312201.552453}""  Name of Weapons to Fire: Indirect-Fire-Gun:m9333he. Number-Of-Rounds: 1. Height-Above-Terrain: 0","-",21.37448817,-157.73726715,"2026-08-04T04:13:48.000Z","UAV 2"
"FRT69010","Move to {-5499315.048189, -2250231.003964, 2310734.853397}","-",21.38075797,-157.73208913,"2026-08-04T04:13:48.000Z","UAV 2"
"ENM1A2004","Move to {-5499107.729384, -2250754.164082, 2310538.606898}","-",21.37347026,-157.74313700,"2026-08-04T04:13:48.000Z","UAV 2"
"ENM35003","Move to {-5499460.953457, -2250814.454542, 2309743.262342}","-",21.37355772,-157.73315653,"2026-08-04T04:13:48.000Z","UAV 2"
"FRM901001","None","-",21.39546138,-157.73719974,"2026-08-04T04:14:19.000Z","UAV 2"
"FRCMD001","Move to {-5499315.048189, -2250231.003964, 2310734.853397}","-",21.38944281,-157.75001238,"2026-08-04T04:15:14.000Z","UAV 2"
"FRCMD001","Move to {-5499315.048189, -2250231.003964, 2310734.853397}","-",21.38944281,-157.75001238,"2026-08-04T04:15:16.000Z","UAV 2"
"FRCMD001","Move to {-5499315.048189, -2250231.003964, 2310734.853397}","-",21.38941788,-157.75000195,"2026-08-04T04:15:17.000Z","UAV 2"
"FRM901001","None","-",21.39546138,-157.73719974,"2026-08-04T04:16:55.000Z","UAV 2"
"FRM901001","None","-",21.39546138,-157.73719974,"2026-08-04T04:16:56.000Z","UAV 2"
"FRCMD001","Move to {-5499315.048189, -2250231.003964, 2310734.853397}","-",21.38737057,-157.74914537,"2026-08-04T04:17:59.000Z","UAV 2"
"FRCMD001","Move to {-5499315.048189, -2250231.003964, 2310734.853397}","-",21.38737057,-157.74914537,"2026-08-04T04:18:00.000Z","UAV 2"
"FRCMD001","Move to {-5499315.048189, -2250231.003964, 2310734.853397}","-",21.38737057,-157.74914537,"2026-08-04T04:18:01.000Z","UAV 2"
"FRCMD001","Move to {-5499315.048189, -2250231.003964, 2310734.853397}","-",21.38737057,-157.74914537,"2026-08-04T04:18:01.000Z","UAV 2"
"FRM901001","None","-",21.39546138,-157.73719974,"2026-08-04T04:19:29.000Z","UAV 2"
"FRM901001","None","-",21.39546138,-157.73719974,"2026-08-04T04:19:30.000Z","UAV 2"
"FRM901001","None","-",21.39546138,-157.73719974,"2026-08-04T04:19:30.000Z","UAV 2"
"FRM901001","None","-",21.39546138,-157.73719974,"2026-08-04T04:19:31.000Z","UAV 2"
"FRCMD001","Move to {-5499315.048189, -2250231.003964, 2310734.853397}","-",21.38533199,-157.74829246,"2026-08-04T04:20:41.000Z","UAV 2"
"FRCMD001","Move to {-5499315.048189, -2250231.003964, 2310734.853397}","-",21.38533199,-157.74829246,"2026-08-04T04:20:41.000Z","UAV 2"
"FRCMD001","Move to {-5499315.048189, -2250231.003964, 2310734.853397}","-",21.38533199,-157.74829246,"2026-08-04T04:20:42.000Z","UAV 2"
"FRCMD001","Move to {-5499315.048189, -2250231.003964, 2310734.853397}","-",21.38533199,-157.74829246,"2026-08-04T04:20:43.000Z","UAV 2"
"FRINF059","Move to {-5499787.734679, -2249653.499925, 2310139.926712}","-",21.38283840,-157.74361704,"2026-08-04T04:20:59.000Z","UAV 2"
"FRINF055","Move to {-5499787.734679, -2249653.499925, 2310139.926712}","-",21.38300595,-157.74373183,"2026-08-04T04:20:59.000Z","UAV 2"
"FRINF052","Move to {-5499787.734679, -2249653.499925, 2310139.926712}","-",21.38288656,-157.74353479,"2026-08-04T04:20:59.000Z","UAV 2"
"FRINF054","Move to {-5499787.734679, -2249653.499925, 2310139.926712}","-",21.38280422,-157.74367472,"2026-08-04T04:20:59.000Z","UAV 2"
"FRINF060","Move to {-5499787.734679, -2249653.499925, 2310139.926712}","-",21.38280469,-157.74368110,"2026-08-04T04:20:59.000Z","UAV 2"
"FRINF053","Move to {-5499787.734679, -2249653.499925, 2310139.926712}","-",21.38302864,-157.74363597,"2026-08-04T04:20:59.000Z","UAV 2"
"FRINF051","Move to {-5499787.734679, -2249653.499925, 2310139.926712}","-",21.38290520,-157.74358958,"2026-08-04T04:20:59.000Z","UAV 2"
"FRINF059","Move to {-5499787.734679, -2249653.499925, 2310139.926712}","-",21.38283840,-157.74361704,"2026-08-04T04:21:00.000Z","UAV 2"
"FRINF055","Move to {-5499787.734679, -2249653.499925, 2310139.926712}","-",21.38300595,-157.74373183,"2026-08-04T04:21:00.000Z","UAV 2"
"FRINF052","Move to {-5499787.734679, -2249653.499925, 2310139.926712}","-",21.38288656,-157.74353479,"2026-08-04T04:21:00.000Z","UAV 2"
"FRINF054","Move to {-5499787.734679, -2249653.499925, 2310139.926712}","-",21.38280422,-157.74367472,"2026-08-04T04:21:00.000Z","UAV 2"
"FRINF060","Move to {-5499787.734679, -2249653.499925, 2310139.926712}","-",21.38280469,-157.74368110,"2026-08-04T04:21:00.000Z","UAV 2"
"FRINF053","Move to {-5499787.734679, -2249653.499925, 2310139.926712}","-",21.38302864,-157.74363597,"2026-08-04T04:21:00.000Z","UAV 2"
"FRINF051","Move to {-5499787.734679, -2249653.499925, 2310139.926712}","-",21.38290520,-157.74358958,"2026-08-04T04:21:00.000Z","UAV 2"
"FRINF059","Move to {-5499787.734679, -2249653.499925, 2310139.926712}","-",21.38283840,-157.74361704,"2026-08-04T04:21:00.000Z","UAV 2"
"FRINF055","Move to {-5499787.734679, -2249653.499925, 2310139.926712}","-",21.38300595,-157.74373183,"2026-08-04T04:21:00.000Z","UAV 2"
"FRINF052","Move to {-5499787.734679, -2249653.499925, 2310139.926712}","-",21.38288656,-157.74353479,"2026-08-04T04:21:00.000Z","UAV 2"
"FRINF054","Move to {-5499787.734679, -2249653.499925, 2310139.926712}","-",21.38280422,-157.74367472,"2026-08-04T04:21:00.000Z","UAV 2"
"FRINF060","Move to {-5499787.734679, -2249653.499925, 2310139.926712}","-",21.38280469,-157.74368110,"2026-08-04T04:21:00.000Z","UAV 2"
"FRINF053","Move to {-5499787.734679, -2249653.499925, 2310139.926712}","-",21.38302864,-157.74363597,"2026-08-04T04:21:00.000Z","UAV 2"
"FRINF051","Move to {-5499787.734679, -2249653.499925, 2310139.926712}","-",21.38290520,-157.74358958,"2026-08-04T04:21:00.000Z","UAV 2"
"FRINF059","Move to {-5499787.734679, -2249653.499925, 2310139.926712}","-",21.38283840,-157.74361704,"2026-08-04T04:21:01.000Z","UAV 2"
"FRINF055","Move to {-5499787.734679, -2249653.499925, 2310139.926712}","-",21.38300595,-157.74373183,"2026-08-04T04:21:01.000Z","UAV 2"
"FRINF052","Move to {-5499787.734679, -2249653.499925, 2310139.926712}","-",21.38288656,-157.74353479,"2026-08-04T04:21:01.000Z","UAV 2"
"FRINF054","Move to {-5499787.734679, -2249653.499925, 2310139.926712}","-",21.38280422,-157.74367472,"2026-08-04T04:21:01.000Z","UAV 2"
"FRINF060","Move to {-5499787.734679, -2249653.499925, 2310139.926712}","-",21.38280469,-157.74368110,"2026-08-04T04:21:01.000Z","UAV 2"
"FRINF053","Move to {-5499787.734679, -2249653.499925, 2310139.926712}","-",21.38302864,-157.74363597,"2026-08-04T04:21:01.000Z","UAV 2"
"FRINF051","Move to {-5499787.734679, -2249653.499925, 2310139.926712}","-",21.38290520,-157.74358958,"2026-08-04T04:21:01.000Z","UAV 2"
"ENM1A2003","Move to {-5499107.729384, -2250754.164082, 2310538.606898}","-",21.37332105,-157.74325039,"2026-08-04T04:23:36.000Z","UAV 2"
"ENMORT005","FFE-On-Location ""Location={-5499123.141030, -2250320.406046, 2311025.754248}""  Name of Weapons to Fire: Indirect-Fire-Gun:m9333he. Number-Of-Rounds: 1. Height-Above-Terrain: 0","-",21.37463885,-157.73701809,"2026-08-04T04:23:36.000Z","UAV 2"
"ENM1A2001","Move to {-5499107.729384, -2250754.164082, 2310538.606898}","-",21.37344869,-157.74288997,"2026-08-04T04:23:36.000Z","UAV 2"
"FRT69007","Move to {-5499315.048189, -2250231.003964, 2310734.853397}","-",21.38070330,-157.73204111,"2026-08-04T04:23:36.000Z","UAV 2"
"FRT69002","Move to {-5499315.048189, -2250231.003964, 2310734.853397}","-",21.38062348,-157.73220904,"2026-08-04T04:23:36.000Z","UAV 2"
"FRT69001","Move to {-5499315.048189, -2250231.003964, 2310734.853397}","-",21.38083085,-157.73220700,"2026-08-04T04:23:36.000Z","UAV 2"
"ENMORT004","FFE-On-Location ""Location={-5498511.672389, -2250935.799735, 2311770.746054}""  Name of Weapons to Fire: Indirect-Fire-Gun:m9333he. Number-Of-Rounds: 1. Height-Above-Terrain: 0","-",21.37449517,-157.73695548,"2026-08-04T04:23:36.000Z","UAV 2"
"ENM35004","Move to {-5499460.953457, -2250814.454542, 2309743.262342}","-",21.37321718,-157.73305944,"2026-08-04T04:23:36.000Z","UAV 2"
"ENGAZ001","Move to {-5499460.953457, -2250814.454542, 2309743.262342}","-",21.37337557,-157.73279257,"2026-08-04T04:23:36.000Z","UAV 2"
"FRT69006","Move to {-5499315.048189, -2250231.003964, 2310734.853397}","-",21.38096224,-157.73222439,"2026-08-04T04:23:36.000Z","UAV 2"
"ENM1A2002","Move to {-5499107.729384, -2250754.164082, 2310538.606898}","-",21.37356111,-157.74317200,"2026-08-04T04:23:36.000Z","UAV 2"
"FRT69003","Move to {-5499315.048189, -2250231.003964, 2310734.853397}","-",21.38097368,-157.73240275,"2026-08-04T04:23:36.000Z","UAV 2"
"FRT69005","Move to {-5499315.048189, -2250231.003964, 2310734.853397}","-",21.38100050,-157.73233777,"2026-08-04T04:23:36.000Z","UAV 2"
"ENM35002","Move to {-5499460.953457, -2250814.454542, 2309743.262342}","-",21.37340563,-157.73283903,"2026-08-04T04:23:36.000Z","UAV 2"
"ENGAZ003","Move to {-5499460.953457, -2250814.454542, 2309743.262342}","-",21.37338460,-157.73326221,"2026-08-04T04:23:36.000Z","UAV 2"
"ENM35001","Move to {-5499460.953457, -2250814.454542, 2309743.262342}","-",21.37314706,-157.73312307,"2026-08-04T04:23:36.000Z","UAV 2"
"ENMORT001","FFE-On-Location ""Location={-5499123.141030, -2250320.406046, 2311025.754248}""  Name of Weapons to Fire: Indirect-Fire-Gun:m9333he. Number-Of-Rounds: 1. Height-Above-Terrain: 0","-",21.37454920,-157.73726779,"2026-08-04T04:23:36.000Z","UAV 2"
"FRT69008","Move to {-5499315.048189, -2250231.003964, 2310734.853397}","-",21.38096997,-157.73244663,"2026-08-04T04:23:36.000Z","UAV 2"
"FRT69009","Move to {-5499315.048189, -2250231.003964, 2310734.853397}","-",21.38066071,-157.73234161,"2026-08-04T04:23:36.000Z","UAV 2"
"ENMORT003","FFE-On-Location ""Location={-5498358.113175, -2250865.429793, 2312201.552453}""  Name of Weapons to Fire: Indirect-Fire-Gun:m9333he. Number-Of-Rounds: 1. Height-Above-Terrain: 0","-",21.37448817,-157.73726715,"2026-08-04T04:23:36.000Z","UAV 2"
"FRT69010","Move to {-5499315.048189, -2250231.003964, 2310734.853397}","-",21.38075795,-157.73208913,"2026-08-04T04:23:36.000Z","UAV 2"
"ENM1A2004","Move to {-5499107.729384, -2250754.164082, 2310538.606898}","-",21.37347023,-157.74313700,"2026-08-04T04:23:36.000Z","UAV 2"
"ENM35003","Move to {-5499460.953457, -2250814.454542, 2309743.262342}","-",21.37355771,-157.73315653,"2026-08-04T04:23:36.000Z","UAV 2"
"ENM1A2003","Move to {-5499107.729384, -2250754.164082, 2310538.606898}","-",21.37332105,-157.74325039,"2026-08-04T04:23:37.000Z","UAV 2"
"ENMORT005","FFE-On-Location ""Location={-5499123.141030, -2250320.406046, 2311025.754248}""  Name of Weapons to Fire: Indirect-Fire-Gun:m9333he. Number-Of-Rounds: 1. Height-Above-Terrain: 0","-",21.37463885,-157.73701809,"2026-08-04T04:23:37.000Z","UAV 2"
"ENM1A2001","Move to {-5499107.729384, -2250754.164082, 2310538.606898}","-",21.37344869,-157.74288997,"2026-08-04T04:23:37.000Z","UAV 2"
"FRT69007","Move to {-5499315.048189, -2250231.003964, 2310734.853397}","-",21.38070330,-157.73204111,"2026-08-04T04:23:37.000Z","UAV 2"
"FRT69002","Move to {-5499315.048189, -2250231.003964, 2310734.853397}","-",21.38062348,-157.73220904,"2026-08-04T04:23:37.000Z","UAV 2"
"FRT69001","Move to {-5499315.048189, -2250231.003964, 2310734.853397}","-",21.38083085,-157.73220700,"2026-08-04T04:23:37.000Z","UAV 2"
"ENMORT004","FFE-On-Location ""Location={-5498511.672389, -2250935.799735, 2311770.746054}""  Name of Weapons to Fire: Indirect-Fire-Gun:m9333he. Number-Of-Rounds: 1. Height-Above-Terrain: 0","-",21.37449517,-157.73695548,"2026-08-04T04:23:37.000Z","UAV 2"
"ENM35004","Move to {-5499460.953457, -2250814.454542, 2309743.262342}","-",21.37321718,-157.73305944,"2026-08-04T04:23:37.000Z","UAV 2"
"ENGAZ001","Move to {-5499460.953457, -2250814.454542, 2309743.262342}","-",21.37337557,-157.73279257,"2026-08-04T04:23:37.000Z","UAV 2"
"FRT69006","Move to {-5499315.048189, -2250231.003964, 2310734.853397}","-",21.38096224,-157.73222439,"2026-08-04T04:23:37.000Z","UAV 2"
"ENM1A2002","Move to {-5499107.729384, -2250754.164082, 2310538.606898}","-",21.37356111,-157.74317200,"2026-08-04T04:23:37.000Z","UAV 2"
"FRT69003","Move to {-5499315.048189, -2250231.003964, 2310734.853397}","-",21.38097368,-157.73240275,"2026-08-04T04:23:37.000Z","UAV 2"
"FRT69005","Move to {-5499315.048189, -2250231.003964, 2310734.853397}","-",21.38100050,-157.73233777,"2026-08-04T04:23:37.000Z","UAV 2"
"ENM35002","Move to {-5499460.953457, -2250814.454542, 2309743.262342}","-",21.37340563,-157.73283903,"2026-08-04T04:23:37.000Z","UAV 2"
"ENGAZ003","Move to {-5499460.953457, -2250814.454542, 2309743.262342}","-",21.37338460,-157.73326221,"2026-08-04T04:23:37.000Z","UAV 2"
"ENM35001","Move to {-5499460.953457, -2250814.454542, 2309743.262342}","-",21.37314706,-157.73312307,"2026-08-04T04:23:37.000Z","UAV 2"
"ENMORT001","FFE-On-Location ""Location={-5499123.141030, -2250320.406046, 2311025.754248}""  Name of Weapons to Fire: Indirect-Fire-Gun:m9333he. Number-Of-Rounds: 1. Height-Above-Terrain: 0","-",21.37454920,-157.73726779,"2026-08-04T04:23:37.000Z","UAV 2"
"FRT69008","Move to {-5499315.048189, -2250231.003964, 2310734.853397}","-",21.38096997,-157.73244663,"2026-08-04T04:23:37.000Z","UAV 2"
"FRT69009","Move to {-5499315.048189, -2250231.003964, 2310734.853397}","-",21.38066071,-157.73234161,"2026-08-04T04:23:37.000Z","UAV 2"
"ENMORT003","FFE-On-Location ""Location={-5498358.113175, -2250865.429793, 2312201.552453}""  Name of Weapons to Fire: Indirect-Fire-Gun:m9333he. Number-Of-Rounds: 1. Height-Above-Terrain: 0","-",21.37448817,-157.73726715,"2026-08-04T04:23:37.000Z","UAV 2"
"FRT69010","Move to {-5499315.048189, -2250231.003964, 2310734.853397}","-",21.38075795,-157.73208913,"2026-08-04T04:23:37.000Z","UAV 2"
"ENM1A2004","Move to {-5499107.729384, -2250754.164082, 2310538.606898}","-",21.37347023,-157.74313700,"2026-08-04T04:23:37.000Z","UAV 2"
"ENM35003","Move to {-5499460.953457, -2250814.454542, 2309743.262342}","-",21.37355771,-157.73315653,"2026-08-04T04:23:37.000Z","UAV 2"
"FRM901001","None","-",21.39546138,-157.73719974,"2026-08-04T04:23:38.000Z","UAV 2"
"FRTRK2004","Move to {-5498755.048693, -2250824.434840, 2311307.787782}","-",21.38821712,-157.75043475,"2026-08-04T04:23:38.000Z","UAV 2"
"FRTRK1003","Move to {-5498755.048693, -2250824.434840, 2311307.787782}","-",21.38826250,-157.75037278,"2026-08-04T04:23:38.000Z","UAV 2"
"FRMORT002","FFE-On-Location ""Location={-5499132.853573, -2251193.466895, 2310064.199617}""  Name of Weapons to Fire: Indirect-Fire-Gun:m9333he. Number-Of-Rounds: 1. Height-Above-Terrain: 0","-",21.39124517,-157.73722922,"2026-08-04T04:23:38.000Z","UAV 2"
"FRTRK1001","Move to {-5498755.048693, -2250824.434840, 2311307.787782}","-",21.38840049,-157.75043488,"2026-08-04T04:23:38.000Z","UAV 2"
"FRAHS001","FFE-On-Location ""Location={-5499191.503627, -2251825.311346, 2309314.511859}""  Name of Weapons to Fire: Indirect-Fire-Gun:M107-155mm. Number-Of-Rounds: 1. Height-Above-Terrain: 0","-",21.39511611,-157.73746058,"2026-08-04T04:23:38.000Z","UAV 2"
"FRMORT001","FFE-On-Location ""Location={-5499191.503627, -2251825.311346, 2309314.511859}""  Name of Weapons to Fire: Indirect-Fire-Gun:m9333he. Number-Of-Rounds: 1. Height-Above-Terrain: 0","-",21.39116652,-157.73700854,"2026-08-04T04:23:38.000Z","UAV 2"
"FRLAV002","Move to {-5499315.048189, -2250231.003964, 2310734.853397}","-",21.38990345,-157.74175765,"2026-08-04T04:23:38.000Z","UAV 2"
"FRLAV006","Move to {-5499315.048189, -2250231.003964, 2310734.853397}","-",21.38986502,-157.74207888,"2026-08-04T04:23:38.000Z","UAV 2"
"FRM113007","Move to {-5499315.048189, -2250231.003964, 2310734.853397}","-",21.39009180,-157.74184604,"2026-08-04T04:23:38.000Z","UAV 2"
"FRM113002","Move to {-5499315.048189, -2250231.003964, 2310734.853397}","-",21.38982982,-157.74169886,"2026-08-04T04:23:38.000Z","UAV 2"
"FRLAV008","Move to {-5499315.048189, -2250231.003964, 2310734.853397}","-",21.39001215,-157.74175297,"2026-08-04T04:23:38.000Z","UAV 2"
"FRM113006","Move to {-5499315.048189, -2250231.003964, 2310734.853397}","-",21.38989941,-157.74190826,"2026-08-04T04:23:38.000Z","UAV 2"
"FRMORT004","None","-",21.39105358,-157.73697074,"2026-08-04T04:23:38.000Z","UAV 2"
"FRTRK1005","Move to {-5498755.048693, -2250824.434840, 2311307.787782}","-",21.38815717,-157.75023548,"2026-08-04T04:23:38.000Z","UAV 2"
"FRM109002","FFE-On-Location ""Location={-5499132.853573, -2251193.466895, 2310064.199617}""  Name of Weapons to Fire: Indirect-Fire-Gun:M107-155mm. Number-Of-Rounds: 1. Height-Above-Terrain: 0","-",21.39535746,-157.73730886,"2026-08-04T04:23:38.000Z","UAV 2"
"FRLAV001","Move to {-5499315.048189, -2250231.003964, 2310734.853397}","-",21.38973185,-157.74171704,"2026-08-04T04:23:38.000Z","UAV 2"
"FRTRK2001","Move to {-5498755.048693, -2250824.434840, 2311307.787782}","-",21.38830949,-157.75048768,"2026-08-04T04:23:38.000Z","UAV 2"
"FRTRK2002","Move to {-5498755.048693, -2250824.434840, 2311307.787782}","-",21.38821231,-157.75061680,"2026-08-04T04:23:38.000Z","UAV 2"
"FRM113001","Move to {-5499315.048189, -2250231.003964, 2310734.853397}","-",21.38989135,-157.74163464,"2026-08-04T04:23:38.000Z","UAV 2"
"FRM109001","FFE-On-Location ""Location={-5499191.503627, -2251825.311346, 2309314.511859}""  Name of Weapons to Fire: Indirect-Fire-Gun:M107-155mm. Number-Of-Rounds: 1. Height-Above-Terrain: 0","-",21.39515360,-157.73702065,"2026-08-04T04:23:38.000Z","UAV 2"
"FRTRK1002","Move to {-5498755.048693, -2250824.434840, 2311307.787782}","-",21.38828348,-157.75068044,"2026-08-04T04:23:38.000Z","UAV 2"
"FRM113004","Move to {-5499315.048189, -2250231.003964, 2310734.853397}","-",21.38979349,-157.74195580,"2026-08-04T04:23:38.000Z","UAV 2"
"FRTRK2003","Move to {-5498755.048693, -2250824.434840, 2311307.787782}","-",21.38805868,-157.75034436,"2026-08-04T04:23:38.000Z","UAV 2"
"FRAHS002","FFE-On-Location ""Location={-5499132.853573, -2251193.466895, 2310064.199617}""  Name of Weapons to Fire: Indirect-Fire-Gun:M107-155mm. Number-Of-Rounds: 1. Height-Above-Terrain: 0","-",21.39520418,-157.73742074,"2026-08-04T04:23:38.000Z","UAV 2"
"FRM109004","Move to {-5499315.048189, -2250231.003964, 2310734.853397}","-",21.39553457,-157.73711306,"2026-08-04T04:23:38.000Z","UAV 2"
"FRLAV004","Move to {-5499315.048189, -2250231.003964, 2310734.853397}","-",21.38965812,-157.74152997,"2026-08-04T04:23:38.000Z","UAV 2"
"FRTRK1004","Move to {-5498755.048693, -2250824.434840, 2311307.787782}","-",21.38806657,-157.75039632,"2026-08-04T04:23:38.000Z","UAV 2"
"FRM901001","None","-",21.39546138,-157.73719974,"2026-08-04T04:23:39.000Z","UAV 2"
"FRTRK2004","Move to {-5498755.048693, -2250824.434840, 2311307.787782}","-",21.38821712,-157.75043475,"2026-08-04T04:23:39.000Z","UAV 2"
"FRTRK1003","Move to {-5498755.048693, -2250824.434840, 2311307.787782}","-",21.38826250,-157.75037278,"2026-08-04T04:23:39.000Z","UAV 2"
"FRMORT002","FFE-On-Location ""Location={-5499132.853573, -2251193.466895, 2310064.199617}""  Name of Weapons to Fire: Indirect-Fire-Gun:m9333he. Number-Of-Rounds: 1. Height-Above-Terrain: 0","-",21.39124517,-157.73722922,"2026-08-04T04:23:39.000Z","UAV 2"
"FRTRK1001","Move to {-5498755.048693, -2250824.434840, 2311307.787782}","-",21.38840049,-157.75043488,"2026-08-04T04:23:39.000Z","UAV 2"
"FRAHS001","FFE-On-Location ""Location={-5499191.503627, -2251825.311346, 2309314.511859}""  Name of Weapons to Fire: Indirect-Fire-Gun:M107-155mm. Number-Of-Rounds: 1. Height-Above-Terrain: 0","-",21.39511611,-157.73746058,"2026-08-04T04:23:39.000Z","UAV 2"
"FRMORT001","FFE-On-Location ""Location={-5499191.503627, -2251825.311346, 2309314.511859}""  Name of Weapons to Fire: Indirect-Fire-Gun:m9333he. Number-Of-Rounds: 1. Height-Above-Terrain: 0","-",21.39116652,-157.73700854,"2026-08-04T04:23:39.000Z","UAV 2"
"FRLAV002","Move to {-5499315.048189, -2250231.003964, 2310734.853397}","-",21.38990345,-157.74175765,"2026-08-04T04:23:39.000Z","UAV 2"
"FRLAV006","Move to {-5499315.048189, -2250231.003964, 2310734.853397}","-",21.38986502,-157.74207888,"2026-08-04T04:23:39.000Z","UAV 2"
"FRM113007","Move to {-5499315.048189, -2250231.003964, 2310734.853397}","-",21.39009180,-157.74184604,"2026-08-04T04:23:39.000Z","UAV 2"
"FRM113002","Move to {-5499315.048189, -2250231.003964, 2310734.853397}","-",21.38982982,-157.74169886,"2026-08-04T04:23:39.000Z","UAV 2"
"FRLAV008","Move to {-5499315.048189, -2250231.003964, 2310734.853397}","-",21.39001215,-157.74175297,"2026-08-04T04:23:39.000Z","UAV 2"
"FRM113006","Move to {-5499315.048189, -2250231.003964, 2310734.853397}","-",21.38989941,-157.74190826,"2026-08-04T04:23:39.000Z","UAV 2"
"FRMORT004","None","-",21.39105358,-157.73697074,"2026-08-04T04:23:39.000Z","UAV 2"
"FRTRK1005","Move to {-5498755.048693, -2250824.434840, 2311307.787782}","-",21.38815717,-157.75023548,"2026-08-04T04:23:39.000Z","UAV 2"
"FRM109002","FFE-On-Location ""Location={-5499132.853573, -2251193.466895, 2310064.199617}""  Name of Weapons to Fire: Indirect-Fire-Gun:M107-155mm. Number-Of-Rounds: 1. Height-Above-Terrain: 0","-",21.39535746,-157.73730886,"2026-08-04T04:23:39.000Z","UAV 2"
"FRLAV001","Move to {-5499315.048189, -2250231.003964, 2310734.853397}","-",21.38973185,-157.74171704,"2026-08-04T04:23:39.000Z","UAV 2"
"FRTRK2001","Move to {-5498755.048693, -2250824.434840, 2311307.787782}","-",21.38830949,-157.75048768,"2026-08-04T04:23:39.000Z","UAV 2"
"FRTRK2002","Move to {-5498755.048693, -2250824.434840, 2311307.787782}","-",21.38821231,-157.75061680,"2026-08-04T04:23:39.000Z","UAV 2"
"FRM113001","Move to {-5499315.048189, -2250231.003964, 2310734.853397}","-",21.38989135,-157.74163464,"2026-08-04T04:23:39.000Z","UAV 2"
"FRM109001","FFE-On-Location ""Location={-5499191.503627, -2251825.311346, 2309314.511859}""  Name of Weapons to Fire: Indirect-Fire-Gun:M107-155mm. Number-Of-Rounds: 1. Height-Above-Terrain: 0","-",21.39515360,-157.73702065,"2026-08-04T04:23:39.000Z","UAV 2"
"FRTRK1002","Move to {-5498755.048693, -2250824.434840, 2311307.787782}","-",21.38828348,-157.75068044,"2026-08-04T04:23:39.000Z","UAV 2"
"FRM113004","Move to {-5499315.048189, -2250231.003964, 2310734.853397}","-",21.38979349,-157.74195580,"2026-08-04T04:23:39.000Z","UAV 2"
"FRTRK2003","Move to {-5498755.048693, -2250824.434840, 2311307.787782}","-",21.38805868,-157.75034436,"2026-08-04T04:23:39.000Z","UAV 2"
"FRAHS002","FFE-On-Location ""Location={-5499132.853573, -2251193.466895, 2310064.199617}""  Name of Weapons to Fire: Indirect-Fire-Gun:M107-155mm. Number-Of-Rounds: 1. Height-Above-Terrain: 0","-",21.39520418,-157.73742074,"2026-08-04T04:23:39.000Z","UAV 2"
"FRM109004","Move to {-5499315.048189, -2250231.003964, 2310734.853397}","-",21.39553457,-157.73711306,"2026-08-04T04:23:39.000Z","UAV 2"
"FRLAV004","Move to {-5499315.048189, -2250231.003964, 2310734.853397}","-",21.38965812,-157.74152997,"2026-08-04T04:23:39.000Z","UAV 2"
"FRTRK1004","Move to {-5498755.048693, -2250824.434840, 2311307.787782}","-",21.38806657,-157.75039632,"2026-08-04T04:23:39.000Z","UAV 2"
"FRM901001","None","-",21.39546138,-157.73719974,"2026-08-04T04:23:40.000Z","UAV 2"
"FRTRK1003","Move to {-5498755.048693, -2250824.434840, 2311307.787782}","-",21.38831528,-157.75020419,"2026-08-04T04:23:40.000Z","UAV 2"
"FRMORT002","FFE-On-Location ""Location={-5499132.853573, -2251193.466895, 2310064.199617}""  Name of Weapons to Fire: Indirect-Fire-Gun:m9333he. Number-Of-Rounds: 1. Height-Above-Terrain: 0","-",21.39124517,-157.73722922,"2026-08-04T04:23:40.000Z","UAV 2"
"FRTRK1001","Move to {-5498755.048693, -2250824.434840, 2311307.787782}","-",21.38845881,-157.75026239,"2026-08-04T04:23:40.000Z","UAV 2"
"FRAHS001","FFE-On-Location ""Location={-5499191.503627, -2251825.311346, 2309314.511859}""  Name of Weapons to Fire: Indirect-Fire-Gun:M107-155mm. Number-Of-Rounds: 1. Height-Above-Terrain: 0","-",21.39511611,-157.73746058,"2026-08-04T04:23:40.000Z","UAV 2"
"FRMORT001","FFE-On-Location ""Location={-5499191.503627, -2251825.311346, 2309314.511859}""  Name of Weapons to Fire: Indirect-Fire-Gun:m9333he. Number-Of-Rounds: 1. Height-Above-Terrain: 0","-",21.39116652,-157.73700854,"2026-08-04T04:23:40.000Z","UAV 2"
"FRLAV002","Move to {-5499315.048189, -2250231.003964, 2310734.853397}","-",21.38991053,-157.74175328,"2026-08-04T04:23:40.000Z","UAV 2"
"FRLAV006","Move to {-5499315.048189, -2250231.003964, 2310734.853397}","-",21.38987188,-157.74207464,"2026-08-04T04:23:40.000Z","UAV 2"
"FRM113007","Move to {-5499315.048189, -2250231.003964, 2310734.853397}","-",21.39009925,-157.74184604,"2026-08-04T04:23:40.000Z","UAV 2"
"FRM113002","Move to {-5499315.048189, -2250231.003964, 2310734.853397}","-",21.38983436,-157.74169886,"2026-08-04T04:23:40.000Z","UAV 2"
"FRLAV008","Move to {-5499315.048189, -2250231.003964, 2310734.853397}","-",21.39001931,-157.74174855,"2026-08-04T04:23:40.000Z","UAV 2"
"FRM113006","Move to {-5499315.048189, -2250231.003964, 2310734.853397}","-",21.38990653,-157.74190826,"2026-08-04T04:23:40.000Z","UAV 2"
"FRMORT004","None","-",21.39105358,-157.73697074,"2026-08-04T04:23:40.000Z","UAV 2"
"FRTRK1005","Move to {-5498755.048693, -2250824.434840, 2311307.787782}","-",21.38819933,-157.75007395,"2026-08-04T04:23:40.000Z","UAV 2"
"FRM109002","FFE-On-Location ""Location={-5499132.853573, -2251193.466895, 2310064.199617}""  Name of Weapons to Fire: Indirect-Fire-Gun:M107-155mm. Number-Of-Rounds: 1. Height-Above-Terrain: 0","-",21.39535746,-157.73730886,"2026-08-04T04:23:40.000Z","UAV 2"
"FRLAV001","Move to {-5499315.048189, -2250231.003964, 2310734.853397}","-",21.38973839,-157.74171301,"2026-08-04T04:23:40.000Z","UAV 2"
"FRTRK2001","Move to {-5498755.048693, -2250824.434840, 2311307.787782}","-",21.38837111,-157.75031056,"2026-08-04T04:23:40.000Z","UAV 2"
"FRTRK2002","Move to {-5498755.048693, -2250824.434840, 2311307.787782}","-",21.38828283,-157.75043102,"2026-08-04T04:23:40.000Z","UAV 2"
"FRM113001","Move to {-5499315.048189, -2250231.003964, 2310734.853397}","-",21.38989769,-157.74163464,"2026-08-04T04:23:40.000Z","UAV 2"
"FRM109001","FFE-On-Location ""Location={-5499191.503627, -2251825.311346, 2309314.511859}""  Name of Weapons to Fire: Indirect-Fire-Gun:M107-155mm. Number-Of-Rounds: 1. Height-Above-Terrain: 0","-",21.39515360,-157.73702065,"2026-08-04T04:23:40.000Z","UAV 2"
"FRTRK1002","Move to {-5498755.048693, -2250824.434840, 2311307.787782}","-",21.38835540,-157.75049229,"2026-08-04T04:23:40.000Z","UAV 2"
"FRM113004","Move to {-5499315.048189, -2250231.003964, 2310734.853397}","-",21.38979817,-157.74195905,"2026-08-04T04:23:40.000Z","UAV 2"
"FRTRK2003","Move to {-5498755.048693, -2250824.434840, 2311307.787782}","-",21.38811537,-157.75016904,"2026-08-04T04:23:40.000Z","UAV 2"
"FRAHS002","FFE-On-Location ""Location={-5499132.853573, -2251193.466895, 2310064.199617}""  Name of Weapons to Fire: Indirect-Fire-Gun:M107-155mm. Number-Of-Rounds: 1. Height-Above-Terrain: 0","-",21.39520418,-157.73742074,"2026-08-04T04:23:40.000Z","UAV 2"
"FRM109004","Move to {-5499315.048189, -2250231.003964, 2310734.853397}","-",21.39550835,-157.73727607,"2026-08-04T04:23:40.000Z","UAV 2"
"FRLAV004","Move to {-5499315.048189, -2250231.003964, 2310734.853397}","-",21.38965938,-157.74152343,"2026-08-04T04:23:40.000Z","UAV 2"
"FRLAV005","Move to {-5499315.048189, -2250231.003964, 2310734.853397}","-",21.38998348,-157.74192909,"2026-08-04T04:23:40.000Z","UAV 2"
"FRM901001","None","-",21.39546138,-157.73719974,"2026-08-04T04:23:41.000Z","UAV 2"
"FRTRK1003","Move to {-5498755.048693, -2250824.434840, 2311307.787782}","-",21.38831528,-157.75020419,"2026-08-04T04:23:41.000Z","UAV 2"
"FRMORT002","FFE-On-Location ""Location={-5499132.853573, -2251193.466895, 2310064.199617}""  Name of Weapons to Fire: Indirect-Fire-Gun:m9333he. Number-Of-Rounds: 1. Height-Above-Terrain: 0","-",21.39124517,-157.73722922,"2026-08-04T04:23:41.000Z","UAV 2"
"FRTRK1001","Move to {-5498755.048693, -2250824.434840, 2311307.787782}","-",21.38845881,-157.75026239,"2026-08-04T04:23:41.000Z","UAV 2"
"FRAHS001","FFE-On-Location ""Location={-5499191.503627, -2251825.311346, 2309314.511859}""  Name of Weapons to Fire: Indirect-Fire-Gun:M107-155mm. Number-Of-Rounds: 1. Height-Above-Terrain: 0","-",21.39511611,-157.73746058,"2026-08-04T04:23:41.000Z","UAV 2"
"FRMORT001","FFE-On-Location ""Location={-5499191.503627, -2251825.311346, 2309314.511859}""  Name of Weapons to Fire: Indirect-Fire-Gun:m9333he. Number-Of-Rounds: 1. Height-Above-Terrain: 0","-",21.39116652,-157.73700854,"2026-08-04T04:23:41.000Z","UAV 2"
"FRLAV002","Move to {-5499315.048189, -2250231.003964, 2310734.853397}","-",21.38991053,-157.74175328,"2026-08-04T04:23:41.000Z","UAV 2"
"FRLAV006","Move to {-5499315.048189, -2250231.003964, 2310734.853397}","-",21.38987188,-157.74207464,"2026-08-04T04:23:41.000Z","UAV 2"
"FRM113007","Move to {-5499315.048189, -2250231.003964, 2310734.853397}","-",21.39009925,-157.74184604,"2026-08-04T04:23:41.000Z","UAV 2"
"FRM113002","Move to {-5499315.048189, -2250231.003964, 2310734.853397}","-",21.38983436,-157.74169886,"2026-08-04T04:23:41.000Z","UAV 2"
"FRLAV008","Move to {-5499315.048189, -2250231.003964, 2310734.853397}","-",21.39001931,-157.74174855,"2026-08-04T04:23:41.000Z","UAV 2"
"FRM113006","Move to {-5499315.048189, -2250231.003964, 2310734.853397}","-",21.38990653,-157.74190826,"2026-08-04T04:23:41.000Z","UAV 2"
"FRMORT004","None","-",21.39105358,-157.73697074,"2026-08-04T04:23:41.000Z","UAV 2"
"FRTRK1005","Move to {-5498755.048693, -2250824.434840, 2311307.787782}","-",21.38819933,-157.75007395,"2026-08-04T04:23:41.000Z","UAV 2"
"FRM109002","FFE-On-Location ""Location={-5499132.853573, -2251193.466895, 2310064.199617}""  Name of Weapons to Fire: Indirect-Fire-Gun:M107-155mm. Number-Of-Rounds: 1. Height-Above-Terrain: 0","-",21.39535746,-157.73730886,"2026-08-04T04:23:41.000Z","UAV 2"
"FRLAV001","Move to {-5499315.048189, -2250231.003964, 2310734.853397}","-",21.38973839,-157.74171301,"2026-08-04T04:23:41.000Z","UAV 2"
"FRTRK2001","Move to {-5498755.048693, -2250824.434840, 2311307.787782}","-",21.38837111,-157.75031056,"2026-08-04T04:23:41.000Z","UAV 2"
"FRTRK2002","Move to {-5498755.048693, -2250824.434840, 2311307.787782}","-",21.38828283,-157.75043102,"2026-08-04T04:23:41.000Z","UAV 2"
"FRM113001","Move to {-5499315.048189, -2250231.003964, 2310734.853397}","-",21.38989769,-157.74163464,"2026-08-04T04:23:41.000Z","UAV 2"
"FRM109001","FFE-On-Location ""Location={-5499191.503627, -2251825.311346, 2309314.511859}""  Name of Weapons to Fire: Indirect-Fire-Gun:M107-155mm. Number-Of-Rounds: 1. Height-Above-Terrain: 0","-",21.39515360,-157.73702065,"2026-08-04T04:23:41.000Z","UAV 2"
"FRTRK1002","Move to {-5498755.048693, -2250824.434840, 2311307.787782}","-",21.38835540,-157.75049229,"2026-08-04T04:23:41.000Z","UAV 2"
"FRM113004","Move to {-5499315.048189, -2250231.003964, 2310734.853397}","-",21.38979817,-157.74195905,"2026-08-04T04:23:41.000Z","UAV 2"
"FRTRK2003","Move to {-5498755.048693, -2250824.434840, 2311307.787782}","-",21.38811537,-157.75016904,"2026-08-04T04:23:41.000Z","UAV 2"
"FRAHS002","FFE-On-Location ""Location={-5499132.853573, -2251193.466895, 2310064.199617}""  Name of Weapons to Fire: Indirect-Fire-Gun:M107-155mm. Number-Of-Rounds: 1. Height-Above-Terrain: 0","-",21.39520418,-157.73742074,"2026-08-04T04:23:41.000Z","UAV 2"
"FRM109004","Move to {-5499315.048189, -2250231.003964, 2310734.853397}","-",21.39550835,-157.73727607,"2026-08-04T04:23:41.000Z","UAV 2"
"FRLAV004","Move to {-5499315.048189, -2250231.003964, 2310734.853397}","-",21.38965938,-157.74152343,"2026-08-04T04:23:41.000Z","UAV 2"
"FRLAV005","Move to {-5499315.048189, -2250231.003964, 2310734.853397}","-",21.38998348,-157.74192909,"2026-08-04T04:23:41.000Z","UAV 2"
"FRM901001","None","-",21.39546138,-157.73719974,"2026-08-04T04:23:42.000Z","UAV 2"
"FRTRK1003","Move to {-5498755.048693, -2250824.434840, 2311307.787782}","-",21.38829807,-157.75000538,"2026-08-04T04:23:42.000Z","UAV 2"
"FRMORT002","FFE-On-Location ""Location={-5499132.853573, -2251193.466895, 2310064.199617}""  Name of Weapons to Fire: Indirect-Fire-Gun:m9333he. Number-Of-Rounds: 1. Height-Above-Terrain: 0","-",21.39124517,-157.73722922,"2026-08-04T04:23:42.000Z","UAV 2"
"FRTRK1001","Move to {-5498755.048693, -2250824.434840, 2311307.787782}","-",21.38844354,-157.75006618,"2026-08-04T04:23:42.000Z","UAV 2"
"FRAHS001","FFE-On-Location ""Location={-5499191.503627, -2251825.311346, 2309314.511859}""  Name of Weapons to Fire: Indirect-Fire-Gun:M107-155mm. Number-Of-Rounds: 1. Height-Above-Terrain: 0","-",21.39511611,-157.73746058,"2026-08-04T04:23:42.000Z","UAV 2"
"FRMORT001","FFE-On-Location ""Location={-5499191.503627, -2251825.311346, 2309314.511859}""  Name of Weapons to Fire: Indirect-Fire-Gun:m9333he. Number-Of-Rounds: 1. Height-Above-Terrain: 0","-",21.39116652,-157.73700854,"2026-08-04T04:23:42.000Z","UAV 2"
"FRLAV002","Move to {-5499315.048189, -2250231.003964, 2310734.853397}","-",21.38991758,-157.74174894,"2026-08-04T04:23:42.000Z","UAV 2"
"FRLAV006","Move to {-5499315.048189, -2250231.003964, 2310734.853397}","-",21.38987879,-157.74207038,"2026-08-04T04:23:42.000Z","UAV 2"
"FRM113007","Move to {-5499315.048189, -2250231.003964, 2310734.853397}","-",21.39010668,-157.74184604,"2026-08-04T04:23:42.000Z","UAV 2"
"FRM113002","Move to {-5499315.048189, -2250231.003964, 2310734.853397}","-",21.38983745,-157.74169886,"2026-08-04T04:23:42.000Z","UAV 2"
"FRLAV008","Move to {-5499315.048189, -2250231.003964, 2310734.853397}","-",21.39002639,-157.74174419,"2026-08-04T04:23:42.000Z","UAV 2"
"FRM113006","Move to {-5499315.048189, -2250231.003964, 2310734.853397}","-",21.38991363,-157.74190826,"2026-08-04T04:23:42.000Z","UAV 2"
"FRMORT004","None","-",21.39105358,-157.73697074,"2026-08-04T04:23:42.000Z","UAV 2"
"FRTRK1005","Move to {-5498755.048693, -2250824.434840, 2311307.787782}","-",21.38817763,-157.74987401,"2026-08-04T04:23:42.000Z","UAV 2"
"FRM109002","FFE-On-Location ""Location={-5499132.853573, -2251193.466895, 2310064.199617}""  Name of Weapons to Fire: Indirect-Fire-Gun:M107-155mm. Number-Of-Rounds: 1. Height-Above-Terrain: 0","-",21.39535746,-157.73730886,"2026-08-04T04:23:42.000Z","UAV 2"
"FRLAV001","Move to {-5499315.048189, -2250231.003964, 2310734.853397}","-",21.38974445,-157.74170928,"2026-08-04T04:23:42.000Z","UAV 2"
"FRTRK2001","Move to {-5498755.048693, -2250824.434840, 2311307.787782}","-",21.38835828,-157.75011668,"2026-08-04T04:23:42.000Z","UAV 2"
"FRTRK2002","Move to {-5498755.048693, -2250824.434840, 2311307.787782}","-",21.38827494,-157.75024182,"2026-08-04T04:23:42.000Z","UAV 2"
"FRM113001","Move to {-5499315.048189, -2250231.003964, 2310734.853397}","-",21.38990402,-157.74163464,"2026-08-04T04:23:42.000Z","UAV 2"
"FRM109001","FFE-On-Location ""Location={-5499191.503627, -2251825.311346, 2309314.511859}""  Name of Weapons to Fire: Indirect-Fire-Gun:M107-155mm. Number-Of-Rounds: 1. Height-Above-Terrain: 0","-",21.39515360,-157.73702065,"2026-08-04T04:23:42.000Z","UAV 2"
"FRM113004","Move to {-5499315.048189, -2250231.003964, 2310734.853397}","-",21.38980446,-157.74196487,"2026-08-04T04:23:42.000Z","UAV 2"
"FRTRK2003","Move to {-5498755.048693, -2250824.434840, 2311307.787782}","-",21.38810248,-157.74997392,"2026-08-04T04:23:42.000Z","UAV 2"
"FRAHS002","FFE-On-Location ""Location={-5499132.853573, -2251193.466895, 2310064.199617}""  Name of Weapons to Fire: Indirect-Fire-Gun:M107-155mm. Number-Of-Rounds: 1. Height-Above-Terrain: 0","-",21.39520418,-157.73742074,"2026-08-04T04:23:42.000Z","UAV 2"
"FRLAV004","Move to {-5499315.048189, -2250231.003964, 2310734.853397}","-",21.38966100,-157.74151500,"2026-08-04T04:23:42.000Z","UAV 2"
"FRLAV005","Move to {-5499315.048189, -2250231.003964, 2310734.853397}","-",21.38999079,-157.74192459,"2026-08-04T04:23:42.000Z","UAV 2"
"FRM901001","None","-",21.39546138,-157.73719974,"2026-08-04T04:23:43.000Z","UAV 2"
"FRTRK1003","Move to {-5498755.048693, -2250824.434840, 2311307.787782}","-",21.38826882,-157.74981404,"2026-08-04T04:23:43.000Z","UAV 2"
"FRMORT002","FFE-On-Location ""Location={-5499132.853573, -2251193.466895, 2310064.199617}""  Name of Weapons to Fire: Indirect-Fire-Gun:m9333he. Number-Of-Rounds: 1. Height-Above-Terrain: 0","-",21.39124517,-157.73722922,"2026-08-04T04:23:43.000Z","UAV 2"
"FRTRK1001","Move to {-5498755.048693, -2250824.434840, 2311307.787782}","-",21.38841165,-157.74987322,"2026-08-04T04:23:43.000Z","UAV 2"
"FRAHS001","FFE-On-Location ""Location={-5499191.503627, -2251825.311346, 2309314.511859}""  Name of Weapons to Fire: Indirect-Fire-Gun:M107-155mm. Number-Of-Rounds: 1. Height-Above-Terrain: 0","-",21.39511611,-157.73746058,"2026-08-04T04:23:43.000Z","UAV 2"
"FRMORT001","FFE-On-Location ""Location={-5499191.503627, -2251825.311346, 2309314.511859}""  Name of Weapons to Fire: Indirect-Fire-Gun:m9333he. Number-Of-Rounds: 1. Height-Above-Terrain: 0","-",21.39116652,-157.73700854,"2026-08-04T04:23:43.000Z","UAV 2"
"FRLAV002","Move to {-5499315.048189, -2250231.003964, 2310734.853397}","-",21.38992441,-157.74174472,"2026-08-04T04:23:43.000Z","UAV 2"
"FRLAV006","Move to {-5499315.048189, -2250231.003964, 2310734.853397}","-",21.38988557,-157.74206621,"2026-08-04T04:23:43.000Z","UAV 2"
"FRM113007","Move to {-5499315.048189, -2250231.003964, 2310734.853397}","-",21.39011393,-157.74184604,"2026-08-04T04:23:43.000Z","UAV 2"
"FRM113002","Move to {-5499315.048189, -2250231.003964, 2310734.853397}","-",21.38983942,-157.74169886,"2026-08-04T04:23:43.000Z","UAV 2"
"FRLAV008","Move to {-5499315.048189, -2250231.003964, 2310734.853397}","-",21.39003319,-157.74174000,"2026-08-04T04:23:43.000Z","UAV 2"
"FRM113006","Move to {-5499315.048189, -2250231.003964, 2310734.853397}","-",21.38992054,-157.74190826,"2026-08-04T04:23:43.000Z","UAV 2"
"FRMORT004","None","-",21.39105358,-157.73697074,"2026-08-04T04:23:43.000Z","UAV 2"
"FRTRK1005","Move to {-5498755.048693, -2250824.434840, 2311307.787782}","-",21.38815033,-157.74968381,"2026-08-04T04:23:43.000Z","UAV 2"
"FRM109002","FFE-On-Location ""Location={-5499132.853573, -2251193.466895, 2310064.199617}""  Name of Weapons to Fire: Indirect-Fire-Gun:M107-155mm. Number-Of-Rounds: 1. Height-Above-Terrain: 0","-",21.39535746,-157.73730886,"2026-08-04T04:23:43.000Z","UAV 2"
"FRLAV001","Move to {-5499315.048189, -2250231.003964, 2310734.853397}","-",21.38974927,-157.74170630,"2026-08-04T04:23:43.000Z","UAV 2"
"FRTRK2001","Move to {-5498755.048693, -2250824.434840, 2311307.787782}","-",21.38832798,-157.74992338,"2026-08-04T04:23:43.000Z","UAV 2"
"FRTRK2002","Move to {-5498755.048693, -2250824.434840, 2311307.787782}","-",21.38824623,-157.75004722,"2026-08-04T04:23:43.000Z","UAV 2"
"FRM113001","Move to {-5499315.048189, -2250231.003964, 2310734.853397}","-",21.38991138,-157.74163468,"2026-08-04T04:23:43.000Z","UAV 2"
"FRM109001","FFE-On-Location ""Location={-5499191.503627, -2251825.311346, 2309314.511859}""  Name of Weapons to Fire: Indirect-Fire-Gun:M107-155mm. Number-Of-Rounds: 1. Height-Above-Terrain: 0","-",21.39515360,-157.73702065,"2026-08-04T04:23:43.000Z","UAV 2"
"FRM113004","Move to {-5499315.048189, -2250231.003964, 2310734.853397}","-",21.38980585,-157.74196616,"2026-08-04T04:23:43.000Z","UAV 2"
"FRTRK2003","Move to {-5498755.048693, -2250824.434840, 2311307.787782}","-",21.38807645,-157.74978157,"2026-08-04T04:23:43.000Z","UAV 2"
"FRAHS002","FFE-On-Location ""Location={-5499132.853573, -2251193.466895, 2310064.199617}""  Name of Weapons to Fire: Indirect-Fire-Gun:M107-155mm. Number-Of-Rounds: 1. Height-Above-Terrain: 0","-",21.39520418,-157.73742074,"2026-08-04T04:23:43.000Z","UAV 2"
"FRLAV004","Move to {-5499315.048189, -2250231.003964, 2310734.853397}","-",21.38966257,-157.74150683,"2026-08-04T04:23:43.000Z","UAV 2"
"FRLAV005","Move to {-5499315.048189, -2250231.003964, 2310734.853397}","-",21.38999790,-157.74192020,"2026-08-04T04:23:43.000Z","UAV 2"
"FRM109003","FFE-On-Location ""Location={-5499460.953457, -2250814.454542, 2309743.262342}""  Name of Weapons to Fire: Indirect-Fire-Gun:M107-155mm. Number-Of-Rounds: 1. Height-Above-Terrain: 0","-",21.39546204,-157.73741658,"2026-08-04T04:23:43.000Z","UAV 2"
"FRM901001","None","-",21.39546138,-157.73719974,"2026-08-04T04:23:44.000Z","UAV 2"
"FRTRK1003","Move to {-5498755.048693, -2250824.434840, 2311307.787782}","-",21.38826882,-157.74981404,"2026-08-04T04:23:44.000Z","UAV 2"
"FRMORT002","FFE-On-Location ""Location={-5499132.853573, -2251193.466895, 2310064.199617}""  Name of Weapons to Fire: Indirect-Fire-Gun:m9333he. Number-Of-Rounds: 1. Height-Above-Terrain: 0","-",21.39124517,-157.73722922,"2026-08-04T04:23:44.000Z","UAV 2"
"FRTRK1001","Move to {-5498755.048693, -2250824.434840, 2311307.787782}","-",21.38841165,-157.74987322,"2026-08-04T04:23:44.000Z","UAV 2"
"FRAHS001","FFE-On-Location ""Location={-5499191.503627, -2251825.311346, 2309314.511859}""  Name of Weapons to Fire: Indirect-Fire-Gun:M107-155mm. Number-Of-Rounds: 1. Height-Above-Terrain: 0","-",21.39511611,-157.73746058,"2026-08-04T04:23:44.000Z","UAV 2"
"FRMORT001","FFE-On-Location ""Location={-5499191.503627, -2251825.311346, 2309314.511859}""  Name of Weapons to Fire: Indirect-Fire-Gun:m9333he. Number-Of-Rounds: 1. Height-Above-Terrain: 0","-",21.39116652,-157.73700854,"2026-08-04T04:23:44.000Z","UAV 2"
"FRLAV002","Move to {-5499315.048189, -2250231.003964, 2310734.853397}","-",21.38992441,-157.74174472,"2026-08-04T04:23:44.000Z","UAV 2"
"FRLAV006","Move to {-5499315.048189, -2250231.003964, 2310734.853397}","-",21.38988557,-157.74206621,"2026-08-04T04:23:44.000Z","UAV 2"
"FRM113007","Move to {-5499315.048189, -2250231.003964, 2310734.853397}","-",21.39011393,-157.74184604,"2026-08-04T04:23:44.000Z","UAV 2"
"FRM113002","Move to {-5499315.048189, -2250231.003964, 2310734.853397}","-",21.38983942,-157.74169886,"2026-08-04T04:23:44.000Z","UAV 2"
"FRLAV008","Move to {-5499315.048189, -2250231.003964, 2310734.853397}","-",21.39003319,-157.74174000,"2026-08-04T04:23:44.000Z","UAV 2"
"FRM113006","Move to {-5499315.048189, -2250231.003964, 2310734.853397}","-",21.38992054,-157.74190826,"2026-08-04T04:23:44.000Z","UAV 2"
"FRMORT004","None","-",21.39105358,-157.73697074,"2026-08-04T04:23:44.000Z","UAV 2"
"FRTRK1005","Move to {-5498755.048693, -2250824.434840, 2311307.787782}","-",21.38815033,-157.74968381,"2026-08-04T04:23:44.000Z","UAV 2"
"FRM109002","FFE-On-Location ""Location={-5499132.853573, -2251193.466895, 2310064.199617}""  Name of Weapons to Fire: Indirect-Fire-Gun:M107-155mm. Number-Of-Rounds: 1. Height-Above-Terrain: 0","-",21.39535746,-157.73730886,"2026-08-04T04:23:44.000Z","UAV 2"
"FRLAV001","Move to {-5499315.048189, -2250231.003964, 2310734.853397}","-",21.38974927,-157.74170630,"2026-08-04T04:23:44.000Z","UAV 2"
"FRTRK2001","Move to {-5498755.048693, -2250824.434840, 2311307.787782}","-",21.38832798,-157.74992338,"2026-08-04T04:23:44.000Z","UAV 2"
"FRTRK2002","Move to {-5498755.048693, -2250824.434840, 2311307.787782}","-",21.38824623,-157.75004722,"2026-08-04T04:23:44.000Z","UAV 2"
"FRM113001","Move to {-5499315.048189, -2250231.003964, 2310734.853397}","-",21.38991138,-157.74163468,"2026-08-04T04:23:44.000Z","UAV 2"
"FRM109001","FFE-On-Location ""Location={-5499191.503627, -2251825.311346, 2309314.511859}""  Name of Weapons to Fire: Indirect-Fire-Gun:M107-155mm. Number-Of-Rounds: 1. Height-Above-Terrain: 0","-",21.39515360,-157.73702065,"2026-08-04T04:23:44.000Z","UAV 2"
"FRM113004","Move to {-5499315.048189, -2250231.003964, 2310734.853397}","-",21.38980585,-157.74196616,"2026-08-04T04:23:44.000Z","UAV 2"
"FRTRK2003","Move to {-5498755.048693, -2250824.434840, 2311307.787782}","-",21.38807645,-157.74978157,"2026-08-04T04:23:44.000Z","UAV 2"
"FRAHS002","FFE-On-Location ""Location={-5499132.853573, -2251193.466895, 2310064.199617}""  Name of Weapons to Fire: Indirect-Fire-Gun:M107-155mm. Number-Of-Rounds: 1. Height-Above-Terrain: 0","-",21.39520418,-157.73742074,"2026-08-04T04:23:44.000Z","UAV 2"
"FRLAV004","Move to {-5499315.048189, -2250231.003964, 2310734.853397}","-",21.38966257,-157.74150683,"2026-08-04T04:23:44.000Z","UAV 2"
"FRLAV005","Move to {-5499315.048189, -2250231.003964, 2310734.853397}","-",21.38999790,-157.74192020,"2026-08-04T04:23:44.000Z","UAV 2"
"FRM109003","FFE-On-Location ""Location={-5499460.953457, -2250814.454542, 2309743.262342}""  Name of Weapons to Fire: Indirect-Fire-Gun:M107-155mm. Number-Of-Rounds: 1. Height-Above-Terrain: 0","-",21.39546204,-157.73741658,"2026-08-04T04:23:44.000Z","UAV 2"
"FRM901001","None","-",21.39546138,-157.73719974,"2026-08-04T04:23:45.000Z","UAV 2"
"FRTRK1003","Move to {-5498755.048693, -2250824.434840, 2311307.787782}","-",21.38826882,-157.74981404,"2026-08-04T04:23:45.000Z","UAV 2"
"FRMORT002","FFE-On-Location ""Location={-5499132.853573, -2251193.466895, 2310064.199617}""  Name of Weapons to Fire: Indirect-Fire-Gun:m9333he. Number-Of-Rounds: 1. Height-Above-Terrain: 0","-",21.39124517,-157.73722922,"2026-08-04T04:23:45.000Z","UAV 2"
"FRTRK1001","Move to {-5498755.048693, -2250824.434840, 2311307.787782}","-",21.38841165,-157.74987322,"2026-08-04T04:23:45.000Z","UAV 2"
"FRAHS001","FFE-On-Location ""Location={-5499191.503627, -2251825.311346, 2309314.511859}""  Name of Weapons to Fire: Indirect-Fire-Gun:M107-155mm. Number-Of-Rounds: 1. Height-Above-Terrain: 0","-",21.39511611,-157.73746058,"2026-08-04T04:23:45.000Z","UAV 2"
"FRMORT001","FFE-On-Location ""Location={-5499191.503627, -2251825.311346, 2309314.511859}""  Name of Weapons to Fire: Indirect-Fire-Gun:m9333he. Number-Of-Rounds: 1. Height-Above-Terrain: 0","-",21.39116652,-157.73700854,"2026-08-04T04:23:45.000Z","UAV 2"
"FRLAV002","Move to {-5499315.048189, -2250231.003964, 2310734.853397}","-",21.38992441,-157.74174472,"2026-08-04T04:23:45.000Z","UAV 2"
"FRLAV006","Move to {-5499315.048189, -2250231.003964, 2310734.853397}","-",21.38988557,-157.74206621,"2026-08-04T04:23:45.000Z","UAV 2"
"FRM113007","Move to {-5499315.048189, -2250231.003964, 2310734.853397}","-",21.39011393,-157.74184604,"2026-08-04T04:23:45.000Z","UAV 2"
"FRM113002","Move to {-5499315.048189, -2250231.003964, 2310734.853397}","-",21.38983942,-157.74169886,"2026-08-04T04:23:45.000Z","UAV 2"
"FRLAV008","Move to {-5499315.048189, -2250231.003964, 2310734.853397}","-",21.39003319,-157.74174000,"2026-08-04T04:23:45.000Z","UAV 2"
"FRM113006","Move to {-5499315.048189, -2250231.003964, 2310734.853397}","-",21.38992054,-157.74190826,"2026-08-04T04:23:45.000Z","UAV 2"
"FRMORT004","None","-",21.39105358,-157.73697074,"2026-08-04T04:23:45.000Z","UAV 2"
"FRTRK1005","Move to {-5498755.048693, -2250824.434840, 2311307.787782}","-",21.38815033,-157.74968381,"2026-08-04T04:23:45.000Z","UAV 2"
"FRM109002","FFE-On-Location ""Location={-5499132.853573, -2251193.466895, 2310064.199617}""  Name of Weapons to Fire: Indirect-Fire-Gun:M107-155mm. Number-Of-Rounds: 1. Height-Above-Terrain: 0","-",21.39535746,-157.73730886,"2026-08-04T04:23:45.000Z","UAV 2"
"FRLAV001","Move to {-5499315.048189, -2250231.003964, 2310734.853397}","-",21.38974927,-157.74170630,"2026-08-04T04:23:45.000Z","UAV 2"
"FRTRK2001","Move to {-5498755.048693, -2250824.434840, 2311307.787782}","-",21.38832798,-157.74992338,"2026-08-04T04:23:45.000Z","UAV 2"
"FRTRK2002","Move to {-5498755.048693, -2250824.434840, 2311307.787782}","-",21.38824623,-157.75004722,"2026-08-04T04:23:45.000Z","UAV 2"
"FRM113001","Move to {-5499315.048189, -2250231.003964, 2310734.853397}","-",21.38991138,-157.74163468,"2026-08-04T04:23:45.000Z","UAV 2"
"FRM109001","FFE-On-Location ""Location={-5499191.503627, -2251825.311346, 2309314.511859}""  Name of Weapons to Fire: Indirect-Fire-Gun:M107-155mm. Number-Of-Rounds: 1. Height-Above-Terrain: 0","-",21.39515360,-157.73702065,"2026-08-04T04:23:45.000Z","UAV 2"
"FRM113004","Move to {-5499315.048189, -2250231.003964, 2310734.853397}","-",21.38980585,-157.74196616,"2026-08-04T04:23:45.000Z","UAV 2"
"FRTRK2003","Move to {-5498755.048693, -2250824.434840, 2311307.787782}","-",21.38807645,-157.74978157,"2026-08-04T04:23:45.000Z","UAV 2"
"FRAHS002","FFE-On-Location ""Location={-5499132.853573, -2251193.466895, 2310064.199617}""  Name of Weapons to Fire: Indirect-Fire-Gun:M107-155mm. Number-Of-Rounds: 1. Height-Above-Terrain: 0","-",21.39520418,-157.73742074,"2026-08-04T04:23:45.000Z","UAV 2"
"FRLAV004","Move to {-5499315.048189, -2250231.003964, 2310734.853397}","-",21.38966257,-157.74150683,"2026-08-04T04:23:45.000Z","UAV 2"
"FRLAV005","Move to {-5499315.048189, -2250231.003964, 2310734.853397}","-",21.38999790,-157.74192020,"2026-08-04T04:23:45.000Z","UAV 2"
"FRM109003","FFE-On-Location ""Location={-5499460.953457, -2250814.454542, 2309743.262342}""  Name of Weapons to Fire: Indirect-Fire-Gun:M107-155mm. Number-Of-Rounds: 1. Height-Above-Terrain: 0","-",21.39546204,-157.73741658,"2026-08-04T04:23:45.000Z","UAV 2"
"FRM901001","None","-",21.39546138,-157.73719974,"2026-08-04T04:23:45.000Z","UAV 2"
"FRTRK1003","Move to {-5498755.048693, -2250824.434840, 2311307.787782}","-",21.38826882,-157.74981404,"2026-08-04T04:23:45.000Z","UAV 2"
"FRMORT002","FFE-On-Location ""Location={-5499132.853573, -2251193.466895, 2310064.199617}""  Name of Weapons to Fire: Indirect-Fire-Gun:m9333he. Number-Of-Rounds: 1. Height-Above-Terrain: 0","-",21.39124517,-157.73722922,"2026-08-04T04:23:45.000Z","UAV 2"
"FRTRK1001","Move to {-5498755.048693, -2250824.434840, 2311307.787782}","-",21.38841165,-157.74987322,"2026-08-04T04:23:45.000Z","UAV 2"
"FRAHS001","FFE-On-Location ""Location={-5499191.503627, -2251825.311346, 2309314.511859}""  Name of Weapons to Fire: Indirect-Fire-Gun:M107-155mm. Number-Of-Rounds: 1. Height-Above-Terrain: 0","-",21.39511611,-157.73746058,"2026-08-04T04:23:45.000Z","UAV 2"
"FRMORT001","None","-",21.39116652,-157.73700854,"2026-08-04T04:23:45.000Z","UAV 2"
"FRLAV002","Move to {-5499315.048189, -2250231.003964, 2310734.853397}","-",21.38992441,-157.74174472,"2026-08-04T04:23:45.000Z","UAV 2"
"FRLAV006","Move to {-5499315.048189, -2250231.003964, 2310734.853397}","-",21.38988557,-157.74206621,"2026-08-04T04:23:45.000Z","UAV 2"
"FRM113007","Move to {-5499315.048189, -2250231.003964, 2310734.853397}","-",21.39011393,-157.74184604,"2026-08-04T04:23:45.000Z","UAV 2"
"FRM113002","Move to {-5499315.048189, -2250231.003964, 2310734.853397}","-",21.38983942,-157.74169886,"2026-08-04T04:23:45.000Z","UAV 2"
"FRLAV008","Move to {-5499315.048189, -2250231.003964, 2310734.853397}","-",21.39003319,-157.74174000,"2026-08-04T04:23:45.000Z","UAV 2"
"FRM113006","Move to {-5499315.048189, -2250231.003964, 2310734.853397}","-",21.38992054,-157.74190826,"2026-08-04T04:23:45.000Z","UAV 2"
"FRMORT004","None","-",21.39105358,-157.73697074,"2026-08-04T04:23:45.000Z","UAV 2"
"FRTRK1005","Move to {-5498755.048693, -2250824.434840, 2311307.787782}","-",21.38815033,-157.74968381,"2026-08-04T04:23:45.000Z","UAV 2"
"FRM109002","FFE-On-Location ""Location={-5499132.853573, -2251193.466895, 2310064.199617}""  Name of Weapons to Fire: Indirect-Fire-Gun:M107-155mm. Number-Of-Rounds: 1. Height-Above-Terrain: 0","-",21.39535746,-157.73730886,"2026-08-04T04:23:45.000Z","UAV 2"
"FRLAV001","Move to {-5499315.048189, -2250231.003964, 2310734.853397}","-",21.38974927,-157.74170630,"2026-08-04T04:23:45.000Z","UAV 2"
"FRTRK2001","Move to {-5498755.048693, -2250824.434840, 2311307.787782}","-",21.38832798,-157.74992338,"2026-08-04T04:23:45.000Z","UAV 2"
"FRTRK2002","Move to {-5498755.048693, -2250824.434840, 2311307.787782}","-",21.38824623,-157.75004722,"2026-08-04T04:23:45.000Z","UAV 2"
"FRM113001","Move to {-5499315.048189, -2250231.003964, 2310734.853397}","-",21.38991138,-157.74163468,"2026-08-04T04:23:45.000Z","UAV 2"
"FRM109001","FFE-On-Location ""Location={-5499191.503627, -2251825.311346, 2309314.511859}""  Name of Weapons to Fire: Indirect-Fire-Gun:M107-155mm. Number-Of-Rounds: 1. Height-Above-Terrain: 0","-",21.39515360,-157.73702065,"2026-08-04T04:23:45.000Z","UAV 2"
"FRM113004","Move to {-5499315.048189, -2250231.003964, 2310734.853397}","-",21.38980585,-157.74196616,"2026-08-04T04:23:45.000Z","UAV 2"
"FRTRK2003","Move to {-5498755.048693, -2250824.434840, 2311307.787782}","-",21.38807645,-157.74978157,"2026-08-04T04:23:45.000Z","UAV 2"
"FRAHS002","FFE-On-Location ""Location={-5499132.853573, -2251193.466895, 2310064.199617}""  Name of Weapons to Fire: Indirect-Fire-Gun:M107-155mm. Number-Of-Rounds: 1. Height-Above-Terrain: 0","-",21.39520418,-157.73742074,"2026-08-04T04:23:45.000Z","UAV 2"
"FRLAV004","Move to {-5499315.048189, -2250231.003964, 2310734.853397}","-",21.38966257,-157.74150683,"2026-08-04T04:23:45.000Z","UAV 2"
"FRLAV005","Move to {-5499315.048189, -2250231.003964, 2310734.853397}","-",21.38999790,-157.74192020,"2026-08-04T04:23:45.000Z","UAV 2"
"FRM109003","FFE-On-Location ""Location={-5499460.953457, -2250814.454542, 2309743.262342}""  Name of Weapons to Fire: Indirect-Fire-Gun:M107-155mm. Number-Of-Rounds: 1. Height-Above-Terrain: 0","-",21.39546204,-157.73741658,"2026-08-04T04:23:45.000Z","UAV 2"
"FRTRK1003","Move to {-5498755.048693, -2250824.434840, 2311307.787782}","-",21.38823848,-157.74961554,"2026-08-04T04:23:46.000Z","UAV 2"
"FRMORT002","None","-",21.39124517,-157.73722922,"2026-08-04T04:23:46.000Z","UAV 2"
"FRTRK1001","Move to {-5498755.048693, -2250824.434840, 2311307.787782}","-",21.38837910,-157.74967623,"2026-08-04T04:23:46.000Z","UAV 2"
"FRAHS001","FFE-On-Location ""Location={-5499191.503627, -2251825.311346, 2309314.511859}""  Name of Weapons to Fire: Indirect-Fire-Gun:M107-155mm. Number-Of-Rounds: 1. Height-Above-Terrain: 0","-",21.39511611,-157.73746058,"2026-08-04T04:23:46.000Z","UAV 2"
"FRMORT001","None","-",21.39116652,-157.73700854,"2026-08-04T04:23:46.000Z","UAV 2"
"FRLAV002","Move to {-5499315.048189, -2250231.003964, 2310734.853397}","-",21.38993146,-157.74174038,"2026-08-04T04:23:46.000Z","UAV 2"
"FRLAV006","Move to {-5499315.048189, -2250231.003964, 2310734.853397}","-",21.38989258,-157.74206189,"2026-08-04T04:23:46.000Z","UAV 2"
"FRM113007","Move to {-5499315.048189, -2250231.003964, 2310734.853397}","-",21.39012139,-157.74184604,"2026-08-04T04:23:46.000Z","UAV 2"
"FRM113002","Move to {-5499315.048189, -2250231.003964, 2310734.853397}","-",21.38984130,-157.74169886,"2026-08-04T04:23:46.000Z","UAV 2"
"FRLAV008","Move to {-5499315.048189, -2250231.003964, 2310734.853397}","-",21.39005253,-157.74172093,"2026-08-04T04:23:46.000Z","UAV 2"
"FRM113006","Move to {-5499315.048189, -2250231.003964, 2310734.853397}","-",21.38992769,-157.74190826,"2026-08-04T04:23:46.000Z","UAV 2"
"FRMORT004","None","-",21.39105358,-157.73697074,"2026-08-04T04:23:46.000Z","UAV 2"
"FRTRK1005","Move to {-5498755.048693, -2250824.434840, 2311307.787782}","-",21.38812261,-157.74949075,"2026-08-04T04:23:46.000Z","UAV 2"
"FRM109002","FFE-On-Location ""Location={-5499132.853573, -2251193.466895, 2310064.199617}""  Name of Weapons to Fire: Indirect-Fire-Gun:M107-155mm. Number-Of-Rounds: 1. Height-Above-Terrain: 0","-",21.39535746,-157.73730886,"2026-08-04T04:23:46.000Z","UAV 2"
"FRLAV001","Move to {-5499315.048189, -2250231.003964, 2310734.853397}","-",21.38975311,-157.74170394,"2026-08-04T04:23:46.000Z","UAV 2"
"FRTRK2001","Move to {-5498755.048693, -2250824.434840, 2311307.787782}","-",21.38829722,-157.74972719,"2026-08-04T04:23:46.000Z","UAV 2"
"FRTRK2002","Move to {-5498755.048693, -2250824.434840, 2311307.787782}","-",21.38821731,-157.74985125,"2026-08-04T04:23:46.000Z","UAV 2"
"FRM113001","Move to {-5499315.048189, -2250231.003964, 2310734.853397}","-",21.38993793,-157.74164562,"2026-08-04T04:23:46.000Z","UAV 2"
"FRM109001","FFE-On-Location ""Location={-5499191.503627, -2251825.311346, 2309314.511859}""  Name of Weapons to Fire: Indirect-Fire-Gun:M107-155mm. Number-Of-Rounds: 1. Height-Above-Terrain: 0","-",21.39515360,-157.73702065,"2026-08-04T04:23:46.000Z","UAV 2"
"FRM113004","Move to {-5499315.048189, -2250231.003964, 2310734.853397}","-",21.38980759,-157.74196777,"2026-08-04T04:23:46.000Z","UAV 2"
"FRTRK2003","Move to {-5498755.048693, -2250824.434840, 2311307.787782}","-",21.38804955,-157.74958289,"2026-08-04T04:23:46.000Z","UAV 2"
"FRAHS002","FFE-On-Location ""Location={-5499132.853573, -2251193.466895, 2310064.199617}""  Name of Weapons to Fire: Indirect-Fire-Gun:M107-155mm. Number-Of-Rounds: 1. Height-Above-Terrain: 0","-",21.39520418,-157.73742074,"2026-08-04T04:23:46.000Z","UAV 2"
"FRLAV004","Move to {-5499315.048189, -2250231.003964, 2310734.853397}","-",21.38966419,-157.74149841,"2026-08-04T04:23:46.000Z","UAV 2"
"FRLAV005","Move to {-5499315.048189, -2250231.003964, 2310734.853397}","-",21.39000527,-157.74191566,"2026-08-04T04:23:46.000Z","UAV 2"
"FRM109004","Move to {-5499315.048189, -2250231.003964, 2310734.853397}","-",21.39505124,-157.73760344,"2026-08-04T04:23:46.000Z","UAV 2"
"M933HE 3","None","-",21.39106954,-157.73698609,"2026-08-04T04:23:46.000Z","UAV 2"
"M933HE 6","None","-",21.39114023,-157.73730214,"2026-08-04T04:23:46.000Z","UAV 2"
"FRTRK1003","Move to {-5498755.048693, -2250824.434840, 2311307.787782}","-",21.38823848,-157.74961554,"2026-08-04T04:23:46.000Z","UAV 2"
"FRMORT002","None","-",21.39124517,-157.73722922,"2026-08-04T04:23:46.000Z","UAV 2"
"FRTRK1001","Move to {-5498755.048693, -2250824.434840, 2311307.787782}","-",21.38837910,-157.74967623,"2026-08-04T04:23:46.000Z","UAV 2"
"FRAHS001","FFE-On-Location ""Location={-5499191.503627, -2251825.311346, 2309314.511859}""  Name of Weapons to Fire: Indirect-Fire-Gun:M107-155mm. Number-Of-Rounds: 1. Height-Above-Terrain: 0","-",21.39511611,-157.73746058,"2026-08-04T04:23:46.000Z","UAV 2"
"FRMORT001","None","-",21.39116652,-157.73700854,"2026-08-04T04:23:46.000Z","UAV 2"
"FRLAV002","Move to {-5499315.048189, -2250231.003964, 2310734.853397}","-",21.38993146,-157.74174038,"2026-08-04T04:23:46.000Z","UAV 2"
"FRLAV006","Move to {-5499315.048189, -2250231.003964, 2310734.853397}","-",21.38989258,-157.74206189,"2026-08-04T04:23:46.000Z","UAV 2"
"FRM113007","Move to {-5499315.048189, -2250231.003964, 2310734.853397}","-",21.39012139,-157.74184604,"2026-08-04T04:23:46.000Z","UAV 2"
"FRM113002","Move to {-5499315.048189, -2250231.003964, 2310734.853397}","-",21.38984130,-157.74169886,"2026-08-04T04:23:46.000Z","UAV 2"
"FRLAV008","Move to {-5499315.048189, -2250231.003964, 2310734.853397}","-",21.39005253,-157.74172093,"2026-08-04T04:23:46.000Z","UAV 2"
"FRM113006","Move to {-5499315.048189, -2250231.003964, 2310734.853397}","-",21.38992769,-157.74190826,"2026-08-04T04:23:46.000Z","UAV 2"
"FRMORT004","None","-",21.39105358,-157.73697074,"2026-08-04T04:23:46.000Z","UAV 2"
"FRTRK1005","Move to {-5498755.048693, -2250824.434840, 2311307.787782}","-",21.38812261,-157.74949075,"2026-08-04T04:23:46.000Z","UAV 2"
"FRM109002","FFE-On-Location ""Location={-5499132.853573, -2251193.466895, 2310064.199617}""  Name of Weapons to Fire: Indirect-Fire-Gun:M107-155mm. Number-Of-Rounds: 1. Height-Above-Terrain: 0","-",21.39535746,-157.73730886,"2026-08-04T04:23:46.000Z","UAV 2"
"FRLAV001","Move to {-5499315.048189, -2250231.003964, 2310734.853397}","-",21.38975311,-157.74170394,"2026-08-04T04:23:46.000Z","UAV 2"
"FRTRK2001","Move to {-5498755.048693, -2250824.434840, 2311307.787782}","-",21.38829722,-157.74972719,"2026-08-04T04:23:46.000Z","UAV 2"
"FRTRK2002","Move to {-5498755.048693, -2250824.434840, 2311307.787782}","-",21.38821731,-157.74985125,"2026-08-04T04:23:46.000Z","UAV 2"
"FRM113001","Move to {-5499315.048189, -2250231.003964, 2310734.853397}","-",21.38993793,-157.74164562,"2026-08-04T04:23:46.000Z","UAV 2"
"FRM109001","FFE-On-Location ""Location={-5499191.503627, -2251825.311346, 2309314.511859}""  Name of Weapons to Fire: Indirect-Fire-Gun:M107-155mm. Number-Of-Rounds: 1. Height-Above-Terrain: 0","-",21.39515360,-157.73702065,"2026-08-04T04:23:46.000Z","UAV 2"
"FRM113004","Move to {-5499315.048189, -2250231.003964, 2310734.853397}","-",21.38980759,-157.74196777,"2026-08-04T04:23:46.000Z","UAV 2"
"FRTRK2003","Move to {-5498755.048693, -2250824.434840, 2311307.787782}","-",21.38804955,-157.74958289,"2026-08-04T04:23:46.000Z","UAV 2"
"FRAHS002","FFE-On-Location ""Location={-5499132.853573, -2251193.466895, 2310064.199617}""  Name of Weapons to Fire: Indirect-Fire-Gun:M107-155mm. Number-Of-Rounds: 1. Height-Above-Terrain: 0","-",21.39520418,-157.73742074,"2026-08-04T04:23:46.000Z","UAV 2"
"FRLAV004","Move to {-5499315.048189, -2250231.003964, 2310734.853397}","-",21.38966419,-157.74149841,"2026-08-04T04:23:46.000Z","UAV 2"
"FRLAV005","Move to {-5499315.048189, -2250231.003964, 2310734.853397}","-",21.39000527,-157.74191566,"2026-08-04T04:23:46.000Z","UAV 2"
"FRM109004","Move to {-5499315.048189, -2250231.003964, 2310734.853397}","-",21.39505124,-157.73760344,"2026-08-04T04:23:46.000Z","UAV 2"
"M933HE 3","None","-",21.39106954,-157.73698609,"2026-08-04T04:23:46.000Z","UAV 2"
"M933HE 6","None","-",21.39114023,-157.73730214,"2026-08-04T04:23:46.000Z","UAV 2"
"FRTRK1003","Move to {-5498755.048693, -2250824.434840, 2311307.787782}","-",21.38823848,-157.74961554,"2026-08-04T04:23:46.000Z","UAV 2"
"FRMORT002","None","-",21.39124517,-157.73722922,"2026-08-04T04:23:46.000Z","UAV 2"
"FRTRK1001","Move to {-5498755.048693, -2250824.434840, 2311307.787782}","-",21.38837910,-157.74967623,"2026-08-04T04:23:46.000Z","UAV 2"
"FRAHS001","FFE-On-Location ""Location={-5499191.503627, -2251825.311346, 2309314.511859}""  Name of Weapons to Fire: Indirect-Fire-Gun:M107-155mm. Number-Of-Rounds: 1. Height-Above-Terrain: 0","-",21.39511611,-157.73746058,"2026-08-04T04:23:46.000Z","UAV 2"
"FRMORT001","None","-",21.39116652,-157.73700854,"2026-08-04T04:23:46.000Z","UAV 2"
"FRLAV002","Move to {-5499315.048189, -2250231.003964, 2310734.853397}","-",21.38993146,-157.74174038,"2026-08-04T04:23:46.000Z","UAV 2"
"FRLAV006","Move to {-5499315.048189, -2250231.003964, 2310734.853397}","-",21.38989258,-157.74206189,"2026-08-04T04:23:46.000Z","UAV 2"
"FRM113007","Move to {-5499315.048189, -2250231.003964, 2310734.853397}","-",21.39012139,-157.74184604,"2026-08-04T04:23:46.000Z","UAV 2"
"FRM113002","Move to {-5499315.048189, -2250231.003964, 2310734.853397}","-",21.38984130,-157.74169886,"2026-08-04T04:23:46.000Z","UAV 2"
"FRLAV008","Move to {-5499315.048189, -2250231.003964, 2310734.853397}","-",21.39005253,-157.74172093,"2026-08-04T04:23:46.000Z","UAV 2"
"FRM113006","Move to {-5499315.048189, -2250231.003964, 2310734.853397}","-",21.38992769,-157.74190826,"2026-08-04T04:23:46.000Z","UAV 2"
"FRMORT004","None","-",21.39105358,-157.73697074,"2026-08-04T04:23:46.000Z","UAV 2"
"FRTRK1005","Move to {-5498755.048693, -2250824.434840, 2311307.787782}","-",21.38812261,-157.74949075,"2026-08-04T04:23:46.000Z","UAV 2"
"FRM109002","FFE-On-Location ""Location={-5499132.853573, -2251193.466895, 2310064.199617}""  Name of Weapons to Fire: Indirect-Fire-Gun:M107-155mm. Number-Of-Rounds: 1. Height-Above-Terrain: 0","-",21.39535746,-157.73730886,"2026-08-04T04:23:46.000Z","UAV 2"
"FRLAV001","Move to {-5499315.048189, -2250231.003964, 2310734.853397}","-",21.38975311,-157.74170394,"2026-08-04T04:23:46.000Z","UAV 2"
"FRTRK2001","Move to {-5498755.048693, -2250824.434840, 2311307.787782}","-",21.38829722,-157.74972719,"2026-08-04T04:23:46.000Z","UAV 2"
"FRTRK2002","Move to {-5498755.048693, -2250824.434840, 2311307.787782}","-",21.38821731,-157.74985125,"2026-08-04T04:23:46.000Z","UAV 2"
"FRM113001","Move to {-5499315.048189, -2250231.003964, 2310734.853397}","-",21.38993793,-157.74164562,"2026-08-04T04:23:46.000Z","UAV 2"
"FRM109001","FFE-On-Location ""Location={-5499191.503627, -2251825.311346, 2309314.511859}""  Name of Weapons to Fire: Indirect-Fire-Gun:M107-155mm. Number-Of-Rounds: 1. Height-Above-Terrain: 0","-",21.39515360,-157.73702065,"2026-08-04T04:23:46.000Z","UAV 2"
"FRM113004","Move to {-5499315.048189, -2250231.003964, 2310734.853397}","-",21.38980759,-157.74196777,"2026-08-04T04:23:46.000Z","UAV 2"
"FRTRK2003","Move to {-5498755.048693, -2250824.434840, 2311307.787782}","-",21.38804955,-157.74958289,"2026-08-04T04:23:46.000Z","UAV 2"
"FRAHS002","FFE-On-Location ""Location={-5499132.853573, -2251193.466895, 2310064.199617}""  Name of Weapons to Fire: Indirect-Fire-Gun:M107-155mm. Number-Of-Rounds: 1. Height-Above-Terrain: 0","-",21.39520418,-157.73742074,"2026-08-04T04:23:46.000Z","UAV 2"
"FRLAV004","Move to {-5499315.048189, -2250231.003964, 2310734.853397}","-",21.38966419,-157.74149841,"2026-08-04T04:23:46.000Z","UAV 2"
"FRLAV005","Move to {-5499315.048189, -2250231.003964, 2310734.853397}","-",21.39000527,-157.74191566,"2026-08-04T04:23:46.000Z","UAV 2"
"FRM109004","Move to {-5499315.048189, -2250231.003964, 2310734.853397}","-",21.39505124,-157.73760344,"2026-08-04T04:23:46.000Z","UAV 2"
"M933HE 3","None","-",21.39106954,-157.73698609,"2026-08-04T04:23:46.000Z","UAV 2"
"M933HE 6","None","-",21.39114023,-157.73730214,"2026-08-04T04:23:46.000Z","UAV 2"
"FRTRK1003","Move to {-5498755.048693, -2250824.434840, 2311307.787782}","-",21.38823848,-157.74961554,"2026-08-04T04:23:47.000Z","UAV 2"
"FRMORT002","None","-",21.39124517,-157.73722922,"2026-08-04T04:23:47.000Z","UAV 2"
"FRTRK1001","Move to {-5498755.048693, -2250824.434840, 2311307.787782}","-",21.38837910,-157.74967623,"2026-08-04T04:23:47.000Z","UAV 2"
"FRAHS001","FFE-On-Location ""Location={-5499191.503627, -2251825.311346, 2309314.511859}""  Name of Weapons to Fire: Indirect-Fire-Gun:M107-155mm. Number-Of-Rounds: 1. Height-Above-Terrain: 0","-",21.39511611,-157.73746058,"2026-08-04T04:23:47.000Z","UAV 2"
"FRMORT001","None","-",21.39116652,-157.73700854,"2026-08-04T04:23:47.000Z","UAV 2"
"FRLAV002","Move to {-5499315.048189, -2250231.003964, 2310734.853397}","-",21.38993146,-157.74174038,"2026-08-04T04:23:47.000Z","UAV 2"
"FRLAV006","Move to {-5499315.048189, -2250231.003964, 2310734.853397}","-",21.38989258,-157.74206189,"2026-08-04T04:23:47.000Z","UAV 2"
"FRM113007","Move to {-5499315.048189, -2250231.003964, 2310734.853397}","-",21.39012139,-157.74184604,"2026-08-04T04:23:47.000Z","UAV 2"
"FRM113002","Move to {-5499315.048189, -2250231.003964, 2310734.853397}","-",21.38984130,-157.74169886,"2026-08-04T04:23:47.000Z","UAV 2"
"FRLAV008","Move to {-5499315.048189, -2250231.003964, 2310734.853397}","-",21.39005253,-157.74172093,"2026-08-04T04:23:47.000Z","UAV 2"
"FRM113006","Move to {-5499315.048189, -2250231.003964, 2310734.853397}","-",21.38992769,-157.74190826,"2026-08-04T04:23:47.000Z","UAV 2"
"FRMORT004","None","-",21.39105358,-157.73697074,"2026-08-04T04:23:47.000Z","UAV 2"
"FRTRK1005","Move to {-5498755.048693, -2250824.434840, 2311307.787782}","-",21.38812261,-157.74949075,"2026-08-04T04:23:47.000Z","UAV 2"
"FRM109002","FFE-On-Location ""Location={-5499132.853573, -2251193.466895, 2310064.199617}""  Name of Weapons to Fire: Indirect-Fire-Gun:M107-155mm. Number-Of-Rounds: 1. Height-Above-Terrain: 0","-",21.39535746,-157.73730886,"2026-08-04T04:23:47.000Z","UAV 2"
"FRLAV001","Move to {-5499315.048189, -2250231.003964, 2310734.853397}","-",21.38975311,-157.74170394,"2026-08-04T04:23:47.000Z","UAV 2"
"FRTRK2001","Move to {-5498755.048693, -2250824.434840, 2311307.787782}","-",21.38829722,-157.74972719,"2026-08-04T04:23:47.000Z","UAV 2"
"FRTRK2002","Move to {-5498755.048693, -2250824.434840, 2311307.787782}","-",21.38821731,-157.74985125,"2026-08-04T04:23:47.000Z","UAV 2"
"FRM113001","Move to {-5499315.048189, -2250231.003964, 2310734.853397}","-",21.38993793,-157.74164562,"2026-08-04T04:23:47.000Z","UAV 2"
"FRM109001","FFE-On-Location ""Location={-5499191.503627, -2251825.311346, 2309314.511859}""  Name of Weapons to Fire: Indirect-Fire-Gun:M107-155mm. Number-Of-Rounds: 1. Height-Above-Terrain: 0","-",21.39515360,-157.73702065,"2026-08-04T04:23:47.000Z","UAV 2"
"FRM113004","Move to {-5499315.048189, -2250231.003964, 2310734.853397}","-",21.38980759,-157.74196777,"2026-08-04T04:23:47.000Z","UAV 2"
"FRTRK2003","Move to {-5498755.048693, -2250824.434840, 2311307.787782}","-",21.38804955,-157.74958289,"2026-08-04T04:23:47.000Z","UAV 2"
"FRAHS002","FFE-On-Location ""Location={-5499132.853573, -2251193.466895, 2310064.199617}""  Name of Weapons to Fire: Indirect-Fire-Gun:M107-155mm. Number-Of-Rounds: 1. Height-Above-Terrain: 0","-",21.39520418,-157.73742074,"2026-08-04T04:23:47.000Z","UAV 2"
"FRLAV004","Move to {-5499315.048189, -2250231.003964, 2310734.853397}","-",21.38966419,-157.74149841,"2026-08-04T04:23:47.000Z","UAV 2"
"FRLAV005","Move to {-5499315.048189, -2250231.003964, 2310734.853397}","-",21.39000527,-157.74191566,"2026-08-04T04:23:47.000Z","UAV 2"
"FRM109004","Move to {-5499315.048189, -2250231.003964, 2310734.853397}","-",21.39505124,-157.73760344,"2026-08-04T04:23:47.000Z","UAV 2"
"M933HE 3","None","-",21.39106954,-157.73698609,"2026-08-04T04:23:47.000Z","UAV 2"
"M933HE 6","None","-",21.39114023,-157.73730214,"2026-08-04T04:23:47.000Z","UAV 2"
"FRTRK1003","Move to {-5498755.048693, -2250824.434840, 2311307.787782}","-",21.38820878,-157.74942128,"2026-08-04T04:23:48.000Z","UAV 2"
"FRMORT002","None","-",21.39124517,-157.73722922,"2026-08-04T04:23:48.000Z","UAV 2"
"FRTRK1001","Move to {-5498755.048693, -2250824.434840, 2311307.787782}","-",21.38834707,-157.74948241,"2026-08-04T04:23:48.000Z","UAV 2"
"FRMORT001","None","-",21.39116652,-157.73700854,"2026-08-04T04:23:48.000Z","UAV 2"
"FRLAV002","Move to {-5499315.048189, -2250231.003964, 2310734.853397}","-",21.38993829,-157.74173617,"2026-08-04T04:23:48.000Z","UAV 2"
"FRLAV006","Move to {-5499315.048189, -2250231.003964, 2310734.853397}","-",21.38989946,-157.74205764,"2026-08-04T04:23:48.000Z","UAV 2"
"FRM113007","Move to {-5499315.048189, -2250231.003964, 2310734.853397}","-",21.39012877,-157.74184604,"2026-08-04T04:23:48.000Z","UAV 2"
"FRM113002","Move to {-5499315.048189, -2250231.003964, 2310734.853397}","-",21.38984316,-157.74169886,"2026-08-04T04:23:48.000Z","UAV 2"
"FRLAV008","Move to {-5499315.048189, -2250231.003964, 2310734.853397}","-",21.39008131,-157.74154127,"2026-08-04T04:23:48.000Z","UAV 2"
"FRM113006","Move to {-5499315.048189, -2250231.003964, 2310734.853397}","-",21.38993474,-157.74190826,"2026-08-04T04:23:48.000Z","UAV 2"
"FRMORT004","None","-",21.39105358,-157.73697074,"2026-08-04T04:23:48.000Z","UAV 2"
"FRTRK1005","Move to {-5498755.048693, -2250824.434840, 2311307.787782}","-",21.38810221,-157.74934866,"2026-08-04T04:23:48.000Z","UAV 2"
"FRLAV001","Move to {-5499315.048189, -2250231.003964, 2310734.853397}","-",21.38975575,-157.74170231,"2026-08-04T04:23:48.000Z","UAV 2"
"FRTRK2001","Move to {-5498755.048693, -2250824.434840, 2311307.787782}","-",21.38826680,-157.74953312,"2026-08-04T04:23:48.000Z","UAV 2"
"FRTRK2002","Move to {-5498755.048693, -2250824.434840, 2311307.787782}","-",21.38818865,-157.74965701,"2026-08-04T04:23:48.000Z","UAV 2"
"FRM113001","Move to {-5499315.048189, -2250231.003964, 2310734.853397}","-",21.38994046,-157.74164716,"2026-08-04T04:23:48.000Z","UAV 2"
"FRM113004","Move to {-5499315.048189, -2250231.003964, 2310734.853397}","-",21.38980941,-157.74196946,"2026-08-04T04:23:48.000Z","UAV 2"
"FRTRK2003","Move to {-5498755.048693, -2250824.434840, 2311307.787782}","-",21.38802698,-157.74941612,"2026-08-04T04:23:48.000Z","UAV 2"
"FRLAV004","Move to {-5499315.048189, -2250231.003964, 2310734.853397}","-",21.38966578,-157.74149013,"2026-08-04T04:23:48.000Z","UAV 2"
"FRLAV005","Move to {-5499315.048189, -2250231.003964, 2310734.853397}","-",21.39001253,-157.74191118,"2026-08-04T04:23:48.000Z","UAV 2"
"FRM109004","Move to {-5499315.048189, -2250231.003964, 2310734.853397}","-",21.39489205,-157.73770215,"2026-08-04T04:23:48.000Z","UAV 2"
"M933HE 6","None","-",21.38972763,-157.73761901,"2026-08-04T04:23:48.000Z","UAV 2"
"FRT80001","Move to {-5499315.048189, -2250231.003964, 2310734.853397}","-",21.37601856,-157.75226503,"2026-08-04T04:23:48.000Z","UAV 2"
"FRT80002","Move to {-5499315.048189, -2250231.003964, 2310734.853397}","-",21.37586047,-157.75263257,"2026-08-04T04:23:48.000Z","UAV 2"
"FRT80008","Move to {-5499315.048189, -2250231.003964, 2310734.853397}","-",21.37601681,-157.75237824,"2026-08-04T04:23:48.000Z","UAV 2"
"FRT80006","Move to {-5499315.048189, -2250231.003964, 2310734.853397}","-",21.37584096,-157.75231258,"2026-08-04T04:23:48.000Z","UAV 2"
"FRT80007","Move to {-5499315.048189, -2250231.003964, 2310734.853397}","-",21.37565240,-157.75227190,"2026-08-04T04:23:48.000Z","UAV 2"
"FRLAV007","Move to {-5499315.048189, -2250231.003964, 2310734.853397}","-",21.39005787,-157.74174885,"2026-08-04T04:23:48.000Z","UAV 2"
"M933HE 8","None","-",21.39022356,-157.73722985,"2026-08-04T04:23:48.000Z","UAV 2"
"FRTRK1003","Move to {-5498755.048693, -2250824.434840, 2311307.787782}","-",21.38820878,-157.74942128,"2026-08-04T04:23:48.000Z","UAV 2"
"FRMORT002","None","-",21.39124517,-157.73722922,"2026-08-04T04:23:48.000Z","UAV 2"
"FRTRK1001","Move to {-5498755.048693, -2250824.434840, 2311307.787782}","-",21.38834707,-157.74948241,"2026-08-04T04:23:48.000Z","UAV 2"
"FRMORT001","None","-",21.39116652,-157.73700854,"2026-08-04T04:23:48.000Z","UAV 2"
"FRLAV002","Move to {-5499315.048189, -2250231.003964, 2310734.853397}","-",21.38993829,-157.74173617,"2026-08-04T04:23:48.000Z","UAV 2"
"FRLAV006","Move to {-5499315.048189, -2250231.003964, 2310734.853397}","-",21.38989946,-157.74205764,"2026-08-04T04:23:48.000Z","UAV 2"
"FRM113007","Move to {-5499315.048189, -2250231.003964, 2310734.853397}","-",21.39012877,-157.74184604,"2026-08-04T04:23:48.000Z","UAV 2"
"FRM113002","Move to {-5499315.048189, -2250231.003964, 2310734.853397}","-",21.38984316,-157.74169886,"2026-08-04T04:23:48.000Z","UAV 2"
"FRLAV008","Move to {-5499315.048189, -2250231.003964, 2310734.853397}","-",21.39008131,-157.74154127,"2026-08-04T04:23:48.000Z","UAV 2"
"FRM113006","Move to {-5499315.048189, -2250231.003964, 2310734.853397}","-",21.38993474,-157.74190826,"2026-08-04T04:23:48.000Z","UAV 2"
"FRMORT004","None","-",21.39105358,-157.73697074,"2026-08-04T04:23:48.000Z","UAV 2"
"FRTRK1005","Move to {-5498755.048693, -2250824.434840, 2311307.787782}","-",21.38810221,-157.74934866,"2026-08-04T04:23:48.000Z","UAV 2"
"FRLAV001","Move to {-5499315.048189, -2250231.003964, 2310734.853397}","-",21.38975575,-157.74170231,"2026-08-04T04:23:48.000Z","UAV 2"
"FRTRK2001","Move to {-5498755.048693, -2250824.434840, 2311307.787782}","-",21.38826680,-157.74953312,"2026-08-04T04:23:48.000Z","UAV 2"
"FRTRK2002","Move to {-5498755.048693, -2250824.434840, 2311307.787782}","-",21.38818865,-157.74965701,"2026-08-04T04:23:48.000Z","UAV 2"
"FRM113001","Move to {-5499315.048189, -2250231.003964, 2310734.853397}","-",21.38994046,-157.74164716,"2026-08-04T04:23:48.000Z","UAV 2"
"FRM113004","Move to {-5499315.048189, -2250231.003964, 2310734.853397}","-",21.38980941,-157.74196946,"2026-08-04T04:23:48.000Z","UAV 2"
"FRTRK2003","Move to {-5498755.048693, -2250824.434840, 2311307.787782}","-",21.38802698,-157.74941612,"2026-08-04T04:23:48.000Z","UAV 2"
"FRLAV004","Move to {-5499315.048189, -2250231.003964, 2310734.853397}","-",21.38966578,-157.74149013,"2026-08-04T04:23:48.000Z","UAV 2"
"FRLAV005","Move to {-5499315.048189, -2250231.003964, 2310734.853397}","-",21.39001253,-157.74191118,"2026-08-04T04:23:48.000Z","UAV 2"
"FRM109004","Move to {-5499315.048189, -2250231.003964, 2310734.853397}","-",21.39489205,-157.73770215,"2026-08-04T04:23:48.000Z","UAV 2"
"M933HE 6","None","-",21.38972763,-157.73761901,"2026-08-04T04:23:48.000Z","UAV 2"
"FRT80001","Move to {-5499315.048189, -2250231.003964, 2310734.853397}","-",21.37601856,-157.75226503,"2026-08-04T04:23:48.000Z","UAV 2"
"FRT80002","Move to {-5499315.048189, -2250231.003964, 2310734.853397}","-",21.37586047,-157.75263257,"2026-08-04T04:23:48.000Z","UAV 2"
"FRT80008","Move to {-5499315.048189, -2250231.003964, 2310734.853397}","-",21.37601681,-157.75237824,"2026-08-04T04:23:48.000Z","UAV 2"
"FRT80006","Move to {-5499315.048189, -2250231.003964, 2310734.853397}","-",21.37584096,-157.75231258,"2026-08-04T04:23:48.000Z","UAV 2"
"FRT80007","Move to {-5499315.048189, -2250231.003964, 2310734.853397}","-",21.37565240,-157.75227190,"2026-08-04T04:23:48.000Z","UAV 2"
"FRLAV007","Move to {-5499315.048189, -2250231.003964, 2310734.853397}","-",21.39005787,-157.74174885,"2026-08-04T04:23:48.000Z","UAV 2"
"M933HE 8","None","-",21.39022356,-157.73722985,"2026-08-04T04:23:48.000Z","UAV 2"
"FRTRK1003","Move to {-5498755.048693, -2250824.434840, 2311307.787782}","-",21.38820878,-157.74942128,"2026-08-04T04:23:49.000Z","UAV 2"
"FRMORT002","None","-",21.39124517,-157.73722922,"2026-08-04T04:23:49.000Z","UAV 2"
"FRTRK1001","Move to {-5498755.048693, -2250824.434840, 2311307.787782}","-",21.38834707,-157.74948241,"2026-08-04T04:23:49.000Z","UAV 2"
"FRMORT001","None","-",21.39116652,-157.73700854,"2026-08-04T04:23:49.000Z","UAV 2"
"FRLAV002","Move to {-5499315.048189, -2250231.003964, 2310734.853397}","-",21.38993829,-157.74173617,"2026-08-04T04:23:49.000Z","UAV 2"
"FRLAV006","Move to {-5499315.048189, -2250231.003964, 2310734.853397}","-",21.38989946,-157.74205764,"2026-08-04T04:23:49.000Z","UAV 2"
"FRM113007","Move to {-5499315.048189, -2250231.003964, 2310734.853397}","-",21.39012877,-157.74184604,"2026-08-04T04:23:49.000Z","UAV 2"
"FRM113002","Move to {-5499315.048189, -2250231.003964, 2310734.853397}","-",21.38984316,-157.74169886,"2026-08-04T04:23:49.000Z","UAV 2"
"FRLAV008","Move to {-5499315.048189, -2250231.003964, 2310734.853397}","-",21.39008131,-157.74154127,"2026-08-04T04:23:49.000Z","UAV 2"
"FRM113006","Move to {-5499315.048189, -2250231.003964, 2310734.853397}","-",21.38993474,-157.74190826,"2026-08-04T04:23:49.000Z","UAV 2"
"FRMORT004","None","-",21.39105358,-157.73697074,"2026-08-04T04:23:49.000Z","UAV 2"
"FRTRK1005","Move to {-5498755.048693, -2250824.434840, 2311307.787782}","-",21.38810221,-157.74934866,"2026-08-04T04:23:49.000Z","UAV 2"
"FRLAV001","Move to {-5499315.048189, -2250231.003964, 2310734.853397}","-",21.38975575,-157.74170231,"2026-08-04T04:23:49.000Z","UAV 2"
"FRTRK2001","Move to {-5498755.048693, -2250824.434840, 2311307.787782}","-",21.38826680,-157.74953312,"2026-08-04T04:23:49.000Z","UAV 2"
"FRTRK2002","Move to {-5498755.048693, -2250824.434840, 2311307.787782}","-",21.38818865,-157.74965701,"2026-08-04T04:23:49.000Z","UAV 2"
"FRM113001","Move to {-5499315.048189, -2250231.003964, 2310734.853397}","-",21.38994046,-157.74164716,"2026-08-04T04:23:49.000Z","UAV 2"
"FRM113004","Move to {-5499315.048189, -2250231.003964, 2310734.853397}","-",21.38980941,-157.74196946,"2026-08-04T04:23:49.000Z","UAV 2"
"FRTRK2003","Move to {-5498755.048693, -2250824.434840, 2311307.787782}","-",21.38802698,-157.74941612,"2026-08-04T04:23:49.000Z","UAV 2"
"FRLAV004","Move to {-5499315.048189, -2250231.003964, 2310734.853397}","-",21.38966578,-157.74149013,"2026-08-04T04:23:49.000Z","UAV 2"
"FRLAV005","Move to {-5499315.048189, -2250231.003964, 2310734.853397}","-",21.39001253,-157.74191118,"2026-08-04T04:23:49.000Z","UAV 2"
"FRM109004","Move to {-5499315.048189, -2250231.003964, 2310734.853397}","-",21.39489205,-157.73770215,"2026-08-04T04:23:49.000Z","UAV 2"
"M933HE 6","None","-",21.38972763,-157.73761901,"2026-08-04T04:23:49.000Z","UAV 2"
"FRT80001","Move to {-5499315.048189, -2250231.003964, 2310734.853397}","-",21.37601856,-157.75226503,"2026-08-04T04:23:49.000Z","UAV 2"
"FRT80002","Move to {-5499315.048189, -2250231.003964, 2310734.853397}","-",21.37586047,-157.75263257,"2026-08-04T04:23:49.000Z","UAV 2"
"FRT80008","Move to {-5499315.048189, -2250231.003964, 2310734.853397}","-",21.37601681,-157.75237824,"2026-08-04T04:23:49.000Z","UAV 2"
"FRT80006","Move to {-5499315.048189, -2250231.003964, 2310734.853397}","-",21.37584096,-157.75231258,"2026-08-04T04:23:49.000Z","UAV 2"
"FRT80007","Move to {-5499315.048189, -2250231.003964, 2310734.853397}","-",21.37565240,-157.75227190,"2026-08-04T04:23:49.000Z","UAV 2"
"FRLAV007","Move to {-5499315.048189, -2250231.003964, 2310734.853397}","-",21.39005787,-157.74174885,"2026-08-04T04:23:49.000Z","UAV 2"
"M933HE 8","None","-",21.39022356,-157.73722985,"2026-08-04T04:23:49.000Z","UAV 2"
"FRTRK1003","Move to {-5498755.048693, -2250824.434840, 2311307.787782}","-",21.38818195,-157.74924570,"2026-08-04T04:23:50.000Z","UAV 2"
"FRMORT002","None","-",21.39124517,-157.73722922,"2026-08-04T04:23:50.000Z","UAV 2"
"FRTRK1001","Move to {-5498755.048693, -2250824.434840, 2311307.787782}","-",21.38831332,-157.74927819,"2026-08-04T04:23:50.000Z","UAV 2"
"FRMORT001","None","-",21.39116652,-157.73700854,"2026-08-04T04:23:50.000Z","UAV 2"
"FRLAV002","Move to {-5499315.048189, -2250231.003964, 2310734.853397}","-",21.38994503,-157.74173202,"2026-08-04T04:23:50.000Z","UAV 2"
"FRLAV006","Move to {-5499315.048189, -2250231.003964, 2310734.853397}","-",21.38990668,-157.74205319,"2026-08-04T04:23:50.000Z","UAV 2"
"FRM113007","Move to {-5499315.048189, -2250231.003964, 2310734.853397}","-",21.39013653,-157.74184604,"2026-08-04T04:23:50.000Z","UAV 2"
"FRM113002","Move to {-5499315.048189, -2250231.003964, 2310734.853397}","-",21.38984512,-157.74169886,"2026-08-04T04:23:50.000Z","UAV 2"
"FRLAV008","Move to {-5499315.048189, -2250231.003964, 2310734.853397}","-",21.38998398,-157.74136791,"2026-08-04T04:23:50.000Z","UAV 2"
"FRM113006","Move to {-5499315.048189, -2250231.003964, 2310734.853397}","-",21.38994219,-157.74190826,"2026-08-04T04:23:50.000Z","UAV 2"
"FRMORT004","None","-",21.39105358,-157.73697074,"2026-08-04T04:23:50.000Z","UAV 2"
"FRTRK1005","Move to {-5498755.048693, -2250824.434840, 2311307.787782}","-",21.38807364,-157.74914967,"2026-08-04T04:23:50.000Z","UAV 2"
"FRLAV001","Move to {-5499315.048189, -2250231.003964, 2310734.853397}","-",21.38975742,-157.74170128,"2026-08-04T04:23:50.000Z","UAV 2"
"FRTRK2001","Move to {-5498755.048693, -2250824.434840, 2311307.787782}","-",21.38823477,-157.74932884,"2026-08-04T04:23:50.000Z","UAV 2"
"FRM113001","Move to {-5499315.048189, -2250231.003964, 2310734.853397}","-",21.38994368,-157.74164911,"2026-08-04T04:23:50.000Z","UAV 2"
"FRM113004","Move to {-5499315.048189, -2250231.003964, 2310734.853397}","-",21.38981141,-157.74197131,"2026-08-04T04:23:50.000Z","UAV 2"
"FRTRK2003","Move to {-5498755.048693, -2250824.434840, 2311307.787782}","-",21.38799942,-157.74921251,"2026-08-04T04:23:50.000Z","UAV 2"
"FRLAV004","Move to {-5499315.048189, -2250231.003964, 2310734.853397}","-",21.38966745,-157.74148143,"2026-08-04T04:23:50.000Z","UAV 2"
"FRLAV005","Move to {-5499315.048189, -2250231.003964, 2310734.853397}","-",21.39002018,-157.74190647,"2026-08-04T04:23:50.000Z","UAV 2"
"FRM109004","Move to {-5499315.048189, -2250231.003964, 2310734.853397}","-",21.39472435,-157.73780614,"2026-08-04T04:23:50.000Z","UAV 2"
"FRT80001","Move to {-5499315.048189, -2250231.003964, 2310734.853397}","-",21.37614669,-157.75210961,"2026-08-04T04:23:50.000Z","UAV 2"
"FRT80002","Move to {-5499315.048189, -2250231.003964, 2310734.853397}","-",21.37598655,-157.75247518,"2026-08-04T04:23:50.000Z","UAV 2"
"FRT80008","Move to {-5499315.048189, -2250231.003964, 2310734.853397}","-",21.37614360,-157.75222152,"2026-08-04T04:23:50.000Z","UAV 2"
"FRT80006","Move to {-5499315.048189, -2250231.003964, 2310734.853397}","-",21.37597112,-157.75215905,"2026-08-04T04:23:50.000Z","UAV 2"
"FRT80007","Move to {-5499315.048189, -2250231.003964, 2310734.853397}","-",21.37578570,-157.75212144,"2026-08-04T04:23:50.000Z","UAV 2"
"FRLAV007","Move to {-5499315.048189, -2250231.003964, 2310734.853397}","-",21.39005869,-157.74166617,"2026-08-04T04:23:50.000Z","UAV 2"
"FRT69007","Move to {-5499315.048189, -2250231.003964, 2310734.853397}","-",21.38070340,-157.73204111,"2026-08-04T04:25:13.000Z","UAV 2"
"FRT69002","Move to {-5499315.048189, -2250231.003964, 2310734.853397}","-",21.38062358,-157.73220904,"2026-08-04T04:25:13.000Z","UAV 2"
"ENM35004","Move to {-5499460.953457, -2250814.454542, 2309743.262342}","-",21.37321723,-157.73305944,"2026-08-04T04:25:13.000Z","UAV 2"
"ENGAZ001","Move to {-5499460.953457, -2250814.454542, 2309743.262342}","-",21.37337565,-157.73279257,"2026-08-04T04:25:13.000Z","UAV 2"
"ENCAESAR004","FFE-On-Location ""Location={-5499123.141030, -2250320.406046, 2311025.754248}""  Name of Weapons to Fire: Indirect-Fire-Gun:M107-155mm. Number-Of-Rounds: 1. Height-Above-Terrain: 0","-",21.36735947,-157.73175490,"2026-08-04T04:25:13.000Z","UAV 2"
"ENM35002","Move to {-5499460.953457, -2250814.454542, 2309743.262342}","-",21.37340568,-157.73283903,"2026-08-04T04:25:13.000Z","UAV 2"
"ENGAZ003","Move to {-5499460.953457, -2250814.454542, 2309743.262342}","-",21.37338468,-157.73326221,"2026-08-04T04:25:13.000Z","UAV 2"
"ENM35001","Move to {-5499460.953457, -2250814.454542, 2309743.262342}","-",21.37314711,-157.73312307,"2026-08-04T04:25:13.000Z","UAV 2"
"ENCAESAR003","FFE-On-Location ""Location={-5498511.672389, -2250935.799735, 2311770.746054}""  Name of Weapons to Fire: Indirect-Fire-Gun:M107-155mm. Number-Of-Rounds: 1. Height-Above-Terrain: 0","-",21.36719879,-157.73183038,"2026-08-04T04:25:13.000Z","UAV 2"
"FRT69010","Move to {-5499315.048189, -2250231.003964, 2310734.853397}","-",21.38075804,-157.73208913,"2026-08-04T04:25:13.000Z","UAV 2"
"ENM35003","Move to {-5499460.953457, -2250814.454542, 2309743.262342}","-",21.37355776,-157.73315653,"2026-08-04T04:25:13.000Z","UAV 2"
"FRM901001","None","-",21.39546138,-157.73719974,"2026-08-04T04:25:45.000Z","UAV 2"
"FRM901001","None","-",21.39546138,-157.73719974,"2026-08-04T04:25:47.000Z","UAV 2"
"FRAHS001","FFE-On-Location ""Location={-5499191.503627, -2251825.311346, 2309314.511859}""  Name of Weapons to Fire: Indirect-Fire-Gun:M107-155mm. Number-Of-Rounds: 1. Height-Above-Terrain: 0","-",21.39511611,-157.73746058,"2026-08-04T04:25:47.000Z","UAV 2"
"FRAHS002","FFE-On-Location ""Location={-5499132.853573, -2251193.466895, 2310064.199617}""  Name of Weapons to Fire: Indirect-Fire-Gun:M107-155mm. Number-Of-Rounds: 1. Height-Above-Terrain: 0","-",21.39520418,-157.73742074,"2026-08-04T04:25:47.000Z","UAV 2"
"FRM901001","None","-",21.39546138,-157.73719974,"2026-08-04T04:25:48.000Z","UAV 2"
"FRT69007","Move to {-5499315.048189, -2250231.003964, 2310734.853397}","-",21.38070333,-157.73204111,"2026-08-04T04:28:15.000Z","UAV 2"
"FRT69002","Move to {-5499315.048189, -2250231.003964, 2310734.853397}","-",21.38062351,-157.73220904,"2026-08-04T04:28:15.000Z","UAV 2"
"FRT69001","Move to {-5499315.048189, -2250231.003964, 2310734.853397}","-",21.38083088,-157.73220700,"2026-08-04T04:28:15.000Z","UAV 2"
"ENM35004","Move to {-5499460.953457, -2250814.454542, 2309743.262342}","-",21.37321720,-157.73305944,"2026-08-04T04:28:15.000Z","UAV 2"
"ENGAZ001","Move to {-5499460.953457, -2250814.454542, 2309743.262342}","-",21.37337560,-157.73279257,"2026-08-04T04:28:15.000Z","UAV 2"
"FRT69006","Move to {-5499315.048189, -2250231.003964, 2310734.853397}","-",21.38096228,-157.73222439,"2026-08-04T04:28:15.000Z","UAV 2"
"FRT69003","Move to {-5499315.048189, -2250231.003964, 2310734.853397}","-",21.38097371,-157.73240275,"2026-08-04T04:28:15.000Z","UAV 2"
"FRT69005","Move to {-5499315.048189, -2250231.003964, 2310734.853397}","-",21.38100054,-157.73233777,"2026-08-04T04:28:15.000Z","UAV 2"
"ENM35002","Move to {-5499460.953457, -2250814.454542, 2309743.262342}","-",21.37340565,-157.73283903,"2026-08-04T04:28:15.000Z","UAV 2"
"ENGAZ003","Move to {-5499460.953457, -2250814.454542, 2309743.262342}","-",21.37338463,-157.73326221,"2026-08-04T04:28:15.000Z","UAV 2"
"ENM35001","Move to {-5499460.953457, -2250814.454542, 2309743.262342}","-",21.37314707,-157.73312307,"2026-08-04T04:28:15.000Z","UAV 2"
"FRT69008","Move to {-5499315.048189, -2250231.003964, 2310734.853397}","-",21.38097000,-157.73244663,"2026-08-04T04:28:15.000Z","UAV 2"
"FRT69009","Move to {-5499315.048189, -2250231.003964, 2310734.853397}","-",21.38066074,-157.73234161,"2026-08-04T04:28:15.000Z","UAV 2"
"FRT69010","Move to {-5499315.048189, -2250231.003964, 2310734.853397}","-",21.38075798,-157.73208913,"2026-08-04T04:28:15.000Z","UAV 2"
"ENM35003","Move to {-5499460.953457, -2250814.454542, 2309743.262342}","-",21.37355773,-157.73315653,"2026-08-04T04:28:15.000Z","UAV 2"
"ENM35004","Move to {-5499460.953457, -2250814.454542, 2309743.262342}","-",21.37321721,-157.73305944,"2026-08-04T04:29:29.000Z","UAV 2"
"ENGAZ001","Move to {-5499460.953457, -2250814.454542, 2309743.262342}","-",21.37337562,-157.73279257,"2026-08-04T04:29:29.000Z","UAV 2"
"ENM35002","Move to {-5499460.953457, -2250814.454542, 2309743.262342}","-",21.37340566,-157.73283903,"2026-08-04T04:29:29.000Z","UAV 2"
"ENM35001","Move to {-5499460.953457, -2250814.454542, 2309743.262342}","-",21.37314709,-157.73312307,"2026-08-04T04:29:29.000Z","UAV 2"
